Symbol,Name,ISIN,Series,yfinance_symbol,Symbol_NSE,Symbol_BSE,BSE_Code
A2ZINFRA,A2Z INFRA ENGINEERING LTD,INE619I01012,BE,A2ZINFRA.NS,A2ZINFRA,A2ZINFRA,533292.0
AAATECH,AAA TECHNOLOGIES LIMITED,INE0D0U01013,BE,AAATECH.NS,AAATECH,AAATECH,543671.0
AADHARHFC,AADHAR HOUSING FINANCE L,INE883F01010,BE,AADHARHFC.NS,AADHARHFC,AADHARHFC,544176.0
AAKAAR,AAKAAR MEDICAL TECHNO LTD,INE1GYP01013,SM,AAKAAR.NS,AAKAAR,,
AAKASH,AAKASH EXPLORATION SER L,INE087Z01016,SM,AAKASH.NS,AAKASH,,
AAKASH,AAKASH EXPLORATION SER L,INE087Z01024,BE,AAKASH.NS,AAKASH,,
AARADHYA,AARADHYA DISPOSAL INDUS L,INE124401014,SM,AARADHYA.NS,AARADHYA,,
AAREYDRUGS,AAREY DRUGS & PHARM LTD,INE198H01019,BE,AAREYDRUGS.NS,AAREYDRUGS,AAREYDRUGS,524412.0
AARON,AARON INDUSTRIES LIMITED,INE721Z01010,BE,AARON.NS,AARON,,
AARTECH,AARTECH SOLONICS LIMITED,INE01C001026,BE,AARTECH.NS,AARTECH,AARTECH,542580.0
AARTIDRUGS,AARTI DRUGS  LTD.,INE767A01016,BE,AARTIDRUGS.NS,AARTIDRUGS,AARTIDRUGS,524348.0
AARTIIND,AARTI INDUSTRIES LTD.,INE769A01020,BE,AARTIIND.NS,AARTIIND,AARTIIND,524208.0
AARTIPHARM,AARTI PHARMALABS LIMITED,INE0LRU01027,BE,AARTIPHARM.NS,AARTIPHARM,AARTIPHARM,543748.0
AARTISURF,AARTI SURFACTANTS LIMITED,INE09EO01013,BE,AARTISURF.NS,AARTISURF,AARTISURF,543210.0
AARVEEDEN,AARVEE DEN. & EXP. LTD,INE273D01019,BE,AARVEEDEN.NS,AARVEEDEN,AARVEEDEN,514274.0
AARVI,AARVI ENCON LIMITED,INE754X01016,BE,AARVI.NS,AARVI,,
AATMAJ,AATMAJ HEALTHCARE LIMITED,INE0OB201016,SM,AATMAJ.NS,AATMAJ,,
AAVAS,AAVAS FINANCIERS LIMITED,INE216P01012,BE,AAVAS.NS,AAVAS,AAVAS,541988.0
ABAN,ABAN OFFSHORE LTD.,INE421A01028,BE,ABAN.NS,ABAN,ABAN,523204.0
ABB,ABB INDIA LIMITED,INE117A01022,BE,ABB.NS,ABB,ABB,500002.0
ABBOTINDIA,ABBOTT INDIA LIMITED,INE358A01014,BE,ABBOTINDIA.NS,ABBOTINDIA,ABBOTINDIA,500488.0
ABCAPITAL,ADITYA BIRLA CAPITAL LTD.,INE674K01013,BE,ABCAPITAL.NS,ABCAPITAL,ABCAPITAL,540691.0
ABCOTS,A B COTSPIN INDIA LIMITED,INE08PH01015,BE,ABCOTS.NS,ABCOTS,ABCOTS,544522.0
ABDL,ALLIED BLEND N DISTILS L,INE552Z01027,BE,ABDL.NS,ABDL,ABDL,544203.0
ABFRL,ADITYA BIRLA FASHION & RT,INE647O01011,BE,ABFRL.NS,ABFRL,ABFRL,535755.0
ABGSEC,BIRLASLAMC - ABGSEC,INF209KC1134,EQ,ABGSEC.NS,ABGSEC,,
ABHAPOWER,ABHA POWER N STEEL LTD,INE0UYG01015,SM,ABHAPOWER.NS,ABHAPOWER,,
ABHISHEK,ABHISHEK CORPORATION LTD,INE004I01017,BE,ABHISHEK.NS,ABHISHEK,,
ABIN-RE1,A B INFRABUILD LTD,INE00YB20025,BE,ABIN-RE1.NS,ABIN-RE1,,
ABINFRA,A B INFRABUILD LIMITED,INE00YB01017,BE,ABINFRA.NS,ABINFRA,ABINFRA,544281.0
ABLBL,ADITYA BIRLA LIFES BRAN L,INE14LE01019,BE,ABLBL.NS,ABLBL,ABLBL,544403.0
ABMINTLLTD,ABM INTERNATIONAL LTD,INE251C01025,BE,ABMINTLLTD.NS,ABMINTLLTD,,
ABMINTLTD,ABM INTERNATIONAL LTD,INE251C01017,BE,ABMINTLTD.NS,ABMINTLTD,,
ABREL,ADITYA BIRLA REAL EST LTD,INE055A01016,BE,ABREL.NS,ABREL,ABREL,500040.0
ABSLAMC,ADIT BIRL SUN LIF AMC LTD,INE404A01024,BE,ABSLAMC.NS,ABSLAMC,ABSLAMC,543374.0
ABSLBANETF,BIRLASLAMC - ABSLBANETF,INF209KB17D5,EQ,ABSLBANETF.NS,ABSLBANETF,ABSLBANETF,542863.0
ABSLLIQUID,BIRLASLAMC - ABSLLIQUID,INF209KB18T9,EQ,ABSLLIQUID.NS,ABSLLIQUID,,
ABSLNN50ET,BIRLASLAMC - ABSLNN50ET,INF209KB16D7,EQ,ABSLNN50ET.NS,ABSLNN50ET,ABSLNN50ET,542230.0
ABSLPSE,BIRLASLAMC-ABSLPSE,INF209KB19Z4,EQ,ABSLPSE.NS,ABSLPSE,ABSLPSE,544218.0
ABSMARINE,ABS MARINE SERVICES LTD,INE0QRV01016,SM,ABSMARINE.NS,ABSMARINE,,
ACC,ACC LIMITED,INE012A01025,BE,ACC.NS,ACC,ACC,500410.0
ACCELYA,ACCELYA SOLN INDIA LTD,INE793A01012,BE,ACCELYA.NS,ACCELYA,ACCELYA,532268.0
ACCENTMIC,ACCENT MICROCELL LIMITED,INE0Q5D01013,SM,ACCENTMIC.NS,ACCENTMIC,,
ACCORD,ACCORD SYNERGY LIMITED,INE113X01015,SM,ACCORD.NS,ACCORD,,
ACCPL,ACCRETION PHARMA LIMITED,INE0T8T01010,SM,ACCPL.NS,ACCPL,,
ACCURACY,ACCURACY SHIPPING LIMITED,INE648Z01015,SM,ACCURACY.NS,ACCURACY,,
ACCURACY,ACCURACY SHIPPING LIMITED,INE648Z01023,BE,ACCURACY.NS,ACCURACY,,
ACE,ACTION CONST EQUIP LTD,INE731H01025,BE,ACE.NS,ACE,ACE,532762.0
ACEINTEG,ACE INTEGRATED SOLU. LTD.,INE543V01017,BE,ACEINTEG.NS,ACEINTEG,,
ACELAB,A C E LABORATORIES LTD,INE522901011,EQ,ACELAB.NS,ACELAB,,
ACI,ARCHEAN CHEMICAL IND LTD,INE128X01021,BE,ACI.NS,ACI,ACI,543657.0
ACL,ANDHRA CEMENTS LIMITED,INE666E01020,BE,ACL.NS,ACL,ACL,532141.0
ACLGATI,ALLCARGO GATI LIMITED,INE152B01027,BE,ACLGATI.NS,ACLGATI,ACLGATI,532345.0
ACMESOLAR,ACME SOLAR HOLDINGS LTD,INE622W01025,BE,ACMESOLAR.NS,ACMESOLAR,ACMESOLAR,544283.0
ACTIVEINFR,ACTIVE INFRASTRUCTURES L,INE0KLO01025,SM,ACTIVEINFR.NS,ACTIVEINFR,,
ACUTAAS,ACUTAAS CHEMICALS LIMITED,INE00FF01025,BE,ACUTAAS.NS,ACUTAAS,ACUTAAS,543349.0
ADANIENSOL,ADANI ENERGY SOLUTION LTD,INE931S01010,BE,ADANIENSOL.NS,ADANIENSOL,ADANIENSOL,539254.0
ADANIENT,ADANI ENTERPRISES LIMITED,INE423A01024,BE,ADANIENT.NS,ADANIENT,ADANIENT,512599.0
ADANIGREEN,ADANI GREEN ENERGY LTD,INE364U01010,BE,ADANIGREEN.NS,ADANIGREEN,ADANIGREEN,541450.0
ADANIPORTS,ADANI PORT & SEZ LTD,INE742F01042,BE,ADANIPORTS.NS,ADANIPORTS,ADANIPORTS,532921.0
ADANIPOWER,ADANI POWER LTD,INE814H01029,BE,ADANIPOWER.NS,ADANIPOWER,ADANIPOWER,533096.0
ADARSHCHEM,ADARSH CHEMICALS & FERT.,INE442501016,EQ,ADARSHCHEM.NS,ADARSHCHEM,,
ADFFOODS,ADF FOODS LIMITED,INE982B01027,BE,ADFFOODS.NS,ADFFOODS,ADFFOODS,519183.0
ADHUNIK,ADHUNIK METALIKS LTD.,INE400H01019,BE,ADHUNIK.NS,ADHUNIK,,
ADITYASPIN,ADITYA SPINNERS LTD,INE442601014,EQ,ADITYASPIN.NS,ADITYASPIN,,
ADL,ARCHIDPLY DECOR LIMITED,INE0CHO01012,BE,ADL.NS,ADL,,
ADOR,ADOR WELDING LTD,INE045A01017,BE,ADOR.NS,ADOR,ADOR,517041.0
ADROITINFO,ADROIT INFOTECH LIMITED,INE737B01033,BE,ADROITINFO.NS,ADROITINFO,ADROITINFO,532172.0
ADSL,ALLIED DIGITAL SERV. LTD,INE102I01027,BE,ADSL.NS,ADSL,ADSL,532875.0
ADVANIHOTR,ADVANI HOT.& RES.(I) LTD,INE199C01026,BE,ADVANIHOTR.NS,ADVANIHOTR,ADVANIHOTR,523269.0
ADVENZYMES,ADVANCED ENZYME TECH LTD,INE837H01020,BE,ADVENZYMES.NS,ADVENZYMES,ADVENZYMES,540025.0
AEC,AEC (I) LTD.,INE441901019,EQ,AEC.NS,AEC,,
AEGISLOG,AEGIS LOGISTICS LIMITED,INE208C01025,BE,AEGISLOG.NS,AEGISLOG,AEGISLOG,500003.0
AEGISVOPAK,AEGIS VOPAK TERMINALS LTD,INE0INX01018,BE,AEGISVOPAK.NS,AEGISVOPAK,AEGISVOPAK,544407.0
AEROENTER,AEROFLEX ENTERPRISES LTD,INE065D01027,BE,AEROENTER.NS,AEROENTER,AEROENTER,511076.0
AEROFLEX,AEROFLEX INDUSTRIES LTD,INE024001021,BE,AEROFLEX.NS,AEROFLEX,AEROFLEX,543972.0
AERON,AERON COMPOSITE LIMITED,INE0WL801011,SM,AERON.NS,AERON,,
AERONEU,AEROFLEX NEU LIMITED,INE035801013,BE,AERONEU.NS,AERONEU,AERONEU,543743.0
AESTHETIK,AESTHETIK ENGINEERS LTD,INE0TSF01011,SM,AESTHETIK.NS,AESTHETIK,,
AETHER,AETHER INDUSTRIES LIMITED,INE0BWX01014,BE,AETHER.NS,AETHER,AETHER,543534.0
AFCONS,AFCONS INFRASTRUCTURE LTD,INE101I01011,BE,AFCONS.NS,AFCONS,AFCONS,544280.0
AFFLE,AFFLE 3I LIMITED,INE00WC01027,BE,AFFLE.NS,AFFLE,AFFLE,542752.0
AFFORDABLE,AFFORD ROBO & AUTO LTD,INE692Z01013,BE,AFFORDABLE.NS,AFFORDABLE,AFFORDABLE,541402.0
AFIL,AKME FINTRADE (INDIA) LTD,INE916Y01027,BE,AFIL.NS,AFIL,AFIL,544200.0
AFSL,ABANS FINANCIAL SRVCS LTD,INE00ZE01026,BE,AFSL.NS,AFSL,AFSL,543712.0
AGARIND,AGARWAL INDS CORP LTD.,INE204E01012,BE,AGARIND.NS,AGARIND,AGARIND,531921.0
AGARWALEYE,DR AGARWALS HEALTH CARE L,INE943P01029,BE,AGARWALEYE.NS,AGARWALEYE,AGARWALEYE,544350.0
AGARWALFT,AGARWAL FLOAT GLASS I LTD,INE0MLA01012,SM,AGARWALFT.NS,AGARWALFT,,
AGARWALTUF,AGARWAL TOUGH GLASS IND L,INE0P8X01016,SM,AGARWALTUF.NS,AGARWALTUF,,
AGI,AGI GREENPAC LIMITED,INE415A01038,BE,AGI.NS,AGI,AGI,500187.0
AGIIL,AGI INFRA LIMITED,INE976R01025,BE,AGIIL.NS,AGIIL,AGIIL,539042.0
AGNI,AGNI GREEN POWER LTD,INE0LF301013,SM,AGNI.NS,AGNI,,
AGRIHATCH,AGRITECH HATCHERIED AND F,INE442901018,EQ,AGRIHATCH.NS,AGRIHATCH,,
AGRITECH,AGRI-TECH (INDIA) LIMITED,INE449G01018,BE,AGRITECH.NS,AGRITECH,AGRITECH,537292.0
AGROPHOS,AGRO PHOS INDIA LIMITED,INE740V01019,BE,AGROPHOS.NS,AGROPHOS,,
AGSTRA,AGS TRANSACT TECH LTD,INE583L01014,BE,AGSTRA.NS,AGSTRA,AGSTRA,543451.0
AGUL,A G UNIVERSAL LIMITED,INE0O6N01012,SM,AGUL.NS,AGUL,,
AHCL,ANLON HEALTHCARE LIMITED,INE0Y8W01017,BE,AHCL.NS,AHCL,AHCL,544497.0
AHIMSA,AHIMSA INDUSTRIES LTD.,INE136T01014,SM,AHIMSA.NS,AHIMSA,,
AHLADA,AHLADA ENGINEERS LIMITED,INE00PV01013,BE,AHLADA.NS,AHLADA,,
AHLEAST,ASIAN HOTELS (EAST) LTD,INE926K01017,BE,AHLEAST.NS,AHLEAST,,
AHLUCONT,AHLUWALIA CONT IND LTD,INE758C01029,BE,AHLUCONT.NS,AHLUCONT,AHLUCONT,532811.0
AHLWEST,ASIAN HOTELS (WEST) LTD,INE915K01010,BE,AHLWEST.NS,AHLWEST,,
AIAENG,AIA ENGINEERING LIMITED,INE212H01026,BE,AIAENG.NS,AIAENG,AIAENG,532683.0
AIFL,ASHAPURA INTI FASHION LTD,INE428O01016,BE,AIFL.NS,AIFL,,
AIIL,AUTHUM INVEST & INFRA LTD,INE206F01022,BE,AIIL.NS,AIIL,AIIL,539177.0
AILIMITED,ABHISHEK INTEGRATIONS LTD,INE0CAJ01017,SM,AILIMITED.NS,AILIMITED,,
AIMCOPEST,AIMCO PESTICIDES-DEPO,INE008B01013,BE,AIMCOPEST.NS,AIMCOPEST,AIMCOPEST,524288.0
AIMTRON,AIMTRON ELECTRONICS LTD,INE0RUV01018,SM,AIMTRON.NS,AIMTRON,,
AIRAN,AIRAN LIMITED,INE645W01026,BE,AIRAN.NS,AIRAN,AIRAN,543811.0
AIROLAM,AIRO LAM LIMITED,INE801L01010,BE,AIROLAM.NS,AIROLAM,,
AISL,ANI INTEGRATED SERV LTD.,INE635Y01015,SM,AISL.NS,AISL,,
AJANTPHARM,AJANTPHARM LTD,INE031B01049,BE,AJANTPHARM.NS,AJANTPHARM,AJANTPHARM,532331.0
AJAXENGG,AJAX ENGINEERING LIMITED,INE274Y01021,BE,AJAXENGG.NS,AJAXENGG,AJAXENGG,544356.0
AJMERA,AJMERA REALTY & INF I LTD,INE298G01027,BE,AJMERA.NS,AJMERA,AJMERA,513349.0
AJOONI,AJOONI BIOTECH LIMITED,INE820Y01013,SM,AJOONI.NS,AJOONI,,
AJOONI,AJOONI BIOTECH LIMITED,INE820Y01021,BE,AJOONI.NS,AJOONI,,
AJOONI-RE1,AJOONI BIOTECH LIMITED,INE820Y20021,BE,AJOONI-RE1.NS,AJOONI-RE1,,
AJRINFRA,AJR INFRA & TOLLING LTD,INE181G01025,BE,AJRINFRA.NS,AJRINFRA,,
AKAIMPEX,AKAI IMPEX LTD.,INE443401018,EQ,AKAIMPEX.NS,AKAIMPEX,,
AKANKSHA,AKANKSHA POWER N INFRA L,INE0PCY01014,SM,AKANKSHA.NS,AKANKSHA,,
AKARLAMIN,AKAR LAMINATORS LTD,INE984C01013,EQ,AKARLAMIN.NS,AKARLAMIN,,
AKARLAMIN,AKAR LAMINATORS LTD,INE443501015,BE,AKARLAMIN.NS,AKARLAMIN,,
AKASH,AKASH INFRA-PROJECTS LTD,INE737W01013,BE,AKASH.NS,AKASH,,
AKG,AKG EXIM LIMITED,INE00Y801016,BE,AKG.NS,AKG,,
AKGACOUST,AKG ACOUSTICS (I) LTD.,INE442001017,EQ,AKGACOUST.NS,AKGACOUST,,
AKI,AKI INDIA LIMITED,INE642Z01026,BE,AKI.NS,AKI,AKI,542020.0
AKIKO,AKIKO GLOBAL SERVICES L,INE0PMR01017,SM,AKIKO.NS,AKIKO,,
AKSHAR,AKSHAR SPINTEX LIMITED,INE256Z01025,BE,AKSHAR.NS,AKSHAR,AKSHAR,541303.0
AKSHARCHEM,AKSHARCHEM INDIA LIMITED,INE542B01011,BE,AKSHARCHEM.NS,AKSHARCHEM,AKSHARCHEM,524598.0
AKSHOPTFBR,AKSH OPTIFIBRE  LTD,INE523B01011,BE,AKSHOPTFBR.NS,AKSHOPTFBR,AKSHOPTFBR,532351.0
AKUMS,AKUMS DRUGS AND PHARMA L,INE09XN01023,BE,AKUMS.NS,AKUMS,AKUMS,544222.0
AKZOINDIA,AKZO NOBEL INDIA LIMITED,INE133A01011,BE,AKZOINDIA.NS,AKZOINDIA,AKZOINDIA,500710.0
ALANKIT,ALANKIT LIMITED,INE914E01040,BE,ALANKIT.NS,ALANKIT,ALANKIT,531082.0
ALBERTDAVD,ALBERT DAVID LIMITED,INE155C01010,BE,ALBERTDAVD.NS,ALBERTDAVD,ALBERTDAVD,524075.0
ALBRMORARJ,ALBRIGHT&WILSON CHE LTD.,INE255B01010,BE,ALBRMORARJ.NS,ALBRMORARJ,,
ALCHEM,ALCHEMIST LTD,INE964B01033,BE,ALCHEM.NS,ALCHEM,,
ALEMBICLTD,ALEMBIC LIMITED,INE426A01027,BE,ALEMBICLTD.NS,ALEMBICLTD,ALEMBICLTD,506235.0
ALFREDHERB,ALFRED HERBERT (I) LTD,INE528801017,EQ,ALFREDHERB.NS,ALFREDHERB,,
ALIANCREDT,ALLIANCE CREDIT & INVEST,INE529101011,EQ,ALIANCREDT.NS,ALIANCREDT,,
ALICON,ALICON CASTALLOY LIMITED,INE062D01024,BE,ALICON.NS,ALICON,ALICON,531147.0
ALIVUS,ALIVUS LIFE SCIENCES LTD,INE03Q201024,BE,ALIVUS.NS,ALIVUS,ALIVUS,543322.0
ALKALI,ALKALI METALS LTD,INE773I01017,BE,ALKALI.NS,ALKALI,ALKALI,533029.0
ALKEM,ALKEM LABORATORIES LTD.,INE540L01014,BE,ALKEM.NS,ALKEM,ALKEM,539523.0
ALKYLAMINE,ALKYL AMINES CHEM. LTD,INE150B01039,BE,ALKYLAMINE.NS,ALKYLAMINE,ALKYLAMINE,506767.0
ALLCARGO,ALLCARGO LOGISTICS LTD,INE418H01029,BE,ALLCARGO.NS,ALLCARGO,ALLCARGO,532749.0
ALLDIGI,ALLDIGI TECH LIMITED,INE835G01018,BE,ALLDIGI.NS,ALLDIGI,ALLDIGI,532633.0
ALLETEC,ALL E TECHNOLOGIES LTD,INE0M2X01012,SM,ALLETEC.NS,ALLETEC,,
ALLTIME,ALL TIME PLASTICS LIMITED,INE0GV601021,BE,ALLTIME.NS,ALLTIME,ALLTIME,544479.0
ALMONDZ,ALMONDZ GLOBAL SEC LTD,INE326B01035,BE,ALMONDZ.NS,ALMONDZ,ALMONDZ,531400.0
ALOKINDS,ALOK INDUSTRIES LIMITED,INE270A01029,BE,ALOKINDS.NS,ALOKINDS,ALOKINDS,521070.0
ALOKTEXT,ALOK INDUSTRIES LTD,INE270A01011,BE,ALOKTEXT.NS,ALOKTEXT,,
ALPA,ALPA LABORATORIES LTD,INE385I01010,BE,ALPA.NS,ALPA,ALPA,532878.0
ALPEXSOLAR,ALPEX SOLAR LIMITED,INE0R4701017,SM,ALPEXSOLAR.NS,ALPEXSOLAR,,
ALPHA,KOTAKMAMC - KOTAKALPHA,INF174KA1IA5,EQ,ALPHA.NS,ALPHA,,
ALPHADRUG,ALPHA DRUG INDIA LTD-DEPO,INE256B01018,BE,ALPHADRUG.NS,ALPHADRUG,,
ALPHADRUG,ALPHA DRUG (I) LTD,INE444101013,EQ,ALPHADRUG.NS,ALPHADRUG,,
ALPHAETF,MIRAEAMC - ALPHAETF,INF769K01KU7,EQ,ALPHAETF.NS,ALPHAETF,ALPHAETF,544007.0
ALPHAGEO,ALPHAGEO (INDIA) LIMITED,INE137C01018,BE,ALPHAGEO.NS,ALPHAGEO,ALPHAGEO,526397.0
ALPINEIND,ALPINE INDUSTRIES LTD,INE444301019,EQ,ALPINEIND.NS,ALPINEIND,,
ALPL30IETF,ICICIPRAMC - ICICIALPLV,INF109KC17V7,EQ,ALPL30IETF.NS,ALPL30IETF,ALPL30IETF,543219.0
ALPSINDUS,ALPS INDUSTRIES LTD.,INE093B01015,BE,ALPSINDUS.NS,ALPSINDUS,,
ALSAMARINE,ALSA MARINE AND HARVESTS,INE444501014,EQ,ALSAMARINE.NS,ALSAMARINE,,
ALTOS,ALTOS (I) LTD,INE490401010,EQ,ALTOS.NS,ALTOS,,
ALUWIND,ALUWIND INFRA-TECH LTD,INE0STM01017,SM,ALUWIND.NS,ALUWIND,,
AMANTA,AMANTA HEALTHCARE LIMITED,INE084K01015,BE,AMANTA.NS,AMANTA,AMANTA,544502.0
AMARDYCHEM,AMAR DYECHEM LTD.,INE444701010,EQ,AMARDYCHEM.NS,AMARDYCHEM,,
AMBANIORGO,AMBANI ORGOCHEM LIMITED,INE00C501018,SM,AMBANIORGO.NS,AMBANIORGO,,
AMBASARABH,AMBALAL SARABHAI  ENTER,INE432A01017,BE,AMBASARABH.NS,AMBASARABH,AMBALALSA,500009.0
AMBER,AMBER ENTERPRISES (I) LTD,INE371P01015,BE,AMBER.NS,AMBER,AMBER,540902.0
AMBEY,AMBEY LABORATORIES LTD,INE0M3I01029,SM,AMBEY.NS,AMBEY,,
AMBICAAGAR,AMBICA AGAR & AROMAINDLTD,INE792B01012,BE,AMBICAAGAR.NS,AMBICAAGAR,AMBICAAGAR,532335.0
AMBIKCO,AMBIKA COTTON MILL LTD.,INE540G01014,BE,AMBIKCO.NS,AMBIKCO,AMBIKCO,531978.0
AMBUJACEM,AMBUJA CEMENTS LTD,INE079A01024,BE,AMBUJACEM.NS,AMBUJACEM,AMBUJACEM,500425.0
AMBUJELCST,AMBUJA ELECTROCASTING LTD,INE445001014,EQ,AMBUJELCST.NS,AMBUJELCST,,
AMCL,ANB METAL CAST LIMITED,INE0VG001016,SM,AMCL.NS,AMCL,,
AMDIND,AMD INDUSTRIES LIMITED,INE005I01014,BE,AMDIND.NS,AMDIND,AMDIND,532828.0
AMEYA,AMEYA PRECISION ENG LTD,INE0KT901015,SM,AMEYA.NS,AMEYA,,
AMFORGEIND,AMFORGE INDS LTD DEPO,INE991A01012,BE,AMFORGEIND.NS,AMFORGEIND,,
AMIABLE,AMIABLE LOGISTICS (I) LTD,INE0MTP01013,SM,AMIABLE.NS,AMIABLE,,
AMJLAND,AMJ LAND HOLDINGS LIMITED,INE606A01024,BE,AMJLAND.NS,AMJLAND,AMJLAND,500343.0
AMJUMBO,A AND M JUMBO BAGS LTD,INE749Y01014,SM,AMJUMBO.NS,AMJUMBO,,
AMNPLST,AMINES & PLASTICIZERS LTD,INE275D01022,BE,AMNPLST.NS,AMNPLST,AMNPLST,506248.0
AMRUTANJAN,AMRUTAJAN HEALTH LTD,INE098F01031,BE,AMRUTANJAN.NS,AMRUTANJAN,AMRUTANJAN,590006.0
AMRUTIND,AMRUT INDUSTRIES LTD,INE389801015,EQ,AMRUTIND.NS,AMRUTIND,,
AMTEKAUTO,AMTEL AUTO LTD,INE130C01021,BE,AMTEKAUTO.NS,AMTEKAUTO,,
ANANDRATHI,ANAND RATHI WEALTH LTD,INE463V01026,BE,ANANDRATHI.NS,ANANDRATHI,ANANDRATHI,543415.0
ANANTRAJ,ANANT RAJ LIMITED,INE242C01024,BE,ANANTRAJ.NS,ANANTRAJ,ANANTRAJ,515055.0
ANDHRACEMT,ANDHRA CEMENTS LIMITED,INE666E01012,BE,ANDHRACEMT.NS,ANDHRACEMT,,
ANDHRAPAP,ANDHRA PAPER LIMITED,INE435A01051,BE,ANDHRAPAP.NS,ANDHRAPAP,ANDHRAPAP,502330.0
ANDHRAPET,ANDHRA PETROCHEMICALSLTD.,INE714B01016,BE,ANDHRAPET.NS,ANDHRAPET,ANDHRAPET,500012.0
ANDHRSUGAR,ANDHRA SUGARS LTD.,INE715B01021,BE,ANDHRSUGAR.NS,ANDHRSUGAR,ANDHRSUGAR,590062.0
ANDREWYU,ANDREW YULE & CO LTD,INE449C01025,BE,ANDREWYU.NS,ANDREWYU,ANDREWYU,526173.0
ANDREWYULE,ANDREW YULE & CO. LTD,INE001501019,EQ,ANDREWYULE.NS,ANDREWYULE,,
ANGELONE,ANGEL ONE LIMITED,INE732I01013,BE,ANGELONE.NS,ANGELONE,ANGELONE,543235.0
ANIKINDS,ANIK INDUSTRIES LTD,INE087B01017,BE,ANIKINDS.NS,ANIKINDS,ANIKINDS,519383.0
ANKITMETAL,ANKIT MET & POW LTD,INE106I01010,BE,ANKITMETAL.NS,ANKITMETAL,ANKITMETAL,532870.0
ANLON,ANLON TECHNOLOGY SOL LTD,INE0LR101013,SM,ANLON.NS,ANLON,,
ANMOL,ANMOL INDIA LIMITED,INE02AR01019,BE,ANMOL.NS,ANMOL,ANMOL,542437.0
ANNAPURNA,ANNAPURNA SWADISHT LTD,INE0MGM01017,SM,ANNAPURNA.NS,ANNAPURNA,,
ANONDITA,ANONDITA MEDICARE LIMITED,INE0VTV01012,SM,ANONDITA.NS,ANONDITA,,
ANSALAPI,ANSAL PROP & INFRA LTD,INE436A01026,BE,ANSALAPI.NS,ANSALAPI,ANSALAPI,500013.0
ANSALHSG,ANSAL HOUSING LIMITED,INE880B01015,BE,ANSALHSG.NS,ANSALHSG,ANSALHSG,507828.0
ANTELOPUS,ANTELOPUS SELAN ENRGY LTD,INE818A01017,BE,ANTELOPUS.NS,ANTELOPUS,ANTELOPUS,530075.0
ANTFRIBEAR,ANTFRIBEAR DEPO SETT.,INE779A01011,BE,ANTFRIBEAR.NS,ANTFRIBEAR,,
ANTGRAPHIC,ANTARCTICA LTD,INE414B01021,BE,ANTGRAPHIC.NS,ANTGRAPHIC,,
ANTHEM,ANTHEM BIOSCIENCES LTD,INE0CZ201020,BE,ANTHEM.NS,ANTHEM,ANTHEM,544449.0
ANUHPHR,ANUH PHARMA LIMITED,INE489G01022,BE,ANUHPHR.NS,ANUHPHR,ANUHPHR,506260.0
ANUP,THE ANUP ENGINEERING LTD,INE294Z01018,BE,ANUP.NS,ANUP,ANUP,542460.0
ANURAS,ANUPAM RASAYAN INDIA LTD,INE930P01018,BE,ANURAS.NS,ANURAS,ANURAS,543275.0
ANYA,ANYA POLYTECH & FERTI LTD,INE0SI601032,SM,ANYA.NS,ANYA,,
AONEGOLD,AONEAMC - AONEGOLD,INF1J2R01114,EQ,AONEGOLD.NS,AONEGOLD,,
AONELIQUID,AONEAMC - AONELIQUID,INF1J2R01056,EQ,AONELIQUID.NS,AONELIQUID,,
AONENIFTY,AONEAMC - AONENIFTY,INF1J2R01064,EQ,AONENIFTY.NS,AONENIFTY,,
AONETOTAL,AONEAMC - AONETOTAL,INF1J2R01015,EQ,AONETOTAL.NS,AONETOTAL,,
APARINDS,APAR INDUSTRIES LTD.,INE372A01015,BE,APARINDS.NS,APARINDS,APARINDS,532259.0
APCL,ANJANI PORTLAND CEM LTD,INE071F01012,BE,APCL.NS,APCL,APCL,518091.0
APCOTEXIND,APCOTEX INDUSTRIES LIMITE,INE116A01032,BE,APCOTEXIND.NS,APCOTEXIND,APCOTEXIND,523694.0
APEX,APEX FROZEN FOODS LIMITED,INE346W01013,BE,APEX.NS,APEX,APEX,540692.0
APEXECO,APEX ECOTECH LIMITED,INE0T4V01015,SM,APEXECO.NS,APEXECO,,
APLAPOLLO,APL APOLLO TUBES LTD,INE702C01027,BE,APLAPOLLO.NS,APLAPOLLO,APLAPOLLO,533758.0
APLLTD,ALEMBIC PHARMA LTD,INE901L01018,BE,APLLTD.NS,APLLTD,APLLTD,533573.0
APOLLO,APOLLO MICRO SYSTEMS LTD,INE713T01028,BE,APOLLO.NS,APOLLO,APOLLO,540879.0
APOLLOHOSP,APOLLO HOSPITALS LTD-DEPO,INE437A01024,BE,APOLLOHOSP.NS,APOLLOHOSP,APOLLOHOSP,508869.0
APOLLOPIPE,APOLLO PIPES LIMITED,INE126J01016,BE,APOLLOPIPE.NS,APOLLOPIPE,APOLLOPIPE,531761.0
APOLLOTUBE,APOLLO TUBES LTD.,INE004301011,EQ,APOLLOTUBE.NS,APOLLOTUBE,,
APOLLOTYRE,APOLLOTYRE DEPO,INE438A01022,BE,APOLLOTYRE.NS,APOLLOTYRE,APOLLOTYRE,500877.0
APOLSINHOT,APOLLO SINDOORI HOTEL LTD,INE451F01024,BE,APOLSINHOT.NS,APOLSINHOT,,
APPLECREDT,APPLE CREDIT CORP DEP.SET,INE212A01013,BE,APPLECREDT.NS,APPLECREDT,,
APPLEIND,APPLE FINANCE LTD.,INE096A01010,BE,APPLEIND.NS,APPLEIND,UTIQUE,500014.0
APRAMEYA,APRAMEYA ENGINEERING LTD,INE0LQG01010,SM,APRAMEYA.NS,APRAMEYA,,
APS,AUSTRALIAN PREM SOLAR I L,INE0P0001010,SM,APS.NS,APS,,
APTECHT,APTECH LIMITED,INE266F01018,BE,APTECHT.NS,APTECHT,APTECHT,532475.0
APTUS,APTUS VALUE HSG FIN I LTD,INE852O01025,BE,APTUS.NS,APTUS,APTUS,543335.0
ARABIAN,ARABIAN PETROLEUM LIMITED,INE08NJ01024,SM,ARABIAN.NS,ARABIAN,,
ARAVALISEC,ARAVALI SECURITIES AND FI,INE445901015,EQ,ARAVALISEC.NS,ARAVALISEC,,
ARCHIDPLY,ARCHIDPLY IND. LTD,INE877I01016,BE,ARCHIDPLY.NS,ARCHIDPLY,ARCHIDPLY,532994.0
ARCHIES,ARCHIES LTD,INE731A01020,BE,ARCHIES.NS,ARCHIES,ARCHIES,532212.0
ARCIIL,ARC INSULATION & INSU LTD,INE0YDV01010,SM,ARCIIL.NS,ARCIIL,,
ARCOTECH,ARCOTECH LIMITED,INE574I01035,BE,ARCOTECH.NS,ARCOTECH,,
AREM,AMARA RAJA ENERGY MOB LTD,INE885A01032,BE,AREM.NS,ARE&M,ARE&M,500008.0
ARENTERP,RAJDARSHAN INDUSTRIES LTD,INE610C01014,BE,ARENTERP.NS,ARENTERP,ARENTERP,526662.0
ARFIN,ARFIN INDIA LIMITED,INE784R01023,BE,ARFIN.NS,ARFIN,ARFIN,539151.0
ARHAM,ARHAM TECHNOLOGIES LTD,INE0L2Y01011,SM,ARHAM.NS,ARHAM,,
ARIES,ARIES AGRO LTD.,INE298I01015,BE,ARIES.NS,ARIES,ARIES,532935.0
ARIHANT,ARIHANT FOUN & HOU LTD,INE413D01011,BE,ARIHANT.NS,ARIHANT,ARIHANT,531381.0
ARIHANTACA,ARIHANT ACADEMY LIMITED,INE0NCC01015,SM,ARIHANTACA.NS,ARIHANTACA,,
ARIHANTCAP,ARIHANT CAPITAL MKTS LTD,INE420B01036,BE,ARIHANTCAP.NS,ARIHANTCAP,ARIHANTCAP,511605.0
ARIHANTSUP,ARIHANT SUPERSTRUCT LTD,INE643K01018,BE,ARIHANTSUP.NS,ARIHANTSUP,ARIHANTSUP,506194.0
ARISINFRA,ARISINFRA SOLUTIONS LTD,INE0H9P01028,BE,ARISINFRA.NS,ARISINFRA,ARISINFRA,544419.0
ARISTO,ARISTO BIO T AND LIFESC L,INE082101010,SM,ARISTO.NS,ARISTO,,
ARKADE,ARKADE DEVELOPERS LIMITED,INE0QRL01017,BE,ARKADE.NS,ARKADE,ARKADE,544261.0
ARMANFIN,ARMAN FIN SERV LTD,INE109C01017,BE,ARMANFIN.NS,ARMANFIN,ARMANFIN,531179.0
AROGRANITE,ARO GRANITE IND. LTD.,INE210C01013,BE,AROGRANITE.NS,AROGRANITE,AROGRANITE,513729.0
ARROWGREEN,ARROW GREENTECH LIMITED,INE570D01018,BE,ARROWGREEN.NS,ARROWGREEN,ARROWGREEN,516064.0
ARSHIYA,ARSHIYA LIMITED,INE968D01022,BE,ARSHIYA.NS,ARSHIYA,ARSHIYA,506074.0
ARSSBL,ANAND RATHI SH N STK BR L,INE549H01021,BE,ARSSBL.NS,ARSSBL,ARSSBL,544530.0
ARSSINFRA,ARSS INFRA PROJ. LTD,INE267I01010,BE,ARSSINFRA.NS,ARSSINFRA,,
ARTEDZ,ARTEDZ FABS LIMITED,INE00CO01016,SM,ARTEDZ.NS,ARTEDZ,,
ARTEMISMED,ARTEMIS MED SERVICE LTD,INE025R01021,BE,ARTEMISMED.NS,ARTEMISMED,ARTEMISMED,542919.0
ARTNIRMAN,ART NIRMAN LIMITED,INE738V01013,BE,ARTNIRMAN.NS,ARTNIRMAN,,
ARTSONENGG,ARTSON ENGINEERING LTD,INE533801010,EQ,ARTSONENGG.NS,ARTSONENGG,,
ARUNASUGAR,ARUNA SUGARS AND ENTERP.,INE008101011,EQ,ARUNASUGAR.NS,ARUNASUGAR,,
ARUNAYA,ARUNAYA ORGANICS LIMITED,INE0TTG01017,SM,ARUNAYA.NS,ARUNAYA,,
ARVEE,ARVEE LABORATORIES I LTD,INE006Z01016,BE,ARVEE.NS,ARVEE,,
ARVIND,ARVIND LIMITED,INE034A01011,BE,ARVIND.NS,ARVIND,ARVIND,500101.0
ARVINDFASN,ARVIND FASHIONS LIMITED,INE955V01021,BE,ARVINDFASN.NS,ARVINDFASN,ARVINDFASN,542484.0
ARVINDPORT,ARVIND PORT AND INFRA LTD,INE0P4T01013,SM,ARVINDPORT.NS,ARVINDPORT,,
ARVSMART,ARVIND SMARTSPACES LTD,INE034S01021,BE,ARVSMART.NS,ARVSMART,ARVSMART,539301.0
ARYAFINFAB,ARYAN FINEFAB LTD,INE008901014,EQ,ARYAFINFAB.NS,ARYAFINFAB,,
ASAHIINDIA,ASAHI INDIA GLASS LIMITED,INE439A01020,BE,ASAHIINDIA.NS,ASAHIINDIA,ASAHIINDIA,515030.0
ASAHISONG,ASAHI SONGWON COLOR LTD,INE228I01012,BE,ASAHISONG.NS,ASAHISONG,ASAHISONG,532853.0
ASAL,AUTOMOTIVE STAMPINGS & AS,INE900C01027,BE,ASAL.NS,ASAL,ASAL,520119.0
ASALCBR,ASSO ALCOHOLS & BREW LTD,INE073G01016,BE,ASALCBR.NS,ASALCBR,ASALCBR,507526.0
ASCOM,ASCOM LEASIN & INVEST LTD,INE08KD01015,SM,ASCOM.NS,ASCOM,,
ASHALOG,ASHAPURA LOGISTICS LTD,INE0LAA01017,SM,ASHALOG.NS,ASHALOG,,
ASHAPURMIN,ASHAPURA MINECHEM LTD,INE348A01023,BE,ASHAPURMIN.NS,ASHAPURMIN,ASHAPURMIN,527001.0
ASHIANA,ASHIANA HOUSING LTD,INE365D01021,BE,ASHIANA.NS,ASHIANA,ASHIANA,523716.0
ASHIMASYN,ASHIMA LTD,INE440A01010,BE,ASHIMASYN.NS,ASHIMASYN,ASHIMASYN,514286.0
ASHOKA,ASHOKA BUILDCON LTD,INE442H01029,BE,ASHOKA.NS,ASHOKA,ASHOKA,533271.0
ASHOKALCO,ASHOK ALCO-CHEM LTD,INE010401011,EQ,ASHOKALCO.NS,ASHOKALCO,,
ASHOKAMET,ASHOKA METCAST LIMITED,INE760Y01011,BE,ASHOKAMET.NS,ASHOKAMET,ASHOKAMET,540923.0
ASHOKLEY,ASHOK LEYLAND -DEP SETT,INE208A01029,BE,ASHOKLEY.NS,ASHOKLEY,ASHOKLEY,500477.0
ASHOKORG,ASHOK ORGANIC INDUS. LTD.,INE010901010,EQ,ASHOKORG.NS,ASHOKORG,,
ASIAN-RE1,ASIAN GRANITO INDIA LIMIT,INE022I20027,BE,ASIAN-RE1.NS,ASIAN-RE1,,
ASIANALLOY,ASIAN ALLOYS LTD,INE011301012,EQ,ASIANALLOY.NS,ASIANALLOY,,
ASIANCONSO,ASIAN CONSOLIDATED INDUST,INE011901019,EQ,ASIANCONSO.NS,ASIANCONSO,,
ASIANENE,ASIAN ENERGY SERVICES LTD,INE276G01015,BE,ASIANENE.NS,ASIANENE,ASIANENE,530355.0
ASIANHOTNR,ASIAN HOTELS (NORTH) LTD,INE363A01022,BE,ASIANHOTNR.NS,ASIANHOTNR,ASIANHOTNR,500023.0
ASIANPAINT,ASIAN PAINTS LIMITED,INE021A01026,BE,ASIANPAINT.NS,ASIANPAINT,ASIANPAINT,500820.0
ASIANTILES,ASIAN GRANITO IND. LTD.,INE022I01019,BE,ASIANTILES.NS,ASIANTILES,ASIANTILES,532888.0
ASIL,AMIT SPINNING IND. LTD,INE988A01026,BE,ASIL.NS,ASIL,,
ASILIND,ASIL INDUSTRIES LTD.,INE012901018,EQ,ASILIND.NS,ASILIND,,
ASKAUTOLTD,ASK AUTOMOTIVE LIMITED,INE491J01022,BE,ASKAUTOLTD.NS,ASKAUTOLTD,ASKAUTOLTD,544022.0
ASLIND,ASL INDUSTRIES LIMITED,INE617I01024,SM,ASLIND.NS,ASLIND,,
ASMS,BARTRONICS INDIA LIMITED,INE855F01042,BE,ASMS.NS,ASMS,ASMS,532694.0
ASOCALCHOL,ASSOCIATED ALCOHOL & BREW,INE013401018,EQ,ASOCALCHOL.NS,ASOCALCHOL,,
ASPINWALL,ASPINWALL & CO LTD,INE991I01015,BE,ASPINWALL.NS,ASPINWALL,,
ASPIRE,ASPIRE & INNOVATIVE ADV L,INE0S7801010,SM,ASPIRE.NS,ASPIRE,,
ASSAMFRONT,AFT INDUSTRIES LTD.,INE417A01018,BE,ASSAMFRONT.NS,ASSAMFRONT,,
ASTEC,ASTEC LIFESCIENCES LTD,INE563J01010,BE,ASTEC.NS,ASTEC,ASTEC,533138.0
ASTERDM,ASTER DM HEALTHCARE LTD.,INE914M01019,BE,ASTERDM.NS,ASTERDM,ASTERDM,540975.0
ASTRAL,ASTRAL LIMITED,INE006I01046,BE,ASTRAL.NS,ASTRAL,ASTRAL,532830.0
ASTRAMICRO,ASTRA MICROWAVE LTD,INE386C01029,BE,ASTRAMICRO.NS,ASTRAMICRO,ASTRAMICRO,532493.0
ASTRAZEN,ASTRAZENECA PHARMA IND LT,INE203A01020,BE,ASTRAZEN.NS,ASTRAZEN,ASTRAZEN,506820.0
ASTRON,ASTRON PAPER BORD MIL LTD,INE646X01014,BE,ASTRON.NS,ASTRON,ASTRON,540824.0
ATALREAL,ATAL REALTECH LIMITED,INE0ALR01011,SM,ATALREAL.NS,ATALREAL,,
ATALREAL,ATAL REALTECH LIMITED,INE0ALR01029,BE,ATALREAL.NS,ATALREAL,ATALREAL,543911.0
ATAM,ATAM VALVES LIMITED,INE09KD01013,BE,ATAM.NS,ATAM,ATAM,543236.0
ATASHIND,ATASH INDUSTRIES LTD,INE014001015,EQ,ATASHIND.NS,ATASHIND,,
ATCENERGY,ATC ENERGIES SYSTEM LTD,INE0V0Q01019,SM,ATCENERGY.NS,ATCENERGY,,
ATCOM,ATCOM TECHNOLOGIES LTD,INE834A01014,BE,ATCOM.NS,ATCOM,,
ATGL,ADANI TOTAL GAS LIMITED,INE399L01023,BE,ATGL.NS,ATGL,ATGL,542066.0
ATHERENERG,ATHER ENERGY LIMITED,INE0LEZ01016,BE,ATHERENERG.NS,ATHERENERG,ATHERENERG,544397.0
ATL,ALLCARGO TERMINALS LTD,INE0NN701020,BE,ATL.NS,ATL,ATL,543954.0
ATLANTAA,ATLANTAA LIMITED,INE285H01022,BE,ATLANTAA.NS,ATLANTAA,ATLANTAA,532759.0
ATLANTAELE,ATLANTA ELECTRICALS LTD,INE0Z4F01028,BE,ATLANTAELE.NS,ATLANTAELE,ATLANTAELE,544527.0
ATLANTSPG,ATLANTIC SPG & WVG MILLS,INE014401017,EQ,ATLANTSPG.NS,ATLANTSPG,,
ATLASCOPCO,ATLAS COPCO (I) LTD DEPO,INE445A01019,BE,ATLASCOPCO.NS,ATLASCOPCO,,
ATLASCYCLE,ATLAS CYCLE (HARYANA) LTD,INE446A01025,BE,ATLASCYCLE.NS,ATLASCYCLE,ATLASCYCLE,505029.0
ATMASTCO,ATMASTCO LIMITED,INE05DH01017,SM,ATMASTCO.NS,ATMASTCO,,
ATNINTER,ATN INTERNATIONAL LTD,INE803A01027,BE,ATNINTER.NS,ATNINTER,,
ATUL,ATUL LTD,INE100A01010,BE,ATUL.NS,ATUL,ATUL,500027.0
ATULAUTO,ATUL AUTO LIMITED,INE951D01028,BE,ATULAUTO.NS,ATULAUTO,ATULAUTO,531795.0
ATVPETRO,SVC SUPERCHEM LTD. - DEPO,INE038B01010,BE,ATVPETRO.NS,ATVPETRO,SVCIND,524488.0
ATVPROJ,ATV PROJECTS INDIA LTD,INE015201010,EQ,ATVPROJ.NS,ATVPROJ,,
AUBANK,AU SMALL FINANCE BANK LTD,INE949L01017,BE,AUBANK.NS,AUBANK,AUBANK,540611.0
AURANPAPER,AURANGABAD PAPER MILLS LT,INE015401016,EQ,AURANPAPER.NS,AURANPAPER,,
AURDIS,AURANGABAD DISTILLERY LTD,INE448V01019,SM,AURDIS.NS,AURDIS,,
AURIONPRO,AURIONPRO SOLN LTD,INE132H01018,BE,AURIONPRO.NS,AURIONPRO,AURIONPRO,532668.0
AUROIMPEX,AURO IMPEX & CHEMICALS L,INE0NUL01018,SM,AUROIMPEX.NS,AUROIMPEX,,
AUROPHARMA,AUROPHARMA-DEP SETT,INE406A01037,BE,AUROPHARMA.NS,AUROPHARMA,AUROPHARMA,524804.0
AURUM,AURUM PROPTECH LIMITED,INE898S01029,BE,AURUM.NS,AURUM,AURUM,539289.0
AUSL,ADITYA ULTRA STEEL LTD,INE01YQ01013,SM,AUSL.NS,AUSL,,
AUSOMENT,AUSOM ENTERPRISE LIMITED,INE218C01016,BE,AUSOMENT.NS,AUSOMENT,AUSOMENT,509009.0
AUSTRAL,AUSTRAL COKE & PRO LTD,INE455J01027,BE,AUSTRAL.NS,AUSTRAL,,
AUTOAXLES,AUTOMOTIVE AXLES LIMITED,INE449A01011,BE,AUTOAXLES.NS,AUTOAXLES,AUTOAXLES,505010.0
AUTOBEES,NIPPONAMC - NETFAUTO,INF204KC1337,EQ,AUTOBEES.NS,AUTOBEES,,
AUTOCORP,AUTOMOBILE CORP OF GOA LT,INE016201019,EQ,AUTOCORP.NS,AUTOCORP,,
AUTOIETF,ICICIPRAMC - ICICIAUTO,INF109KC10V2,EQ,AUTOIETF.NS,AUTOIETF,AUTOIETF,543450.0
AUTOIND,AUTOLINE INDUSTRIES LTD,INE718H01014,BE,AUTOIND.NS,AUTOIND,AUTOIND,532797.0
AUTOLEC,AUTOLEC INDUSTRIES LTD.,INE134C01015,BE,AUTOLEC.NS,AUTOLEC,,
AUTOLITIND,AUTOLITE (INDIA) LIMITED,INE448A01013,BE,AUTOLITIND.NS,AUTOLITIND,,
AUTOPALIND,AUTOPAL INDUSTRIES LTD,INE016401015,EQ,AUTOPALIND.NS,AUTOPALIND,,
AUTORIDFIN,AUTORIDERS FINANCE LTD.,INE450A01019,BE,AUTORIDFIN.NS,AUTORIDFIN,,
AVADHSUGAR,AVADH SUG & ENERGY LTD,INE349W01017,BE,AVADHSUGAR.NS,AVADHSUGAR,AVADHSUGAR,540649.0
AVALON,AVALON TECHNOLOGIES LTD,INE0LCL01028,BE,AVALON.NS,AVALON,AVALON,543896.0
AVANTEL,AVANTEL LIMITED,INE005B01027,BE,AVANTEL.NS,AVANTEL,AVANTEL,532406.0
AVANTIFEED,AVANTI FEEDS LIMITED,INE871C01038,BE,AVANTIFEED.NS,AVANTIFEED,AVANTIFEED,512573.0
AVERY,AVERY INDIA LTD-DEPO,INE906A01010,BE,AVERY.NS,AVERY,,
AVG,AVG LOGISTICS LIMITED,INE680Z01018,BE,AVG.NS,AVG,AVG,543910.0
AVIANSH,AVI ANSH TEXTILE LIMITED,INE0TFB01017,SM,AVIANSH.NS,AVIANSH,,
AVL,ADITYA VISION LIMITED,INE679V01027,BE,AVL.NS,AVL,AVL,540205.0
AVONIND,AVON INDUSTRIES LTD,INE446301017,EQ,AVONIND.NS,AVONIND,,
AVONMORE,AVONMORE CAP&MGT SERV LTD,INE323B01024,BE,AVONMORE.NS,AVONMORE,AVONMORE,511589.0
AVPINFRA,AVP INFRACON LIMITED,INE0R9401019,SM,AVPINFRA.NS,AVPINFRA,,
AVROIND,AVRO INDIA LIMITED,INE652Z01017,BE,AVROIND.NS,AVROIND,AVROIND,543512.0
AVSL,AVSL INDUSTRIES LIMITED,INE522V01011,SM,AVSL.NS,AVSL,,
AVTNPL,AVT NATURAL PRODUCTS LTD,INE488D01021,BE,AVTNPL.NS,AVTNPL,AVTNPL,519105.0
AWFIS,AWFIS SPACE SOLUTIONS LTD,INE108V01019,BE,AWFIS.NS,AWFIS,AWFIS,544181.0
AWHCL,ANTONY WASTE HDG CELL LTD,INE01BK01022,BE,AWHCL.NS,AWHCL,AWHCL,543254.0
AWL,AWL AGRI BUSINESS LIMITED,INE699H01024,BE,AWL.NS,AWL,AWL,543458.0
AXISBANK,AXIS BANK LIMITED,INE238A01034,BE,AXISBANK.NS,AXISBANK,AXISBANK,532215.0
AXISBNKETF,AXISAMC - AXISBNKETF,INF846K01X63,EQ,AXISBNKETF.NS,AXISBNKETF,,
AXISBPSETF,AXISAMC - AXISBPSETF,INF846K01Z04,EQ,AXISBPSETF.NS,AXISBPSETF,,
AXISCADES,AXISCADES TECH LTD,INE555B01013,BE,AXISCADES.NS,AXISCADES,AXISCADES,532395.0
AXISCETF,AXISAMC - AXISCETF,INF846K016C7,EQ,AXISCETF.NS,AXISCETF,,
AXISGOLD,AXIS MF - AXIS GOLD ETF,INF846K01W80,EQ,AXISGOLD.NS,AXISGOLD,AXISGOLD,533570.0
AXISHCETF,AXISAMC - AXISHCETF,INF846K01Z12,EQ,AXISHCETF.NS,AXISHCETF,AXISHCETF,543348.0
AXISILVER,AXISAMC - AXISILVER,INF846K011K1,EQ,AXISILVER.NS,AXISILVER,,
AXISNIFTY,AXISAMC - AXISNIFTY,INF846K01W98,EQ,AXISNIFTY.NS,AXISNIFTY,,
AXISTECETF,AXISAMC - AXISTECETF,INF846K01Y96,EQ,AXISTECETF.NS,AXISTECETF,AXISTECETF,543347.0
AXISVALUE,AXISAMC - AXISVALUE,INF846KA1119,EQ,AXISVALUE.NS,AXISVALUE,AXISVALUE,544382.0
AXITA,AXITA COTTON LIMITED,INE02EZ01022,BE,AXITA.NS,AXITA,AXITA,542285.0
AXSENSEX,AXISAMC - AXSENSEX,INF846K010Q0,EQ,AXSENSEX.NS,AXSENSEX,,
AYMSYNTEX,AYM SYNTEX LIMITED,INE193B01039,BE,AYMSYNTEX.NS,AYMSYNTEX,AYMSYNTEX,508933.0
AZAD,AZAD ENGINEERING LIMITED,INE02IJ01035,BE,AZAD.NS,AZAD,AZAD,544061.0
BABAFOOD,BABA AGRO FOOD LIMITED,INE672X01010,SM,BABAFOOD.NS,BABAFOOD,,
BABAFP,BABA FOOD PROCESSING,INE0QW501012,SM,BABAFP.NS,BABAFP,,
BAFNAPH,BAFNA PHARMACEUTICALS LTD,INE878I01022,BE,BAFNAPH.NS,BAFNAPH,BAFNAPH,532989.0
BAFNAPHARM,BAFNA PHARMACEUTICALS L,INE878I01014,BE,BAFNAPHARM.NS,BAFNAPHARM,,
BAGFILMS,B.A.G FILMS AND MEDIA LTD,INE116D01028,BE,BAGFILMS.NS,BAGFILMS,BAGFILMS,532507.0
BAGWATIGAS,BHAGWATI GASES LTD.,INE447201018,EQ,BAGWATIGAS.NS,BAGWATIGAS,,
BAHETI,BAHETI RECYCLING IND LTD,INE029Q01017,SM,BAHETI.NS,BAHETI,,
BAIDFIN,BAID FINSERV LIMITED,INE020D01022,BE,BAIDFIN.NS,BAIDFIN,BAIDFIN,511724.0
BAJAJ-AUTO,BAJAJ AUTO LIMITED,INE917I01010,BE,BAJAJ-AUTO.NS,BAJAJ-AUTO,BAJAJ-AUTO,532977.0
BAJAJCON,BAJAJ CONSUMER CARE LTD,INE933K01021,BE,BAJAJCON.NS,BAJAJCON,BAJAJCON,533229.0
BAJAJELEC,BAJAJ ELECT.LTD,INE193E01025,BE,BAJAJELEC.NS,BAJAJELEC,BAJAJELEC,500031.0
BAJAJFINSV,BAJAJ FINSERV LTD.,INE918I01026,BE,BAJAJFINSV.NS,BAJAJFINSV,BAJAJFINSV,532978.0
BAJAJHCARE,BAJAJ HEALTHCARE LIMITED,INE411U01027,BE,BAJAJHCARE.NS,BAJAJHCARE,BAJAJHCARE,539872.0
BAJAJHFL,BAJAJ HOUSING FINANCE LTD,INE377Y01014,BE,BAJAJHFL.NS,BAJAJHFL,BAJAJHFL,544252.0
BAJAJHIND,BAJAJ HINDUSTHAN SUGAR LT,INE306A01021,BE,BAJAJHIND.NS,BAJAJHIND,BAJAJHIND,500032.0
BAJAJHLDNG,BAJAJ HOLDINGS & INVS LTD,INE118A01012,BE,BAJAJHLDNG.NS,BAJAJHLDNG,BAJAJHLDNG,500490.0
BAJAJINDEF,INDEF MANUFACTURING LTD,INE0O9T01021,BE,BAJAJINDEF.NS,BAJAJINDEF,BAJAJINDEF,544364.0
BAJEL,BAJEL PROJECTS LIMITED,INE0KQN01018,BE,BAJEL.NS,BAJEL,BAJEL,544042.0
BAJFINANCE,BAJAJ FINANCE LIMITED,INE296A01032,BE,BAJFINANCE.NS,BAJFINANCE,BAJFINANCE,500034.0
BAKELHYLAM,BAKELITE HYLAM LTD.,INE019301014,EQ,BAKELHYLAM.NS,BAKELHYLAM,,
BALAJEE,SHREE TIRUPATI BALAJEE L,INE0S2G01011,BE,BALAJEE.NS,BALAJEE,BALAJEE,544249.0
BALAJHOTEL,BALAJIHOTELS-ROLL SETT,INE454A01011,BE,BALAJHOTEL.NS,BALAJHOTEL,,
BALAJIDIST,BALAJI DISTILLERIES LTD.,INE453A01013,BE,BALAJIDIST.NS,BALAJIDIST,,
BALAJIIND,BALAJIINDCORPORATION LTD.,INE455A01018,BE,BALAJIIND.NS,BALAJIIND,,
BALAJIPHOS,BALAJI PHOSPHATES LIMITED,INE0PQ601019,SM,BALAJIPHOS.NS,BALAJIPHOS,,
BALAJITELE,BALAJI TELEFILMS LTD.,INE794B01026,BE,BALAJITELE.NS,BALAJITELE,BALAJITELE,532382.0
BALAMINES,BALAJI AMINES LIMITED,INE050E01027,BE,BALAMINES.NS,BALAMINES,BALAMINES,530999.0
BALAXI,BALAXI PHARMA LTD,INE618N01022,BE,BALAXI.NS,BALAXI,,
BALCO,SOLVE PLASTIC PRODUCTS L,INE0U0201016,SM,BALCO.NS,BALCO,,
BALKRISHNA,BALKRISHNA PAPER MILLS L,INE875R01011,BE,BALKRISHNA.NS,BALKRISHNA,BALKRISHNA,539251.0
BALKRISIND,BALKRISHNA IND. LTD,INE787D01026,BE,BALKRISIND.NS,BALKRISIND,BALKRISIND,502355.0
BALLARPUR,BALLARPUR INDUSTRIES LTD,INE294A01037,BE,BALLARPUR.NS,BALLARPUR,,
BALMLAWRIE,BALMER LAWRIE & CO.LTD.,INE164A01016,BE,BALMLAWRIE.NS,BALMLAWRIE,BALMLAWRIE,523319.0
BALPHARMA,BAL PHARMA LTD.,INE083D01012,BE,BALPHARMA.NS,BALPHARMA,BALPHARMA,524824.0
BALRAMCHIN,BALRAMPUR CHINI - DEP SET,INE119A01028,BE,BALRAMCHIN.NS,BALRAMCHIN,BALRAMCHIN,500038.0
BALUFORGE,BALU FORGE INDUSTRIES LTD,INE011E01029,BE,BALUFORGE.NS,BALUFORGE,BALUFORGE,531112.0
BALURTRANS,BALURGHAT TECHNOLOGIES LT,INE447101010,EQ,BALURTRANS.NS,BALURTRANS,,
BANARBEADS,BANARASBEADSLTD-ROLLSETT,INE655B01011,BE,BANARBEADS.NS,BANARBEADS,BANARBEADS,526849.0
BANARISUG,BANNARI AMMAN SUGAR LTD.,INE459A01010,BE,BANARISUG.NS,BANARISUG,,
BANCOINDIA,BANCO PRODUCTS (I) LTD,INE213C01025,BE,BANCOINDIA.NS,BANCOINDIA,BANCOINDIA,500039.0
BANCOPROD,BANCOPRODUCTS INDIA LTD.,INE213C01017,BE,BANCOPROD.NS,BANCOPROD,,
BANDHANBNK,BANDHAN BANK LIMITED,INE545U01014,BE,BANDHANBNK.NS,BANDHANBNK,BANDHANBNK,541153.0
BANG,BANG OVERSEAS LTD.,INE863I01016,BE,BANG.NS,BANG,BANG,532946.0
BANKA,BANKA BIOLOO LIMITED,INE862Y01015,BE,BANKA.NS,BANKA,,
BANKBARODA,BOB - DEPO SETT,INE028A01039,BE,BANKBARODA.NS,BANKBARODA,BANKBARODA,532134.0
BANKBEES,NIP IND ETF BANK BEES,INF204KB15I9,EQ,BANKBEES.NS,BANKBEES,BANKBEES,590106.0
BANKBETF,BFAM - BANKBETF,INF0QA701714,EQ,BANKBETF.NS,BANKBETF,BANKBETF,544093.0
BANKETF,MIRAEAMC - BANKETF,INF769K01KR3,EQ,BANKETF.NS,BANKETF,BANKETF,543944.0
BANKETFADD,DSPAMC - DSPBANKETF,INF740KA1RX3,EQ,BANKETFADD.NS,BANKETFADD,,
BANKIETF,ICICIPRAMC - IPRU5008,INF109KC15I8,EQ,BANKIETF.NS,BANKIETF,BANKIETF,542730.0
BANKINDIA,BANK OF INDIA - DEPO. SET,INE084A01016,BE,BANKINDIA.NS,BANKINDIA,BANKINDIA,532149.0
BANKNIFTY1,KOTAKMAMC-KOTAKBKETF,INF174K01F59,EQ,BANKNIFTY1.NS,BANKNIFTY1,BANKNIFTY1,590136.0
BANKPSU,MIRAEAMC - BANKPSU,INF769K01LZ4,EQ,BANKPSU.NS,BANKPSU,BANKPSU,544266.0
BANSAL,BANSAL MULTIFLEX LIMITED,INE668X01018,SM,BANSAL.NS,BANSAL,,
BANSALWIRE,BANSAL WIRE INDUSTRIES L,INE0B9K01025,BE,BANSALWIRE.NS,BANSALWIRE,BANSALWIRE,544209.0
BANSWRAS,BANSWARA SYNTEX LIMITED,INE629D01020,BE,BANSWRAS.NS,BANSWRAS,BANSWRAS,503722.0
BARBEQUE,BARBEQUE NATION HOSP. LTD,INE382M01027,BE,BARBEQUE.NS,BARBEQUE,BARBEQUE,543283.0
BARFLEX,BARFLEX POLYFILMS LIMITED,INE0QX401014,SM,BARFLEX.NS,BARFLEX,,
BARODARAYN,BARODA RAYON CO LTD,INE022701010,EQ,BARODARAYN.NS,BARODARAYN,,
BARTRONICS,BARTRONICS INDIA LIMITED,INE855F01034,BE,BARTRONICS.NS,BARTRONICS,,
BASF,BASF INDIA LTD- DEPO SETT,INE373A01013,BE,BASF.NS,BASF,BASF,500042.0
BASILIC,BASILIC FLY STUDIO LTD,INE0OCC01013,SM,BASILIC.NS,BASILIC,,
BASML,BANNARI AM SPIN MILL LTD.,INE186H01022,BE,BASML.NS,BASML,BASML,532674.0
BASML-RE1,BANNARI AMMAN SPINNING,INE186H20022,BE,BASML-RE1.NS,BASML-RE1,,
BATAINDIA,BATA INDIA DEP RS,INE176A01028,BE,BATAINDIA.NS,BATAINDIA,BATAINDIA,500043.0
BAUSCHLOMB,RAYBAN SUN OPTICS IND LTD,INE854A01012,BE,BAUSCHLOMB.NS,BAUSCHLOMB,,
BAWEJA,BAWEJA STUDIOS LIMITED,INE0JFJ01011,SM,BAWEJA.NS,BAWEJA,,
BAYERCROP,BAYER CROPSCIENCE LTD,INE462A01022,BE,BAYERCROP.NS,BAYERCROP,BAYERCROP,506285.0
BBETF0432,EDELAMC - BBETF0432,INF754K01OB1,EQ,BBETF0432.NS,BBETF0432,,
BBL,BHARAT BIJLEE LTD,INE464A01036,BE,BBL.NS,BBL,BBL,503960.0
BBNPNBETF,BARODABNP - BBNPNBETF,INF251K01TL6,EQ,BBNPNBETF.NS,BBNPNBETF,,
BBNPPGOLD,BARODABNP - BBNPPGOLD,INF251K01SU9,EQ,BBNPPGOLD.NS,BBNPPGOLD,BBNPPGOLD,544043.0
BBOX,BLACK BOX LIMITED,INE676A01027,BE,BBOX.NS,BBOX,BBOX,500463.0
BBTC,BOMBAY BURMAH TRAD CORP,INE050A01025,BE,BBTC.NS,BBTC,BBTC,501425.0
BBTCL,B&B TRIPLEWALL CONT LTD,INE01EE01011,BE,BBTCL.NS,BBTCL,BBTCL,543668.0
BCG,BRIGHTCOM GROUP LIMITED,INE425B01027,BE,BCG.NS,BCG,BCG,532368.0
BCLIND,BCL INDUSTRIES LIMITED,INE412G01024,BE,BCLIND.NS,BCLIND,BCLIND,524332.0
BCONCEPTS,BRAND CONCEPTS LIMITED,INE977Y01011,BE,BCONCEPTS.NS,BCONCEPTS,BCONCEPTS,543442.0
BCP,B.C. POWER CONTROLS LTD,INE905P01028,BE,BCP.NS,BCP,BCP,537766.0
BDL,BHARAT DYNAMICS LIMITED,INE171Z01026,BE,BDL.NS,BDL,BDL,541143.0
BEACON,BEACON TRUSTEESHIP LTD,INE639X01027,SM,BEACON.NS,BEACON,,
BEARDSELL,BEARDSELL LIMITED,INE520H01022,BE,BEARDSELL.NS,BEARDSELL,,
BECREL,BEST & CROMPTON ENGG LTD,INE287A01015,BE,BECREL.NS,BECREL,,
BECTORFOOD,MRS BECTORS FOOD SPE LTD,INE495P01012,BE,BECTORFOOD.NS,BECTORFOOD,BECTORFOOD,543253.0
BEDMUTHA,BEDMUTHA INDUST LTD,INE844K01012,BE,BEDMUTHA.NS,BEDMUTHA,BEDMUTHA,533270.0
BEL,BHARAT ELECT LTD-DEPO SET,INE263A01024,BE,BEL.NS,BEL,BEL,500049.0
BELCONTROL,BELLS CONTROLS LTD,INE025C01015,BE,BELCONTROL.NS,BELCONTROL,,
BELLACASA,BELLA CASA FASH AND RET L,INE344T01014,BE,BELLACASA.NS,BELLACASA,BELLACASA,539399.0
BELLARYSTL,BELLARYSTEELS-ROLLSETT,INE166C01017,BE,BELLARYSTL.NS,BELLARYSTL,,
BELRISE,BELRISE INDUSTRIES LTD,INE894V01022,BE,BELRISE.NS,BELRISE,BELRISE,544405.0
BEML,BEML LIMITED,INE258A01016,BE,BEML.NS,BEML,BEML,500048.0
BEPL,BHANSALI ENG. POLYMERS LT,INE922A01025,BE,BEPL.NS,BEPL,BEPL,500052.0
BERGEPAINT,BERGER PAINTS(I)LTD,INE463A01038,BE,BERGEPAINT.NS,BERGEPAINT,BERGEPAINT,509480.0
BESTAGRO,BEST AGROLIFE LIMITED,INE052T01013,BE,BESTAGRO.NS,BESTAGRO,BESTAGRO,539660.0
BESTAVISON,BESTA VISION ELECTRONICS,INE025201018,EQ,BESTAVISON.NS,BESTAVISON,,
BETA,BETA DRUGS LIMITED,INE351Y01019,SM,BETA.NS,BETA,,
BETANAPTOL,BETA NAPHTHOL LTD,INE025301016,EQ,BETANAPTOL.NS,BETANAPTOL,,
BEWLTD,BEW ENGINEERING LIMITED,INE0HQI01014,SM,BEWLTD.NS,BEWLTD,,
BFINVEST,BF INVESTMENT LIMITED,INE878K01010,BE,BFINVEST.NS,BFINVEST,BFINVEST,533303.0
BFSI,MIRAEAMC - MAFSETF,INF769K01HI8,EQ,BFSI.NS,BFSI,BFSI,543323.0
BFUTILITIE,BF UTILITIES LIMITED,INE243D01012,BE,BFUTILITIE.NS,BFUTILITIE,BFUTILITIE,532430.0
BGLOBAL,BHARATIYA GLOBAL INFO LTD,INE224M01013,BE,BGLOBAL.NS,BGLOBAL,,
BGRENERGY,BGR ENERGY SYSTEMS LTD,INE661I01014,BE,BGRENERGY.NS,BGRENERGY,BGRENERGY,532930.0
BHADORA,BHADORA INDUSTRIES LTD,INE0ZRC01017,SM,BHADORA.NS,BHADORA,,
BHAGCHEM,BHAGIRADHA CHEM & INDS L,INE414D01027,BE,BHAGCHEM.NS,BHAGCHEM,BHAGCHEM,531719.0
BHAGERIA,BHAGERIA INDUSTRIES LTD,INE354C01027,BE,BHAGERIA.NS,BHAGERIA,BHAGERIA,530803.0
BHAGYANGR,BHAGYANAGAR INDIA LIMITED,INE458B01036,BE,BHAGYANGR.NS,BHAGYANGR,BHAGYANGR,512296.0
BHAGYAPROP,BHAGYANAGAR PRO LTD,INE363W01018,BE,BHAGYAPROP.NS,BHAGYAPROP,,
BHANDA-RE1,BHANDARI HOSIERY EXP LTD,INE474E20029,BE,BHANDA-RE1.NS,BHANDA-RE1,,
BHANDARI,BHANDARI HOSIERY EXP LTD,INE474E01029,BE,BHANDARI.NS,BHANDARI,BHANDARI,512608.0
BHARATFORG,BHARAT FORGE LTD,INE465A01025,BE,BHARATFORG.NS,BHARATFORG,BHARATFORG,500493.0
BHARATGEAR,BHARAT GEARS LTD,INE561C01019,BE,BHARATGEAR.NS,BHARATGEAR,BHARATGEAR,505688.0
BHARATHOT,BHARAT HOTELS LTD,INE466A01015,BE,BHARATHOT.NS,BHARATHOT,,
BHARATIDIL,BHARATI DEF & INFRA LTD,INE673G01013,BE,BHARATIDIL.NS,BHARATIDIL,,
BHARATRAS,BHARAT RASAYAN LTD,INE838B01013,BE,BHARATRAS.NS,BHARATRAS,BHARATRAS,590021.0
BHARATSE,BHARAT SEATS LIMITED,INE415D01024,BE,BHARATSE.NS,BHARATSE,BHARATSE,523229.0
BHARATWIRE,BHARAT WIRE ROPES LTD.,INE316L01019,BE,BHARATWIRE.NS,BHARATWIRE,BHARATWIRE,539799.0
BHARTIARTL,BHARTI AIRTEL LIMITED,INE397D01024,BE,BHARTIARTL.NS,BHARTIARTL,BHARTIARTL,532454.0
BHARTIHEXA,BHARTI HEXACOM LIMITED,INE343G01021,BE,BHARTIHEXA.NS,BHARTIHEXA,BHARTIHEXA,544162.0
BHEL,BHARAT HEAVY ELEC-DEPSET,INE257A01026,BE,BHEL.NS,BHEL,BHEL,500103.0
BHUPENCAP,BHUPENDRA CAP & FINANCE,INE030601012,EQ,BHUPENCAP.NS,BHUPENCAP,,
BIGBLOC,BIGBLOC CONSTRUCTION LTD,INE412U01025,BE,BIGBLOC.NS,BIGBLOC,BIGBLOC,540061.0
BIHARALLOY,UMI SPECIAL STEEL LTD,INE447501011,EQ,BIHARALLOY.NS,BIHARALLOY,,
BIHARCAUST,BIHARCAUSTIC-ROLL SETT,INE605B01016,BE,BIHARCAUST.NS,BIHARCAUST,,
BIHARSPONG,BIHAR SPONGE IRON LTD.,INE031301018,EQ,BIHARSPONG.NS,BIHARSPONG,,
BIKAJI,BIKAJI FOODS INTERN LTD,INE00E101023,BE,BIKAJI.NS,BIKAJI,BIKAJI,543653.0
BIKEWO,BIKEWO GREEN TECH LIMITED,INE0SQH01013,SM,BIKEWO.NS,BIKEWO,,
BIL,BHARTIYA INETRNATIONAL LT,INE828A01016,BE,BIL.NS,BIL,BIL,526666.0
BILENERGY,BIL ENERGY SYSTEMS LTD,INE607L01029,BE,BILENERGY.NS,BILENERGY,,
BILPOWER,BILPOWER LIMITED,INE952D01018,BE,BILPOWER.NS,BILPOWER,,
BILVYAPAR,BIL VYAPAR LIMITED,INE071A01013,BE,BILVYAPAR.NS,BILVYAPAR,BILVYAPAR,500059.0
BIMETBRG,BIMETAL BEARINGS LTD,INE469A01019,BE,BIMETBRG.NS,BIMETBRG,BIMETAL,505681.0
BIOCON,BIOCON LIMITED,INE376G01013,BE,BIOCON.NS,BIOCON,BIOCON,532523.0
BIOFILCHEM,BIOFIL CHEM & PHARMA LTD.,INE829A01014,BE,BIOFILCHEM.NS,BIOFILCHEM,BIOFILCHEM,524396.0
BIRDYS,GRILL SPLENDOUR SER LTD,INE0PC901019,SM,BIRDYS.NS,BIRDYS,,
BIRLACABLE,BIRLA CABLE LIMITED,INE800A01015,BE,BIRLACABLE.NS,BIRLACABLE,BIRLACABLE,500060.0
BIRLACORPN,BIRLA CORPORATION LTD,INE340A01012,BE,BIRLACORPN.NS,BIRLACORPN,BIRLACORPN,500335.0
BIRLAMONEY,ADITYA BIRLA MONEY LTD,INE865C01022,BE,BIRLAMONEY.NS,BIRLAMONEY,BIRLAMONEY,532974.0
BIRLANU,BIRLANU LIMITED,INE557A01011,BE,BIRLANU.NS,BIRLANU,BIRLANU,509675.0
BIRLATYRE,BIRLA TYRES LIMITED,INE0AEJ01013,BE,BIRLATYRE.NS,BIRLATYRE,,
BIRLAYAMAH,BIRLA YAMAHA LTD,INE224B01016,BE,BIRLAYAMAH.NS,BIRLAYAMAH,,
BKMINDST,BKM INDUSTRIES LIMITED,INE831Q01016,BE,BKMINDST.NS,BKMINDST,,
BLACKBUCK,BLACKBUCK LIMITED,INE0UIZ01018,BE,BLACKBUCK.NS,BLACKBUCK,BLACKBUCK,544288.0
BLAL,BEML LAND ASSETS LIMITED,INE0N7W01012,BE,BLAL.NS,BLAL,BLAL,543898.0
BLBLIMITED,BLB LIMITED,INE791A01024,BE,BLBLIMITED.NS,BLBLIMITED,BLBLIMITED,532290.0
BLISSGVS,BLISS GVS PHARMA LTD,INE416D01022,BE,BLISSGVS.NS,BLISSGVS,BLISSGVS,506197.0
BLKASHYAP,B.L.KASHYAP & SON LTD,INE350H01032,BE,BLKASHYAP.NS,BLKASHYAP,BLKASHYAP,532719.0
BLS,BLS INTL SERVS LTD,INE153T01027,BE,BLS.NS,BLS,BLS,540073.0
BLSE,BLS E-SERVICES LIMITED,INE0NLT01010,BE,BLSE.NS,BLSE,BLSE,544107.0
BLUEBLENDS,BLUE BLENDS (I) LTD,INE113O01014,BE,BLUEBLENDS.NS,BLUEBLENDS,,
BLUECHIP,BLUE CHIP INDIA LIMITED,INE657B01025,BE,BLUECHIP.NS,BLUECHIP,,
BLUECOAST,BLUE COAST HOTELS LIMITED,INE472B01011,BE,BLUECOAST.NS,BLUECOAST,BLUECOAST,531495.0
BLUEDART,BLUE DART EXPRESS LTD.,INE233B01017,BE,BLUEDART.NS,BLUEDART,BLUEDART,526612.0
BLUEJET,BLUE JET HEALTHCARE LTD,INE0KBH01020,BE,BLUEJET.NS,BLUEJET,BLUEJET,544009.0
BLUEPEBBLE,BLUE PEBBLE LIMITED,INE0SAK01011,SM,BLUEPEBBLE.NS,BLUEPEBBLE,,
BLUESTARCO,BLUE STAR LIMITED DEPO,INE472A01039,BE,BLUESTARCO.NS,BLUESTARCO,BLUESTARCO,500067.0
BLUESTONE,BLUESTONE JEWEL LFSTL LTD,INE304W01038,BE,BLUESTONE.NS,BLUESTONE,BLUESTONE,544484.0
BLUEWATER,BLUE WATER LOGISTICS LTD,INE0X3M01010,SM,BLUEWATER.NS,BLUEWATER,,
BLUSPRING,BLUSPRING ENTERPRISES LTD,INE0U4101014,BE,BLUSPRING.NS,BLUSPRING,BLUSPRING,544414.0
BMETRICS,BOMBAY METRICS S C LTD,INE0I3Y01014,SM,BMETRICS.NS,BMETRICS,,
BMWVENTLTD,BMW VENTURES LIMITED,INE965W01036,BE,BMWVENTLTD.NS,BMWVENTLTD,,
BODALCHEM,BODAL CHEMICALS LTD,INE338D01028,BE,BODALCHEM.NS,BODALCHEM,BODALCHEM,524370.0
BOHRA,BOHRA INDUSTRIES LIMITED,INE802W01015,SM,BOHRA.NS,BOHRA,,
BOHRAIND,BOHRA INDUSTRIES LIMITED,INE802W01023,BE,BOHRAIND.NS,BOHRAIND,,
BOMDYEING,BOM DYEING - DEPO SETT.,INE032A01023,BE,BOMDYEING.NS,BOMDYEING,BOMDYEING,500020.0
BORANA,BORANA WEAVES LIMITED,INE16SF01016,BE,BORANA.NS,BORANA,BORANA,544404.0
BOROGLASS,BOROSIL GLASS WORKS LTD.,INE036101017,EQ,BOROGLASS.NS,BOROGLASS,,
BOROLTD,BOROSIL LIMITED,INE02PY01013,BE,BOROLTD.NS,BOROLTD,BOROLTD,543212.0
BORORENEW,BOROSIL RENEWABLES LTD,INE666D01022,BE,BORORENEW.NS,BORORENEW,BORORENEW,502219.0
BOROSCI,BOROSIL SCIENTIFIC LTD,INE02L001032,BE,BOROSCI.NS,BOROSCI,BOROSCI,544184.0
BOSCHLTD,BOSCH LIMITED,INE323A01026,BE,BOSCHLTD.NS,BOSCHLTD,BOSCHLTD,500530.0
BOSS,BOSS PACKAGING SOLU LTD,INE0QNI01012,SM,BOSS.NS,BOSS,,
BPCL,BPCL - DEPO. SETT,INE029A01011,BE,BPCL.NS,BPCL,BPCL,500547.0
BPL,BPL LTD,INE110A01019,BE,BPL.NS,BPL,BPL,500074.0
BRACEPORT,BRACE PORT LOGISTICS LTD,INE0R4Z01018,SM,BRACEPORT.NS,BRACEPORT,,
BRFL,BOMBAY RAYON FASHIONS LTD,INE589G01011,BE,BRFL.NS,BRFL,,
BRIGADE,BRIGADE ENTER. LTD,INE791I01019,BE,BRIGADE.NS,BRIGADE,BRIGADE,532929.0
BRIGHOTEL,BRIGADE HOTEL VENTURE LTD,INE03NU01014,BE,BRIGHOTEL.NS,BRIGHOTEL,BRIGHOTEL,544457.0
BRIGHT,BRIGHT SOLAR LIMITED,INE684Z01010,SM,BRIGHT.NS,BRIGHT,,
BRIGHTBROS,BRIGHT BROTHERS LTD,INE538901013,EQ,BRIGHTBROS.NS,BRIGHTBROS,,
BRITANNIA,BRITANNIA INDUST.DEP SETT,INE216A01030,BE,BRITANNIA.NS,BRITANNIA,BRITANNIA,500825.0
BRITEAUTO,BRITE AUTOMOTIVE & PLAST,INE037101016,EQ,BRITEAUTO.NS,BRITEAUTO,,
BRNL,BHARAT ROAD NETWORK LTD,INE727S01012,BE,BRNL.NS,BRNL,BRNL,540700.0
BROOKS,BROOKS LAB LIMITED,INE650L01011,BE,BROOKS.NS,BROOKS,BROOKS,533543.0
BSE,BSE LIMITED,INE118H01025,BE,BSE.NS,BSE,,
BSE500IETF,ICICIPRAMC - ICICI500,INF109KC1V59,EQ,BSE500IETF.NS,BSE500IETF,BSE500IETF,541313.0
BSELINFRA,BSEL INFRASTRUCTURE REALT,INE395A01016,BE,BSELINFRA.NS,BSELINFRA,BSELALGO,532123.0
BSHSL,BOMBAY SUPER HYBRID SEEDS,INE032Z01012,SM,BSHSL.NS,BSHSL,,
BSHSL,BOMBAY SUPER HYBRID SEEDS,INE032Z01020,BE,BSHSL.NS,BSHSL,,
BSI,BSI LTD.,INE446901014,EQ,BSI.NS,BSI,,
BSL,BSL LTD,INE594B01012,BE,BSL.NS,BSL,BSL,514045.0
BSLGOLDETF,ADITYBIRLA SL GOLD ETF-GR,INF209KB18D3,EQ,BSLGOLDETF.NS,BSLGOLDETF,BSLGOLDETF,533408.0
BSLIMITED,BS LIMITED,INE043K01029,BE,BSLIMITED.NS,BSLIMITED,,
BSLNIFTY,ADITYBIRLA SL NIF ETF-GR,INF209KB19D1,EQ,BSLNIFTY.NS,BSLNIFTY,BSLNIFTY,543474.0
BSLSENETFG,BIRLASLAMC - BSLSENETFG,INF209KB10E8,EQ,BSLSENETFG.NS,BSLSENETFG,,
BSOFT,BIRLASOFT LIMITED,INE836A01035,BE,BSOFT.NS,BSOFT,BSOFT,532400.0
BTML,BODHI TREE MULTIMEDIA LTD,INE0EEJ01023,BE,BTML.NS,BTML,BTML,543767.0
BTML,BODHI TREE MULTIMEDIA LTD,INE0EEJ01015,SM,BTML.NS,BTML,,
BTML-RE1,BODHI TREE MULTIMEDIA LTD,INE0EEJ20023,BE,BTML-RE1.NS,BTML-RE1,,
BTWIND,BTW INDUSTRIES LTD,INE037601015,EQ,BTWIND.NS,BTWIND,,
BULKCORP,BULKCORP INTERNATIONAL L,INE0SZ301012,SM,BULKCORP.NS,BULKCORP,,
BURNPUR,BURNPUR CEMENT LTD.,INE817H01014,BE,BURNPUR.NS,BURNPUR,,
BURRBROWN,BURR BROWN (I) LTD,INE038101015,EQ,BURRBROWN.NS,BURRBROWN,,
BURRWELCOM,BURRWELCOM DEP RS,INE157A01010,BE,BURRWELCOM.NS,BURRWELCOM,,
BUTTERFLY,BTRFLY GANDHI APPL LTD,INE295F01017,BE,BUTTERFLY.NS,BUTTERFLY,BUTTERFLY,517421.0
BUWALKASTL,BHUWALKA STEEL INDUS. LTD,INE031001014,EQ,BUWALKASTL.NS,BUWALKASTL,,
BVCL,BARAK VALLEY CEM. LTD.,INE139I01011,BE,BVCL.NS,BVCL,BVCL,532916.0
BYKE,THE BYKE HOSPITALITY LTD,INE319B01014,BE,BYKE.NS,BYKE,BYKE,531373.0
C2C,C2C ADVANCED SYSTEMS LTD,INE0U7V01015,SM,C2C.NS,C2C,,
CABOTINDIA,CABOT INDIA LTD,INE144B01016,BE,CABOTINDIA.NS,CABOTINDIA,,
CADBURY,CADBURY - DEPO. SETT.,INE184A01014,BE,CADBURY.NS,CADBURY,,
CADSYS,CADSYS (INDIA) LIMITED,INE090Y01013,SM,CADSYS.NS,CADSYS,,
CALSOFT,CALIFORNIA SOFTWARE CO LT,INE526B01014,BE,CALSOFT.NS,CALSOFT,CALSOFT,532386.0
CAMLINFINE,CAMLIN FINE SCIENCES LTD,INE052I01032,BE,CAMLINFINE.NS,CAMLINFINE,CAMLINFINE,532834.0
CAMPALLIED,CAMPHOR AND ALLIED PRODUC,INE039601013,EQ,CAMPALLIED.NS,CAMPALLIED,,
CAMPUS,CAMPUS ACTIVEWEAR LIMITED,INE278Y01022,BE,CAMPUS.NS,CAMPUS,CAMPUS,543523.0
CAMS,COMPUTER AGE MNGT SER LTD,INE596I01012,BE,CAMS.NS,CAMS,CAMS,543232.0
CANARYS,CANARYS AUTOMATIONS LTD,INE0QG301017,SM,CANARYS.NS,CANARYS,,
CANBK,CANARA BANK,INE476A01022,BE,CANBK.NS,CANBK,CANBK,532483.0
CANDC,C&C CONST. LTD.,INE874H01015,BE,CANDC.NS,CANDC,,
CANFINHOME,CANFIN HOMES LTD,INE477A01020,BE,CANFINHOME.NS,CANFINHOME,CANFINHOME,511196.0
CANTABIL,CANTABIL RETAIL LTD,INE068L01024,BE,CANTABIL.NS,CANTABIL,CANTABIL,533267.0
CAPACITE,CAPACITE INFRAPROJECT LTD,INE264T01014,BE,CAPACITE.NS,CAPACITE,CAPACITE,540710.0
CAPITALSFB,CAPITAL SMALL FIN BANK L,INE646H01017,BE,CAPITALSFB.NS,CAPITALSFB,CAPITALSFB,544120.0
CAPLIPOINT,CAPLIN POINT LAB LTD.,INE475E01026,BE,CAPLIPOINT.NS,CAPLIPOINT,CAPLIPOINT,524742.0
CAPRIHANS,CAPRIHANS INDIA LTD.,INE479A01018,BE,CAPRIHANS.NS,CAPRIHANS,CAPRIHANS,509486.0
CAPTRUST,CAPITAL TRUST LIMITED,INE707C01018,BE,CAPTRUST.NS,CAPTRUST,CAPTRUST,511505.0
CARBORUNIV,CARBORUNDUM UNIV LTD.,INE120A01034,BE,CARBORUNIV.NS,CARBORUNIV,CARBORUNIV,513375.0
CARERATING,CARE RATINGS LIMITED,INE752H01013,BE,CARERATING.NS,CARERATING,CARERATING,534804.0
CARRARO,CARRARO INDIA LIMITED,INE0V7W01012,BE,CARRARO.NS,CARRARO,CARRARO,544320.0
CARRIERAIR,CARRIER AIRCON LTD DEPO,INE480A01016,BE,CARRIERAIR.NS,CARRIERAIR,,
CARTRADE,CARTRADE TECH LIMITED,INE290S01011,BE,CARTRADE.NS,CARTRADE,CARTRADE,543333.0
CARYSIL,CARYSIL LIMITED,INE482D01024,BE,CARYSIL.NS,CARYSIL,CARYSIL,524091.0
CASHIETF,ICICIPRAMC - CASHIETF,INF109K1A021,EQ,CASHIETF.NS,CASHIETF,,
CASTEXTECH,CASTEX TECHNOLOGIES LTD.,INE068D01021,BE,CASTEXTECH.NS,CASTEXTECH,,
CASTROLIND,CASTROL INDIA LIMITED,INE172A01027,BE,CASTROLIND.NS,CASTROLIND,CASTROLIND,500870.0
CBAZAAR,NET AVENUE TECHNOLOGIES L,INE518X01015,SM,CBAZAAR.NS,CBAZAAR,,
CCCL,CONS. CONST. CONSORT LTD,INE429I01024,BE,CCCL.NS,CCCL,CCCL,532902.0
CCHHL,COUNTRY CLUB HOSP HOL LTD,INE652F01027,BE,CCHHL.NS,CCHHL,CCHHL,526550.0
CCI,CABLE CORPORATION-DEPO,INE475A01016,BE,CCI.NS,CCI,,
CCL,CCL PRODUCTS (I) LTD,INE421D01022,BE,CCL.NS,CCL,CCL,519600.0
CDSL,CENTRAL DEPO SER (I) LTD,INE736A01011,BE,CDSL.NS,CDSL,,
CEATLTD,CEAT LIMITED,INE482A01020,BE,CEATLTD.NS,CEATLTD,CEATLTD,500878.0
CEDAAR,CEDAAR TEXTILE LIMITED,INE11J101017,SM,CEDAAR.NS,CEDAAR,,
CEENIKEXPO,CEENIK EXPORTS (I) LTD,INE539101013,EQ,CEENIKEXPO.NS,CEENIKEXPO,,
CEIGALL,CEIGALL INDIA LIMITED,INE0AG901020,BE,CEIGALL.NS,CEIGALL,CEIGALL,544223.0
CELEBRITY,CELEBRITY FASHIONS LTD,INE185H01016,BE,CELEBRITY.NS,CELEBRITY,CELEBRITY,532695.0
CELESTE,CELESTE INTERNATIONAL LTD,INE042801014,EQ,CELESTE.NS,CELESTE,,
CELESTIAL,CELESTIAL BIOLABS LTD,INE221I01017,BE,CELESTIAL.NS,CELESTIAL,,
CELLECOR,CELLECOR GADGETS LIMITED,INE0OMO01025,SM,CELLECOR.NS,CELLECOR,,
CELLO,CELLO WORLD LIMITED,INE0LMW01024,BE,CELLO.NS,CELLO,CELLO,544012.0
CELLPOINT,CELL POINT (INDIA) LTD,INE0O0001013,SM,CELLPOINT.NS,CELLPOINT,,
CEMPRO,CEMINDIA PROJECTS LIMITED,INE686A01026,BE,CEMPRO.NS,CEMPRO,CEMPRO,509496.0
CENTAKCHEM,CENTAK CHEMICALS LTD,INE942A01015,BE,CENTAKCHEM.NS,CENTAKCHEM,,
CENTENKA,CENTURY ENKA LTD.,INE485A01015,BE,CENTENKA.NS,CENTENKA,CENTENKA,500280.0
CENTEXT,CENTURY EXTRUSIONS LTD,INE281A01026,BE,CENTEXT.NS,CENTEXT,CENTEXT,500083.0
CENTRALBK,CENTRAL BANK OF INDIA,INE483A01010,BE,CENTRALBK.NS,CENTRALBK,CENTRALBK,532885.0
CENTRLROAD,CENTRAL  ROADLINES CORPN,INE043601017,EQ,CENTRLROAD.NS,CENTRLROAD,,
CENTRUM,CENTRUM CAPITAL LIMITED,INE660C01027,BE,CENTRUM.NS,CENTRUM,CENTRUM,501150.0
CENTUM,CENTUM ELECTRONICS LTD,INE320B01020,BE,CENTUM.NS,CENTUM,CENTUM,517544.0
CENTURYPLY,CENTURY PLYBOARDS (I) LTD,INE348B01021,BE,CENTURYPLY.NS,CENTURYPLY,CENTURYPLY,532548.0
CERA,CERA SANITARYWARE LTD,INE739E01017,BE,CERA.NS,CERA,CERA,532443.0
CEREBRAINT,CEREBRA INT TECH LTD,INE345B01019,BE,CEREBRAINT.NS,CEREBRAINT,CEREBRAINT,532413.0
CESC,CESC - DEPO,INE486A01021,BE,CESC.NS,CESC,CESC,500084.0
CEWATER,CONCORD ENVIRO SYSTEMS L,INE037Z01029,BE,CEWATER.NS,CEWATER,CEWATER,544315.0
CGCL,CAPRI GLOBAL CAPITAL LTD,INE180C01042,BE,CGCL.NS,CGCL,CGCL,531595.0
CGGLASS,CG GLASS LTD,INE045001018,EQ,CGGLASS.NS,CGGLASS,,
CGPOWER,CG POWER AND IND SOL LTD,INE067A01029,BE,CGPOWER.NS,CGPOWER,CGPOWER,500093.0
CGRAPHICS,CREATIVE GRAPHICS S IND L,INE0R7401011,SM,CGRAPHICS.NS,CGRAPHICS,,
CHALET,CHALET HOTELS LIMITED,INE427F01016,BE,CHALET.NS,CHALET,CHALET,542399.0
CHAMBLFERT,CHAMBAL FERT - DEPO SETT.,INE085A01013,BE,CHAMBLFERT.NS,CHAMBLFERT,CHAMBLFERT,500085.0
CHAMUNDA,CHAMUNDA ELECTRICAL LTD,INE11HG01018,SM,CHAMUNDA.NS,CHAMUNDA,,
CHANDAN,CHANDAN HEALTHCARE LTD,INE0B2N01016,SM,CHANDAN.NS,CHANDAN,,
CHAVDA,CHAVDA INFRA LIMITED,INE0PT101017,SM,CHAVDA.NS,CHAVDA,,
CHEMBOND,CHEMBOND MATERIALTECH LTD,INE995D01025,BE,CHEMBOND.NS,CHEMBOND,CHEMBOND,530871.0
CHEMBONDCH,CHEMBOND CHEMICAL LIMITED,INE0TGX01019,BE,CHEMBONDCH.NS,CHEMBONDCH,CHEMBONDCH,544450.0
CHEMCON,CHEMCON SPECIAL CHEM LTD,INE03YM01018,BE,CHEMCON.NS,CHEMCON,CHEMCON,543233.0
CHEMFAB,CHEMFAB ALKALIS LIMITED,INE783X01023,BE,CHEMFAB.NS,CHEMFAB,CHEMFAB,541269.0
CHEMOXSEC,CHEMOX SECURITIES LTD,INE047001016,EQ,CHEMOXSEC.NS,CHEMOXSEC,,
CHEMPLASTS,CHEMPLAST SANMAR LIMITED,INE488A01050,BE,CHEMPLASTS.NS,CHEMPLASTS,CHEMPLASTS,543336.0
CHENNPETRO,CHENNAI PETRO CORP LTD DE,INE178A01016,BE,CHENNPETRO.NS,CHENNPETRO,CHENNPETRO,500110.0
CHETANA,CHETANA EDUCATION LIMITED,INE0U1T01012,SM,CHETANA.NS,CHETANA,,
CHETNADCEM,CHETTINAD CEMENT LTD.,INE132B01011,BE,CHETNADCEM.NS,CHETNADCEM,,
CHEVIOT,CHEVIOT COMPANY LIMITED,INE974B01016,BE,CHEVIOT.NS,CHEVIOT,CHEVIOT,526817.0
CHOICEIN,CHOICE INTERNATIONAL LTD,INE102B01014,BE,CHOICEIN.NS,CHOICEIN,CHOICEIN,531358.0
CHOKAINTL,CHOKHANI INTERNATIONAL LT,INE448401013,EQ,CHOKAINTL.NS,CHOKAINTL,,
CHOKSITUBE,CHOKSI TUBE CO. LTD,INE048501014,EQ,CHOKSITUBE.NS,CHOKSITUBE,,
CHOLAFIN,CHOLAMANDALAM IN & FIN CO,INE121A01024,BE,CHOLAFIN.NS,CHOLAFIN,CHOLAFIN,511243.0
CHOLAHLDNG,CHOLAMANDALAM FIN HOL LTD,INE149A01033,BE,CHOLAHLDNG.NS,CHOLAHLDNG,CHOLAHLDNG,504973.0
CHOWGULSTM,CHOWGUL STEAMSHIP DEPO,INE490A01015,BE,CHOWGULSTM.NS,CHOWGULSTM,CHOWGULSTM,501833.0
CHROMATIC,CHROMATIC INDIA LTD,INE662C01015,BE,CHROMATIC.NS,CHROMATIC,,
CIBASPEC,CIBA SPEC. (I) LTD - DEPO,INE908A01016,BE,CIBASPEC.NS,CIBASPEC,,
CIEINDIA,CIE AUTOMOTIVE INDIA LTD,INE536H01010,BE,CIEINDIA.NS,CIEINDIA,CIEINDIA,532756.0
CIFL,CAPITAL INDIA FINANCE LTD,INE345H01024,BE,CIFL.NS,CIFL,CIFL,530879.0
CIGNITITEC,CIGNITI TECHNOLOGIES LTD,INE675C01017,BE,CIGNITITEC.NS,CIGNITITEC,CIGNITITEC,534758.0
CIMCOBIRLA,CIMMCO BIRLA LTD,INE184C01010,BE,CIMCOBIRLA.NS,CIMCOBIRLA,,
CIMMCO,CIMMCO LIMITED,INE184C01028,BE,CIMMCO.NS,CIMMCO,,
CINELINE,CINELINE INDIA LIMITED,INE704H01022,BE,CINELINE.NS,CINELINE,CINELINE,532807.0
CINEVISTA,CINEVISTA LIMITED,INE039B01026,BE,CINEVISTA.NS,CINEVISTA,CINEVISTA,532324.0
CIPLA,CIPLA - DEPO SETT,INE059A01026,BE,CIPLA.NS,CIPLA,CIPLA,500087.0
CITURGIBIO,CITURGIA BIOCHEMICALS LTD,INE795B01015,BE,CITURGIBIO.NS,CITURGIBIO,,
CKFSL,COX & KINGS FIN SERV LTD,INE391Z01012,BE,CKFSL.NS,CKFSL,,
CKPLEISURE,CKP LEISURE LIMITED,INE418Y01016,SM,CKPLEISURE.NS,CKPLEISURE,,
CKPPRODUCT,CKP PRODUCTS LIMITED,INE977V01017,SM,CKPPRODUCT.NS,CKPPRODUCT,,
CLASSICEIL,CLASSIC ELECTRODE (IND) L,INE0UQ601012,SM,CLASSICEIL.NS,CLASSICEIL,,
CLEAN,CLEAN SCIENCE & TECH LTD,INE227W01023,BE,CLEAN.NS,CLEAN,CLEAN,543318.0
CLEDUCATE,CL EDUCATE LIMITED,INE201M01029,BE,CLEDUCATE.NS,CLEDUCATE,CLEDUCATE,540403.0
CLIFCO,COIMBATORE LAKSHMI INVEST,INE051901010,EQ,CLIFCO.NS,CLIFCO,,
CLOUD,VARANIUM CLOUD LIMITED,INE0JOO01021,SM,CLOUD.NS,CLOUD,,
CLSEL,CHAMAN LAL SETIA EXP LTD,INE419D01026,BE,CLSEL.NS,CLSEL,CLSEL,530307.0
CLSL,CROP LIFE SCIENCE LIMITED,INE00NH01017,SM,CLSL.NS,CLSL,,
CMICABLES,CMI LIMITED,INE981B01011,BE,CMICABLES.NS,CMICABLES,,
CMMIPL,CMM INFRAPROJECTS LIMITED,INE289S01013,SM,CMMIPL.NS,CMMIPL,,
CMNL,CHAMAN METALLICS LIMITED,INE06PV01010,SM,CMNL.NS,CMNL,,
CMRSL,CYBER MEDIA RES & SER LTD,INE075Z01011,SM,CMRSL.NS,CMRSL,,
CMSINFO,CMS INFO SYSTEMS LIMITED,INE925R01014,BE,CMSINFO.NS,CMSINFO,CMSINFO,543441.0
CNOVAPETRO,CIL NOVA PETROCHEM LTD,INE672K01025,BE,CNOVAPETRO.NS,CNOVAPETRO,TRUEGREEN,533407.0
COALINDIA,COAL INDIA LTD,INE522F01014,BE,COALINDIA.NS,COALINDIA,COALINDIA,533278.0
COASTCORP,COASTAL CORPORATION LTD,INE377E01024,BE,COASTCORP.NS,COASTCORP,COASTCORP,501831.0
COCHINSHIP,COCHIN SHIPYARD LIMITED,INE704P01025,BE,COCHINSHIP.NS,COCHINSHIP,COCHINSHIP,540678.0
COFFEEDAY,COFFEE DAY ENTERPRISE LTD,INE335K01011,BE,COFFEEDAY.NS,COFFEEDAY,COFFEEDAY,539436.0
COFORGE,COFORGE LIMITED,INE591G01025,BE,COFORGE.NS,COFORGE,COFORGE,532541.0
COHANCE,COHANCE LIFESCIENCES LTD,INE03QK01018,BE,COHANCE.NS,COHANCE,COHANCE,543064.0
COLPAL,COLGATE PALMOLIVE LTD.,INE259A01022,BE,COLPAL.NS,COLPAL,COLPAL,500830.0
COMMITTED,COMMITTED CARGO CARE LTD,INE597Z01014,SM,COMMITTED.NS,COMMITTED,,
COMMOIETF,ICICIPRAMC - ICICICOMMO,INF109KC19O8,EQ,COMMOIETF.NS,COMMOIETF,COMMOIETF,543710.0
COMPACDISC,COMPACT DISC LTD,INE052701013,EQ,COMPACDISC.NS,COMPACDISC,,
COMPINFO,COMPUAGE INFOCOM LTD,INE070C01037,BE,COMPINFO.NS,COMPINFO,COMPINFO,532456.0
COMPUSOFT,COMPUCOM SOFTWARE LTD,INE453B01029,BE,COMPUSOFT.NS,COMPUSOFT,COMPUSOFT,532339.0
COMSYN,COMMERCIAL SYN BAGS LTD,INE073V01015,BE,COMSYN.NS,COMSYN,COMSYN,539986.0
CONCOR,CONCOR - DEP RS,INE111A01025,BE,CONCOR.NS,CONCOR,CONCOR,531344.0
CONCORDBIO,CONCORD BIOTECH LIMITED,INE338H01029,BE,CONCORDBIO.NS,CONCORDBIO,CONCORDBIO,543960.0
CONFIPET,CONFIDENCE PETRO IND LTD.,INE552D01024,BE,CONFIPET.NS,CONFIPET,CONFIPET,526829.0
CONNPLEX,CONNPLEX CINEMAS LIMITED,INE0EAS01014,SM,CONNPLEX.NS,CONNPLEX,,
CONS,KOTAKMAMC - KOTAKCONS,INF174KA1JE5,EQ,CONS.NS,CONS,,
CONSOFINVT,CONSO. FIN. & HOLD. LTD.,INE025A01027,BE,CONSOFINVT.NS,CONSOFINVT,,
CONSUMBEES,NIP IND ETF CONSUMPTION,INF204KA1LD7,EQ,CONSUMBEES.NS,CONSUMBEES,,
CONSUMER,MIRAEAMC - CONSUMER,INF769K01NS5,EQ,CONSUMER.NS,CONSUMER,CONSUMER,544323.0
CONSUMIETF,ICICIPRAMC - ICICICONSU,INF109KC1V42,EQ,CONSUMIETF.NS,CONSUMIETF,CONSUMIETF,543383.0
CONTI,CONTINENTAL SEED CHEM LTD,INE340Z01019,SM,CONTI.NS,CONTI,,
CONTNLCONS,CONTINENTALCONST-ROLLSETT,INE970B01014,BE,CONTNLCONS.NS,CONTNLCONS,,
CONTROLPR,CONTROL PRINT LIMITED,INE663B01015,BE,CONTROLPR.NS,CONTROLPR,CONTROLPR,522295.0
COOLCAPS,COOL CAPS INDUSTRIES LTD,INE0HS001028,SM,COOLCAPS.NS,COOLCAPS,,
CORALFINAC,CORAL INDIA FIN & HOUS LT,INE558D01021,BE,CORALFINAC.NS,CORALFINAC,CORALFINAC,531556.0
CORDSCABLE,CORDS CABLE INDUS LTD.,INE792I01017,BE,CORDSCABLE.NS,CORDSCABLE,CORDSCABLE,532941.0
COROMANDEL,COROMANDEL INTERNTL. LTD,INE169A01031,BE,COROMANDEL.NS,COROMANDEL,COROMANDEL,506395.0
COSMOFIRST,COSMO FIRST LIMITED,INE757A01017,BE,COSMOFIRST.NS,COSMOFIRST,COSMOFIRST,508814.0
COUNCODOS,COUNTRY CONDO S LIMITED,INE695B01025,BE,COUNCODOS.NS,COUNCODOS,COUNCODOS,531624.0
COXKINGS,COX & KINGS LIMITED,INE008I01026,BE,COXKINGS.NS,COX&KINGS,,
CPCAP,CP CAPITAL LIMITED,INE521J01018,BE,CPCAP.NS,CPCAP,CPCAP,533260.0
CPEDU,CAREER POINT EDUTECH LTD,INE0P6P01016,BE,CPEDU.NS,CPEDU,CPEDU,544499.0
CPPLUS,ADITYA INFOTECH LIMITED,INE819V01029,BE,CPPLUS.NS,CPPLUS,CPPLUS,544466.0
CPS,C P S SHAPERS LIMITED,INE0QBU01012,SM,CPS.NS,CPS,,
CPSEETF,CPSE ETF,INF457M01133,EQ,CPSEETF.NS,CPSEETF,CPSEETF,538057.0
CRAFTSMAN,CRAFTSMAN AUTOMATION LTD,INE00LO01017,BE,CRAFTSMAN.NS,CRAFTSMAN,CRAFTSMAN,543276.0
CRAYONS,CRAYONS ADVERTISING LTD,INE0OFK01019,SM,CRAYONS.NS,CRAYONS,,
CREATIVE,CREATIVE NEWTECH LIMITED,INE985W01018,BE,CREATIVE.NS,CREATIVE,,
CREATIVEYE,CREATIVE EYE LIMITED,INE230B01021,BE,CREATIVEYE.NS,CREATIVEYE,CREATIVEYE,532392.0
CREDITACC,CREDITACCESS GRAMEEN LTD,INE741K01010,BE,CREDITACC.NS,CREDITACC,CREDITACC,541770.0
CREST,CREST VENTURES LIMITED,INE559D01011,BE,CREST.NS,CREST,CREST,511413.0
CRISIL,CRISIL LTD,INE007A01025,BE,CRISIL.NS,CRISIL,CRISIL,500092.0
CRIZAC,CRIZAC LIMITED,INE0S4R01014,BE,CRIZAC.NS,CRIZAC,CRIZAC,544439.0
CROMPTON,CROMPT GREA CON ELEC LTD,INE299U01018,BE,CROMPTON.NS,CROMPTON,CROMPTON,539876.0
CROWN,CROWN LIFTERS LIMITED,INE491V01019,BE,CROWN.NS,CROWN,,
CSBBANK,CSB BANK LIMITED,INE679A01013,BE,CSBBANK.NS,CSBBANK,CSBBANK,542867.0
CSLFINANCE,CSL FINANCE LIMITED,INE718F01018,BE,CSLFINANCE.NS,CSLFINANCE,CSLFINANCE,530067.0
CTCOTTON,CT COTTON YARN LTD,INE038601014,EQ,CTCOTTON.NS,CTCOTTON,,
CTE,CAMBRIDGE TECH ENTER LTD,INE627H01017,BE,CTE.NS,CTE,CTE,532801.0
CUB,CITY UNION BANK LTD,INE491A01021,BE,CUB.NS,CUB,CUB,532210.0
CUBEXTUB,CUBEXTUBINGS-ROLLSETT,INE144D01012,BE,CUBEXTUB.NS,CUBEXTUB,CUBEXTUB,526027.0
CUDML,CASH UR DRIVE MARKETING L,INE0WL201014,SM,CUDML.NS,CUDML,,
CUMMINSIND,CUMMINS INDIA LTD,INE298A01020,BE,CUMMINSIND.NS,CUMMINSIND,CUMMINSIND,500480.0
CUPID,CUPID LIMITED,INE509F01029,BE,CUPID.NS,CUPID,CUPID,530843.0
CURAA,CURA TECHNOLOGIES LIMITED,INE117B01020,BE,CURAA.NS,CURAA,,
CURATECH,CURA TECHNOLOGIES LTD,INE117B01012,BE,CURATECH.NS,CURATECH,,
CURRENT,CURRENT INFRAPROJECTS LTD,INE1CRQ01014,SM,CURRENT.NS,CURRENT,,
CYBERMEDIA,CYBER MEDIA (INDIA) LTD.,INE278G01037,BE,CYBERMEDIA.NS,CYBERMEDIA,CYBERMEDIA,532640.0
CYBERTECH,CYBERTECH SYSTEMS & SOFTW,INE214A01019,BE,CYBERTECH.NS,CYBERTECH,CYBERTECH,532173.0
CYIENT,CYIENT LIMITED,INE136B01020,BE,CYIENT.NS,CYIENT,CYIENT,532175.0
CYIENTDLM,CYIENT DLM LIMITED,INE055S01018,BE,CYIENTDLM.NS,CYIENTDLM,CYIENTDLM,543933.0
DABUR,DABUR - DEPO. SETT.,INE016A01026,BE,DABUR.NS,DABUR,DABUR,500096.0
DAGERFORST,DAGGER-FORST TOOLS LTD,INE542201012,EQ,DAGERFORST.NS,DAGERFORST,,
DAICHIKARK,DAI ICHI KARKARIA LTD,INE059401013,EQ,DAICHIKARK.NS,DAICHIKARK,,
DALBHARAT,DALMIA BHARAT LIMITED,INE00R701025,BE,DALBHARAT.NS,DALBHARAT,DALBHARAT,542216.0
DALMIASUG,DALMIA BHARAT SUG IN LTD,INE495A01022,BE,DALMIASUG.NS,DALMIASUG,DALMIASUG,500097.0
DAMANIAAIR,SKYLINE NEPC LTD.,INE059701016,EQ,DAMANIAAIR.NS,DAMANIAAIR,,
DAMCAPITAL,DAM CAPITAL ADVISORS LTD,INE284H01025,BE,DAMCAPITAL.NS,DAMCAPITAL,DAMCAPITAL,544316.0
DAMODARIND,DAMODAR INDUSTRIES LTD,INE497D01022,BE,DAMODARIND.NS,DAMODARIND,DAMODARIND,521220.0
DANGEE,DANGEE DUMS LIMITED,INE688Y01014,SM,DANGEE.NS,DANGEE,,
DANGEE,DANGEE DUMS LIMITED,INE688Y01022,BE,DANGEE.NS,DANGEE,,
DANISH,DANISH POWER LIMITED,INE0YU901016,SM,DANISH.NS,DANISH,,
DATAMATICS,DATAMATICS GLOBAL SER LTD,INE365B01017,BE,DATAMATICS.NS,DATAMATICS,DATAMATICS,532528.0
DATAPATTNS,DATA PATTERNS INDIA LTD,INE0IX101010,BE,DATAPATTNS.NS,DATAPATTNS,DATAPATTNS,543428.0
DATAPROINF,DATAPROINFO - ROLL SETT,INE873A01012,BE,DATAPROINF.NS,DATAPROINF,,
DATAPROINF,DATAPRO INFORMATION TECHN,INE060301012,EQ,DATAPROINF.NS,DATAPROINF,,
DATARSWICH,DATAR SWITCHGEAR LTD,INE060401010,BE,DATARSWICH.NS,DATARSWICH,,
DAURALAORG,DAURALA ORAN LTD,INE060701013,BE,DAURALAORG.NS,DAURALAORG,,
DAVAN-RE1,DAVANGERE SUGAR COMPANY,INE179G20029,BE,DAVAN-RE1.NS,DAVAN-RE1,,
DAVANGERE,DAVANGERE SUGAR COMPANY L,INE179G01029,BE,DAVANGERE.NS,DAVANGERE,DAVANGERE,543267.0
DBCORP,D.B.CORP LTD,INE950I01011,BE,DBCORP.NS,DBCORP,DBCORP,533151.0
DBEIL,DEEPAK BUILDERS & ENG I L,INE0OPA01019,BE,DBEIL.NS,DBEIL,DBEIL,544276.0
DBL,DILIP BUILDCON LIMITED,INE917M01012,BE,DBL.NS,DBL,DBL,540047.0
DBOL,DHAMPUR BIO ORGANICS LTD,INE0I3401014,BE,DBOL.NS,DBOL,DBOL,543593.0
DBREALTY,VALOR ESTATE LIMITED,INE879I01012,BE,DBREALTY.NS,DBREALTY,DBREALTY,533160.0
DBSTOCKBRO,DB (INT) STOCK BROKERS,INE921B01025,BE,DBSTOCKBRO.NS,DBSTOCKBRO,DBSTOCKBRO,530393.0
DCAL,DISHMAN CARBO AMCIS LTD,INE385W01011,BE,DCAL.NS,DCAL,DCAL,540701.0
DCBBANK,DCB BANK LIMITED,INE503A01015,BE,DCBBANK.NS,DCBBANK,DCBBANK,532772.0
DCCL,DAR CREDIT & CAPITAL LTD,INE04Q901010,SM,DCCL.NS,DCCL,,
DCG,DCG CABLES & WIRES LTD,INE0S8401018,SM,DCG.NS,DCG,,
DCI,DC INFOTECH AND COMUN LTD,INE0A1101019,BE,DCI.NS,DCI,DCI,543636.0
DCM,DCM LIMITED,INE498A01018,BE,DCM.NS,DCM,DCM,502820.0
DCMDAEWOO,DCM DAEWOO MOTORS LTD.,INE497A01010,BE,DCMDAEWOO.NS,DCMDAEWOO,,
DCMFINSERV,DCM FINANCIAL SERVICES LT,INE891B01012,BE,DCMFINSERV.NS,DCMFINSERV,DCMFINSERV,511611.0
DCMNVL,DCM NOUVELLE LIMITED,INE08KP01019,BE,DCMNVL.NS,DCMNVL,DCMNVL,542729.0
DCMSHRIRAM,DCM SHRIRAM LIMITED,INE499A01024,BE,DCMSHRIRAM.NS,DCMSHRIRAM,DCMSHRIRAM,523367.0
DCMSRIND,DCM SHRIRAM IND LTD,INE843D01027,BE,DCMSRIND.NS,DCMSRIND,DCMSRIND,523369.0
DCMSRMIND,DCM SHRIRAM IND LTD,INE061501016,BE,DCMSRMIND.NS,DCMSRMIND,,
DCW,DCW LTD,INE500A01029,BE,DCW.NS,DCW,DCW,500117.0
DCXINDIA,DCX SYSTEMS LIMITED,INE0KL801015,BE,DCXINDIA.NS,DCXINDIA,DCXINDIA,543650.0
DDEVPLSTIK,DDEV PLASTIKS IND LTD,INE0HR601026,BE,DDEVPLSTIK.NS,DDEVPLSTIK,DDEVPLSTIK,543547.0
DECANGRAN,DECCAN GRANITES LTD,INE061701012,EQ,DECANGRAN.NS,DECANGRAN,,
DECCANCE,DECCAN CEMENTS LIMITED,INE583C01021,BE,DECCANCE.NS,DECCANCE,DECCANCE,502137.0
DECCANTRAN,DECCAN TRANSCON LEASING L,INE0S7C01019,SM,DECCANTRAN.NS,DECCANTRAN,,
DEEDEV,DEE DEVELOPMENT ENG LTD,INE841L01016,BE,DEEDEV.NS,DEEDEV,DEEDEV,544198.0
DEEM,DEEM ROLL TECH LIMITED,INE586O01011,SM,DEEM.NS,DEEM,,
DEEPAKFERT,DEEPAK FERTILIZERS DEPO,INE501A01019,BE,DEEPAKFERT.NS,DEEPAKFERT,DEEPAKFERT,500645.0
DEEPAKNITR,DEEPAK NITRITE LTD.,INE288B01011,BE,DEEPAKNITR.NS,DEEPAKNITR,,
DEEPAKNTR,DEEPAK NITRITE LTD,INE288B01029,BE,DEEPAKNTR.NS,DEEPAKNTR,DEEPAKNTR,506401.0
DEEPAKSPIN,DEEPAK SPINNERS LTD,INE062401018,EQ,DEEPAKSPIN.NS,DEEPAKSPIN,,
DEEPENR,DEEP ENE RESOURCES LTD,INE677H01012,BE,DEEPENR.NS,DEEPENR,,
DEEPHARMA,DEE-PHARMA LTD,INE062501015,EQ,DEEPHARMA.NS,DEEPHARMA,,
DEEPINDS,DEEP INDUSTRIES LIMITED,INE0FHS01024,BE,DEEPINDS.NS,DEEPINDS,DEEPINDS,543288.0
DELAPLEX,DELAPLEX LIMITED,INE0SK801018,SM,DELAPLEX.NS,DELAPLEX,,
DELHIVERY,DELHIVERY LIMITED,INE148O01028,BE,DELHIVERY.NS,DELHIVERY,DELHIVERY,543529.0
DELPHIFX,DELPHI WORLD MONEY LTD,INE726L01019,BE,DELPHIFX.NS,DELPHIFX,DELPHIFX,533452.0
DELTACORP,DELTA CORP LIMITED,INE124G01033,BE,DELTACORP.NS,DELTACORP,DELTACORP,532848.0
DELTAMAGNT,DELTA MANUFACTURING LTD,INE393A01011,BE,DELTAMAGNT.NS,DELTAMAGNT,DELTAMAGNT,504286.0
DELTIC,DELTA AUTOCORP LIMITED,INE0XRN01019,SM,DELTIC.NS,DELTIC,,
DEN,DEN NETWORKS LTD,INE947J01015,BE,DEN.NS,DEN,DEN,533137.0
DENEERS,DE NEERS TOOLS LIMITED,INE0JWV01011,SM,DENEERS.NS,DENEERS,,
DENMURFAX,DENMUR FAX ROLL LTD,INE063301019,EQ,DENMURFAX.NS,DENMURFAX,,
DENORA,DE NORA INDIA LIMITED,INE244A01016,BE,DENORA.NS,DENORA,DENORA,590031.0
DENTA,DENTA WATER N INFRA SOL L,INE0R4L01018,BE,DENTA.NS,DENTA,DENTA,544345.0
DENTALKART,VASA DENTICITY LIMITED,INE0N5801013,SM,DENTALKART.NS,DENTALKART,,
DESTINY,DESTINY LOGISTICS & I LTD,INE0IGO01011,SM,DESTINY.NS,DESTINY,,
DEVIT,DEV INFO TECHNOLOGY LTD,INE060X01034,BE,DEVIT.NS,DEVIT,DEVIT,543462.0
DEVIT,DEV INFO TECHNOLOGY LTD,INE060X01018,SM,DEVIT.NS,DEVIT,,
DEVX,DEV ACCELERATOR LIMITED,INE0VOV01021,BE,DEVX.NS,DEVX,DEVX,544513.0
DEVYANI,DEVYANI INTERNATIONAL LTD,INE872J01023,BE,DEVYANI.NS,DEVYANI,DEVYANI,543330.0
DEWANRUB,DEWAN RUBBER LTD,INE064201010,EQ,DEWANRUB.NS,DEWANRUB,,
DEWANSTEEL,DEWAN STEELS LTD,INE064301018,EQ,DEWANSTEEL.NS,DEWANSTEEL,,
DEWANTYRE,DEWAN TYRE LTD,INE064501013,EQ,DEWANTYRE.NS,DEWANTYRE,,
DFMFOODS,DFM FOODS LIMITED,INE456C01020,BE,DFMFOODS.NS,DFMFOODS,,
DGCONTENT,DIGICONTENT LIMITED,INE03JI01017,BE,DGCONTENT.NS,DGCONTENT,,
DHAMPURSUG,DHAMPUR SUGAR MILLS LTD.,INE041A01016,BE,DHAMPURSUG.NS,DHAMPURSUG,DHAMPURSUG,500119.0
DHANBANK,DHANLAXMI BANK LIMITED,INE680A01011,BE,DHANBANK.NS,DHANBANK,DHANBANK,532180.0
DHANI,DHANI SERVICES LIMITED,INE274G01010,BE,DHANI.NS,DHANI,DHANI,532960.0
DHANLAXMI,DHANLAXMI CROP SCIENCE L,INE0V9V01010,SM,DHANLAXMI.NS,DHANLAXMI,,
DHANUKA,DHANUKA AGRITECH LTD,INE435G01025,BE,DHANUKA.NS,DHANUKA,DHANUKA,507717.0
DHARAMORAR,DHARAMSI MORARJI DEPO,INE505A01010,BE,DHARAMORAR.NS,DHARAMORAR,DMCC,506405.0
DHARAN,DHARAN INFRA-EPC LIMITED,INE278R01034,BE,DHARAN.NS,DHARAN,DHARAN,541161.0
DHARIWAL,DHARIWALCORP LIMITED,INE0YRN01017,SM,DHARIWAL.NS,DHARIWAL,,
DHARMAJ,DHARMAJ CROP GUARD LTD,INE00OQ01016,BE,DHARMAJ.NS,DHARMAJ,DHARMAJ,543687.0
DHARNENIND,DHARNENDRA INDUSTRIES LTD,INE449301014,EQ,DHARNENIND.NS,DHARNENIND,,
DHARSUGAR,DHARANISUGARS &CHEMICALS,INE988C01014,BE,DHARSUGAR.NS,DHARSUGAR,,
DHFL,DEWAN HOUSING FIN CORP LT,INE202B01012,BE,DHFL.NS,DHFL,,
DHRUV,DHRUV CONSULTANCY SER LTD,INE506Z01015,BE,DHRUV.NS,DHRUV,DHRUV,541302.0
DHTL,DOCMODE HEALTH TECH LTD,INE0OGG01015,SM,DHTL.NS,DHTL,,
DHUNINV,DHUNSERI INVESTMENTS LTD,INE320L01011,BE,DHUNINV.NS,DHUNINV,DHUNINV,533336.0
DIACABS,DIAMOND POWER INFRA LTD,INE989C01038,BE,DIACABS.NS,DIACABS,DIACABS,522163.0
DIAMINESQ,DIAMINES & CHEMICALS LTD,INE591D01014,BE,DIAMINESQ.NS,DIAMINESQ,DIAMINESQ,500120.0
DIAMONDYD,PRATAAP SNACKS LIMITED,INE393P01035,BE,DIAMONDYD.NS,DIAMONDYD,DIAMONDYD,540724.0
DIAPOWER,DIAMOND POWER INFRA LTD,INE989C01012,BE,DIAPOWER.NS,DIAPOWER,,
DICIND,DIC INDIA LIMITED,INE303A01010,BE,DICIND.NS,DICIND,DICIND,500089.0
DIFFNKG,DIFFUSION ENGINEERS LTD,INE184O01015,BE,DIFFNKG.NS,DIFFNKG,DIFFNKG,544264.0
DIGIDRIVE,DIGIDRIVE DISTRIBUTORS L,INE0PSC01024,BE,DIGIDRIVE.NS,DIGIDRIVE,DIGIDRIVE,544079.0
DIGIKORE,DIGIKORE STUDIOS LIMITED,INE0QJ901011,SM,DIGIKORE.NS,DIGIKORE,,
DIGISPICE,DIGISPICE TECHNOLOGIES LT,INE927C01020,BE,DIGISPICE.NS,DIGISPICE,DIGISPICE,517214.0
DIGITIDE,DIGITIDE SOLUTIONS LTD,INE0U4701011,BE,DIGITIDE.NS,DIGITIDE,DIGITIDE,544413.0
DIGJAMLMTD,DIGJAM LTD,INE731U01028,BE,DIGJAMLMTD.NS,DIGJAMLMTD,DIGJAMLMTD,539979.0
DIGJAMLTD,DIGJAM LIMITED,INE731U01010,BE,DIGJAMLTD.NS,DIGJAMLTD,,
DIL,DEBOCK INDUSTRIES LIMITED,INE411Y01011,BE,DIL.NS,DIL,,
DISHTV,DISH TV INDIA LTD.,INE836F01026,BE,DISHTV.NS,DISHTV,DISHTV,532839.0
DIVGIITTS,DIVGI TORQTRANSFER SYST L,INE753U01022,BE,DIVGIITTS.NS,DIVGIITTS,DIVGIITTS,543812.0
DIVINEHIRA,DIVINE HIRA JEWELLERS LTD,INE0NA501011,SM,DIVINEHIRA.NS,DIVINEHIRA,,
DIVISLAB,DIVI S LABORATORIES LTD,INE361B01024,BE,DIVISLAB.NS,DIVISLAB,DIVISLAB,532488.0
DIVOPPBEES,NIP IND ETF DIV OPP,INF204KA1MS3,EQ,DIVOPPBEES.NS,DIVOPPBEES,,
DIVYADHAN,DIVYADHAN RECYCLING IND L,INE0QYI01019,SM,DIVYADHAN.NS,DIVYADHAN,,
DIXON,DIXON TECHNO (INDIA) LTD,INE935N01020,BE,DIXON.NS,DIXON,DIXON,540699.0
DJML,DJ MEDIAPRINT & LOG LTD,INE0B1K01014,BE,DJML.NS,DJML,DJML,543193.0
DKEGL,D K ENTERPRISES GLOBAL L,INE0GN101014,SM,DKEGL.NS,DKEGL,,
DLF,DLF LIMITED,INE271C01023,BE,DLF.NS,DLF,DLF,532868.0
DLINKINDIA,D-LINK INDIA LTD,INE250K01012,BE,DLINKINDIA.NS,DLINKINDIA,DLINKINDIA,533146.0
DMART,AVENUE SUPERMARTS LIMITED,INE192R01011,BE,DMART.NS,DMART,DMART,540376.0
DNAMEDIA,DILIGENT MEDIA CORP LTD.,INE016M01021,BE,DNAMEDIA.NS,DNAMEDIA,DNAMEDIA,540789.0
DODLA,DODLA DAIRY LIMITED,INE021O01019,BE,DODLA.NS,DODLA,DODLA,543306.0
DOLATALGO,DOLAT ALGOTECH LIMITED,INE966A01022,BE,DOLATALGO.NS,DOLATALGO,DOLATALGO,505526.0
DOLLAR,DOLLAR INDUSTRIES LIMITED,INE325C01035,BE,DOLLAR.NS,DOLLAR,DOLLAR,541403.0
DOLLEX,DOLLEX AGROTECH LIMITED,INE0JHH01011,SM,DOLLEX.NS,DOLLEX,,
DOLPHIN,DOLPHIN OFF ENT (IND) L,INE920A01037,BE,DOLPHIN.NS,DOLPHIN,DOLPHIN,522261.0
DOLPHINOFF,DOLPHIN OFF. ENT IND LTD.,INE920A01011,BE,DOLPHINOFF.NS,DOLPHINOFF,,
DOMS,DOMS INDUSTRIES LIMITED,INE321T01012,BE,DOMS.NS,DOMS,DOMS,544045.0
DONEAR,DONEAR IND. LIMITED,INE668D01028,BE,DONEAR.NS,DONEAR,DONEAR,512519.0
DPABHUSHAN,D. P. ABHUSHAN LIMITED,INE266Y01019,BE,DPABHUSHAN.NS,DPABHUSHAN,DPABHUSHAN,544161.0
DPEL,DIVINE POWER ENERGY LTD,INE0SCO01019,SM,DPEL.NS,DPEL,,
DPSCLTD,DPSC LIMITED,INE360C01024,BE,DPSCLTD.NS,DPSCLTD,,
DPWIRES,D P WIRES LIMITED,INE864X01013,BE,DPWIRES.NS,DPWIRES,DPWIRES,543962.0
DQE,DQ ENTERTAINMENT INT LTD,INE656K01010,BE,DQE.NS,DQE,,
DRBECK,DR BECK & CO (I) LTD.,INE280B01018,BE,DRBECK.NS,DRBECK,ELANTAS,500123.0
DRCSYSTEMS,DRC SYSTEMS INDIA LIMITED,INE03RS01027,BE,DRCSYSTEMS.NS,DRCSYSTEMS,DRCSYSTEMS,543268.0
DREAMFOLKS,DREAMFOLKS SERVICES LTD,INE0JS101016,BE,DREAMFOLKS.NS,DREAMFOLKS,DREAMFOLKS,543591.0
DREDGECORP,DREDGING CORP OF INDIA,INE506A01018,BE,DREDGECORP.NS,DREDGECORP,DREDGECORP,523618.0
DRL,DHANUKA REALTY LIMITED,INE704V01015,SM,DRL.NS,DRL,,
DRONE,DRONE DESTINATION LIMITED,INE0P7201019,SM,DRONE.NS,DRONE,,
DRREDDY,DR REDDY S LAB DEPO SETT.,INE089A01031,BE,DRREDDY.NS,DRREDDY,DRREDDY,500124.0
DRSCARGO,DRS CARGO MOVERS LIMITED,INE0QZM01018,SM,DRSCARGO.NS,DRSCARGO,,
DRSDILIP,DRS DILIP ROADLINES LTD.,INE02CV01017,SM,DRSDILIP.NS,DRSDILIP,,
DSKULKARNI,DS KULKARNI DEVELOPERS LT,INE891A01014,BE,DSKULKARNI.NS,DSKULKARNI,,
DSSL,DYNACONS SYS & SOLN LTD,INE417B01040,BE,DSSL.NS,DSSL,DSSL,532365.0
DTIL,DHUNSERI TEA & IND. LTD.,INE341R01014,BE,DTIL.NS,DTIL,DTIL,538902.0
DTL,DIENSTEN TECH LIMITED,INE0JRD01019,SM,DTL.NS,DTL,,
DUCOL,DUCOL ORGS AND COLOURS LT,INE0LZO01015,SM,DUCOL.NS,DUCOL,,
DUCON,DUCON INFRATECHNOLOGIES L,INE741L01018,BE,DUCON.NS,DUCON,DUCON,534674.0
DUGLOBAL,DUDIGITAL GLOBAL LIMITED,INE0HPK01020,SM,DUGLOBAL.NS,DUGLOBAL,,
DUNCANSIND,DUNCANS INDUSTRIES LTD.,INE508A01014,BE,DUNCANSIND.NS,DUNCANSIND,,
DUNLOP,DUNLOP (I) LTD,INE070201012,EQ,DUNLOP.NS,DUNLOP,,
DURLAX,DURLAX TOP SURFACE LTD,INE0OUW01013,SM,DURLAX.NS,DURLAX,,
DVL,DHUNSERI VENTURES LIMITED,INE477B01010,BE,DVL.NS,DVL,DVL,523736.0
DWARKESH,DWARIKESH SUGAR IND LTD,INE366A01041,BE,DWARKESH.NS,DWARKESH,DWARKESH,532610.0
DYCL,DYNAMIC CABLES LIMITED,INE600Y01019,BE,DYCL.NS,DYCL,DYCL,540795.0
DYNAMATECH,DYNAMATIC TECHNOLOGIES,INE221B01012,BE,DYNAMATECH.NS,DYNAMATECH,DYNAMATECH,505242.0
DYNAMIC,DYNAMIC SRVCS & SEC LTD,INE0DZ701010,SM,DYNAMIC.NS,DYNAMIC,,
DYNAPHARMA,DYNACHEM PHARMA (EXPORTS),INE070801019,EQ,DYNAPHARMA.NS,DYNAPHARMA,,
DYNPRO,DYNEMIC PRODUCTS LIMITED,INE256H01015,BE,DYNPRO.NS,DYNPRO,DYNPRO,532707.0
E2E,E2E NETWORKS LIMITED,INE255Z01019,BE,E2E.NS,E2E,,
EARNHEALTH,EARNEST HEALTHCARE LTD,INE071901016,EQ,EARNHEALTH.NS,EARNHEALTH,,
EASEMYTRIP,EASY TRIP PLANNERS LTD,INE07O001026,BE,EASEMYTRIP.NS,EASEMYTRIP,EASEMYTRIP,543272.0
EASTMINING,EASTERN MINING & ALL. LTD,INE072701019,EQ,EASTMINING.NS,EASTMINING,,
EASTOVERSE,EASTERN OVERSEAS LTD,INE072801017,EQ,EASTOVERSE.NS,EASTOVERSE,,
EASTSILK,EASTERN SILK INDUSTRIES L,INE962C01035,BE,EASTSILK.NS,EASTSILK,,
EASUNREYRL,EASUN REYROLLE LTD,INE268C01029,BE,EASUNREYRL.NS,EASUNREYRL,,
EBANK,EDELWEISS ETF-NIFTY BANK,INF754K01EL1,EQ,EBANK.NS,EBANK,,
EBANKNIFTY,EDELAMC - EBANKNIFTY,INF754K01TE4,EQ,EBANKNIFTY.NS,EBANKNIFTY,,
EBBETF0423,EDELAMC - EBBETF0423,INF754K01KN4,EQ,EBBETF0423.NS,EBBETF0423,,
EBBETF0425,EDELAMC - EBBETF0425,INF754K01LD3,EQ,EBBETF0425.NS,EBBETF0425,,
EBBETF0430,EDELAMC - EBBETF0430,INF754K01KO2,EQ,EBBETF0430.NS,EBBETF0430,EBBETF0430,542909.0
EBBETF0431,EDELAMC - EBBETF0431,INF754K01LE1,EQ,EBBETF0431.NS,EBBETF0431,,
EBBETF0433,EDELAMC - EBBETF0433,INF754K01QX0,EQ,EBBETF0433.NS,EBBETF0433,EBBETF0433,543699.0
EBGNG,GNG ELECTRONICS LIMITED,INE18JU01028,BE,EBGNG.NS,EBGNG,EBGNG,544455.0
ECAPINSURE,EDELAMC - ECAPINSURE,INF754K01TX4,EQ,ECAPINSURE.NS,ECAPINSURE,ECAPINSURE,544326.0
ECLERX,ECLERX SERVICES LTD,INE738I01010,BE,ECLERX.NS,ECLERX,ECLERX,532927.0
ECOLINE,ECOLINE EXIM LIMITED,INE0VBS01016,SM,ECOLINE.NS,ECOLINE,,
ECOSMOBLTY,ECOS (INDIA) MOB & HOSP L,INE06HJ01020,BE,ECOSMOBLTY.NS,ECOSMOBLTY,ECOSMOBLTY,544239.0
EDELWEISS,EDELWEISS FIN SERV LTD,INE532F01054,BE,EDELWEISS.NS,EDELWEISS,EDELWEISS,532922.0
EDL,EMPEE DISTI. LTD.,INE180G01019,BE,EDL.NS,EDL,,
EDUCOMP,EDUCOMP SOLUTIONS LTD,INE216H01027,BE,EDUCOMP.NS,EDUCOMP,,
EEPL,EPPELTONE ENGINEERS LTD,INE11HF01010,SM,EEPL.NS,EEPL,,
EFACTOR,E FACTOR EXPERIENCES LTD,INE0KFF01017,SM,EFACTOR.NS,EFACTOR,,
EFCIL,EFC (I) LIMITED,INE886D01026,BE,EFCIL.NS,EFCIL,EFCIL,512008.0
EFFWA,EFFWA INFRA & RESEARCH L,INE0U9101019,SM,EFFWA.NS,EFFWA,,
EFORCE,ELECTRO FORCE (INDIA) LTD,INE0Q1W01012,SM,EFORCE.NS,EFORCE,,
EGOLD,EDELAMC - EGOLD,INF754K01SE6,EQ,EGOLD.NS,EGOLD,,
EICHERMOT,EICHER MOTOR LTD.,INE066A01021,BE,EICHERMOT.NS,EICHERMOT,EICHERMOT,505200.0
EIDPARRY,EID PARRY - DEP RS,INE126A01031,BE,EIDPARRY.NS,EIDPARRY,EIDPARRY,500125.0
EIEL,ENVIRO INFRA ENGINEERS L,INE0LLY01014,BE,EIEL.NS,EIEL,EIEL,544290.0
EIFFL,EURO (I) FRESH FOODS LTD,INE546V01010,BE,EIFFL.NS,EIFFL,,
EIHAHOTELS,EIH ASSOCIATED HOTELS LTD,INE276C01014,BE,EIHAHOTELS.NS,EIHAHOTELS,EIHAHOTELS,523127.0
EIHOTEL,EIH LIMITED DEP RS,INE230A01023,BE,EIHOTEL.NS,EIHOTEL,EIHOTEL,500840.0
EIMCOELECO,EIMCO ELECON (INDIA) LTD,INE158B01016,BE,EIMCOELECO.NS,EIMCOELECO,EIMCOELECO,523708.0
EKC,EVEREST KANTO CYLINDERLTD,INE184H01027,BE,EKC.NS,EKC,EKC,532684.0
ELBEE,ELBEE SERVICES-ROLL SETT,INE030B01017,BE,ELBEE.NS,ELBEE,,
ELDEHSG,ELDECO HSG & IND LTD.,INE668G01021,BE,ELDEHSG.NS,ELDEHSG,ELDEHSG,523329.0
ELECON,ELECON ENG. CO. LTD,INE205B01031,BE,ELECON.NS,ELECON,ELECON,505700.0
ELECONENGG,ELECON ENGG CO. LTD,INE205B01015,BE,ELECONENGG.NS,ELECONENGG,,
ELECTCAST,ELECTR CASTINGS DEPO SETT,INE086A01029,BE,ELECTCAST.NS,ELECTCAST,ELECTCAST,500128.0
ELECTHERM,ELECTROTHERM (I) LTD.,INE822G01016,BE,ELECTHERM.NS,ELECTHERM,ELECTHERM,526608.0
ELECTRA,ELECTRA (I) LTD,INE075101019,EQ,ELECTRA.NS,ELECTRA,,
ELECTRX,ELECTREX (I) LTD,INE075301015,EQ,ELECTRX.NS,ELECTRX,,
ELGIEQUIP,ELGI EQUIPMENTS LTD,INE285A01027,BE,ELGIEQUIP.NS,ELGIEQUIP,ELGIEQUIP,522074.0
ELGIRUBCO,ELGI RUBBER CO. LTD,INE819L01012,BE,ELGIRUBCO.NS,ELGIRUBCO,,
ELGNZ,ELEGANZ INTERIORS LIMITED,INE0R9101015,SM,ELGNZ.NS,ELGNZ,,
ELIN,ELIN ELECTRONICS LIMITED,INE050401020,BE,ELIN.NS,ELIN,ELIN,543725.0
ELLEN,ELLENBARRIE INDUS GASES L,INE236E01022,BE,ELLEN.NS,ELLEN,ELLEN,544421.0
ELM250,EDELAMC - ELM250,INF754K01VV4,EQ,ELM250.NS,ELM250,,
ELNET,ELNET TECH. LTD,INE033C01019,BE,ELNET.NS,ELNET,ELNET,517477.0
ELPROINTL,ELPRO INTERNATIONAL LTD,INE579B01013,BE,ELPROINTL.NS,ELPROINTL,,
EMAMILTD,EMAMI LIMITED,INE548C01032,BE,EMAMILTD.NS,EMAMILTD,EMAMILTD,531162.0
EMAMIPAP,EMAMI PAPER MILLS LIMITED,INE830C01026,BE,EMAMIPAP.NS,EMAMIPAP,EMAMIPAP,533208.0
EMAMIREAL,EMAMI REALTY LIMITED,INE778K01012,BE,EMAMIREAL.NS,EMAMIREAL,EMAMIREAL,533218.0
EMAPARTNER,EMA PARTNERS INDIA LTD,INE0ZOL01023,SM,EMAPARTNER.NS,EMAPARTNER,,
EMBDL,EMBASSY DEVELOPMENTS LTD,INE069I01010,BE,EMBDL.NS,EMBDL,EMBDL,532832.0
EMCO,EMCO LIMITED,INE078A01026,BE,EMCO.NS,EMCO,,
EMCOTRANS,EMCO LTD.,INE078A01018,BE,EMCOTRANS.NS,EMCOTRANS,,
EMCURE,EMCURE PHARMACEUTICALS L,INE168P01015,BE,EMCURE.NS,EMCURE,EMCURE,544210.0
EMIL,ELECTRONICS MART IND LTD,INE02YR01019,BE,EMIL.NS,EMIL,EMIL,543626.0
EMKAY,EMKAY GLOBAL FIN SERV LTD,INE296H01011,BE,EMKAY.NS,EMKAY,EMKAY,532737.0
EMKAYTOOLS,EMKAY TAP & CUT. TOOL LTD,INE332S01011,SM,EMKAYTOOLS.NS,EMKAYTOOLS,,
EMMBI,EMMBI INDUSTRIES LIMITED,INE753K01015,BE,EMMBI.NS,EMMBI,EMMBI,533161.0
EMMIL,ENERGY MISSION MACH IND L,INE0S1L01013,SM,EMMIL.NS,EMMIL,,
EMPEESUG,EMPEE SUGAR AND CHEM LTD,INE928B01012,BE,EMPEESUG.NS,EMPEESUG,,
EMPEESUGAR,EMPEE SUGARS AND CHEMICAL,INE077601016,EQ,EMPEESUGAR.NS,EMPEESUGAR,,
EMSLIMITED,EMS LIMITED,INE0OV601013,BE,EMSLIMITED.NS,EMSLIMITED,EMSLIMITED,543983.0
EMUDHRA,EMUDHRA LIMITED,INE01QM01018,BE,EMUDHRA.NS,EMUDHRA,EMUDHRA,543533.0
EMULTIMQ,EDELAMC - EMULTIMQ,INF754K01TF1,EQ,EMULTIMQ.NS,EMULTIMQ,,
ENARAIFIN,ENARAI FINANCE LTD,INE078001018,EQ,ENARAIFIN.NS,ENARAIFIN,,
ENDURANCE,ENDURANCE TECHNO. LTD.,INE913H01037,BE,ENDURANCE.NS,ENDURANCE,ENDURANCE,540153.0
ENERGYDEV,ENERGY DEVE. CO.LTD,INE306C01019,BE,ENERGYDEV.NS,ENERGYDEV,ENERGYDEV,532219.0
ENFUSE,ENFUSE SOLUTIONS LIMITED,INE0S3X01014,SM,ENFUSE.NS,ENFUSE,,
ENGINERSIN,ENGINEERS INDIA - DEPO,INE510A01028,BE,ENGINERSIN.NS,ENGINERSIN,ENGINERSIN,532178.0
ENIL,ENTERTAIN NET. IND. LTD.,INE265F01028,BE,ENIL.NS,ENIL,ENIL,532700.0
ENOREFONRY,ENNORE FOUNDRIES LTD,INE078601015,EQ,ENOREFONRY.NS,ENOREFONRY,,
ENRIN,SIEMENS ENERGY INDIA LTD,INE1NPP01017,BE,ENRIN.NS,ENRIN,ENRIN,544390.0
ENSER,ENSER COMMUNICATIONS LTD,INE0R9I01021,SM,ENSER.NS,ENSER,,
ENTERO,ENTERO HEALTHCARE SOLU L,INE010601016,BE,ENTERO.NS,ENTERO,ENTERO,544122.0
ENVIRO,ENVIROTECH SYSTEMS LTD,INE0SUH01015,SM,ENVIRO.NS,ENVIRO,,
EON,EON ELECTRIC LIMITED,INE076H01025,BE,EON.NS,EON,,
EPACK,EPACK DURABLE LIMITED,INE0G5901015,BE,EPACK.NS,EPACK,EPACK,544095.0
EPACKPEB,EPACK PREFAB TECHN LTD,INE0MLS01022,BE,EPACKPEB.NS,EPACKPEB,,
EPIGRAL,EPIGRAL LIMITED,INE071N01016,BE,EPIGRAL.NS,EPIGRAL,EPIGRAL,543332.0
EPL,EPL LIMITED,INE255A01020,BE,EPL.NS,EPL,EPL,500135.0
EQ30,EDEL ETF NIFTY 100 QUAL30,INF754K01EM9,EQ,EQ30.NS,EQ30,,
EQUAL200,MIRAEAMC - EQUAL200,INF769K01OA1,EQ,EQUAL200.NS,EQUAL200,EQUAL200,544377.0
EQUAL50,MIRAEAMC - EQUAL50,INF769K01OO2,EQ,EQUAL50.NS,EQUAL50,,
EQUAL50ADD,DSPAMC - DSPNEWETF,INF740KA1QK2,EQ,EQUAL50ADD.NS,EQUAL50ADD,EQUAL50ADD,543388.0
EQUIPPP,EQUIPPP SOC IMP TECH LTD,INE217G01035,BE,EQUIPPP.NS,EQUIPPP,EQUIPPP,590057.0
EQUITAS,EQUITAS HOLDINGS LIMITED,INE988K01017,BE,EQUITAS.NS,EQUITAS,,
EQUITASBNK,EQUITAS SMALL FIN BNK LTD,INE063P01018,BE,EQUITASBNK.NS,EQUITASBNK,EQUITASBNK,543243.0
ERIS,ERIS LIFESCIENCES LIMITED,INE406M01024,BE,ERIS.NS,ERIS,ERIS,540596.0
EROSMEDIA,EROS INTL MEDIA LTD,INE416L01017,BE,EROSMEDIA.NS,EROSMEDIA,,
ESABINDIA,ESAB INDIA LTD,INE284A01012,BE,ESABINDIA.NS,ESABINDIA,ESABINDIA,500133.0
ESAFSFB,ESAF SMALL FINANCE BANK L,INE818W01011,BE,ESAFSFB.NS,ESAFSFB,ESAFSFB,544020.0
ESCONET,ESCONET TECHNOLOGIES LTD,INE0RQZ01017,SM,ESCONET.NS,ESCONET,,
ESCORTS,ESCORTS KUBOTA LIMITED,INE042A01014,BE,ESCORTS.NS,ESCORTS,ESCORTS,500495.0
ESCORTSFIN,ESCORTS FINANCE LTD,INE359A01012,BE,ESCORTSFIN.NS,ESCORTSFIN,INVIGO,511716.0
ESFL,ESSEN SPECIALITY FILMS L,INE0ITO01014,SM,ESFL.NS,ESFL,,
ESG,MIRAEAMC - MAESGETF,INF769K01GS9,EQ,ESG.NS,ESG,ESG,543246.0
ESILVER,EDELAMC - ESILVER,INF754K01SF3,EQ,ESILVER.NS,ESILVER,,
ESL,ELECTROSTEEL STEELS LTD,INE481K01013,BE,ESL.NS,ESL,,
ESPRIT,ESPRIT STONES LIMITED,INE0SBP01018,SM,ESPRIT.NS,ESPRIT,,
ESSARPORTS,ESSAR PORTS LIMITED,INE282A01024,BE,ESSARPORTS.NS,ESSARPORTS,,
ESSARSHPNG,ESSAR SHIPPING LTD,INE122M01019,BE,ESSARSHPNG.NS,ESSARSHPNG,ESSARSHPNG,533704.0
ESSDEE,ESS DEE ALUM LTD,INE825H01017,BE,ESSDEE.NS,ESSDEE,,
ESSEN-RE1,INTEGRA ESSENTIA LIMITED,INE418N20027,BE,ESSEN-RE1.NS,ESSEN-RE1,,
ESSEN-RE2,INTEGRA ESSENTIA LIMITED,INE418N20035,BE,ESSEN-RE2.NS,ESSEN-RE2,,
ESSENTIA,INTEGRA ESSENTIA LIMITED,INE418N01035,BE,ESSENTIA.NS,ESSENTIA,ESSENTIA,535958.0
ESTCSTSTEL,EAST COAST STEEL LTD,INE072001014,EQ,ESTCSTSTEL.NS,ESTCSTSTEL,,
ESTER,ESTER INDUSTRIES LTD,INE778B01029,BE,ESTER.NS,ESTER,ESTER,500136.0
ESTERIND,ESTERINDUS-ROLL SETT,INE778B01011,BE,ESTERIND.NS,ESTERIND,,
ESTERIND,ESTER INDUSTRIES LTD,INE080101012,EQ,ESTERIND.NS,ESTERIND,,
ESTWSTRAV,EAST WEST TRAVEL & TRADE,INE072401016,EQ,ESTWSTRAV.NS,ESTWSTRAV,,
ETERNAL,ETERNAL LIMITED,INE758T01015,BE,ETERNAL.NS,ETERNAL,ETERNAL,543320.0
ETHOSLTD,ETHOS LIMITED,INE04TZ01018,BE,ETHOSLTD.NS,ETHOSLTD,ETHOSLTD,543532.0
ETL,EMKAY TOOLS LIMITED,INE0PXC01024,SM,ETL.NS,ETL,,
ETML,EMERALD TYRE MANUF LTD,INE0RHD01013,SM,ETML.NS,ETML,,
EUPHARMLAB,EUPHARMA LAB LTD,INE909A01014,BE,EUPHARMLAB.NS,EUPHARMLAB,,
EUREKAFORB,EUREKA FORBES LIMITED,INE0KCE01017,BE,EUREKAFORB.NS,EUREKAFORB,EUREKAFORB,543482.0
EUROBOND,EURO PANEL PRODUCTS LTD,INE505V01016,BE,EUROBOND.NS,EUROBOND,EUROBOND,544461.0
EUROCERA,EURO CERAMICS LTD,INE649H01011,BE,EUROCERA.NS,EUROCERA,,
EUROMULTI,EURO MULTIVISION LTD,INE063J01011,BE,EUROMULTI.NS,EUROMULTI,,
EUROPRATIK,EURO PRATIK SALES LIMITED,INE198501012,BE,EUROPRATIK.NS,EUROPRATIK,EUROPRATIK,544519.0
EUROTEXIND,EUROTEX IND & EXPORTS LTD,INE022C01012,BE,EUROTEXIND.NS,EUROTEXIND,EUROTEXIND,521014.0
EVEREADY,EVEREADY INDS. IND.  LTD.,INE128A01029,BE,EVEREADY.NS,EVEREADY,EVEREADY,531508.0
EVERESTIND,EVEREST INDUSTRIES LTD,INE295A01018,BE,EVERESTIND.NS,EVERESTIND,EVERESTIND,508906.0
EVIETF,ICICIPRAMC - EVIETF,INF109K1A153,EQ,EVIETF.NS,EVIETF,EVIETF,544394.0
EVINDIA,MIRAEAMC - EVINDIA,INF769K01LQ3,EQ,EVINDIA.NS,EVINDIA,EVINDIA,544212.0
EXCEL,EXCEL REALTY N INFRA LTD,INE688J01023,BE,EXCEL.NS,EXCEL,EXCEL,533090.0
EXCELINDUS,EXCEL INDUSTRIES LTD,INE369A01029,BE,EXCELINDUS.NS,EXCELINDUS,EXCELINDUS,500650.0
EXCELLENT,EXCELLENT WIRES N PACK L,INE0Y4801011,SM,EXCELLENT.NS,EXCELLENT,,
EXICOM,EXICOM TELE SYSTEMS LTD,INE777F01014,BE,EXICOM.NS,EXICOM,EXICOM,544133.0
EXIDEIND,EXIDE IND LTD-DEP SETT,INE302A01020,BE,EXIDEIND.NS,EXIDEIND,EXIDEIND,500086.0
EXPLEOSOL,EXPLEO SOLUTIONS LIMITED,INE201K01015,BE,EXPLEOSOL.NS,EXPLEOSOL,EXPLEOSOL,533121.0
EXXARO,EXXARO TILES LIMITED,INE0GFE01026,BE,EXXARO.NS,EXXARO,EXXARO,543327.0
FACT,FERT & CHEM TRAVANCORE,INE188A01015,BE,FACT.NS,FACT,FACT,590024.0
FAIRCHEMOR,FAIRCHEM ORGANICS LIMITED,INE0DNW01011,BE,FAIRCHEMOR.NS,FAIRCHEMOR,FAIRCHEMOR,543252.0
FALCONTECH,FALCON TECHNOPROJ IND LTD,INE0PQK01013,SM,FALCONTECH.NS,FALCONTECH,,
FALCONTYRE,FALCONTYRESLTD-ROLLSETT,INE511B01016,BE,FALCONTYRE.NS,FALCONTYRE,,
FASTCAP,FAST CAPITAL GROWTH LTD,INE547101019,EQ,FASTCAP.NS,FASTCAP,,
FAZE3Q,FAZE THREE LIMITED,INE963C01033,BE,FAZE3Q.NS,FAZE3Q,FAZE3Q,530079.0
FAZETHREE,FAZE THREE EXPORTS LTD,INE450401018,EQ,FAZETHREE.NS,FAZETHREE,,
FCL,FINEOTEX CHEMICAL LIMITED,INE045J01026,BE,FCL.NS,FCL,FCL,533333.0
FCONSUMER,FUTURE CONSUMER LIMITED,INE220J01025,BE,FCONSUMER.NS,FCONSUMER,,
FCSSOFT,FCS SOFTWARE SOLN. LTD.,INE512B01022,BE,FCSSOFT.NS,FCSSOFT,FCSSOFT,532666.0
FDC,FDC LIMITED,INE258B01022,BE,FDC.NS,FDC,FDC,531599.0
FEDDERELEC,FEDDERS ELECTRIC & ENG LT,INE249C01011,BE,FEDDERELEC.NS,FEDDERELEC,,
FEDERALBNK,FEDERAL BANK LTD-DEP SET,INE171A01029,BE,FEDERALBNK.NS,FEDERALBNK,FEDERALBNK,500469.0
FEDFINA,FEDBANK FINANCIAL SER L,INE007N01010,BE,FEDFINA.NS,FEDFINA,FEDFINA,544027.0
FEL,FUTURE ENTERPRISES LTD,INE623B01027,BE,FEL.NS,FEL,FEL,523574.0
FELDVR,FUTURE ENTERPRISES LTD,IN9623B01058,BE,FELDVR.NS,FELDVR,,
FELIX,FELIX INDUSTRIES LTD.,INE901X01013,SM,FELIX.NS,FELIX,,
FEMNORMIN,FEMNOR MINERAL (I) LTD,INE082201018,EQ,FEMNORMIN.NS,FEMNORMIN,,
FERROALLOY,FERRO ALLOYS CORPORATION,INE082401014,EQ,FERROALLOY.NS,FERROALLOY,,
FGPIND,FGP LTD,INE456101018,EQ,FGPIND.NS,FGPIND,,
FIBERWEB,FIBERWEB INDIA LIMITED,INE296C01020,BE,FIBERWEB.NS,FIBERWEB,FIBERWEB,507910.0
FICOMORGAN,FICOM ORGANICS LTD,INE082701017,EQ,FICOMORGAN.NS,FICOMORGAN,,
FIDEL,FIDEL SOFTECH LIMITED,INE0LQQ01019,SM,FIDEL.NS,FIDEL,,
FIEMIND,FIEM INDUSTRIES LIMITED,INE737H01014,BE,FIEMIND.NS,FIEMIND,FIEMIND,532768.0
FILATEX,FILATEX INDIA LTD,INE816B01035,BE,FILATEX.NS,FILATEX,FILATEX,526227.0
FILATFASH,FILATEX FASHIONS LIMITED,INE185E01021,BE,FILATFASH.NS,FILATFASH,FILATFASH,532022.0
FINCABLES,FINOLEX CABLES LTD-DEP SE,INE235A01022,BE,FINCABLES.NS,FINCABLES,FINCABLES,500144.0
FINEORG,FINE ORGANIC IND. LTD.,INE686Y01026,BE,FINEORG.NS,FINEORG,FINEORG,541557.0
FINIETF,ICICIPRAMC-ICICIFIN,INF109KC17L8,EQ,FINIETF.NS,FINIETF,FINIETF,543677.0
FINKURVE,FINKURVE FINANCIAL SERV L,INE734I01027,BE,FINKURVE.NS,FINKURVE,FINKURVE,508954.0
FINOPB,FINO PAYMENTS BANK LTD,INE02NC01014,BE,FINOPB.NS,FINOPB,FINOPB,543386.0
FINPIPE,FINOLEX IND LTD DEPO SETT,INE183A01024,BE,FINPIPE.NS,FINPIPE,FINPIPE,500940.0
FIRSTCRY,BRAINBEES SOLUTIONS LTD,INE02RE01045,BE,FIRSTCRY.NS,FIRSTCRY,FIRSTCRY,544226.0
FISCHER,FISCHER MEDICAL VENTURE L,INE771F01041,BE,FISCHER.NS,FISCHER,FISCHER,524743.0
FISHFALCON,FISHING FALCONS LTD,INE084301014,EQ,FISHFALCON.NS,FISHFALCON,,
FIVECORE,FIVE CORE ELECTRONICS LTD,INE574Z01013,SM,FIVECORE.NS,FIVECORE,,
FIVESTAR,FIVE-STAR BUS FIN LTD,INE128S01021,BE,FIVESTAR.NS,FIVESTAR,FIVESTAR,543663.0
FLAIR,FLAIR WRITING INDUST LTD,INE00Y201027,BE,FLAIR.NS,FLAIR,FLAIR,544030.0
FLATPROD,FLATPRODEQUIP-ROLL SETT,INE515A01019,BE,FLATPROD.NS,FLATPROD,COCKERILL,500147.0
FLEXITUFF,FLEXITUFF VENTURES INT L,INE060J01017,BE,FLEXITUFF.NS,FLEXITUFF,FLEXITUFF,533638.0
FLFL,FUT LIFESTYLE FASH LTD,INE452O01016,BE,FLFL.NS,FLFL,FLFL,536507.0
FLUOROCHEM,GUJARAT FLUOROCHEM LTD,INE09N301011,BE,FLUOROCHEM.NS,FLUOROCHEM,FLUOROCHEM,542812.0
FLYSBS,FLYSBS AVIATION LIMITED,INE0VCK01011,SM,FLYSBS.NS,FLYSBS,,
FMCGIETF,ICICIPRAMC - ICICIFMCG,INF109KC19V3,EQ,FMCGIETF.NS,FMCGIETF,FMCGIETF,543326.0
FMGOETZE,FEDERAL-MOGUL GOETZE (IND,INE529A01010,BE,FMGOETZE.NS,FMGOETZE,FMGOETZE,505744.0
FMNL,FUTURE MKT NETWORKS LTD,INE360L01017,BE,FMNL.NS,FMNL,FMNL,533296.0
FOCE,FOCE INDIA LIMITED,INE0I7D01019,SM,FOCE.NS,FOCE,,
FOCUS,FOCUS LIGHTG & FIXTRS LTD,INE593W01028,BE,FOCUS.NS,FOCUS,,
FOCUS,FOCUS LIGHTG & FIXTRS LTD,INE593W01010,SM,FOCUS.NS,FOCUS,,
FONEBOX,FONEBOX RETAIL LIMITED,INE0Q4701019,SM,FONEBOX.NS,FONEBOX,,
FOODSIN,FOODS & INNS LIMITED,INE976E01023,BE,FOODSIN.NS,FOODSIN,FOODSIN,507552.0
FORBESGOK,FORBES GOKAK LTD,INE518A01013,BE,FORBESGOK.NS,FORBESGOK,FORBESCO,502865.0
FORCAS,FORCAS STUDIO LIMITED,INE0U2501017,SM,FORCAS.NS,FORCAS,,
FORCEMOT,FORCE MOTORS LIMITED,INE451A01017,BE,FORCEMOT.NS,FORCEMOT,FORCEMOT,500033.0
FORGEAUTO,FORGE AUTO INTERNATION L,INE0YKW01013,SM,FORGEAUTO.NS,FORGEAUTO,,
FORTIS,FORTIS HEALTHCARE LTD,INE061F01013,BE,FORTIS.NS,FORTIS,FORTIS,532843.0
FORTISFIN,FORTIS FIN SERV LTD,INE991C01018,BE,FORTISFIN.NS,FORTISFIN,,
FOSECOIND,FOSECO INDIA LTD,INE519A01011,BE,FOSECOIND.NS,FOSECOIND,FOSECOIND,500150.0
FOURTHDIM,FOURTH DIMEN. SOLUT. LTD,INE382T01014,SM,FOURTHDIM.NS,FOURTHDIM,,
FRESHARA,FRESHARA AGRO EXPORTS LTD,INE0SFW01015,SM,FRESHARA.NS,FRESHARA,,
FRETAIL,FUTURE RETAIL LIMITED,INE752P01024,BE,FRETAIL.NS,FRETAIL,,
FROG,FROG CELLSAT LIMITED,INE385O01018,SM,FROG.NS,FROG,,
FSC,FUTURE SUPP CHAIN SOL LTD,INE935Q01015,BE,FSC.NS,FSC,FSC,540798.0
FSL,FIRSTSOURCE SOLU. LTD.,INE684F01012,BE,FSL.NS,FSL,FSL,532809.0
FULFORD,FULFORD (I) LTD,INE521A01017,BE,FULFORD.NS,FULFORD,,
FUSION,FUSION FINANCE LIMITED,INE139R01012,BE,FUSION.NS,FUSION,FUSION,543652.0
GABRIEL,GABRIEL INDIA LTD,INE524A01029,BE,GABRIEL.NS,GABRIEL,GABRIEL,505714.0
GAEL,GUJARAT AMB EXP LTD,INE036B01030,BE,GAEL.NS,GAEL,GAEL,524226.0
GAIL,GAIL (INDIA) LTD,INE129A01019,BE,GAIL.NS,GAIL,GAIL,532155.0
GAJANAND,GAJANAND INTERNATIONAL L,INE0QTE01018,SM,GAJANAND.NS,GAJANAND,,
GALAPREC,GALA PRECISION ENG LTD,INE0RE001014,BE,GALAPREC.NS,GALAPREC,GALAPREC,544244.0
GALAXYSURF,GALAXY SURFACTANTS LTD,INE600K01018,BE,GALAXYSURF.NS,GALAXYSURF,GALAXYSURF,540935.0
GALLANTT,GALLANTT ISPAT LIMITED,INE297H01019,BE,GALLANTT.NS,GALLANTT,GALLANTT,532726.0
GALLISPAT,GALLANTT ISPAT LTD,INE528K01029,BE,GALLISPAT.NS,GALLISPAT,,
GALPOWTEL,GALADAPOWER&TELE-ROLL SET,INE255C01018,BE,GALPOWTEL.NS,GALPOWTEL,,
GAMMONIND,GAMMON INDIA LTD,INE259B01020,BE,GAMMONIND.NS,GAMMONIND,,
GANDHAR,GANDHAR OIL REFINE IND L,INE717W01049,BE,GANDHAR.NS,GANDHAR,GANDHAR,544029.0
GANDHITUBE,GANDHI SPL. TUBES LTD,INE524B01027,BE,GANDHITUBE.NS,GANDHITUBE,GANDHITUBE,513108.0
GANECOS,GANESHA ECOSPHERE LIMITED,INE845D01014,BE,GANECOS.NS,GANECOS,GANECOS,514167.0
GANESHANHY,GANESH ANHYDRIDE LTD-DEPO,INE418A01016,BE,GANESHANHY.NS,GANESHANHY,,
GANESHBE,GANESH BENZOPLAST LIMITED,INE388A01029,BE,GANESHBE.NS,GANESHBE,GANESHBE,500153.0
GANESHBENZ,GANESH BENZOPLAST LTD.,INE388A01011,BE,GANESHBENZ.NS,GANESHBENZ,,
GANESHCP,GANESH CONSUMER PRODUCT L,INE652V01016,BE,GANESHCP.NS,GANESHCP,GANESHCP,544528.0
GANESHHOU,GANESH HOUSING LIMITED,INE460C01014,BE,GANESHHOU.NS,GANESHHOU,GANESHHOU,526367.0
GANESHIN,GANESH INFRAWORLD LIMITED,INE0TVT01024,SM,GANESHIN.NS,GANESHIN,,
GANGABATH,GANGA BATH FITTINGS LTD,INE0ZI101018,SM,GANGABATH.NS,GANGABATH,,
GANGAFORGE,GANGA FORGING LIMITED,INE691Z01023,BE,GANGAFORGE.NS,GANGAFORGE,,
GANGAFORGE,GANGA FORGING LIMITED,INE691Z01015,SM,GANGAFORGE.NS,GANGAFORGE,,
GANGESSECU,GANGES SECURITIES LIMITED,INE335W01016,BE,GANGESSECU.NS,GANGESSECU,GANGESSECU,540647.0
GANGOTEX,GANGOTRI TEXTILES LTD,INE548101018,EQ,GANGOTEX.NS,GANGOTEX,,
GANGOTEX,GANGOTRITEXTILES-ROLLSETT,INE670B01010,BE,GANGOTEX.NS,GANGOTEX,,
GANGOTRI,GANGOTRI TEXTILES LTD.,INE670B01028,BE,GANGOTRI.NS,GANGOTRI,,
GARDENSILK,GARDEN SILK MILLS LTD.,INE526A01016,BE,GARDENSILK.NS,GARDENSILK,,
GARFIBRES,GARWARE TECH FIBRES LTD,INE276A01018,BE,GARFIBRES.NS,GARFIBRES,GARFIBRES,509557.0
GARUDA,GARUDA CONSTRUCT N ENG L,INE0JVO01026,BE,GARUDA.NS,GARUDA,GARUDA,544271.0
GARWARPOLY,GARWAR POLYESTERS LTD.,INE291A01017,BE,GARWARPOLY.NS,GARWARPOLY,GRWRHITECH,500655.0
GARWARSHIP,GARWARE SHIPPING CORP. LT,INE091701016,EQ,GARWARSHIP.NS,GARWARSHIP,,
GATECH,GACM TECHNOLOGIES LIMITED,INE224E01028,BE,GATECH.NS,GATECH,GATECH,531723.0
GATECH-RE1,GACM TECHNO LTD,INE224E20036,BE,GATECH-RE1.NS,GATECH-RE1,,
GATECHDVR,GACM TECHNOLOGIES LIMITED,INE224E01036,BE,GATECHDVR.NS,GATECHDVR,GATECHDVR,570005.0
GATEWAY,GATEWAY DISTRIPARKS LTD,INE079J01017,BE,GATEWAY.NS,GATEWAY,GATEWAY,543489.0
GAYAHWS,GAYATRI HIGHWAYS LIMITED,INE287Z01012,BE,GAYAHWS.NS,GAYAHWS,GAYAHWS,541546.0
GAYAPROJ,GAYATRI PROJECTS LTD,INE336H01023,BE,GAYAPROJ.NS,GAYAPROJ,,
GBGLOBAL,GB GLOBAL LIMITED,INE087J01028,BE,GBGLOBAL.NS,GBGLOBAL,,
GCHOTELS,GRAND CONTINENT HOTELS L,INE12E301017,SM,GCHOTELS.NS,GCHOTELS,,
GCSL,GRETEX CORPORATE SERVICES,INE199P01028,BE,GCSL.NS,GCSL,GCSL,543324.0
GDL,GATEWAY DISTRIPARKS LTD.,INE852F01015,BE,GDL.NS,GDL,,
GECALSTHOM,ALSTOM LTD,INE200A01018,BE,GECALSTHOM.NS,GECALSTHOM,,
GEECEE,GEECEE VENTURES LIMITED,INE916G01016,BE,GEECEE.NS,GEECEE,GEECEE,532764.0
GEEKAYEXIM,GEEKAY EXIM (I) LTD,INE451601012,EQ,GEEKAYEXIM.NS,GEEKAYEXIM,,
GEEKAYWIRE,GEEKAY WIRES LIMITED,INE669X01024,BE,GEEKAYWIRE.NS,GEEKAYWIRE,,
GEEKAYWIRE,GEEKAY WIRES LIMITED,INE669X01016,SM,GEEKAYWIRE.NS,GEEKAYWIRE,,
GEMAROMA,GEM AROMATICS LIMITED,INE06XZ01023,BE,GEMAROMA.NS,GEMAROMA,GEMAROMA,544491.0
GEMSPIN,GEM SPINNERS (I) LTD,INE092501019,EQ,GEMSPIN.NS,GEMSPIN,,
GENCON,GENERIC ENG CONS PROJ LTD,INE854S01022,BE,GENCON.NS,GENCON,GENCON,539407.0
GENESYS,GENESYS INTL CORPN LTD,INE727B01026,BE,GENESYS.NS,GENESYS,GENESYS,506109.0
GENSOL,GENSOL ENGINEERING LTD,INE06H201014,BE,GENSOL.NS,GENSOL,,
GENUSPAPER,GENUS P&B LIMITED,INE949P01018,BE,GENUSPAPER.NS,GENUSPAPER,GENUSPAPER,538961.0
GENUSPOWER,GENUS POWER INFRASTRU LTD,INE955D01029,BE,GENUSPOWER.NS,GENUSPOWER,GENUSPOWER,530343.0
GEOJITFSL,GEOJIT FINANCIAL SER L,INE007B01023,BE,GEOJITFSL.NS,GEOJITFSL,GEOJITFSL,532285.0
GEORGFISCH,GEORG FISCHER - ROLL SETT,INE131C01011,BE,GEORGFISCH.NS,GEORGFISCH,DISAQ,500068.0
GERMANREM,GERMANREM-DEP SETT,INE382A01014,BE,GERMANREM.NS,GERMANREM,,
GESHIP,THE GE SHPG.LTD,INE017A01032,BE,GESHIP.NS,GESHIP,GESHIP,500620.0
GESTETNER,GESTETNERINDIA-ROLLSETT,INE223C01016,BE,GESTETNER.NS,GESTETNER,,
GFLLIMITED,GFL LIMITED,INE538A01037,BE,GFLLIMITED.NS,GFLLIMITED,GFLLIMITED,500173.0
GFSTEELS,GRAND FOUNDRY LTD,INE534A01028,BE,GFSTEELS.NS,GFSTEELS,,
GGBL,GANESH GREEN BHARAT LTD,INE0R8C01018,SM,GGBL.NS,GGBL,,
GHCL,GHCL LIMITED,INE539A01019,BE,GHCL.NS,GHCL,GHCL,500171.0
GHCLTEXTIL,GHCL TEXTILES LIMITED,INE0PA801013,BE,GHCLTEXTIL.NS,GHCLTEXTIL,GHCLTEXTIL,543918.0
GICBAL,GIC MUTUAL FUND-BAL FD,INE451001015,BE,GICBAL.NS,GICBAL,,
GICHSGFIN,GIC HOUSING FINANCE LTD.,INE289B01019,BE,GICHSGFIN.NS,GICHSGFIN,GICHSGFIN,511676.0
GICL,GLOBE INTL CARRIERS LTD,INE947T01014,SM,GICL.NS,GICL,,
GICRE,GENERAL INS CORP OF INDIA,INE481Y01014,BE,GICRE.NS,GICRE,GICRE,540755.0
GILLANDERS,GILLANDERS ARBUTHNOT LTD,INE047B01011,BE,GILLANDERS.NS,GILLANDERS,GILLANDERS,532716.0
GILLETTE,GILLETTE INDIA L-DEP SETT,INE322A01010,BE,GILLETTE.NS,GILLETTE,GILLETTE,507815.0
GILT5YBEES,RELCAPAMC - NETFGILT5Y,INF204KC1030,EQ,GILT5YBEES.NS,GILT5YBEES,,
GINNIFILA,GINNIFILAMENTS LTD.,INE424C01010,BE,GINNIFILA.NS,GINNIFILA,GINNIFILA,590025.0
GIPCL,GUJ IND POW CO - DEP RS,INE162A01010,BE,GIPCL.NS,GIPCL,GIPCL,517300.0
GIRIRAJ,GIRIRAJ CIVIL DEVP LTD,INE614Z01017,SM,GIRIRAJ.NS,GIRIRAJ,,
GITANJALI,GITANJALI GEMS LIMITED,INE346H01014,BE,GITANJALI.NS,GITANJALI,,
GKENERGY,GK ENERGY LIMITED,INE1AG301022,BE,GKENERGY.NS,GKENERGY,GKENERGY,544525.0
GKWLIMITED,GKW LIMITED,INE528A01020,BE,GKWLIMITED.NS,GKWLIMITED,,
GLAND,GLAND PHARMA LIMITED,INE068V01023,BE,GLAND.NS,GLAND,GLAND,543245.0
GLAXO,GLAXOSMITHKLINE PHARMA LT,INE159A01016,BE,GLAXO.NS,GLAXO,GLAXO,500660.0
GLENMARK,GLENMARK PHARMACEUTICALS,INE935A01035,BE,GLENMARK.NS,GLENMARK,GLENMARK,532296.0
GLFL,GUJARAT LEASE FINANCING L,INE540A01017,BE,GLFL.NS,GLFL,GLFL,500174.0
GLOBABOARD,GLOBAL BOARDS LTD,INE085D01017,BE,GLOBABOARD.NS,GLOBABOARD,,
GLOBAL,GLOBAL EDUCATION LIMITED,INE291W01011,SM,GLOBAL.NS,GLOBAL,,
GLOBAL,GLOBAL EDUCATION LIMITED,INE291W01037,BE,GLOBAL.NS,GLOBAL,,
GLOBALE,GLOBALE TESSILE LIMITED,INE0URU01010,BE,GLOBALE.NS,GLOBALE,GLOBALE,544234.0
GLOBALPET,GLOBAL PET INDUSTRIES LTD,INE0PS501019,SM,GLOBALPET.NS,GLOBALPET,,
GLOBALVECT,GLOBAL VEC HELICORP LTD,INE792H01019,BE,GLOBALVECT.NS,GLOBALVECT,GLOBALVECT,532773.0
GLOBE,GLOBE TEXTILES (I) LTD.,INE581X01013,SM,GLOBE.NS,GLOBE,,
GLOBE,GLOBE TEXTILES (I) LTD.,INE581X01021,BE,GLOBE.NS,GLOBE,,
GLOBE-RE1,GLOBE TEXTILES LTD,INE581X20021,BE,GLOBE-RE1.NS,GLOBE-RE1,,
GLOBECIVIL,GLOBE CIVIL PROJECTS LTD,INE0V3U01015,BE,GLOBECIVIL.NS,GLOBECIVIL,GLOBECIVIL,544424.0
GLOBOFFS,GLOBAL OFFSHORE SERV LTD,INE446C01013,BE,GLOBOFFS.NS,GLOBOFFS,GLOBOFFS,501848.0
GLOBUSSPR,GLOBUS SPIRITS LTD,INE615I01010,BE,GLOBUSSPR.NS,GLOBUSSPR,GLOBUSSPR,533104.0
GLOSTERLTD,GLOSTER LIMITED,INE350Z01018,BE,GLOSTERLTD.NS,GLOSTERLTD,GLOSTERLTD,542351.0
GMBREW,GM BREWERIES LTD,INE075D01018,BE,GMBREW.NS,GMBREW,GMBREW,507488.0
GMDCLTD,GUJARAT MINERAL DEV CORP,INE131A01031,BE,GMDCLTD.NS,GMDCLTD,GMDCLTD,532181.0
GML,GALAXY MEDICARE LIMITED,INE09A801015,SM,GML.NS,GML,,
GMMPFAUDLR,GMM PFAUDLER LIMITED,INE541A01023,BE,GMMPFAUDLR.NS,GMMPFAUDLR,GMMPFAUDLR,505255.0
GMRAIRPORT,GMR AIRPORTS LIMITED,INE776C01039,BE,GMRAIRPORT.NS,GMRAIRPORT,GMRAIRPORT,532754.0
GMRPUI,GMR POW AND URBAN INFRA L,INE0CU601026,BE,GMRPUI.NS,GMRP&UI,GMRP&UI,543490.0
GMRVASAVI,GMR TECHNOLOGIES & INDUST,INE353B01013,BE,GMRVASAVI.NS,GMRVASAVI,,
GMSIND,G M S INDUSTRIES (I) LTD,INE549201015,EQ,GMSIND.NS,GMSIND,,
GNA,GNA AXLES LIMITED,INE934S01014,BE,GNA.NS,GNA,GNA,540124.0
GNFC,GUJ NAR VAL FER & CHEM L,INE113A01013,BE,GNFC.NS,GNFC,GNFC,500670.0
GOACARBON,GOA CARBON LIMITED,INE426D01013,BE,GOACARBON.NS,GOACARBON,GOACARBON,509567.0
GOCLCORP,GOCL CORPORATION LIMITED,INE077F01035,BE,GOCLCORP.NS,GOCLCORP,GOCLCORP,506480.0
GOCOLORS,GO FASHION INDIA LTD,INE0BJS01011,BE,GOCOLORS.NS,GOCOLORS,GOCOLORS,543401.0
GODAVARIB,GODAVARI BIOREFINERIES L,INE497S01012,BE,GODAVARIB.NS,GODAVARIB,GODAVARIB,544279.0
GODFRYPHLP,GODFREY PHILIPS-DEPO,INE260B01028,BE,GODFRYPHLP.NS,GODFRYPHLP,GODFRYPHLP,500163.0
GODHA,GODHA CABCON INSULAT LTD,INE925Y01010,SM,GODHA.NS,GODHA,,
GODHA,GODHA CABCON INSULAT LTD,INE925Y01036,BE,GODHA.NS,GODHA,,
GODIGIT,GO DIGIT GENERAL INS LTD,INE03JT01014,BE,GODIGIT.NS,GODIGIT,GODIGIT,544179.0
GODREJAGRO,GODREJ AGROVET LIMITED,INE850D01014,BE,GODREJAGRO.NS,GODREJAGRO,GODREJAGRO,540743.0
GODREJCP,GODREJ CONSUMER PRODUCTS,INE102D01028,BE,GODREJCP.NS,GODREJCP,GODREJCP,532424.0
GODREJIND,GODREJ INDUSTRIES LTD,INE233A01035,BE,GODREJIND.NS,GODREJIND,GODREJIND,500164.0
GODREJPROP,GODREJ PROPERTIES LTD,INE484J01027,BE,GODREJPROP.NS,GODREJPROP,GODREJPROP,533150.0
GOENKA,GOENKA DIAMOND&JEWELS LTD,INE516K01024,BE,GOENKA.NS,GOENKA,GOENKA,533189.0
GOKEX,GOKALDAS EXPORTS LTD.,INE887G01027,BE,GOKEX.NS,GOKEX,GOKEX,532630.0
GOKUL,GOKUL REFOILS & SOLV LTD,INE020J01029,BE,GOKUL.NS,GOKUL,GOKUL,532980.0
GOKULAGRO,GOKUL AGRO RESOURCES LTD,INE314T01025,BE,GOKULAGRO.NS,GOKULAGRO,GOKULAGRO,539725.0
GOLCRESFIN,GOLDCREST FINANCE (I) LTD,INE096401018,EQ,GOLCRESFIN.NS,GOLCRESFIN,,
GOLD1,KOTAK GOLD ETF,INF174KA1HJ8,EQ,GOLD1.NS,GOLD1,GOLD1,590097.0
GOLD360,360ONEAMC - GOLD360,INF579M01BB5,EQ,GOLD360.NS,GOLD360,GOLD360,544375.0
GOLDBEES,NIP IND ETF GOLD BEES,INF204KB17I5,EQ,GOLDBEES.NS,GOLDBEES,GOLDBEES,590095.0
GOLDCASE,ZERODHAAMC - GOLDCASE,INF0R8F01042,EQ,GOLDCASE.NS,GOLDCASE,GOLDCASE,544132.0
GOLDENTOBC,GOLDEN TOBACCO LIMITED,INE973A01010,BE,GOLDENTOBC.NS,GOLDENTOBC,GOLDENTOBC,500151.0
GOLDETF,MIRAEAMC - MAGOLDETF,INF769K01JP9,EQ,GOLDETF.NS,GOLDETF,GOLDETF,543781.0
GOLDETFADD,DSPAMC - DSPGOLDETF,INF740KA1SW3,EQ,GOLDETFADD.NS,GOLDETFADD,GOLDETFADD,543903.0
GOLDIAM,GOLDIAM INTERNATIONAL LTD,INE025B01025,BE,GOLDIAM.NS,GOLDIAM,GOLDIAM,526729.0
GOLDIETF,ICICI PRUDENTIAL GOLD ETF,INF109KC1NT3,EQ,GOLDIETF.NS,GOLDIETF,GOLDIETF,533244.0
GOLDKART,GOLDKART JEWELS LIMITED,INE06MH01016,SM,GOLDKART.NS,GOLDKART,,
GOLDSHARE,UTI GOLD ETF,INF789F1AUX7,EQ,GOLDSHARE.NS,GOLDSHARE,GOLDSHARE,590101.0
GOLDSTAR,GOLDSTAR POWER LIMITED,INE405Y01021,SM,GOLDSTAR.NS,GOLDSTAR,,
GOLDTECH,AION-TECH SOLUTIONS LTD,INE805A01014,BE,GOLDTECH.NS,GOLDTECH,GOLDTECH,531439.0
GONTERPEIP,GONTERMANN PEIPERS DEPO,INE530A01018,BE,GONTERPEIP.NS,GONTERPEIP,,
GOODLUCK,GOODLUCK INDIA LIMITED,INE127I01024,BE,GOODLUCK.NS,GOODLUCK,GOODLUCK,530655.0
GOODRICKE,GOODRICKE GRP LTD,INE300A01016,BE,GOODRICKE.NS,GOODRICKE,GOODRICKE,500166.0
GOODVALUE,GOOD VALUE MARKETING CO.,INE097901016,EQ,GOODVALUE.NS,GOODVALUE,,
GOODYEAR,GOODYEAR INDIA LIMITED,INE533A01012,BE,GOODYEAR.NS,GOODYEAR,GOODYEAR,500168.0
GOPAL,GOPAL SNACKS LIMITED,INE0L9R01028,BE,GOPAL.NS,GOPAL,GOPAL,544140.0
GORDONHERB,GORDON HERBERT LTD,INE098401016,EQ,GORDONHERB.NS,GORDONHERB,,
GOVINRUBER,GOVIND RUBBER-ROLL SETT,INE011C01015,BE,GOVINRUBER.NS,GOVINRUBER,,
GOYALALUM,GOYAL ALUMINIUMS LIMITED,INE705X01026,BE,GOYALALUM.NS,GOYALALUM,GOYALALUM,541152.0
GOYALSALT,GOYAL SALT LIMITED,INE0QFE01017,SM,GOYALSALT.NS,GOYALSALT,,
GPECO,GP ECO SOLUTIONS INDIA L,INE0S7E01015,SM,GPECO.NS,GPECO,,
GPIL,GODAWARI POW & ISP LTD,INE177H01039,BE,GPIL.NS,GPIL,GPIL,532734.0
GPPL,GUJARAT PIPAVAV PORT LTD,INE517F01014,BE,GPPL.NS,GPPL,GPPL,533248.0
GPTHEALTH,GPT HEALTHCARE LIMITED,INE486R01017,BE,GPTHEALTH.NS,GPTHEALTH,GPTHEALTH,544131.0
GPTINFRA,GPT INFRAPROJECTS LTD,INE390G01014,BE,GPTINFRA.NS,GPTINFRA,GPTINFRA,533761.0
GRANDFONRY,GRAND FOUNDRY LTD,INE534A01010,BE,GRANDFONRY.NS,GRANDFONRY,,
GRANULES,GRANULES INDIA LIMITED,INE101D01020,BE,GRANULES.NS,GRANULES,GRANULES,532482.0
GRAPCOMIN,GRAPCO MINING AND CO. LTD,INE099401015,EQ,GRAPCOMIN.NS,GRAPCOMIN,,
GRAPHISAD,GRAPHISADS LIMITED,INE0POU01017,SM,GRAPHISAD.NS,GRAPHISAD,,
GRAPHITE,GRAPHITE INDIA LTD,INE371A01025,BE,GRAPHITE.NS,GRAPHITE,GRAPHITE,509488.0
GRASIM,GRASIM-DEPO SETT,INE047A01021,BE,GRASIM.NS,GRASIM,GRASIM,500300.0
GRAUWEIL,GRAUER & WEIL IND LTD,INE266D01021,BE,GRAUWEIL.NS,GRAUWEIL,GRAUWEIL,505710.0
GRAVITA,GRAVITA INDIA LIMITED,INE024L01027,BE,GRAVITA.NS,GRAVITA,GRAVITA,533282.0
GRCL,GAYATRI RUBB AND CHEM LTD,INE0LVM01018,SM,GRCL.NS,GRCL,,
GREAVESCOT,GREAVES COTTON LTD.,INE224A01026,BE,GREAVESCOT.NS,GREAVESCOT,GREAVESCOT,501455.0
GREEN-RE1,ORIENT GREEN POWER CO LTD,INE999K20022,BE,GREEN-RE1.NS,GREEN-RE1,,
GREENCHEF,GREENCHEF APPLIANCES LTD,INE0O7P01015,SM,GREENCHEF.NS,GREENCHEF,,
GREENLAM,GREENLAM INDUSTRIES LTD.,INE544R01021,BE,GREENLAM.NS,GREENLAM,GREENLAM,538979.0
GREENPANEL,GREENPANEL INDUSTRIES LTD,INE08ZM01014,BE,GREENPANEL.NS,GREENPANEL,GREENPANEL,542857.0
GREENPLY,GREENPLYINDUS,INE461C01038,BE,GREENPLY.NS,GREENPLY,GREENPLY,526797.0
GREENPOWER,ORIENT GREEN POWER CO LTD,INE999K01014,BE,GREENPOWER.NS,GREENPOWER,GREENPOWER,533263.0
GRETEX,GRETEX INDUSTRIES LTD.,INE985P01012,SM,GRETEX.NS,GRETEX,,
GRINDWELL,GRINDWELL NORTON LIMITED,INE536A01023,BE,GRINDWELL.NS,GRINDWELL,GRINDWELL,506076.0
GRINFRA,G R INFRAPROJECTS LIMITED,INE201P01022,BE,GRINFRA.NS,GRINFRA,GRINFRA,543317.0
GRINWELNOR,GRINDWELL NORTON LTD.,INE536A01015,BE,GRINWELNOR.NS,GRINWELNOR,,
GRMOVER,GRM OVERSEAS LIMITED,INE192H01020,BE,GRMOVER.NS,GRMOVER,GRMOVER,531449.0
GROBTEA,THE GROB TEA COMPANY LTD,INE646C01018,BE,GROBTEA.NS,GROBTEA,,
GROWWDEFNC,GROWWAMC - GROWWDEFNC,INF666M01IO8,EQ,GROWWDEFNC.NS,GROWWDEFNC,,
GROWWEV,GROWWAMC - GROWWEV,INF666M01IH2,EQ,GROWWEV.NS,GROWWEV,,
GROWWGOLD,GROWWAMC - GROWWGOLD,INF666M01IW1,EQ,GROWWGOLD.NS,GROWWGOLD,,
GROWWLIQID,GROWWAMC - GROWWLIQID,INF666M01IP5,EQ,GROWWLIQID.NS,GROWWLIQID,,
GROWWLOVOL,GROWWAMC - GROWWLOVOL,INF666M01LB9,EQ,GROWWLOVOL.NS,GROWWLOVOL,,
GROWWMOM50,GROWWAMC - GROWWMOM50,INF666M01KJ4,EQ,GROWWMOM50.NS,GROWWMOM50,,
GROWWN200,GROWWAMC - GROWWN200,INF666M01JV1,EQ,GROWWN200.NS,GROWWN200,,
GROWWNET,GROWWAMC - GROWWNET,INF666M01LI4,EQ,GROWWNET.NS,GROWWNET,,
GROWWNIFTY,GROWWAMC - GROWWNIFTY,INF666M01LL8,EQ,GROWWNIFTY.NS,GROWWNIFTY,,
GROWWNXT50,GROWWAMC - GROWWNXT50,INF666M01LZ8,EQ,GROWWNXT50.NS,GROWWNXT50,,
GROWWPOWER,GROWWAMC - GROWWPOWER,INF666M01LM6,EQ,GROWWPOWER.NS,GROWWPOWER,GROWWPOWER,544473.0
GROWWRAIL,GROWWAMC - GROWWRAIL,INF666M01JJ6,EQ,GROWWRAIL.NS,GROWWRAIL,,
GROWWSLVR,GROWWAMC - GROWWSLVR,INF666M01LA1,EQ,GROWWSLVR.NS,GROWWSLVR,,
GRPLTD,GRP LIMITED,INE137I01015,BE,GRPLTD.NS,GRPLTD,GRPLTD,509152.0
GRSE,GARDEN REACH SHIP&ENG LTD,INE382Z01011,BE,GRSE.NS,GRSE,GRSE,542011.0
GSCLCEMENT,GUJARAT SIDHEE CEM. LTD.,INE542A01039,BE,GSCLCEMENT.NS,GSCLCEMENT,,
GSEC10ABSL,BIRLASLAMC - GSEC10ABSL,INF209KC1142,EQ,GSEC10ABSL.NS,GSEC10ABSL,,
GSEC10IETF,ICICIPRAMC - ICICI10GS,INF109KC18O0,EQ,GSEC10IETF.NS,GSEC10IETF,,
GSEC10YEAR,MIRAEAMC - MAGS813ETF,INF769K01KF8,EQ,GSEC10YEAR.NS,GSEC10YEAR,,
GSEC5IETF,ICICIPRAMC - ICICI5GSEC,INF109KC14A8,EQ,GSEC5IETF.NS,GSEC5IETF,GSEC5IETF,543480.0
GSFC,GSFC - DEPO SETT,INE026A01025,BE,GSFC.NS,GSFC,GSFC,500690.0
GSL,GSL (I) LTD,INE184901010,EQ,GSL.NS,GSL,,
GSLSU,GLOBAL SURFACES LIMITED,INE0JSX01015,BE,GSLSU.NS,GSLSU,GSLSU,543829.0
GSMFOILS,GSM FOILS LIMITED,INE0SQY01018,SM,GSMFOILS.NS,GSMFOILS,,
GSPL,GUJARAT STATE PETRO LTD,INE246F01010,BE,GSPL.NS,GSPL,GSPL,532702.0
GSS,GSS INFOTECH LIMITED,INE871H01011,BE,GSS.NS,GSS,GSS,532951.0
GSTL,GLOBESECURE TECHNO LTD,INE00WS01056,SM,GSTL.NS,GSTL,,
GTECJAINX,G-TEC JAINX EDUCATION LTD,INE586X01012,BE,GTECJAINX.NS,GTECJAINX,,
GTL,GTL LTD,INE043A01012,BE,GTL.NS,GTL,GTL,500160.0
GTLINFRA,GTL INFRA.LTD,INE221H01019,BE,GTLINFRA.NS,GTLINFRA,GTLINFRA,532775.0
GTNIND,GTN INDUSTRIES LIMITED,INE537A01013,BE,GTNIND.NS,GTNIND,GTNINDS,500170.0
GTNTEX,GTN TEXTILES LIMITED,INE302H01017,BE,GTNTEX.NS,GTNTEX,GTNTEX,532744.0
GTPL,GTPL HATHWAY LIMITED,INE869I01013,BE,GTPL.NS,GTPL,GTPL,540602.0
GUFICBIO,GUFIC BIOSCIENCES LTD.,INE742B01025,BE,GUFICBIO.NS,GUFICBIO,GUFICBIO,509079.0
GUJALKALI,GUJRAT AL & CHEMICALS LTD,INE186A01019,BE,GUJALKALI.NS,GUJALKALI,GUJALKALI,530001.0
GUJAPOLLO,GUJ. APOLLO IND. LTD.,INE826C01016,BE,GUJAPOLLO.NS,GUJAPOLLO,GUJAPOLLO,522217.0
GUJBOROSIL,GUJARATBOROSIL-ROLL SETT,INE059C01014,BE,GUJBOROSIL.NS,GUJBOROSIL,,
GUJCOTEX,GUJARAT COTEX LTD,INE452201010,EQ,GUJCOTEX.NS,GUJCOTEX,,
GUJGASLTD,GUJARAT GAS LIMITED,INE844O01030,BE,GUJGASLTD.NS,GUJGASLTD,GUJGASLTD,539336.0
GUJNRECOKE,GUJARAT N R E COKE LTD,INE110D01013,BE,GUJNRECOKE.NS,GUJNRECOKE,,
GUJNREDVR,GUJ NRE DVR  B  CLASS,IN9110D01011,BE,GUJNREDVR.NS,GUJNREDVR,,
GUJOPTICAL,GUJARAT OPTICAL COMM LTD,INE452401016,EQ,GUJOPTICAL.NS,GUJOPTICAL,,
GUJRAFFIA,GUJARAT RAFFIA INDUST LTD,INE610B01024,BE,GUJRAFFIA.NS,GUJRAFFIA,GUJRAFFIA,523836.0
GUJRATTELE,GUJARAT TELEPHONE CABLES,INE261B01018,EQ,GUJRATTELE.NS,GUJRATTELE,,
GUJRATTELE,GUJARAT TELEPHONE CABLES,INE452601011,BE,GUJRATTELE.NS,GUJRATTELE,,
GUJTHEM,GUJARAT THEMIS BIOSYN LTD,INE942C01045,BE,GUJTHEM.NS,GUJTHEM,GUJTHEM,506879.0
GUJTHEMIS,GUJARAT THEMIS BIOSYN LTD,INE183701015,EQ,GUJTHEMIS.NS,GUJTHEMIS,,
GULFOILLUB,GULF OIL LUB. IND. LTD.,INE635Q01029,BE,GULFOILLUB.NS,GULFOILLUB,GULFOILLUB,538567.0
GULFPETRO,GP PETROLEUMS LIMITED,INE586G01017,BE,GULFPETRO.NS,GULFPETRO,GULFPETRO,532543.0
GULPOLY,GULSHAN POLYOLS LIMITED,INE255D01024,BE,GULPOLY.NS,GULPOLY,GULPOLY,532457.0
GURUNANAK,GURUNANAK AGRICULTUR IN L,INE1CCX01012,SM,GURUNANAK.NS,GURUNANAK,,
GVKPIL,GVK POW. & INFRA LTD.,INE251H01024,BE,GVKPIL.NS,GVKPIL,GVKPIL,532708.0
GVPIL,GE POWER INDIA LIMITED,INE878A01011,BE,GVPIL.NS,GVPIL,GVPIL,532309.0
GVPTECH,GVP INFOTECH LIMITED,INE382T01030,BE,GVPTECH.NS,GVPTECH,,
GVTD,GE VERNOVA T&D INDIA LTD,INE200A01026,BE,GVTD.NS,GVT&D,GVTD,522275.0
HAL,HINDUSTAN AERONAUTICS LTD,INE066F01020,BE,HAL.NS,HAL,HAL,541154.0
HAPPSTMNDS,HAPPIEST MINDS TECHNO LTD,INE419U01012,BE,HAPPSTMNDS.NS,HAPPSTMNDS,HAPPSTMNDS,543227.0
HAPPYFORGE,HAPPY FORGINGS LIMITED,INE330T01021,BE,HAPPYFORGE.NS,HAPPYFORGE,HAPPYFORGE,544057.0
HARDWYN,HARDWYN INDIA LIMITED,INE626Z01029,BE,HARDWYN.NS,HARDWYN,HARDWYN,541276.0
HARIAEXPO,HARIAEXPORTS-ROLL SETT,INE772B01014,BE,HARIAEXPO.NS,HARIAEXPO,HARIAEXPO,512604.0
HARIGCRANK,HARIG CRANKSHAFTS LTD,INE180501012,EQ,HARIGCRANK.NS,HARIGCRANK,,
HARIOMPIPE,HARIOM PIPE INDUSTRIES L,INE00EV01017,BE,HARIOMPIPE.NS,HARIOMPIPE,HARIOMPIPE,543517.0
HARITASEAT,HARITA SEATING SYS. LTD,INE939D01015,BE,HARITASEAT.NS,HARITASEAT,,
HARRMALAYA,HARRISONS MALAYALAM,INE544A01019,BE,HARRMALAYA.NS,HARRMALAYA,HARRMALAYA,500467.0
HARSHA,HARSHA ENGINEERS INT LTD,INE0JUS01029,BE,HARSHA.NS,HARSHA,HARSHA,543600.0
HARYANPETR,HARYANA PETROCHEMICALS LT,INE174901012,EQ,HARYANPETR.NS,HARYANPETR,,
HATHWAY,HATHWAY CABLE & DATACOM,INE982F01036,BE,HATHWAY.NS,HATHWAY,HATHWAY,533162.0
HATSUN,HATSUN AGRO PRODUCT LTD.,INE473B01035,BE,HATSUN.NS,HATSUN,HATSUN,531531.0
HAVELLS,HAVELLSINDIA,INE176B01034,BE,HAVELLS.NS,HAVELLS,HAVELLS,517354.0
HAVISHA,SRI HAVISHA HOSP & INFR L,INE293B01029,BE,HAVISHA.NS,HAVISHA,HAVISHA,531322.0
HAWKINCOOK,HAWKINSCOOKERS-ROLL SETT,INE979B01015,BE,HAWKINCOOK.NS,HAWKINCOOK,HAWKINCOOK,508486.0
HBLENGINE,HBL ENGINEERING LTD,INE292B01021,BE,HBLENGINE.NS,HBLENGINE,HBLENGINE,517271.0
HBSL,HB STOCKHOLDINGS LIMITED,INE550B01022,BE,HBSL.NS,HBSL,HBSL,532216.0
HCC,HINDUSTAN CONSTRUC,INE549A01026,BE,HCC.NS,HCC,HCC,500185.0
HCG,HEALTHCARE GLOB. ENT. LTD,INE075I01017,BE,HCG.NS,HCG,HCG,539787.0
HCL-INSYS,HCL INFOSYSTEMS-DEPO SETT,INE236A01020,BE,HCL-INSYS.NS,HCL-INSYS,HCL-INSYS,500179.0
HCLTECH,HCL TECHNOLOGIES LTD,INE860A01027,BE,HCLTECH.NS,HCLTECH,HCLTECH,532281.0
HDBFS,HDB FINANCIAL SERVICES L,INE756I01012,BE,HDBFS.NS,HDBFS,HDBFS,544429.0
HDFC,HDFC LTD- DEPO SETT.,INE001A01036,BE,HDFC.NS,HDFC,,
HDFCAMC,HDFC AMC LIMITED,INE127D01025,BE,HDFCAMC.NS,HDFCAMC,HDFCAMC,541729.0
HDFCBANK,HDFC BANK-DEPO. SETT.,INE040A01034,BE,HDFCBANK.NS,HDFCBANK,HDFCBANK,500180.0
HDFCBSE500,HDFCAMC - HDFCBSE500,INF179KC1EZ4,EQ,HDFCBSE500.NS,HDFCBSE500,HDFCBSE500,543774.0
HDFCGOLD,HDFC GOLD ETF,INF179KC1981,EQ,HDFCGOLD.NS,HDFCGOLD,HDFCGOLD,533230.0
HDFCGROWTH,HDFCAMC - HDFCGROWTH,INF179KC1DJ0,EQ,HDFCGROWTH.NS,HDFCGROWTH,HDFCGROWTH,543607.0
HDFCLIFE,HDFC LIFE INS CO LTD,INE795G01014,BE,HDFCLIFE.NS,HDFCLIFE,HDFCLIFE,540777.0
HDFCLIQUID,HDFCAMC - HDFCLIQUID,INF179KC1JG3,EQ,HDFCLIQUID.NS,HDFCLIQUID,,
HDFCLOWVOL,HDFCAMC - HDFCLOWVOL,INF179KC1HU8,EQ,HDFCLOWVOL.NS,HDFCLOWVOL,HDFCLOWVOL,543627.0
HDFCMID150,HDFCAMC - HDFCMID150,INF179KC1HT0,EQ,HDFCMID150.NS,HDFCMID150,HDFCMID150,543776.0
HDFCMOMENT,HDFCAMC - HDFCMOMENT,INF179KC1HV6,EQ,HDFCMOMENT.NS,HDFCMOMENT,HDFCMOMENT,543628.0
HDFCNEXT50,HDFCAMC - HDFCNEXT50,INF179KC1HS2,EQ,HDFCNEXT50.NS,HDFCNEXT50,HDFCNEXT50,543570.0
HDFCNIF100,HDFCAMC - HDFCNIF100,INF179KC1HR4,EQ,HDFCNIF100.NS,HDFCNIF100,HDFCNIF100,543569.0
HDFCNIFBAN,HDFCAMC - HDFCNIFBAN,INF179KC1HY0,EQ,HDFCNIFBAN.NS,HDFCNIFBAN,HDFCNIFBAN,543224.0
HDFCNIFIT,HDFCAMC - HDFCNIFIT,INF179KC1IA8,EQ,HDFCNIFIT.NS,HDFCNIFIT,HDFCNIFIT,543665.0
HDFCNIFTY,HDFCAMC - HDFCNIFTY,INF179KC1965,EQ,HDFCNIFTY.NS,HDFCNIFTY,HDFCNIFTY,539516.0
HDFCPSUBK,HDFCAMC HDFCPSUBK,INF179KC1HW4,EQ,HDFCPSUBK.NS,HDFCPSUBK,HDFCPSUBK,544110.0
HDFCPVTBAN,HDFCAMC - HDFCPVTBAN,INF179KC1HZ7,EQ,HDFCPVTBAN.NS,HDFCPVTBAN,HDFCPVTBAN,543666.0
HDFCQUAL,HDFCAMC - HDFCQUAL,INF179KC1DL6,EQ,HDFCQUAL.NS,HDFCQUAL,HDFCQUAL,543605.0
HDFCSENSEX,HDFCAMC - HDFCSENSEX,INF179KC1HX2,EQ,HDFCSENSEX.NS,HDFCSENSEX,HDFCSENSEX,539517.0
HDFCSILVER,HDFCAMC - HDFCSILVER,INF179KC1DI2,EQ,HDFCSILVER.NS,HDFCSILVER,HDFCSILVER,543592.0
HDFCSML250,HDFCAMC - HDFCSML250,INF179KC1FB2,EQ,HDFCSML250.NS,HDFCSML250,HDFCSML250,543775.0
HDFCVALUE,HDFCAMC - HDFCVALUE,INF179KC1DK8,EQ,HDFCVALUE.NS,HDFCVALUE,HDFCVALUE,543608.0
HDIL,HOUSING DEV & INFRA LTD,INE191I01012,BE,HDIL.NS,HDIL,HDIL,532873.0
HEADSUP,HEADS UP VENTURES LIMITED,INE759V01019,BE,HEADSUP.NS,HEADSUP,HEADSUP,540210.0
HEALTHADD,DSPAMC - HEALTHADD,INF740KA1UF4,EQ,HEALTHADD.NS,HEALTHADD,HEALTHADD,544109.0
HEALTHIETF,ICICIPRAMC - ICICIPHARM,INF109KC1Q72,EQ,HEALTHIETF.NS,HEALTHIETF,HEALTHIETF,543292.0
HEALTHY,BIRLASLAMC - HEALTHY,INF209KB10C2,EQ,HEALTHY.NS,HEALTHY,HEALTHY,543473.0
HECPROJECT,HEC INFRA PROJECTS LTD,INE558R01013,BE,HECPROJECT.NS,HECPROJECT,,
HEG,HEG LIMITED,INE545A01024,BE,HEG.NS,HEG,HEG,509631.0
HEIDELBERG,HEIDELBERGCEMENT (I) LTD,INE578A01017,BE,HEIDELBERG.NS,HEIDELBERG,HEIDELBERG,500292.0
HEMIPROP,HEMISPHERE PROP IND LTD,INE0AJG01018,BE,HEMIPROP.NS,HEMIPROP,HEMIPROP,543242.0
HERANBA,HERANBA INDUSTRIES LTD,INE694N01015,BE,HERANBA.NS,HERANBA,HERANBA,543266.0
HERBETSON,HERBETSONS LTD,INE176301013,BE,HERBETSON.NS,HERBETSON,,
HERCULES,HERCULES HOI. LTD.,INE688E01024,BE,HERCULES.NS,HERCULES,HERCULES,505720.0
HERDIOXIDE,HERDILLIA OXIDES & ELECTR,INE176501018,EQ,HERDIOXIDE.NS,HERDIOXIDE,,
HERITGFOOD,HERITAGE FOODS LTD,INE978A01027,BE,HERITGFOOD.NS,HERITGFOOD,HERITGFOOD,519552.0
HEROMOTOCO,HERO MOTOCORP LIMITED,INE158A01026,BE,HEROMOTOCO.NS,HEROMOTOCO,HEROMOTOCO,500182.0
HESTERBIO,HESTER BIOSCIENCES LTD,INE782E01017,BE,HESTERBIO.NS,HESTERBIO,HESTERBIO,524669.0
HEUBACHIND,HEUBACH COLORANTS IND LTD,INE492A01029,BE,HEUBACHIND.NS,HEUBACHIND,HEUBACHIND,506390.0
HEXATRADEX,HEXA TRADEX LIMITED,INE750M01017,BE,HEXATRADEX.NS,HEXATRADEX,,
HEXAWARE,HEXAWARE TECHNOLOGIES LTD,INE093A01033,BE,HEXAWARE.NS,HEXAWARE,,
HEXT,HEXAWARE TECHNOLOGIES LTD,INE093A01041,BE,HEXT.NS,HEXT,HEXT,544362.0
HFCL,HFCL LIMITED,INE548A01028,BE,HFCL.NS,HFCL,HFCL,500183.0
HGINFRA,H.G.INFRA ENGINEERING LTD,INE926X01010,BE,HGINFRA.NS,HGINFRA,HGINFRA,541019.0
HGM,HANDSON GBL MNGMNT LTD,INE596H01014,BE,HGM.NS,HGM,HGM,532761.0
HGS,HINDUJA GLOBAL SOLS. LTD.,INE170I01016,BE,HGS.NS,HGS,HGS,532859.0
HIGHGROUND,HIGH GROUND ENTP LTD,INE361M01021,BE,HIGHGROUND.NS,HIGHGROUND,,
HIGREEN,HI GREEN CARBON LIMITED,INE0PIC01017,SM,HIGREEN.NS,HIGREEN,,
HIKAL,HIKALLIMITED,INE475B01022,BE,HIKAL.NS,HIKAL,HIKAL,524735.0
HILINFRA,HIGHWAY INFRASTRUCTURE L,INE00RL01028,BE,HILINFRA.NS,HILINFRA,HILINFRA,544477.0
HILTON,HILTON METAL FORGING LTD,INE788H01017,BE,HILTON.NS,HILTON,HILTON,532847.0
HIMADCHEM,HIMADRI CHEMICALS AND IND,INE019C01026,EQ,HIMADCHEM.NS,HIMADCHEM,HSCL,500184.0
HIMATSEIDE,HIMATSIN SEIDE-DEPO SETT,INE049A01027,BE,HIMATSEIDE.NS,HIMATSEIDE,HIMATSEIDE,514043.0
HINDALCO,HINDALCO - DEPO. SETT,INE038A01020,BE,HINDALCO.NS,HINDALCO,HINDALCO,500440.0
HINDCOMPOS,HINDUSTAN COMPOSITES LTD,INE310C01029,BE,HINDCOMPOS.NS,HINDCOMPOS,HINDCOMPOS,509635.0
HINDCON,HINDCON CHEMICALS LIMITED,INE642Y01029,BE,HINDCON.NS,HINDCON,,
HINDCON,HINDCON CHEMICALS LIMITED,INE642Y01011,SM,HINDCON.NS,HINDCON,,
HINDCOPPER,HINDUSTAN COPPER LTD,INE531E01026,BE,HINDCOPPER.NS,HINDCOPPER,HINDCOPPER,513599.0
HINDIND,HIND INDUSTRIES-ROLL SETT,INE675B01019,BE,HINDIND.NS,HINDIND,,
HINDIND,HIND INDUSTRIES LTD,INE173501011,EQ,HINDIND.NS,HINDIND,,
HINDINDCHM,HINDUSTAN INDUSTRIAL CHEM,INE169201014,EQ,HINDINDCHM.NS,HINDINDCHM,,
HINDMOTORS,HINDUSTAN MOTORS LIMITED,INE253A01025,BE,HINDMOTORS.NS,HINDMOTORS,HINDMOTORS,500500.0
HINDNATGLS,HIND NATL GLASS & IND LTD,INE952A01022,BE,HINDNATGLS.NS,HINDNATGLS,,
HINDNITRO,HINDUSTAN NITROPROD GUJRA,INE169501017,EQ,HINDNITRO.NS,HINDNITRO,,
HINDOILEXP,HINDOILEXP,INE345A01011,BE,HINDOILEXP.NS,HINDOILEXP,HINDOILEXP,500186.0
HINDPETRO,HIND. PETROLEUM - DEP. RS,INE094A01015,BE,HINDPETRO.NS,HINDPETRO,HINDPETRO,500104.0
HINDPHOTO,HINDUSTAN PHOTO FILMS MFG,INE453901014,EQ,HINDPHOTO.NS,HINDPHOTO,,
HINDRECT,HIND RECTIFIERS LTD,INE553701017,EQ,HINDRECT.NS,HINDRECT,,
HINDSYNTEX,HIND SYNTEX LTD.,INE155B01012,BE,HINDSYNTEX.NS,HINDSYNTEX,,
HINDTINWRK,HINDUSTAN TIN WORKS LTD,INE554501010,EQ,HINDTINWRK.NS,HINDTINWRK,,
HINDUNILVR,HINDUSTAN UNILEVER LTD.,INE030A01027,BE,HINDUNILVR.NS,HINDUNILVR,HINDUNILVR,500696.0
HINDWAREAP,HINDWARE HME INOVATON LTD,INE05AN01011,BE,HINDWAREAP.NS,HINDWAREAP,HINDWAREAP,542905.0
HINDZINC,HINDUSTAN ZINC LIMITED,INE267A01025,BE,HINDZINC.NS,HINDZINC,HINDZINC,500188.0
HINPOWPLUS,HINDPOWERPLUS LTD,INE554A01018,BE,HINPOWPLUS.NS,HINPOWPLUS,,
HIRECT,HIND RECTIFIER LIMITED,INE835D01023,BE,HIRECT.NS,HIRECT,HIRECT,504036.0
HISARMETAL,HISAR METAL IND. LIMITED,INE598C01011,BE,HISARMETAL.NS,HISARMETAL,HISARMETAL,590018.0
HITECH,HI-TECH PIPES LIMITED,INE106T01017,SM,HITECH.NS,HITECH,,
HITECH,HI-TECH PIPES LIMITED,INE106T01025,BE,HITECH.NS,HITECH,HITECH,543411.0
HITECHCORP,HITECH CORPORATION LTD,INE120D01012,BE,HITECHCORP.NS,HITECHCORP,HITECHCORP,526217.0
HITECHGEAR,THE HI-TECH GEARS LIMITED,INE127B01011,BE,HITECHGEAR.NS,HITECHGEAR,HITECHGEAR,522073.0
HLEGLAS,HLE GLASCOAT LIMITED,INE461D01028,BE,HLEGLAS.NS,HLEGLAS,HLEGLAS,522215.0
HLVLTD,HLV LIMITED,INE102A01024,BE,HLVLTD.NS,HLVLTD,HLVLTD,500193.0
HMAAGRO,HMA AGRO INDUSTRIES LTD,INE0ECP01024,BE,HMAAGRO.NS,HMAAGRO,HMAAGRO,543929.0
HMT,HMT LTD -,INE262A01018,BE,HMT.NS,HMT,HMT,500191.0
HMVL,HINDUSTAN MEDIA VENT LTD,INE871K01015,BE,HMVL.NS,HMVL,HMVL,533217.0
HNDFDS,HINDUSTAN FOODS LIMITED,INE254N01026,BE,HNDFDS.NS,HNDFDS,HNDFDS,519126.0
HNGSNGBEES,NIP IND ETF HANGSENG BEES,INF204KB19I1,EQ,HNGSNGBEES.NS,HNGSNGBEES,HNGSNGBEES,590113.0
HOACFOODS,HOAC FOODS INDIA LIMITED,INE0S6S01017,SM,HOACFOODS.NS,HOACFOODS,,
HOGANAS,HOGANAS INDIA LTD,INE132A01013,BE,HOGANAS.NS,HOGANAS,,
HOLMARC,HOLMARC OPTO MECHATRO L,INE0LXA01019,SM,HOLMARC.NS,HOLMARC,,
HOMEFIRST,HOME FIRST FIN CO IND LTD,INE481N01025,BE,HOMEFIRST.NS,HOMEFIRST,HOMEFIRST,543259.0
HOMESFY,HOMESFY REALTY LIMITED,INE0N7F01017,SM,HOMESFY.NS,HOMESFY,,
HONASA,HONASA CONSUMER LIMITED,INE0J5401028,BE,HONASA.NS,HONASA,HONASA,544014.0
HONAUT,HONEYWELL AUTOMATION IND,INE671A01010,BE,HONAUT.NS,HONAUT,HONAUT,517174.0
HONDAPOWER,HONDA I POWER PRODUCT LTD,INE634A01018,BE,HONDAPOWER.NS,HONDAPOWER,HONDAPOWER,522064.0
HOTLINGLAS,HOTLINEGLASSLTD,INE676B01017,BE,HOTLINGLAS.NS,HOTLINGLAS,,
HPAL,HP ADHESIVES LIMITED,INE0GSL01024,BE,HPAL.NS,HPAL,HPAL,543433.0
HPIL,HINDPRAKASH INDUSTRY LTD,INE05X901010,BE,HPIL.NS,HPIL,,
HPL,HPL ELECTRIC & POWER LTD,INE495S01016,BE,HPL.NS,HPL,HPL,540136.0
HPTL,HP TELECOM INDIA LIMITED,INE0VA601019,SM,HPTL.NS,HPTL,,
HRHNEXT,HRH NEXT SERVICES LIMITED,INE0R3501012,SM,HRHNEXT.NS,HRHNEXT,,
HTMEDIA,HT MEDIA LIMITED,INE501G01024,BE,HTMEDIA.NS,HTMEDIA,HTMEDIA,532662.0
HUBTOWN,HUBTOWN LIMITED,INE703H01016,BE,HUBTOWN.NS,HUBTOWN,HUBTOWN,532799.0
HUDCO,HSG & URBAN DEV CORPN LTD,INE031A01017,BE,HUDCO.NS,HUDCO,HUDCO,540530.0
HUHTAMAKI,HUHTAMAKI INDIA LIMITED,INE275B01026,BE,HUHTAMAKI.NS,HUHTAMAKI,HUHTAMAKI,509820.0
HUSYSLTD,HUSYS CONSULTING LTD.,INE336T01010,SM,HUSYSLTD.NS,HUSYSLTD,,
HVAX,HVAX TECHNOLOGIES LIMITED,INE0TO501019,SM,HVAX.NS,HVAX,,
HYBRIDFIN,HYBRID FINANCIAL SERVICE,INE965B01022,BE,HYBRIDFIN.NS,HYBRIDFIN,HYBRIDFIN,500262.0
HYTSNMAGNT,HYTAISUN MAGNETICS LTD.,INE165301016,EQ,HYTSNMAGNT.NS,HYTSNMAGNT,,
HYUNDAI,HYUNDAI MOTOR INDIA LTD,INE0V6F01027,BE,HYUNDAI.NS,HYUNDAI,HYUNDAI,544274.0
IBLFL,IBL FINANCE LIMITED,INE0O7401018,SM,IBLFL.NS,IBLFL,,
IBMFNIFTY,IBULLSAMC - IBMFNIFTY,INF666M01FS5,EQ,IBMFNIFTY.NS,IBMFNIFTY,,
ICDSLTD,ICDSLTD,INE613B01010,BE,ICDSLTD.NS,ICDSLTD,,
ICEMAKE,ICE MAKE REFRIGERAT LTD,INE520Y01019,BE,ICEMAKE.NS,ICEMAKE,,
ICICIB22,ICICIPRAMC - BHARATIWIN,INF109KB15Y7,EQ,ICICIB22.NS,ICICIB22,ICICIB22,540787.0
ICICIBANK,ICICI BANK LTD DEPO SETT,INE090A01021,BE,ICICIBANK.NS,ICICIBANK,ICICIBANK,532174.0
ICICIGI,ICICI LOMBARD GIC LIMITED,INE765G01017,BE,ICICIGI.NS,ICICIGI,ICICIGI,540716.0
ICICIPRULI,ICICI PRU LIFE INS CO LTD,INE726G01019,BE,ICICIPRULI.NS,ICICIPRULI,ICICIPRULI,540133.0
ICIL,INDO COUNT INDUSTRIES LTD,INE483B01026,BE,ICIL.NS,ICIL,ICIL,521016.0
ICRA,ICRA LIMITED,INE725G01011,BE,ICRA.NS,ICRA,ICRA,532835.0
ICSA,ICSA (INDIA) LIMITED,INE306B01029,BE,ICSA.NS,ICSA,,
IDBI,IDBI BANK LIMITED,INE008A01015,BE,IDBI.NS,IDBI,IDBI,500116.0
IDEA,VODAFONE IDEA LIMITED,INE669E01016,BE,IDEA.NS,IDEA,IDEA,532822.0
IDEAFORGE,IDEAFORGE TECHNO LTD,INE349Y01013,BE,IDEAFORGE.NS,IDEAFORGE,IDEAFORGE,543932.0
IDEALTECHO,IDEAL TECHNOPLAST IND LTD,INE0T9I01011,SM,IDEALTECHO.NS,IDEALTECHO,,
IDENTICAL,IDENTICAL BRAINS STUDIO L,INE0TD101011,SM,IDENTICAL.NS,IDENTICAL,,
IDFC,IDFC LIMITED,INE043D01016,BE,IDFC.NS,IDFC,,
IDFCFIRSTB,IDFC FIRST BANK LIMITED,INE092T01019,BE,IDFCFIRSTB.NS,IDFCFIRSTB,IDFCFIRSTB,539437.0
IDFNIFTYET,BANDHANAMC - IDFNIFTYET,INF194KA1U07,EQ,IDFNIFTYET.NS,IDFNIFTYET,,
IDLCHEM,IDL INDUSTRIES LTD,INE077F01027,EQ,IDLCHEM.NS,IDLCHEM,,
IEL,INDIABULLS ENT LTD,INE059901020,BE,IEL.NS,IEL,IEL,543715.0
IEML,INDIAN EMULSIFIERS LTD,INE0RRU01016,SM,IEML.NS,IEML,,
IEX,INDIAN ENERGY EXC LTD,INE022Q01020,BE,IEX.NS,IEX,IEX,540750.0
IFBAGRO,IFB AGRO INDUSTRIES LTD,INE076C01018,BE,IFBAGRO.NS,IFBAGRO,IFBAGRO,507438.0
IFBIND,IFB INDUSTRIES LTD,INE559A01017,BE,IFBIND.NS,IFBIND,IFBIND,505726.0
IFBVENTUR,IFB VENTURE CAPITAL LTD,INE455201017,EQ,IFBVENTUR.NS,IFBVENTUR,,
IFCI,IFCI-DEPO SETT.,INE039A01010,BE,IFCI.NS,IFCI,IFCI,500106.0
IFGLEXPOR,IFGL REFRACTORIES LIMITED,INE133Y01011,BE,IFGLEXPOR.NS,IFGLEXPOR,IFGLEXPOR,540774.0
IGARASHI,IGARASHI MOTORS INDIA LTD,INE188B01013,BE,IGARASHI.NS,IGARASHI,IGARASHI,517380.0
IGCL,INDOGULF CROPSCIENCES LTD,INE05J901018,BE,IGCL.NS,IGCL,IGCL,544432.0
IGGIRESORT,IGGI RESORTS INTL LTD,INE166601018,EQ,IGGIRESORT.NS,IGGIRESORT,,
IGIL,INTERNATIO GEMM INS (I) L,INE0Q9301021,BE,IGIL.NS,IGIL,IGIL,544311.0
IGL,INDRAPRASTHA GAS LTD,INE203G01027,BE,IGL.NS,IGL,IGL,532514.0
IGPL,I G PETROCHEMICALS LTD,INE204A01010,BE,IGPL.NS,IGPL,IGPL,500199.0
IIFL,IIFL FINANCE LIMITED,INE530B01024,BE,IIFL.NS,IIFL,IIFL,532636.0
IIFLCAPS,IIFL CAPITAL SERVICES LTD,INE489L01022,BE,IIFLCAPS.NS,IIFLCAPS,IIFLCAPS,542773.0
IITL,INDUSTRIAL INV TRUST LTD,INE886A01014,BE,IITL.NS,IITL,IITL,501295.0
IKIO,IKIO TECHNOLOGIES LIMITED,INE0LOJ01019,BE,IKIO.NS,IKIO,IKIO,543923.0
IKS,INVENTURUS KNOWLEDGE SO L,INE115Q01022,BE,IKS.NS,IKS,IKS,544309.0
ILFSENGG,IL&FS ENG AND CONS CO LTD,INE369I01014,BE,ILFSENGG.NS,IL&FSENGG,IL&FSENGG,532907.0
ILFSTRANS,IL&FS TRANS NET LTD,INE975G01012,BE,ILFSTRANS.NS,IL&FSTRANS,IL&FSTRANS,533177.0
IMAGICAA,IMAGICAAWORLD ENT LTD,INE172N01012,BE,IMAGICAA.NS,IMAGICAA,IMAGICAA,539056.0
IMFA,INDIAN METALS & FERRO,INE919H01018,BE,IMFA.NS,IMFA,IMFA,533047.0
IMPAL,IND MOTOR PART & ACC LTD,INE547E01014,BE,IMPAL.NS,IMPAL,IMPAL,590065.0
IMPEXFERRO,IMPEX FERRO TECH LIMITED,INE691G01015,BE,IMPEXFERRO.NS,IMPEXFERRO,IMPEXFERRO,532614.0
INCREDIBLE,INCREDIBLE INDUSTRIES LTD,INE452L01012,BE,INCREDIBLE.NS,INCREDIBLE,INCREDIBLE,538365.0
INDAIRYSPE,INDIANA DAIRY SPEC. LTD,INE158101019,EQ,INDAIRYSPE.NS,INDAIRYSPE,,
INDAL,INDIAN ALUMINIUM CO LTD.,INE249A01015,BE,INDAL.NS,INDAL,,
INDBANK,INDBANK MERCH BANK,INE841B01017,BE,INDBANK.NS,INDBANK,INDBANK,511473.0
INDBIOFOOD,INDO BIOTECH FOODS LTD.,INE159001010,EQ,INDBIOFOOD.NS,INDBIOFOOD,,
INDGN,INDEGENE LIMITED,INE065X01017,BE,INDGN.NS,INDGN,INDGN,544172.0
INDHOTEL,THE INDIAN HOTELS CO. LTD,INE053A01029,BE,INDHOTEL.NS,INDHOTEL,INDHOTEL,500850.0
INDIACEM,THE INDIA CEMENTS LIMITED,INE383A01012,BE,INDIACEM.NS,INDIACEM,INDIACEM,530005.0
INDIAGLYCO,INDIA GLYCOLS LTD,INE560A01023,BE,INDIAGLYCO.NS,INDIAGLYCO,INDIAGLYCO,500201.0
INDIALEASE,INDIA LEASE DEVELOPMENT L,INE162101013,EQ,INDIALEASE.NS,INDIALEASE,,
INDIAMART,INDIAMART INTERMESH LTD,INE933S01016,BE,INDIAMART.NS,INDIAMART,INDIAMART,542726.0
INDIANACRY,INDIANACRYLICS-ROLL SETT,INE862B01013,BE,INDIANACRY.NS,INDIANACRY,INDIANACRY,514165.0
INDIANB,INDIAN BANK,INE562A01011,BE,INDIANB.NS,INDIANB,INDIANB,532814.0
INDIANCARD,INDIAN CARD,INE061A01014,BE,INDIANCARD.NS,INDIANCARD,INDIANCARD,509692.0
INDIANHUME,INDIAN HUME PIPE CO. LTD.,INE323C01030,BE,INDIANHUME.NS,INDIANHUME,INDIANHUME,504741.0
INDIANORG,INDIAN ORG CHEM LTD,INE564A01017,BE,INDIANORG.NS,INDIANORG,,
INDIAPHOTO,INDIAPHOTO - DEP SETT,INE377A01014,BE,INDIAPHOTO.NS,INDIAPHOTO,,
INDIASEC,INDIA SECURITIES -DEP SET,INE134A01019,BE,INDIASEC.NS,INDIASEC,,
INDIASHLTR,INDIA SHELTER FIN CORP L,INE922K01024,BE,INDIASHLTR.NS,INDIASHLTR,INDIASHLTR,544044.0
INDIFRA,INDIFRA LIMITED,INE0PS301014,SM,INDIFRA.NS,INDIFRA,,
INDIGO,INTERGLOBE AVIATION LTD,INE646L01027,BE,INDIGO.NS,INDIGO,INDIGO,539448.0
INDIGOPNTS,INDIGO PAINTS LIMITED,INE09VQ01012,BE,INDIGOPNTS.NS,INDIGOPNTS,INDIGOPNTS,543258.0
INDIQUBE,INDIQUBE SPACES LIMITED,INE06ST01018,BE,INDIQUBE.NS,INDIQUBE,INDIQUBE,544454.0
INDLMETER,IMP POWERS LTD,INE065B01013,BE,INDLMETER.NS,INDLMETER,,
INDNIPPON,INDIANIPPONELECT,INE092B01025,BE,INDNIPPON.NS,INDNIPPON,INDNIPPON,532240.0
INDO-RE1,INDOWIND ENERGY LIMITED,INE227G20026,BE,INDO-RE1.NS,INDO-RE1,,
INDOAMIN,INDO AMINES LIMITED,INE760F01028,BE,INDOAMIN.NS,INDOAMIN,INDOAMIN,524648.0
INDOASAHI,INDO ASAHI GLASS CO LTD,INE158701016,EQ,INDOASAHI.NS,INDOASAHI,,
INDOBORAX,INDO BORAX & CHEMICAL LTD,INE803D01021,BE,INDOBORAX.NS,INDOBORAX,INDOBORAX,524342.0
INDOCO,INDOCO REMEDIES LTD.,INE873D01024,BE,INDOCO.NS,INDOCO,INDOCO,532612.0
INDOCOUNT,INDO COUNT INDS-,INE483B01018,BE,INDOCOUNT.NS,INDOCOUNT,,
INDOFARM,INDO FARM EQUIPMENT LTD,INE622H01018,BE,INDOFARM.NS,INDOFARM,INDOFARM,544328.0
INDOFREBIO,INDO-FRENCH BIOTECH ENTER,INE159701015,EQ,INDOFREBIO.NS,INDOFREBIO,,
INDOGULF,INDO GULF CORP-DEPO SETT,INE022A01016,BE,INDOGULF.NS,INDOGULF,,
INDOMATAPP,INDO MATSUSHITA APP LTD,INE160401019,EQ,INDOMATAPP.NS,INDOMATAPP,,
INDORAMA,INDO RAMA SYNTHETICS LTD,INE156A01020,BE,INDORAMA.NS,INDORAMA,INDORAMA,500207.0
INDORAMSYN,INDO RAMA SYNT. DEP RS,INE156A01012,BE,INDORAMSYN.NS,INDORAMSYN,,
INDOSTAR,INDOSTAR CAPITAL FIN LTD,INE896L01010,BE,INDOSTAR.NS,INDOSTAR,INDOSTAR,541336.0
INDOTECH,INDO TECH TRANSFORM LTD.,INE332H01014,BE,INDOTECH.NS,INDOTECH,INDOTECH,532717.0
INDOTHAI,INDO THAI SEC LTD,INE337M01021,BE,INDOTHAI.NS,INDOTHAI,INDOTHAI,533676.0
INDOUS,INDO US BIOTECH LTD,INE250Z01010,BE,INDOUS.NS,INDOUS,INDOUS,541304.0
INDOWIND,INDOWIND ENERGY LTD,INE227G01018,BE,INDOWIND.NS,INDOWIND,INDOWIND,532894.0
INDOZINC,INDO ZINC LTD,INE160901018,EQ,INDOZINC.NS,INDOZINC,,
INDRAMEDCO,INDRAPRASTHA MED-ROLLSETT,INE681B01017,BE,INDRAMEDCO.NS,INDRAMEDCO,INDRAMEDCO,532150.0
INDRATNA,IND RATNA,INE457501018,EQ,INDRATNA.NS,INDRATNA,,
INDSEAMFIN,INDIAN SEAMLESS FIN SERV,INE164101011,EQ,INDSEAMFIN.NS,INDSEAMFIN,,
INDSTMSHIP,INDIA STEAMSHIP CO LTD.,INE162601012,EQ,INDSTMSHIP.NS,INDSTMSHIP,,
INDSWFTLAB,IND SWIFT LABORATORIES LT,INE915B01019,BE,INDSWFTLAB.NS,INDSWFTLAB,INDSWFTLAB,532305.0
INDSWFTLTD,IND-SWIFT LIMITED,INE788B01028,BE,INDSWFTLTD.NS,INDSWFTLTD,,
INDTERRAIN,IND TERRAIN FASHIONS LTD,INE611L01021,BE,INDTERRAIN.NS,INDTERRAIN,INDTERRAIN,533329.0
INDTRADECO,IND TRA DECO LTD,INE455501010,EQ,INDTRADECO.NS,INDTRADECO,,
INDUNISSAN,INDU NISSAN OXO CHEM IND.,INE155401016,EQ,INDUNISSAN.NS,INDUNISSAN,,
INDUSFILA,INDUSFILALIMITED,INE025I01012,BE,INDUSFILA.NS,INDUSFILA,,
INDUSINDBK,INDUSIND DEPO SETT,INE095A01012,BE,INDUSINDBK.NS,INDUSINDBK,INDUSINDBK,532187.0
INDUSTOWER,INDUS TOWERS LIMITED,INE121J01017,BE,INDUSTOWER.NS,INDUSTOWER,INDUSTOWER,534816.0
INDYESTUF,IDI LIMITED-DEPO,INE888A01010,BE,INDYESTUF.NS,INDYESTUF,,
INERTIAIND,INERTIA INDUSTRIES LTD.,INE155901015,EQ,INERTIAIND.NS,INERTIAIND,,
INFARINDIA,INFARINDIALTD,INE568A01018,BE,INFARINDIA.NS,INFARINDIA,,
INFIBEAM,INFIBEAM AVENUES LIMITED,INE483S01020,BE,INFIBEAM.NS,INFIBEAM,INFIBEAM,539807.0
INFINIUM,INFINIUM PHARMACHEM LTD,INE0MRE01011,SM,INFINIUM.NS,INFINIUM,,
INFLUX,INFLUX HEALTHTECH LIMITED,INE0MYZ01012,SM,INFLUX.NS,INFLUX,,
INFOBEAN,INFOBEANS TECHNO. LTD.,INE344S01016,BE,INFOBEAN.NS,INFOBEAN,INFOBEAN,543644.0
INFOLLION,INFOLLION RESEARCH SER L,INE0NNZ01013,SM,INFOLLION.NS,INFOLLION,,
INFOMEDIA,INFOMEDIA PRESS LIMITED,INE669A01022,BE,INFOMEDIA.NS,INFOMEDIA,INFOMEDIA,509069.0
INFRABEES,NIP IND ETF INFRA BEES,INF732E01268,EQ,INFRABEES.NS,INFRABEES,INFRABEES,543255.0
INFRAIETF,ICICIPRAMC - ICICIINFRA,INF109KC16E5,EQ,INFRAIETF.NS,INFRAIETF,INFRAIETF,543571.0
INFY,INFOSYS LIMITED,INE009A01021,BE,INFY.NS,INFY,INFY,500209.0
INGERRAND,INGERSOLL-RAND DEPO-SETT.,INE177A01018,BE,INGERRAND.NS,INGERRAND,INGERRAND,500210.0
INM,INTERIORS & MORE LIMITED,INE0OPC01015,SM,INM.NS,INM,,
INNOMET,INNOMET ADVANCED MATERI L,INE0S1D01010,SM,INNOMET.NS,INNOMET,,
INNOVACAP,INNOVA CAPTAB LIMITED,INE0DUT01020,BE,INNOVACAP.NS,INNOVACAP,INNOVACAP,544067.0
INNOVANA,INNOVANA THINKLABS LTD,INE403Y01018,BE,INNOVANA.NS,INNOVANA,INNOVANA,544302.0
INNOVATIVE,INNOVATIVE TYRES & TUBES,INE070Y01015,SM,INNOVATIVE.NS,INNOVATIVE,,
INOVATMARN,INNOVATIVE MARINE FOODS L,INE156701018,EQ,INOVATMARN.NS,INOVATMARN,,
INOXGREEN,INOX GREEN ENERGY SER LTD,INE510W01014,BE,INOXGREEN.NS,INOXGREEN,INOXGREEN,543667.0
INOXINDIA,INOX INDIA LIMITED,INE616N01034,BE,INOXINDIA.NS,INOXINDIA,INOXINDIA,544046.0
INOXLEISUR,INOX LEISURE LIMITED,INE312H01016,BE,INOXLEISUR.NS,INOXLEISUR,,
INOXWIND,INOX WIND LIMITED,INE066P01011,BE,INOXWIND.NS,INOXWIND,INOXWIND,539083.0
INSECTICID,INSECTICIDES (I) LTD,INE070I01018,BE,INSECTICID.NS,INSECTICID,INSECTICID,532851.0
INSILCO,INSILCO LIMITED DEPO,INE901A01011,BE,INSILCO.NS,INSILCO,,
INSPIRE,INSPIRE FILMS LIMITED,INE0NDX01019,SM,INSPIRE.NS,INSPIRE,,
INSPIRISYS,INSPIRISYS SOLUTIONS LTD,INE020G01017,BE,INSPIRISYS.NS,INSPIRISYS,INSPIRISYS,532774.0
INTCOMTECH,ICES SOFTWARE LTD.,INE152901018,EQ,INTCOMTECH.NS,INTCOMTECH,,
INTEGRFIN,INTEGRATED FINANCE LTD.,INE157801015,EQ,INTEGRFIN.NS,INTEGRFIN,,
INTEGRITY,INTEGRITY INFRABUILD DE L,INE0YSH01017,SM,INTEGRITY.NS,INTEGRITY,,
INTELLECT,INTELLECT DESIGN ARENA,INE306R01017,BE,INTELLECT.NS,INTELLECT,INTELLECT,538835.0
INTENTECH,INTENSE TECHNOLOGIES LTD,INE781A01025,BE,INTENTECH.NS,INTENTECH,INTENTECH,532326.0
INTERARCH,INTERARCH BLDNG SOLTN LTD,INE00M901018,BE,INTERARCH.NS,INTERARCH,INTERARCH,544232.0
INTERNET,MIRAEAMC - INTERNET,INF769K01PB6,EQ,INTERNET.NS,INTERNET,INTERNET,544438.0
INTLCONV,INTL CONVEYORS LIMITED,INE575C01027,BE,INTLCONV.NS,INTLCONV,INTLCONV,509709.0
INTLTRAVHS,INTL TRAVEL HOUSE,INE262B01016,BE,INTLTRAVHS.NS,INTLTRAVHS,ITHL,500213.0
INVELTRANS,GKN DRIVESHAFTS(I)LTD,INE527A01014,BE,INVELTRANS.NS,INVELTRANS,,
INVENTURE,INVENTURE GRO & SEC LTD,INE878H01024,BE,INVENTURE.NS,INVENTURE,INVENTURE,533506.0
IOB,IOB,INE565A01014,BE,IOB.NS,IOB,IOB,532388.0
IOC,INDIAN OIL CORPLTD-DEP SE,INE242A01010,BE,IOC.NS,IOC,IOC,530965.0
IOLCP,IOL CHEM AND PHARMA LTD,INE485C01029,BE,IOLCP.NS,IOLCP,IOLCP,524164.0
IONEXCHANG,ION EXCHANGE (INDIA) LTD,INE570A01022,BE,IONEXCHANG.NS,IONEXCHANG,IONEXCHANG,500214.0
IPCALAB,IPCA LABS LTD,INE571A01038,BE,IPCALAB.NS,IPCALAB,IPCALAB,524494.0
IPHL,INDIAN PHOSPHATE LIMITED,INE0DHF01018,SM,IPHL.NS,IPHL,,
IPL,INDIA PESTICIDES LIMITED,INE0D6701023,BE,IPL.NS,IPL,IPL,543311.0
IPRINGS,IP RINGS LTD,INE558A01019,BE,IPRINGS.NS,IPRINGS,IPRINGLTD,523638.0
IPSL,INTEGRATED PERSO SER LTD,INE02EE01019,SM,IPSL.NS,IPSL,,
IRB,IRB INFRA DEV LTD.,INE821I01022,BE,IRB.NS,IRB,IRB,532947.0
IRCON,IRCON INTERNATIONAL LTD,INE962Y01021,BE,IRCON.NS,IRCON,IRCON,541956.0
IRCTC,INDIAN RAIL TOUR CORP LTD,INE335Y01020,BE,IRCTC.NS,IRCTC,IRCTC,542830.0
IREDA,INDIAN RENEWABLE ENERGY,INE202E01016,BE,IREDA.NS,IREDA,IREDA,544026.0
IRFC,INDIAN RAILWAY FIN CORP L,INE053F01010,BE,IRFC.NS,IRFC,IRFC,543257.0
IRIS,IRIS BUSINESS SERV LTD,INE864K01010,BE,IRIS.NS,IRIS,IRIS,540735.0
IRISDOREME,IRIS CLOTHINGS LIMITED,INE01GN01025,BE,IRISDOREME.NS,IRISDOREME,,
IRISDOREME,IRIS CLOTHINGS LIMITED,INE01GN01017,SM,IRISDOREME.NS,IRISDOREME,,
IRMENERGY,IRM ENERGY LIMITED,INE07U701015,BE,IRMENERGY.NS,IRMENERGY,IRMENERGY,544004.0
ISEC,ICICI SECURITIES LIMITED,INE763G01038,BE,ISEC.NS,ISEC,,
ISFT,INTRASOFT TECH. LTD,INE566K01011,BE,ISFT.NS,ISFT,ISFT,533181.0
ISGEC,ISGEC HEAVY ENG LTD,INE858B01029,BE,ISGEC.NS,ISGEC,ISGEC,533033.0
ISHAN,ISHAN INTERNATIONAL LTD,INE0LCW01025,SM,ISHAN.NS,ISHAN,,
ISHANCH,ISHAN DYES N CHEMICALS L,INE561M01018,BE,ISHANCH.NS,ISHANCH,ISHANCH,531109.0
ISIBARS,ISIBARS,INE072A01011,BE,ISIBARS.NS,ISIBARS,,
ISMTLTD,ISMT LIMITED,INE732F01019,BE,ISMTLTD.NS,ISMTLTD,,
ISPATALLOY,ISPAT ALLOY LTD-DEP SETT,INE135A01016,BE,ISPATALLOY.NS,ISPATALLOY,,
ISPATALLOY,ISPAT ALLOYS LTD,INE458501017,EQ,ISPATALLOY.NS,ISPATALLOY,,
ISSAL,INDIANSEAMLESS-ROLLSETT,INE879C01015,BE,ISSAL.NS,ISSAL,,
ISWARMEDIC,ISHWAR MEDICAL SERVICES L,INE458401010,EQ,ISWARMEDIC.NS,ISWARMEDIC,,
IT,KOTAKMAMC - KOTAKIT,INF174KA1GC5,EQ,IT.NS,IT,,
ITALIANE,ITALIAN EDIBLES LIMITED,INE0R7R01018,SM,ITALIANE.NS,ITALIANE,,
ITBEES,NIP IND ETF IT,INF204KB15V2,EQ,ITBEES.NS,ITBEES,ITBEES,590141.0
ITC,ITC LTD-DEP SETT,INE154A01025,BE,ITC.NS,ITC,ITC,500875.0
ITCHOTELS,ITC HOTELS LIMITED,INE379A01028,BE,ITCHOTELS.NS,ITCHOTELS,ITCHOTELS,544325.0
ITDC,INDIA TOUR. DEV. CO. LTD.,INE353K01014,BE,ITDC.NS,ITDC,ITDC,532189.0
ITETF,MIRAEAMC - ITETF,INF769K01KV5,EQ,ITETF.NS,ITETF,ITETF,544006.0
ITETFADD,DSPAMC - DSPITETF,INF740KA1SX1,EQ,ITETFADD.NS,ITETFADD,ITETFADD,543935.0
ITI,ITI LTD,INE248A01017,BE,ITI.NS,ITI,ITI,523610.0
ITIETF,ICICIPRAMC - ICICITECH,INF109KC16I6,EQ,ITIETF.NS,ITIETF,ITIETF,543221.0
ITTL,INNOVATIVE TYRE & TUBE LT,INE070Y01023,SM,ITTL.NS,ITTL,,
ITWSIGNODE,ITW SIGNODE LTD-DEP SETT,INE240A01014,BE,ITWSIGNODE.NS,ITWSIGNODE,,
IVALUE,IVALUE INFOSOLUTIONS LTD,INE056801025,BE,IVALUE.NS,IVALUE,IVALUE,544523.0
IVC,IL&FS INVESTMENT MANAGERS,INE050B01023,BE,IVC.NS,IVC,IVC,511208.0
IVP,IVP LIMITED,INE043C01018,BE,IVP.NS,IVP,IVP,507580.0
IVRCLINFRA,IVRCL LIMITED,INE875A01025,BE,IVRCLINFRA.NS,IVRCLINFRA,,
IVZINGOLD,INVESCO INDIA GOLD ETF,INF205K01361,EQ,IVZINGOLD.NS,IVZINGOLD,IVZINGOLD,533172.0
IVZINNIFTY,INVESCO INDIA NIFTY ETF,INF205K01DA9,EQ,IVZINNIFTY.NS,IVZINNIFTY,,
IWARE,IWARE SUPPLYCHAIN SER LTD,INE1AII01014,SM,IWARE.NS,IWARE,,
IWEL,INOX WIND ENERGY LIMITED,INE0FLR01028,BE,IWEL.NS,IWEL,,
IXIGO,LE TRAVENUES TECHNOLOGY L,INE0HV901016,BE,IXIGO.NS,IXIGO,IXIGO,544192.0
IZMO,IZMO LIMITED,INE848A01014,BE,IZMO.NS,IZMO,IZMO,532341.0
JAGAJITIND,JAGAJITINDUS-ROLL SETT,INE574A01016,BE,JAGAJITIND.NS,JAGAJITIND,JAGAJITIND,507155.0
JAGRAN,JAGRAN PRAKASHAN LIMITED,INE199G01027,BE,JAGRAN.NS,JAGRAN,JAGRAN,532705.0
JAGSNPHARM,JAGSONPAL PHARMA,INE048B01035,BE,JAGSNPHARM.NS,JAGSNPHARM,JAGSNPHARM,507789.0
JAIBALAJI,JAI BALAJI INDUSTRIES LTD,INE091G01026,BE,JAIBALAJI.NS,JAIBALAJI,JAIBALAJI,532976.0
JAICORPLTD,JAI CORP LIMITED,INE070D01027,BE,JAICORPLTD.NS,JAICORPLTD,JAICORPLTD,512237.0
JAIHINDPRO,JAIHIND PROJECTS LTD,INE343D01010,BE,JAIHINDPRO.NS,JAIHINDPRO,,
JAINAM,JAINAM FER ALLOYS (I) LTD,INE02KC01010,SM,JAINAM.NS,JAINAM,,
JAINIK,JAINIK POWER CABLES LTD,INE0XIL01012,SM,JAINIK.NS,JAINIK,,
JAINPLAST,JAIN PLASTICS & CHEM LTD,INE145901018,EQ,JAINPLAST.NS,JAINPLAST,,
JAINREC,JAIN RESOURCE RECYCLING L,INE0YD401026,BE,JAINREC.NS,JAINREC,,
JAINSTUDIO,JAIN STUDIOS LIMITED,INE486B01011,BE,JAINSTUDIO.NS,JAINSTUDIO,,
JAIPARBOLI,JAIPARABOLIC-ROLL SETT,INE686B01016,BE,JAIPARBOLI.NS,JAIPARBOLI,,
JAIPURKURT,NANDANI CREATION LIMITED,INE696V01013,BE,JAIPURKURT.NS,JAIPURKURT,,
JAKHARIA,JAKHARIA FABRIC LIMITED,INE00N401018,SM,JAKHARIA.NS,JAKHARIA,,
JALAN,JALAN TRANSOLU. INDIA LTD,INE349X01015,SM,JALAN.NS,JALAN,,
JALANFORG,JALAN FORGINGS LTD,INE146501015,EQ,JALANFORG.NS,JALANFORG,,
JAMNAAUTO,JAMNA AUTO IND LTD,INE039C01032,BE,JAMNAAUTO.NS,JAMNAAUTO,JAMNAAUTO,520051.0
JAMNAUTO,JAMNA AUTO IND LTD,INE147001015,EQ,JAMNAUTO.NS,JAMNAUTO,,
JARO,JARO INS OF TEC MG N RE L,INE00YJ01010,BE,JARO.NS,JARO,JARO,544534.0
JASCHIND,JASCH INDUSTRIES LTD,INE147601012,EQ,JASCHIND.NS,JASCHIND,,
JASH,JASH ENGINEERING LIMITED,INE039O01011,SM,JASH.NS,JASH,,
JASH,JASH ENGINEERING LIMITED,INE039O01029,BE,JASH.NS,JASH,JASH,544402.0
JASWALGRAN,JASWAL GRANITES LTD,INE147801018,EQ,JASWALGRAN.NS,JASWALGRAN,,
JAYAGROGN,JAYAGROGN -,INE785A01026,BE,JAYAGROGN.NS,JAYAGROGN,JAYAGROGN,524330.0
JAYBARMARU,JAYBHARATMARU-,INE571B01036,BE,JAYBARMARU.NS,JAYBARMARU,JAYBARMARU,520066.0
JAYBEE,JAY BEE LAMINATIONS LTD,INE0SMY01017,SM,JAYBEE.NS,JAYBEE,,
JAYBUSMAC,JAYANTI BUSINESS MACHINES,INE142501019,EQ,JAYBUSMAC.NS,JAYBUSMAC,,
JAYDYSTUF,JAYSYNTH DYESTUFF (I) LTD,INE142901011,EQ,JAYDYSTUF.NS,JAYDYSTUF,,
JAYNECOIND,JAYASWAL NECO INDUSTR LTD,INE854B01010,BE,JAYNECOIND.NS,JAYNECOIND,JAYNECOIND,522285.0
JAYSREETEA,JAYSREETEA - DEPO SETT,INE364A01020,BE,JAYSREETEA.NS,JAYSREETEA,JAYSREETEA,509715.0
JBCHEPHARM,JBCHEPHARM,INE572A01036,BE,JBCHEPHARM.NS,JBCHEPHARM,JBCHEPHARM,506943.0
JBFIND,JBF INDUS LTD -DEP-LS ML,INE187A01017,BE,JBFIND.NS,JBFIND,,
JBMA,JBM AUTO LIMITED,INE927D01051,BE,JBMA.NS,JBMA,JBMA,532605.0
JCHAC,JOHNSON CONTROLS HITACHI,INE782A01015,BE,JCHAC.NS,JCHAC,JCHAC,523398.0
JCT,JCT LTD-DEPO,INE945A01018,BE,JCT.NS,JCT,,
JERSY,JERSY INDIA LTD,INE143501018,EQ,JERSY.NS,JERSY,,
JETAIRWAYS,JET AIRWAYS (INDIA) LTD.,INE802G01018,BE,JETAIRWAYS.NS,JETAIRWAYS,,
JETFREIGHT,JET FREIGHT LOGISTICS LTD,INE982V01025,BE,JETFREIGHT.NS,JETFREIGHT,JETFREIGHT,543420.0
JETFREIGHT,JET FREIGHT LOGISTICS LTD,INE982V01017,SM,JETFREIGHT.NS,JETFREIGHT,,
JETKNIT,JET KNITWEARS LTD.,INE564T01017,SM,JETKNIT.NS,JETKNIT,,
JEYYAM,JEYYAM GLOBAL FOODS LTD,INE0RXB01022,SM,JEYYAM.NS,JEYYAM,,
JFLABS,JFLABORATORIES-ROLL SETT,INE226C01019,BE,JFLABS.NS,JFLABS,,
JFLLIFE,JFL LIFE SCIENCES LIMITED,INE0LA901015,SM,JFLLIFE.NS,JFLLIFE,,
JGCHEM,J.G.CHEMICALS LIMITED,INE0MB501011,BE,JGCHEM.NS,JGCHEM,JGCHEM,544138.0
JHS,JHS SVEND. LAB. LTD,INE544H01014,BE,JHS.NS,JHS,JHS,532771.0
JIKIND,JIK INDUSTRIES LTD,INE026B01049,BE,JIKIND.NS,JIKIND,,
JINDALDRUG,JINDAL DRUGS LTD,INE459101015,EQ,JINDALDRUG.NS,JINDALDRUG,,
JINDALPHOT,JINDAL PHOTO LIMITED,INE796G01012,BE,JINDALPHOT.NS,JINDALPHOT,JINDALPHOT,532624.0
JINDALPOLY,JINDAL POLY FILMS LIMITED,INE197D01010,BE,JINDALPOLY.NS,JINDALPOLY,JINDALPOLY,500227.0
JINDALSAW,JINDAL SAW LIMITED,INE324A01032,BE,JINDALSAW.NS,JINDALSAW,JINDALSAW,500378.0
JINDALSTEL,JINDAL STEEL LIMITED,INE749A01030,BE,JINDALSTEL.NS,JINDALSTEL,JINDALSTEL,532286.0
JINDCOT,JINDAL COTEX LTD,INE904J01016,BE,JINDCOT.NS,JINDCOT,,
JINDRILL,JINDAL DRILLING IND. LTD,INE742C01031,BE,JINDRILL.NS,JINDRILL,JINDRILL,511034.0
JINDWORLD,JINDAL WORLDWIDE LTD,INE247D01039,BE,JINDWORLD.NS,JINDWORLD,JINDWORLD,531543.0
JIOFIN,JIO FIN SERVICES LTD,INE758E01017,BE,JIOFIN.NS,JIOFIN,JIOFIN,543940.0
JISLDVREQS,JAIN DVR EQUITY SHARES,IN9175A01010,BE,JISLDVREQS.NS,JISLDVREQS,JISLDVREQS,570004.0
JISLJALEQS,JAIN IRRIGATION SYSTEMS,INE175A01038,BE,JISLJALEQS.NS,JISLJALEQS,JISLJALEQS,500219.0
JITFINFRA,JITF INFRALOGISTICS LTD,INE863T01013,BE,JITFINFRA.NS,JITFINFRA,JITFINFRA,540311.0
JIWANRAM,JIWANRAM SHEODUTTRA IND L,INE0N5H01017,SM,JIWANRAM.NS,JIWANRAM,,
JIYAECO,JIYA ECO-PRODUCTS LTD,INE023S01016,BE,JIYAECO.NS,JIYAECO,,
JKBANK,J&K BANK,INE168A01041,BE,JKBANK.NS,J&KBANK,J&KBANK,532209.0
JKCEMENT,JK CEMENT LIMITED,INE823G01014,BE,JKCEMENT.NS,JKCEMENT,JKCEMENT,532644.0
JKCORP,JK CORP LTD,INE786A01016,BE,JKCORP.NS,JKCORP,,
JKDAIRY,JK DAIRY AND FOODS LTD,INE458701013,EQ,JKDAIRY.NS,JKDAIRY,,
JKIL,JKUMAR INFR.LTD.,INE576I01022,BE,JKIL.NS,JKIL,JKIL,532940.0
JKIND,JK INDUSTRIES LTD,INE573A01018,BE,JKIND.NS,JKIND,,
JKLAKSHMI,JK LAKSHMI CEMENT LTD,INE786A01032,BE,JKLAKSHMI.NS,JKLAKSHMI,JKLAKSHMI,500380.0
JKPAPER,JK PAPER LIMITED,INE789E01012,BE,JKPAPER.NS,JKPAPER,JKPAPER,532162.0
JKPHARMA,JKPHARMACHEM,INE335C01018,BE,JKPHARMA.NS,JKPHARMA,,
JKSYNTHETC,JK SYNTHETICS LTD,INE150501018,EQ,JKSYNTHETC.NS,JKSYNTHETC,,
JKSYNTHETC,JK SYNTHETICS LTD - DEPO,INE903A01017,BE,JKSYNTHETC.NS,JKSYNTHETC,,
JKTYRE,JK TYRE & INDUSTRIES LTD,INE573A01042,BE,JKTYRE.NS,JKTYRE,JKTYRE,530007.0
JKUDYOG,JKUDAIPURUDYOG,INE225C01011,BE,JKUDYOG.NS,JKUDYOG,,
JLHL,JUPITER LIFE LINE HOSP L,INE682M01012,BE,JLHL.NS,JLHL,JLHL,543980.0
JMA,JULLUNDUR MOT AGENCY LTD,INE412C01023,BE,JMA.NS,JMA,,
JMCPROJECT,JMC PROJECTS (I) LTD.,INE890A01024,BE,JMCPROJECT.NS,JMCPROJECT,,
JMFINANCIL,JM FINANCIAL LIMITED,INE780C01023,BE,JMFINANCIL.NS,JMFINANCIL,JMFINANCIL,523405.0
JMSHARE,J M SHARE AND STOCK BROKE,INE150801012,EQ,JMSHARE.NS,JMSHARE,,
JMTAUTOLTD,JMT AUTO LIMITED,INE988E01036,BE,JMTAUTOLTD.NS,JMTAUTOLTD,,
JNKINDIA,JNK INDIA LIMITED,INE0OAF01028,BE,JNKINDIA.NS,JNKINDIA,JNKINDIA,544167.0
JOCIL,JOCIL LIMITED,INE839G01010,BE,JOCIL.NS,JOCIL,,
JORDENGG,JORD ENGINEERS (I) LTD,INE138601013,EQ,JORDENGG.NS,JORDENGG,,
JPASSOCIAT,JAIPRAKASH ASSOCIATES LTD,INE455F01025,BE,JPASSOCIAT.NS,JPASSOCIAT,,
JPINFRATEC,JAYPEE INFRATECH LTD,INE099J01015,BE,JPINFRATEC.NS,JPINFRATEC,,
JPOLYINVST,JIND POL INV & FIN CO LTD,INE147P01019,BE,JPOLYINVST.NS,JPOLYINVST,JPOLYINVST,536773.0
JPPOWER,JAIPRAKASH POWER VEN. LTD,INE351F01018,BE,JPPOWER.NS,JPPOWER,JPPOWER,532627.0
JSFB,JANA SMALL FIN BANK LTD,INE953L01027,BE,JSFB.NS,JSFB,JSFB,544118.0
JSL,JINDAL STAINLESS LIMITED,INE220G01021,BE,JSL.NS,JSL,JSL,532508.0
JSLHISAR,JINDAL STAINLESS (H) LTD,INE455T01018,BE,JSLHISAR.NS,JSLHISAR,,
JSLL,JEENA SIKHO LIFECARE LTD,INE0J5801029,BE,JSLL.NS,JSLL,JSLL,544476.0
JSWCEMENT,JSW CEMENT LIMITED,INE718I01012,BE,JSWCEMENT.NS,JSWCEMENT,JSWCEMENT,544480.0
JSWENERGY,JSW ENERGY LIMITED,INE121E01018,BE,JSWENERGY.NS,JSWENERGY,JSWENERGY,533148.0
JSWHL,JSW HOLDINGS LIMITED,INE824G01012,BE,JSWHL.NS,JSWHL,JSWHL,532642.0
JSWINFRA,JSW INFRASTRUCTURE LTD,INE880J01026,BE,JSWINFRA.NS,JSWINFRA,JSWINFRA,543994.0
JSWISPL,JSW ISPAT SPE PRO LTD,INE743C01021,BE,JSWISPL.NS,JSWISPL,,
JSWSTEEL,JSW STEEL LIMITED,INE019A01038,BE,JSWSTEEL.NS,JSWSTEEL,JSWSTEEL,500228.0
JTEKTINDIA,JTEKT INDIA LIMITED,INE643A01035,BE,JTEKTINDIA.NS,JTEKTINDIA,JTEKTINDIA,520057.0
JTLIND,JTL INDUSTRIES LIMITED,INE391J01032,BE,JTLIND.NS,JTLIND,JTLIND,534600.0
JUBLCPL,JUBILANT AGRI N CON PRO L,INE03CC01015,BE,JUBLCPL.NS,JUBLCPL,JUBLCPL,544355.0
JUBLFOOD,JUBILANT FOODWORKS LTD,INE797F01020,BE,JUBLFOOD.NS,JUBLFOOD,JUBLFOOD,533155.0
JUBLINDS,JUBILANT INDUSTRIES LTD,INE645L01011,BE,JUBLINDS.NS,JUBLINDS,,
JUBLINGREA,JUBILANT INGREVIA LIMITED,INE0BY001018,BE,JUBLINGREA.NS,JUBLINGREA,JUBLINGREA,543271.0
JUBLPHARMA,JUBILANT PHARMOVA LTD,INE700A01033,BE,JUBLPHARMA.NS,JUBLPHARMA,JUBLPHARMA,530019.0
JUNIORBEES,NIP IND ETF JUNIOR BEES,INF732E01045,EQ,JUNIORBEES.NS,JUNIORBEES,JUNIORBEES,590104.0
JUNIPER,JUNIPER HOTELS LIMITED,INE696F01016,BE,JUNIPER.NS,JUNIPER,JUNIPER,544129.0
JUPITER,JUPITER BIOSCIENCE LTD,INE918B01013,BE,JUPITER.NS,JUPITER,,
JUSTDIAL,JUSTDIAL LTD.,INE599M01018,BE,JUSTDIAL.NS,JUSTDIAL,JUSTDIAL,535648.0
JVLAGRO,JVL AGRO INDUSTRIES LTD,INE430G01026,BE,JVLAGRO.NS,JVLAGRO,,
JWL,JUPITER WAGONS LIMITED,INE209L01016,BE,JWL.NS,JWL,JWL,533272.0
JYOTHYLAB,JYOTHY LABS LIMITED,INE668F01031,BE,JYOTHYLAB.NS,JYOTHYLAB,JYOTHYLAB,532926.0
JYOTI-RE1,JYOTI STRUCTURES LIMITED,INE197A20024,BE,JYOTI-RE1.NS,JYOTI-RE1,,
JYOTICNC,JYOTI CNC AUTOMATION LTD,INE980O01024,BE,JYOTICNC.NS,JYOTICNC,JYOTICNC,544081.0
JYOTIGLOBL,JYOTI GLOBAL PLAST LTD,INE1M3T01017,SM,JYOTIGLOBL.NS,JYOTIGLOBL,,
JYOTISTRUC,JYOTI STRUCTURES,INE197A01024,BE,JYOTISTRUC.NS,JYOTISTRUC,JYOTISTRUC,513250.0
K2INFRA,K2 INFRAGEN LIMITED,INE0DEZ01013,SM,K2INFRA.NS,K2INFRA,,
KABRAEXTRU,KABRAEXTRUSION,INE900B01029,BE,KABRAEXTRU.NS,KABRAEXTRU,KABRAEXTRU,524109.0
KAJARIACER,KAJARIA CERAMICS LTD,INE217B01036,BE,KAJARIACER.NS,KAJARIACER,KAJARIACER,500233.0
KAKATCEM,KAKATIYA CEM SUGAR &IND L,INE437B01014,BE,KAKATCEM.NS,KAKATCEM,KAKATCEM,500234.0
KALAMANDIR,SAI SILKS (KALAMANDIR) L,INE438K01021,BE,KALAMANDIR.NS,KALAMANDIR,KALAMANDIR,543989.0
KALANA,KALANA ISPAT LIMITED,INE0T0L01014,SM,KALANA.NS,KALANA,,
KALPATARU,KALPATARU LIMITED,INE227J01012,BE,KALPATARU.NS,KALPATARU,KALPATARU,544423.0
KALYANI,KALYANI COMMERCIALS LTD,INE610E01010,BE,KALYANI.NS,KALYANI,,
KALYANIFRG,KALYANI FORGE LIMITED,INE314G01014,BE,KALYANIFRG.NS,KALYANIFRG,KALYANIFRG,513509.0
KALYANISHP,KALYANI SHARP I LTD,INE207B01011,BE,KALYANISHP.NS,KALYANISHP,SHARP,523449.0
KALYANISTL,KALYANI STEELS LTD,INE907A01018,BE,KALYANISTL.NS,KALYANISTL,,
KALYANKJIL,KALYAN JEWELLERS IND LTD,INE303R01014,BE,KALYANKJIL.NS,KALYANKJIL,KALYANKJIL,543278.0
KAMATHOTEL,KAMAT HOTELS (I) LTD,INE967C01018,BE,KAMATHOTEL.NS,KAMATHOTEL,KAMATHOTEL,526668.0
KAMDHENU,KAMDHENU LIMITED,INE390H01020,BE,KAMDHENU.NS,KAMDHENU,KAMDHENU,532741.0
KAMOPAINTS,KAMDHENU VENTURES LIMITED,INE0BTI01037,BE,KAMOPAINTS.NS,KAMOPAINTS,KAMOPAINTS,543747.0
KANAKSTEEL,KANAKDHARA STEEL LTD,INE137801010,EQ,KANAKSTEEL.NS,KANAKSTEEL,,
KANANIIND,KANANI INDUSTRIES LTD,INE879E01037,BE,KANANIIND.NS,KANANIIND,KANANIIND,506184.0
KANDARP,KANDARP DG SMART BPO LTD,INE0MOT01016,SM,KANDARP.NS,KANDARP,,
KANELOIL,KANEL OILS & EXPO. INDS.,INE138101014,EQ,KANELOIL.NS,KANELOIL,,
KANORICHEM,KANORIACHEMICALS-,INE138C01024,BE,KANORICHEM.NS,KANORICHEM,KANORICHEM,506525.0
KANPRPLA,KANPUR PLASTIPACK LIMITED,INE694E01014,BE,KANPRPLA.NS,KANPRPLA,KANPRPLA,507779.0
KANSAINER,KANSAI NEROLAC PAINTS LTD,INE531A01024,BE,KANSAINER.NS,KANSAINER,KANSAINER,500165.0
KAPSTON,KAPSTON SERVICES LIMITED,INE542Z01010,SM,KAPSTON.NS,KAPSTON,,
KAPSTON,KAPSTON SERVICES LIMITED,INE542Z01028,BE,KAPSTON.NS,KAPSTON,,
KARMAENG,KARMA ENERGY LIMITED,INE725L01011,BE,KARMAENG.NS,KARMAENG,KARMAENG,533451.0
KARNIKA,KARNIKA INDUSTRIES LTD,INE0MGA01012,SM,KARNIKA.NS,KARNIKA,,
KARURVYSYA,KARURVYSYABANK,INE036D01028,BE,KARURVYSYA.NS,KARURVYSYA,KARURVYSYA,590003.0
KATARIA,KATARIA INDUSTRIES LTD,INE0SVY01018,SM,KATARIA.NS,KATARIA,,
KAUSHALYA,KAUSHALYA INFRA DEV LTD.,INE234I01028,BE,KAUSHALYA.NS,KAUSHALYA,KAUSHALYA,532925.0
KAVDEFENCE,KAVVERI DFS & WIR TEC LTD,INE641C01019,BE,KAVDEFENCE.NS,KAVDEFENCE,KAVDEFENCE,590041.0
KAYA,KAYA LIMITED,INE587G01015,BE,KAYA.NS,KAYA,KAYA,539276.0
KAYNES,KAYNES TECHNOLOGY IND LTD,INE918Z01012,BE,KAYNES.NS,KAYNES,KAYNES,543664.0
KAYTEX,KAYTEX FABRICS LIMITED,INE13ZD01013,SM,KAYTEX.NS,KAYTEX,,
KCEIL,KAY CEE ENERGY & INFRA L,INE0RCG01017,SM,KCEIL.NS,KCEIL,,
KCK,KCK INDUSTRIES LTD,INE0J1E01027,SM,KCK.NS,KCK,,
KCP,KCP LIMITED,INE805C01028,BE,KCP.NS,KCP,KCP,590066.0
KCPSUGIND,KCPSUGARINDUS,INE790B01024,BE,KCPSUGIND.NS,KCPSUGIND,KCPSUGIND,533192.0
KDDL,KDDL LIMITED,INE291D01011,BE,KDDL.NS,KDDL,KDDL,532054.0
KDL,KORE DIGITAL LIMITED,INE0O4R01018,SM,KDL.NS,KDL,,
KEC,KEC INTL. LIMITED,INE389H01022,BE,KEC.NS,KEC,KEC,532714.0
KECL,KIRLOSKAR ELECTRIC CO LTD,INE134B01017,BE,KECL.NS,KECL,KECL,533193.0
KEEPLEARN,DSJ KEEP LEARNING LTD,INE055C01020,BE,KEEPLEARN.NS,KEEPLEARN,KEEPLEARN,526677.0
KEI,KEI INDUSTRIES LTD.,INE878B01027,BE,KEI.NS,KEI,KEI,517569.0
KEL,KUNDAN EDIFICE LIMITED,INE0OWX01025,SM,KEL.NS,KEL,,
KELLTONTEC,KELLTON TECH SOL LTD,INE164B01030,BE,KELLTONTEC.NS,KELLTONTEC,KELLTONTEC,519602.0
KEN,KEN ENTERPRISES LIMITED,INE15DO01012,SM,KEN.NS,KEN,,
KENNAMET,KENNAMETAL INDIA LIMITED,INE717A01029,BE,KENNAMET.NS,KENNAMET,KENNAMET,505890.0
KERALACHEM,KERALA CHEMICALS,INE265B01019,BE,KERALACHEM.NS,KERALACHEM,NITTAGELA,506532.0
KERNEX,KERNEX MICROSYS(I) LTD,INE202H01019,BE,KERNEX.NS,KERNEX,KERNEX,532686.0
KESORAMIND,KESORAM INDUSTRIES LTD,INE087A01019,BE,KESORAMIND.NS,KESORAMIND,KESORAMIND,502937.0
KESWANISYN,KESWANI SYNTHETIC IND LTD,INE130801017,EQ,KESWANISYN.NS,KESWANISYN,,
KEYFINSERV,KEYNOTE FIN SERV LTD.,INE681C01015,BE,KEYFINSERV.NS,KEYFINSERV,KEYFINSERV,512597.0
KFINTECH,KFIN TECHNOLOGIES LIMITED,INE138Y01010,BE,KFINTECH.NS,KFINTECH,KFINTECH,543720.0
KGDENIM,K G DENIM LTD- DEPO SETT,INE104A01012,BE,KGDENIM.NS,KGDENIM,KGDENIM,500239.0
KGKHOSLA,KGKHOSLA - DEPO,INE811A01012,BE,KGKHOSLA.NS,KGKHOSLA,,
KGL,KARUTURI GLOBAL LIMITED,INE299C01024,BE,KGL.NS,KGL,,
KHADIM,KHADIM INDIA LIMITED,INE834I01025,BE,KHADIM.NS,KHADIM,KHADIM,540775.0
KHAICHEM,KHAITAN CHEM & FERT LTD,INE745B01028,BE,KHAICHEM.NS,KHAICHEM,KHAICHEM,507794.0
KHAITANELE,KHAITAN ELECTRICALS LTD,INE761A01019,BE,KHAITANELE.NS,KHAITANELE,,
KHAITANLTD,KHAITAN (INDIA)LTD.,INE731C01018,BE,KHAITANLTD.NS,KHAITANLTD,KHAITANLTD,590068.0
KHANDSE,KHANDWALA SECURITIES LTD,INE060B01014,BE,KHANDSE.NS,KHANDSE,,
KHATJUNKER,INDOKEM LTD,INE131901014,EQ,KHATJUNKER.NS,KHATJUNKER,,
KHFM,KHFM HOS FAC MANA SER LTD,INE00UG01014,SM,KHFM.NS,KHFM,,
KICL,KALYANI INVEST CO LTD,INE029L01018,BE,KICL.NS,KICL,KICL,533302.0
KILBUNENGG,KILBURN ENGG. LTD.,INE126501019,EQ,KILBUNENGG.NS,KILBUNENGG,,
KILITCH,KILITCH DRUGS INDIA LTD,INE729D01010,BE,KILITCH.NS,KILITCH,KILITCH,524500.0
KIMS,KRISHNA INST OF MED SCI L,INE967H01025,BE,KIMS.NS,KIMS,KIMS,543308.0
KINETICENG,KINETIC ENGG,INE266B01017,BE,KINETICENG.NS,KINETICENG,KINETICENG,500240.0
KINGFA,KINGFA SCI & TEC IND LTD.,INE473D01015,BE,KINGFA.NS,KINGFA,KINGFA,524019.0
KINGSINTL,KINGS INTERNATIONAL AQUA,INE127201015,EQ,KINGSINTL.NS,KINGSINTL,,
KIOCL,KIOCL LIMITED,INE880L01014,BE,KIOCL.NS,KIOCL,KIOCL,540680.0
KIRANOVER,KIRAN OVERSEAS EXPORTS LT,INE127401011,EQ,KIRANOVER.NS,KIRANOVER,,
KIRIINDUS,KIRI INDUSTRIES LIMITED,INE415I01015,BE,KIRIINDUS.NS,KIRIINDUS,KIRIINDUS,532967.0
KIRLFER,KIRLOSKAR FERROUS IND LTD,INE884B01025,BE,KIRLFER.NS,KIRLFER,KIRLFER,500245.0
KIRLOSBROS,KIRLOSKAR BROTHERS LTD,INE732A01036,BE,KIRLOSBROS.NS,KIRLOSBROS,KIRLOSBROS,500241.0
KIRLOSELEC,KIRLOSKAR ELECTRODYNE LTD,INE459501016,EQ,KIRLOSELEC.NS,KIRLOSELEC,,
KIRLOSENG,KIRLOSKAR OIL ENG LTD,INE146L01010,BE,KIRLOSENG.NS,KIRLOSENG,KIRLOSENG,533293.0
KIRLOSFERR,KIRLOSKARFERROUS,INE884B01017,BE,KIRLOSFERR.NS,KIRLOSFERR,,
KIRLOSIND,KIRLOSKAR INDUSTRIES LTD,INE250A01039,BE,KIRLOSIND.NS,KIRLOSIND,KIRLOSIND,500243.0
KIRLOSINV,KIRLOSINV INV&FIN-DEPO,INE195B01018,BE,KIRLOSINV.NS,KIRLOSINV,,
KIRLOSPNEU,KIRLOSKAR PNEU CL-DEP SET,INE328A01017,BE,KIRLOSPNEU.NS,KIRLOSPNEU,,
KIRLPNU,KIRLOSKAR PNEUMATIC COM L,INE811A01020,BE,KIRLPNU.NS,KIRLPNU,KIRLPNU,505283.0
KITEX,KITEX GARMENTS LTD,INE602G01020,BE,KITEX.NS,KITEX,KITEX,521248.0
KITSTEEL,KITTI STEELS LTD.,INE128601015,EQ,KITSTEEL.NS,KITSTEEL,,
KJINTL,KJ INTL. LTD.,INE459201013,EQ,KJINTL.NS,KJINTL,,
KKCL,KEWAL KIRAN CLOTHING LTD,INE401H01017,BE,KKCL.NS,KKCL,KKCL,532732.0
KKJEWELS,KABRA JEWELS LIMITED,INE0XOW01017,SM,KKJEWELS.NS,KKJEWELS,,
KKVAPOW,KKV AGRO POWERS LTD.,INE239T01016,SM,KKVAPOW.NS,KKVAPOW,,
KLL,KAUSHALYA LOGISTICS LTD,INE0Q2V01012,SM,KLL.NS,KLL,,
KMEW,KNOWLEDGE MARINE & EN W L,INE0CJD01011,BE,KMEW.NS,KMEW,KMEW,543273.0
KMSUGAR,K M SUGAR MILLS LTD,INE157H01023,BE,KMSUGAR.NS,KMSUGAR,KMSUGAR,532673.0
KNAGRI,KN AGRI RESOURCES LIMITED,INE0KNW01016,SM,KNAGRI.NS,KNAGRI,,
KNRCON,KNR CONSTRU LTD.,INE634I01029,BE,KNRCON.NS,KNRCON,KNRCON,532942.0
KODYTECH,KODY TECHNOLAB LIMITED,INE0Q7P01013,SM,KODYTECH.NS,KODYTECH,,
KOHINOOR,KOHINOOR FOODS LIMITED,INE080B01012,BE,KOHINOOR.NS,KOHINOOR,KOHINOOR,512559.0
KOKUYOCMLN,KOKUYO CAMLIN LIMITED,INE760A01029,BE,KOKUYOCMLN.NS,KOKUYOCMLN,KOKUYOCMLN,523207.0
KOLTEPATIL,KOLTE PATIL DEV. LTD.,INE094I01018,BE,KOLTEPATIL.NS,KOLTEPATIL,KOLTEPATIL,532924.0
KONSTELEC,KONSTELEC ENGINEERS LTD,INE0QEI01011,SM,KONSTELEC.NS,KONSTELEC,,
KONTOR,KONTOR SPACE LIMITED,INE0KZ301010,SM,KONTOR.NS,KONTOR,,
KOPRAN,KOPRAN LTD,INE082A01010,BE,KOPRAN.NS,KOPRAN,KOPRAN,524280.0
KORE,JAY JALARAM TECHNO LTD,INE0J6801010,SM,KORE.NS,KORE,,
KOTAKBANK,KOTAK MAHINDRA BANK LTD,INE237A01028,BE,KOTAKBANK.NS,KOTAKBANK,KOTAKBANK,500247.0
KOTARISUG,KOTHARI SUG & CHEM LTD.,INE419A01022,BE,KOTARISUG.NS,KOTARISUG,,
KOTHARINDL,KOTHARI INDUSTRIAL CORPOR,INE972A01012,EQ,KOTHARINDL.NS,KOTHARINDL,,
KOTHARIPET,KOTHARI PETROCHEM LTD,INE720A01015,BE,KOTHARIPET.NS,KOTHARIPET,,
KOTHARIPRO,KOTHARI PRODUCTS,INE823A01017,BE,KOTHARIPRO.NS,KOTHARIPRO,KOTHARIPRO,530299.0
KOTYARK,KOTYARK INDUSTRIES LTD,INE0J0B01017,SM,KOTYARK.NS,KOTYARK,,
KOVAI,KOVAI MEDICAL CENTER & HO,INE177F01017,BE,KOVAI.NS,KOVAI,KOVAI,523323.0
KPEL,K.P. ENERGY LIMITED,INE127T01021,BE,KPEL.NS,KPEL,KPEL,539686.0
KPIGREEN,KPI GREEN ENERGY LIMITED,INE542W01025,BE,KPIGREEN.NS,KPIGREEN,KPIGREEN,542323.0
KPIL,KALPATARU PROJECT INT LTD,INE220B01022,BE,KPIL.NS,KPIL,KPIL,522287.0
KPITTECH,KPIT TECHNOLOGIES LIMITED,INE04I401011,BE,KPITTECH.NS,KPITTECH,KPITTECH,542651.0
KPRMILL,KPR MILL LTD.,INE930H01031,BE,KPRMILL.NS,KPRMILL,KPRMILL,532889.0
KRBL,KRBL LIMITED,INE001B01026,BE,KRBL.NS,KRBL,KRBL,530813.0
KREBSBIO,KREBS BIOCHEMICALS & IND,INE268B01013,BE,KREBSBIO.NS,KREBSBIO,KREBSBIO,524518.0
KRIDHANINF,KRIDHAN INFRA LIMITED,INE524L01026,BE,KRIDHANINF.NS,KRIDHANINF,KRIDHANINF,533482.0
KRISHANA,KRISHANA PHOSCHEM LIMITED,INE506W01012,BE,KRISHANA.NS,KRISHANA,,
KRISHCA,KRISHCA STRAPPING SLTN L,INE0NR701018,SM,KRISHCA.NS,KRISHCA,,
KRISHIVAL,KRISHIVAL FOODS LIMITED,INE0GGO01015,BE,KRISHIVAL.NS,KRISHIVAL,KRISHIVAL,544416.0
KRISHNADEF,KRISHNA DEF AND ALD IND L,INE0J5601015,SM,KRISHNADEF.NS,KRISHNADEF,,
KRISNAFILA,KRISHNAFILA - DEPO.SETT,INE073A01019,BE,KRISNAFILA.NS,KRISNAFILA,,
KRITI,KRITI INDUSTRIES IND LTD,INE479D01038,BE,KRITI.NS,KRITI,KRITI,526423.0
KRITIKA,KRITIKA WIRES LIMITED,INE00Z501011,SM,KRITIKA.NS,KRITIKA,,
KRITIKA,KRITIKA WIRES LIMITED,INE00Z501029,BE,KRITIKA.NS,KRITIKA,,
KRITINUT,KRITI NUTRIENTS LIMITED,INE798K01010,BE,KRITINUT.NS,KRITINUT,KRITINUT,533210.0
KRN,KRN HEAT EXCHANGE N REF L,INE0Q3J01015,BE,KRN.NS,KRN,KRN,544263.0
KRONECOMM,KRONE COMM LTD,INE833A01016,BE,KRONECOMM.NS,KRONECOMM,ADCINDIA,523411.0
KRONOX,KRONOX LAB SCIENCES LTD,INE0ATZ01017,BE,KRONOX.NS,KRONOX,KRONOX,544187.0
KROSS,KROSS LIMITED,INE0O6601022,BE,KROSS.NS,KROSS,KROSS,544253.0
KRSNAA,KRSNAA DIAGNOSTICS LTD,INE08LI01020,BE,KRSNAA.NS,KRSNAA,KRSNAA,543328.0
KRYSTAL,KRYSTAL INTEGRATED SER L,INE0QN801017,BE,KRYSTAL.NS,KRYSTAL,KRYSTAL,544149.0
KSB,KSB LIMITED,INE999A01023,BE,KSB.NS,KSB,KSB,500249.0
KSCL,KAVERI SEED CO. LTD.,INE455I01029,BE,KSCL.NS,KSCL,KSCL,532899.0
KSERASERA,KSS LIMITED,INE216D01026,BE,KSERASERA.NS,KSERASERA,,
KSHITIJPOL,KSHITIJ POLYLINE LIMITED,INE013801027,BE,KSHITIJPOL.NS,KSHITIJPOL,,
KSHITIJPOL,KSHITIJ POLYLINE LIMITED,INE013801019,SM,KSHITIJPOL.NS,KSHITIJPOL,,
KSK,KSK ENERGY VENTURES LTD,INE143H01015,BE,KSK.NS,KSK,,
KSL,KALYANI STEELS LIMITED,INE907A01026,BE,KSL.NS,KSL,KSL,500235.0
KSOLVES,KSOLVES INDIA LIMITED,INE0D6I01015,SM,KSOLVES.NS,KSOLVES,,
KSOLVES,KSOLVES INDIA LIMITED,INE0D6I01023,BE,KSOLVES.NS,KSOLVES,KSOLVES,543599.0
KTKBANK,KARNATAKABANK-,INE614B01018,BE,KTKBANK.NS,KTKBANK,KTKBANK,532652.0
KTL,KALAHRIDHAAN TRENDZ LTD,INE02M801018,SM,KTL.NS,KTL,,
KUANTUM,KUANTUM PAPERS LIMITED,INE529I01021,BE,KUANTUM.NS,KUANTUM,KUANTUM,532937.0
KUNDANMM,KUNDAN MIN AND METALS LTD,INE889B01016,BE,KUNDANMM.NS,KUNDANMM,,
KUSUMINGOT,KUSUM INGOTS & ALLOYS LTD,INE121501014,EQ,KUSUMINGOT.NS,KUSUMINGOT,,
KWALITY,KWALITY LIMITED,INE775B01025,BE,KWALITY.NS,KWALITY,,
LABHCONST,LABH CONSTRUCTION LTD.,INE116101010,EQ,LABHCONST.NS,LABHCONST,,
LAGNAM,LAGNAM SPINTEX LIMITED,INE548Z01017,BE,LAGNAM.NS,LAGNAM,,
LAKHNNATNL,LAKHANPAL NATIONAL,INE795A01017,BE,LAKHNNATNL.NS,LAKHNNATNL,PANAENERG,504093.0
LAKPRE,LAKSHMI PRE SCRE LTD,INE651C01018,BE,LAKPRE.NS,LAKPRE,,
LAKSELECON,LAKSHMI ELECT CONTROL SYS,INE117401013,EQ,LAKSELECON.NS,LAKSELECON,,
LAKSHMIEFL,LAKSHMI ENG. & FOODS LTD,INE992B01026,BE,LAKSHMIEFL.NS,LAKSHMIEFL,,
LAKSHMILL,LAKSHMILLSCO,INE938C01019,BE,LAKSHMILL.NS,LAKSHMILL,LAKSHMIMIL,502958.0
LAKSHVILAS,LAKSHMIVILASBANK,INE694C01018,BE,LAKSHVILAS.NS,LAKSHVILAS,,
LAKSHYA,LAKSHYA POWERTECH LIMITED,INE0VZS01015,SM,LAKSHYA.NS,LAKSHYA,,
LAL,LORENZINI APPARELS LTD,INE740X01023,BE,LAL.NS,LAL,LAL,540952.0
LALPATHLAB,DR. LAL PATH LABS LTD.,INE600L01024,BE,LALPATHLAB.NS,LALPATHLAB,LALPATHLAB,539524.0
LAMBODHARA,LAMBODHARA TEXTILES LTD.,INE112F01022,BE,LAMBODHARA.NS,LAMBODHARA,LAMBODHARA,590075.0
LAMOSAIC,LAMOSAIC INDIA LIMITED,INE0R0201012,SM,LAMOSAIC.NS,LAMOSAIC,,
LANCER,LANCER CONTAINER LINE LTD,INE359U01028,BE,LANCER.NS,LANCER,LANCER,539841.0
LANCOIND,LANCO INDUSTRIES,INE943C01019,BE,LANCOIND.NS,LANCOIND,,
LANCORHOL,LANCOR HOLDINGS LIMITED,INE572G01025,BE,LANCORHOL.NS,LANCORHOL,LANCORHOL,509048.0
LANDMARK,LANDMARK CARS LIMITED,INE559R01029,BE,LANDMARK.NS,LANDMARK,LANDMARK,543714.0
LAOPALA,LA OPALA RG LIMITED,INE059D01020,BE,LAOPALA.NS,LAOPALA,LAOPALA,526947.0
LASA,LASA SUPERGENERICS LTD,INE670X01014,BE,LASA.NS,LASA,LASA,540702.0
LATENTVIEW,LATENT VIEW ANALYTICS LTD,INE0I7C01011,BE,LATENTVIEW.NS,LATENTVIEW,LATENTVIEW,543398.0
LATTEYS,LATTEYS INDUSTRIES LTD,INE262Z01023,BE,LATTEYS.NS,LATTEYS,,
LAURUSLABS,LAURUS LABS LIMITED,INE947Q01028,BE,LAURUSLABS.NS,LAURUSLABS,LAURUSLABS,540222.0
LAWSIKHO,ADDICTIVE LEARNING TECH L,INE0RDH01021,SM,LAWSIKHO.NS,LAWSIKHO,,
LAXMICOT,LAXMI COTSPIN LIMITED,INE801V01019,BE,LAXMICOT.NS,LAXMICOT,,
LAXMIDENTL,LAXMI DENTAL LIMITED,INE0WO601020,BE,LAXMIDENTL.NS,LAXMIDENTL,LAXMIDENTL,544339.0
LAXMIINDIA,LAXMI INDIA FINANCE LTD,INE06WU01026,BE,LAXMIINDIA.NS,LAXMIINDIA,LAXMIINDIA,544465.0
LCCINFOTEC,LCC INFOTECH LTD,INE938A01021,BE,LCCINFOTEC.NS,LCCINFOTEC,LCCINFOTEC,532019.0
LDTEXT,LD TEXTILES IND. LTD.,INE122001014,EQ,LDTEXT.NS,LDTEXT,,
LEEL,LEEL ELECTRICALS LIMITED,INE245C01019,BE,LEEL.NS,LEEL,,
LEENATEX,LEENA TEXTILES LTD,INE113401017,EQ,LEENATEX.NS,LEENATEX,,
LEMERITE,LE MERITE EXPORTS LIMITED,INE0G1L01017,SM,LEMERITE.NS,LEMERITE,,
LEMONTREE,LEMON TREE HOTELS LTD,INE970X01018,BE,LEMONTREE.NS,LEMONTREE,LEMONTREE,541233.0
LEXUS,LEXUS GRANITO (INDIA) LTD,INE500X01013,BE,LEXUS.NS,LEXUS,,
LFIC,LAKSHMI FIN IND CORP LTD,INE850E01012,BE,LFIC.NS,LFIC,,
LGBBROSLTD,LG BALAKRISHNAN & BROS,INE337A01034,BE,LGBBROSLTD.NS,LGBBROSLTD,LGBBROSLTD,500250.0
LGBFORGE,LGB FORGE LIMITED,INE201J01017,BE,LGBFORGE.NS,LGBFORGE,LGBFORGE,533007.0
LGHL,LAXMI GOLDORNA HOUSE LTD,INE258Y01016,BE,LGHL.NS,LGHL,,
LIBAS,LIBAS CONSU PRODUCTS LTD,INE908V01012,BE,LIBAS.NS,LIBAS,,
LIBERTSHOE,LIBERTYSHOESLTD,INE557B01019,BE,LIBERTSHOE.NS,LIBERTSHOE,LIBERTSHOE,526596.0
LICHSGFIN,LIC HOUSING. FIN.- DEP RS,INE115A01026,BE,LICHSGFIN.NS,LICHSGFIN,LICHSGFIN,500253.0
LICI,LIFE INSURA CORP OF INDIA,INE0J1Y01017,BE,LICI.NS,LICI,LICI,543526.0
LICMFGOLD,LIC MF - LIC GOLD ETF,INF397L01554,EQ,LICMFGOLD.NS,LICMFGOLD,LICMFGOLD,533719.0
LICNETFGSC,LICNAMC - LICNMFET,INF767K01MV5,EQ,LICNETFGSC.NS,LICNETFGSC,,
LICNETFN50,LICNAMC - LICNFENGP,INF767K01OS7,EQ,LICNETFN50.NS,LICNETFN50,LICNETFN50,539480.0
LICNETFSEN,LICNAMC - LICNFESGP,INF767K01OT5,EQ,LICNETFSEN.NS,LICNETFSEN,,
LICNFNHGP,LICNAMC - LICNFNHGP,INF767K01PC8,EQ,LICNFNHGP.NS,LICNFNHGP,,
LICNMID100,LICNAMC - LICNMID100,INF767K01RN1,EQ,LICNMID100.NS,LICNMID100,LICNMID100,544123.0
LIKHITHA,LIKHITHA INFRASTRUC LTD,INE060901027,BE,LIKHITHA.NS,LIKHITHA,LIKHITHA,543240.0
LINC,LINC LIMITED,INE802B01027,BE,LINC.NS,LINC,LINC,531241.0
LINCOLN,LINCOLN PHARMA LTD,INE405C01035,BE,LINCOLN.NS,LINCOLN,LINCOLN,531633.0
LINDEINDIA,LINDE INDIA LIMITED,INE473A01011,BE,LINDEINDIA.NS,LINDEINDIA,LINDEINDIA,523457.0
LIQGRWBEES,NIPPONAMC - LIQGRWBEES,INF204KC1FU1,EQ,LIQGRWBEES.NS,LIQGRWBEES,,
LIQUID,MIRAEAMC - LIQUID,INF769K01KS1,EQ,LIQUID.NS,LIQUID,LIQUID,543946.0
LIQUID1,KOTAKMAMC - KOTAKLIQ,INF174KA1LV5,EQ,LIQUID1.NS,LIQUID1,LIQUID1,590139.0
LIQUIDADD,DSPAMC - LIQUIDADD,INF740KA1UM0,EQ,LIQUIDADD.NS,LIQUIDADD,LIQUIDADD,544159.0
LIQUIDBEES,NIP IND ETF LIQUID BEES,INF732E01037,EQ,LIQUIDBEES.NS,LIQUIDBEES,LIQUIDBEES,590096.0
LIQUIDBETF,BFAM - LIQUIDBETF,INF0QA701854,EQ,LIQUIDBETF.NS,LIQUIDBETF,,
LIQUIDCASE,ZERODHAAMC - LIQUIDCASE,INF0R8F01034,EQ,LIQUIDCASE.NS,LIQUIDCASE,LIQUIDCASE,544089.0
LIQUIDETF,DSP LIQUID ETF,INF740KA1EU7,EQ,LIQUIDETF.NS,LIQUIDETF,LIQUIDETF,541097.0
LIQUIDIETF,ICICIPRAMC - ICICILIQ,INF109KC1KT9,EQ,LIQUIDIETF.NS,LIQUIDIETF,LIQUIDIETF,541946.0
LIQUIDPLUS,MIRAEAMC - LIQUIDPLUS,INF769K01MY5,EQ,LIQUIDPLUS.NS,LIQUIDPLUS,LIQUIDPLUS,544284.0
LIQUIDSBI,SBIAMC - LIQUIDSBI,INF200KA13Z8,EQ,LIQUIDSBI.NS,LIQUIDSBI,LIQUIDSBI,544010.0
LIQUIDSHRI,SHRIRAM - LIQUIDSHRI,INF680P01422,EQ,LIQUIDSHRI.NS,LIQUIDSHRI,,
LKPMERFIN,LKP MERCHANT FINANCING LT,INE115201019,EQ,LKPMERFIN.NS,LKPMERFIN,,
LLOYDMETAL,LLOYD METALS & ENGG LTD,INE115301017,EQ,LLOYDMETAL.NS,LLOYDMETAL,,
LLOYDMETAL,LLOYDSMETALENG-ROLL SETT,INE281B01016,BE,LLOYDMETAL.NS,LLOYDMETAL,,
LLOYDS,LLOYDS LUXURIES LIMITED,INE0DTQ01028,SM,LLOYDS.NS,LLOYDS,,
LLOYDS-RE1,LLOYDS ENG WORKS LTD,INE093R20029,BE,LLOYDS-RE1.NS,LLOYDS-RE1,,
LLOYDSENGG,LLOYDS ENGG WORK LIMITED,INE093R01011,BE,LLOYDSENGG.NS,LLOYDSENGG,LLOYDSENGG,539992.0
LLOYDSENT,LLOYDS ENTERPRISES LTD,INE080I01025,BE,LLOYDSENT.NS,LLOYDSENT,LLOYDSENT,512463.0
LLOYDSME,LLOYDS METALS N ENERGY L,INE281B01032,BE,LLOYDSME.NS,LLOYDSME,LLOYDSME,512455.0
LMW,LMW LIMITED,INE269B01029,BE,LMW.NS,LMW,LMW,500252.0
LODHA,LODHA DEVELOPERS LIMITED,INE670K01029,BE,LODHA.NS,LODHA,LODHA,543287.0
LOKESHMACH,LOKESH MACHINES LTD,INE397H01017,BE,LOKESHMACH.NS,LOKESHMACH,LOKESHMACH,532740.0
LOKHSG,LOK HOUSING & CONSTRUCTIO,INE115701018,EQ,LOKHSG.NS,LOKHSG,,
LORDSCHLO,LORDS CHLORO ALKALI LTD,INE846D01012,BE,LORDSCHLO.NS,LORDSCHLO,LORDSCHLO,500284.0
LOTUSDEV,SRI LOTUS DEVLPRS N RTY L,INE0V9Q01010,BE,LOTUSDEV.NS,LOTUSDEV,LOTUSDEV,544469.0
LOTUSEYE,LOTUS EYE HOSP & INST L,INE947I01017,BE,LOTUSEYE.NS,LOTUSEYE,LOTUSEYE,532998.0
LOVABLE,LOVABLE LINGERIE LTD,INE597L01014,BE,LOVABLE.NS,LOVABLE,LOVABLE,533343.0
LOWVOL,MIRAEAMC - MANV30F,INF769K01JU9,EQ,LOWVOL.NS,LOWVOL,,
LOWVOL1,KOTAKMAMC - KOTAKLOVOL,INF174KA1IY5,EQ,LOWVOL1.NS,LOWVOL1,,
LOWVOLIETF,ICICI PR NIF LW VL 30 ETF,INF109KC19U5,EQ,LOWVOLIETF.NS,LOWVOLIETF,LOWVOLIETF,540612.0
LOYALTEX,LOYAL TEXTILE MILLS LTD,INE970D01010,BE,LOYALTEX.NS,LOYALTEX,LOYALTEX,514036.0
LPDC,LANDMARK PR.DEV.CO.LTD,INE197J01017,BE,LPDC.NS,LPDC,LPDC,533012.0
LRRPL,LEAD REC AND RUB PROD LTD,INE0H4B01011,SM,LRRPL.NS,LRRPL,,
LT,LARSEN & TOUBRO LTD.,INE018A01030,BE,LT.NS,LT,LT,500510.0
LTF,L&T FINANCE LIMITED,INE498L01015,BE,LTF.NS,LTF,LTF,533519.0
LTFOODS,LT FOODS LIMITED,INE818H01020,BE,LTFOODS.NS,LTFOODS,LTFOODS,532783.0
LTGILTBEES,NIP IND ETF LONGTERM GILT,INF204KB1882,EQ,LTGILTBEES.NS,LTGILTBEES,,
LTGILTCASE,ZERODHAAMC - LTGILTCASE,INF0R8F01133,EQ,LTGILTCASE.NS,LTGILTCASE,LTGILTCASE,544486.0
LTIM,LTIMINDTREE LIMITED,INE214T01019,BE,LTIM.NS,LTIM,LTIM,540005.0
LTTS,L&T TECHNOLOGY SER. LTD.,INE010V01017,BE,LTTS.NS,LTTS,LTTS,540115.0
LUMAXIND,LUMAX INDUSTRIES LTD,INE162B01018,BE,LUMAXIND.NS,LUMAXIND,LUMAXIND,517206.0
LUMAXTECH,LUMAX AUTO TECH LTD,INE872H01027,BE,LUMAXTECH.NS,LUMAXTECH,LUMAXTECH,532796.0
LUNARDIAM,LUNAR DIAMONDS LTD,INE109601018,EQ,LUNARDIAM.NS,LUNARDIAM,,
LUPIN,LUPIN LIMITED,INE326A01037,BE,LUPIN.NS,LUPIN,LUPIN,500257.0
LUXIND,LUX INDUSTRIES LIMITED,INE150G01020,BE,LUXIND.NS,LUXIND,LUXIND,539542.0
LXCHEM,LAXMI ORGANIC INDUS LTD,INE576O01020,BE,LXCHEM.NS,LXCHEM,LXCHEM,543277.0
LYKALABS,LYKA LABS LTD.,INE933A01014,BE,LYKALABS.NS,LYKALABS,LYKALABS,500259.0
LYPSAGEMS,LYPSA GEMS & JEWEL LTD,INE142K01011,BE,LYPSAGEMS.NS,LYPSAGEMS,LYPSAGEMS,534532.0
MAANALU,MAAN ALUMINIUM LIMITED,INE215I01027,BE,MAANALU.NS,MAANALU,MAANALU,532906.0
MACOBSTECH,MACOBS TECHNOLOGIES LTD,INE0R0J01010,SM,MACOBSTECH.NS,MACOBSTECH,,
MACPOWER,MACPOWER CNC MACHINES LTD,INE155Z01011,BE,MACPOWER.NS,MACPOWER,,
MADHAV,MADHAV MARBLE & GRANITE,INE925C01016,BE,MADHAV.NS,MADHAV,,
MADHAVBAUG,VAIDYA SANE AYUR LAB LTD,INE0JR301013,SM,MADHAVBAUG.NS,MADHAVBAUG,,
MADHUCON,MADHUCON PROJECTS LTD.,INE378D01032,BE,MADHUCON.NS,MADHUCON,MADHUCON,531497.0
MADHURFOOD,MADHUR FOOD PRODUCTS LTD,INE112401018,EQ,MADHURFOOD.NS,MADHURFOOD,,
MADHUSUDAN,MADHUSUDAN MASALA LIMITED,INE0P6701019,SM,MADHUSUDAN.NS,MADHUSUDAN,,
MADHUSYNTX,MADHUMILAN SYNTEX LTD,INE112301010,EQ,MADHUSYNTX.NS,MADHUSYNTX,,
MADRASALMN,MADRAS ALUMINUM CO.,INE223B01018,BE,MADRASALMN.NS,MADRASALMN,,
MADRASFERT,MADRAS FERTILISERS LTD,INE414A01015,BE,MADRASFERT.NS,MADRASFERT,MADRASFERT,590134.0
MADRASMFIN,MADRAS MOTOR FIN. & GUAR.,INE106801017,EQ,MADRASMFIN.NS,MADRASMFIN,,
MADSUDIND,MADHUSUDAN IND. LTD.,INE112501015,EQ,MADSUDIND.NS,MADSUDIND,,
MADURACOAT,MADURA COATS  LTD.,INE122A01014,BE,MADURACOAT.NS,MADURACOAT,,
MAFANG,MIRAEAMC - MAFANG,INF769K01HF4,EQ,MAFANG.NS,MAFANG,MAFANG,543291.0
MAFATLAFIN,MAFATLALFINANCE,INE965B01014,BE,MAFATLAFIN.NS,MAFATLAFIN,,
MAFATLAIND,MAFATLALINDUS-ROLLSETT,INE270B01019,BE,MAFATLAIND.NS,MAFATLAIND,,
MAGADSUGAR,MAGADH SUGAR & ENERGY LTD,INE347W01011,BE,MAGADSUGAR.NS,MAGADSUGAR,MAGADSUGAR,540650.0
MAGNUM,MAGNUM VENTURES LTD.,INE387I01016,BE,MAGNUM.NS,MAGNUM,MAGNUM,532896.0
MAGSON,MAGSON RETAIL AND DIST L,INE0O1S01012,SM,MAGSON.NS,MAGSON,,
MAHABANK,BANK OF MAHARASHTRA,INE457A01014,BE,MAHABANK.NS,MAHABANK,MAHABANK,532525.0
MAHAGRO,MAHADEV INDUSTRIES LTD.,INE460801017,EQ,MAHAGRO.NS,MAHAGRO,,
MAHAPEXLTD,MAHA RASHTRA APEX COPR. L,INE843B01013,BE,MAHAPEXLTD.NS,MAHAPEXLTD,MAHAPEXLTD,523384.0
MAHASTEEL,MAHAMAYA STEEL INDS LTD,INE451L01014,BE,MAHASTEEL.NS,MAHASTEEL,MAHASTEEL,513554.0
MAHENDSUIT,MAHENDRA PETROCHEMICALS L,IN8452H01019,EQ,MAHENDSUIT.NS,MAHENDSUIT,,
MAHEPC,MAHINDRA EPC IRRIG LTD,INE215D01010,BE,MAHEPC.NS,MAHEPC,MAHEPC,523754.0
MAHESHWARI,MAHESHWARI LOGISTICS LTD.,INE263W01010,BE,MAHESHWARI.NS,MAHESHWARI,,
MAHICKRA,MAHICKRA CHEMICAL LIMITED,INE961Y01015,SM,MAHICKRA.NS,MAHICKRA,,
MAHKTECH,MIRAEAMC - MAHKTECH,INF769K01HS7,EQ,MAHKTECH.NS,MAHKTECH,MAHKTECH,543414.0
MAHLIFE,MAHINDRA LIFESPACE DEVLTD,INE813A01018,BE,MAHLIFE.NS,MAHLIFE,MAHLIFE,532313.0
MAHLOG,MAHINDRA LOGISTIC LIMITED,INE766P01016,BE,MAHLOG.NS,MAHLOG,MAHLOG,540768.0
MAHSCOOTER,MAHSCOOTER - DEP SETT,INE288A01013,BE,MAHSCOOTER.NS,MAHSCOOTER,MAHSCOOTER,500266.0
MAHSEAMLES,MAHARASHTRA SEAMLESS LTD,INE271B01025,BE,MAHSEAMLES.NS,MAHSEAMLES,MAHSEAMLES,500265.0
MAIKALFIBR,MAIKAAL FIBRES LTD,INE104601013,EQ,MAIKALFIBR.NS,MAIKALFIBR,,
MAITHANALL,MAITHAN ALLOYS LTD,INE683C01011,BE,MAITHANALL.NS,MAITHANALL,MAITHANALL,590078.0
MAITREYA,MAITREYA MEDICARE LIMITED,INE0PLQ01011,SM,MAITREYA.NS,MAITREYA,,
MAJESAUTO,MAJESTIC AUTO LTD,INE201B01014,BE,MAJESAUTO.NS,MAJESAUTO,,
MAJESTIND,MAJESTIC INDUSTRIES LTD,INE104801019,EQ,MAJESTIND.NS,MAJESTIND,,
MAKEINDIA,MIRAEAMC - MAMFGETF,INF769K01IB1,EQ,MAKEINDIA.NS,MAKEINDIA,MAKEINDIA,543454.0
MAKS,MAKS ENERGY SOL INDIA LTD,INE0CDK01019,SM,MAKS.NS,MAKS,,
MAL,MANGALAM ALLOYS LIMITED,INE00C401011,SM,MAL.NS,MAL,,
MALLCOM,MALLCOM (INDIA) LIMITED,INE389C01015,BE,MALLCOM.NS,MALLCOM,MALLCOM,539400.0
MALUPAPER,MALU PAPER MILLS LIMITED,INE383H01017,BE,MALUPAPER.NS,MALUPAPER,MALUPAPER,532728.0
MAMATA,MAMATA MACHINERY LIMITED,INE0TO701015,BE,MAMATA.NS,MAMATA,MAMATA,544318.0
MANAKALUCO,MANAK ALUMINIUM CO. LTD.,INE859Q01017,BE,MANAKALUCO.NS,MANAKALUCO,MANAKALUCO,539045.0
MANAKCOAT,MAN COAT METAL & IND LTD,INE830Q01018,BE,MANAKCOAT.NS,MANAKCOAT,MANAKCOAT,539046.0
MANAKSIA,MANAKSIA LTD.,INE015D01022,BE,MANAKSIA.NS,MANAKSIA,MANAKSIA,532932.0
MANAKSTEEL,MANAKSIA STEELS LTD,INE824Q01011,BE,MANAKSTEEL.NS,MANAKSTEEL,MANAKSTEEL,539044.0
MANALIPETC,MANALI PETROCHEMICALS LT,INE201A01024,BE,MANALIPETC.NS,MANALIPETC,MANALIPETC,500268.0
MANALUMN,MAN INDUSTRIES (I) LTD,INE993A01026,EQ,MANALUMN.NS,MANALUMN,MANINDS,513269.0
MANALUMN,MAN INDUSTRIES(I)LTD DEPO,INE993A01018,BE,MANALUMN.NS,MANALUMN,,
MANAPPURAM,MANAPPURAM FINANCE LTD,INE522D01027,BE,MANAPPURAM.NS,MANAPPURAM,MANAPPURAM,531213.0
MANBA,MANBA FINANCE LIMITED,INE939X01013,BE,MANBA.NS,MANBA,MANBA,544262.0
MANCREDIT,MANGAL CREDIT N FINCORP L,INE545L01039,BE,MANCREDIT.NS,MANCREDIT,MANCREDIT,505850.0
MANDEEP,MANDEEP AUTO INDUSTRIES L,INE0R3T01013,SM,MANDEEP.NS,MANDEEP,,
MANDHANA,MANDHANA INDUS. LTD,INE087J01010,BE,MANDHANA.NS,MANDHANA,,
MANGALAM,MANGALAM DRUG & CHEM LTD,INE584F01014,BE,MANGALAM.NS,MANGALAM,MANGALAM,532637.0
MANGCHEFER,MANG.CHEM.FERT.LTD,INE558B01017,BE,MANGCHEFER.NS,MANGCHEFER,MANGCHEFER,530011.0
MANGLMCEM,MANGLMCEM,INE347A01017,BE,MANGLMCEM.NS,MANGLMCEM,MANGLMCEM,502157.0
MANGTIMBER,MANGALAM TIMBER PRODUCTS,INE805B01012,BE,MANGTIMBER.NS,MANGTIMBER,,
MANINFRA,MAN INFRA LTD,INE949H01023,BE,MANINFRA.NS,MANINFRA,MANINFRA,533169.0
MANKIND,MANKIND PHARMA LIMITED,INE634S01028,BE,MANKIND.NS,MANKIND,MANKIND,543904.0
MANOMAY,MANOMAY TEX INDIA LTD,INE784W01015,BE,MANOMAY.NS,MANOMAY,MANOMAY,540396.0
MANORAMA,MANORAMA INDUSTRIES LTD,INE00VM01036,BE,MANORAMA.NS,MANORAMA,MANORAMA,541974.0
MANORG,MANGALAM ORGANICS LIMITED,INE370D01013,BE,MANORG.NS,MANORG,MANORG,514418.0
MANPASAND,MANPASAND BEVERAGES LTD.,INE122R01018,BE,MANPASAND.NS,MANPASAND,,
MANTRIHSG,MANTRI HSG & CONST LTD,INE102101016,EQ,MANTRIHSG.NS,MANTRIHSG,,
MANUFGBEES,NIPPONAMC - MANUFGBEES,INF204KC1GH6,EQ,MANUFGBEES.NS,MANUFGBEES,MANUFGBEES,544493.0
MANUGRAIND,MANUGRAPH INDUSTRIES LTD,INE562701016,EQ,MANUGRAIND.NS,MANUGRAIND,,
MANUGRAPH,MANUGRAPH INDIA LIMITED,INE867A01022,BE,MANUGRAPH.NS,MANUGRAPH,MANUGRAPH,505324.0
MANYAVAR,VEDANT FASHIONS LIMITED,INE825V01034,BE,MANYAVAR.NS,MANYAVAR,MANYAVAR,543463.0
MAPMYINDIA,C.E. INFO SYSTEMS LIMITED,INE0BV301023,BE,MAPMYINDIA.NS,MAPMYINDIA,MAPMYINDIA,543425.0
MARALOVER,MARAL OVERSEAS LTD,INE882A01013,BE,MARALOVER.NS,MARALOVER,MARALOVER,521018.0
MARATHON,MARATHON NXTGEN REALT LTD,INE182D01020,BE,MARATHON.NS,MARATHON,MARATHON,503101.0
MARCO,MARCO CABLE & CONDUCTOR L,INE0QP001012,SM,MARCO.NS,MARCO,,
MARICO,MARICO LIMITED,INE196A01026,BE,MARICO.NS,MARICO,MARICO,531642.0
MARINE,MARINE ELECTRICAL (I) LTD,INE01JE01010,SM,MARINE.NS,MARINE,,
MARINE,MARINE ELECTRICAL (I) LTD,INE01JE01028,BE,MARINE.NS,MARINE,,
MARINETRAN,MARINETRANS INDIA LIMITED,INE0P1P01017,SM,MARINETRAN.NS,MARINETRAN,,
MARKSANS,MARKSANS PHARMA LIMITED,INE750C01026,BE,MARKSANS.NS,MARKSANS,MARKSANS,524404.0
MARNITPOLY,MPL CORPORATION LTD,INE187601013,EQ,MARNITPOLY.NS,MARNITPOLY,,
MARSHALL,MARSHALL MACHINES LTD,INE00SZ01018,BE,MARSHALL.NS,MARSHALL,,
MARUTI,MARUTI SUZUKI INDIA LTD.,INE585B01010,BE,MARUTI.NS,MARUTI,MARUTI,532500.0
MASFIN,MAS FINANCIAL SERV LTD,INE348L01012,BE,MASFIN.NS,MASFIN,MASFIN,540749.0
MASKINVEST,MASK INVESTMENTS LIMITED,INE885F01015,BE,MASKINVEST.NS,MASKINVEST,,
MASON,MASON INFRATECH LIMITED,INE0SH001010,SM,MASON.NS,MASON,,
MASPTOP50,MIRAEAMC - MASPTOP50,INF769K01HP3,EQ,MASPTOP50.NS,MASPTOP50,MASPTOP50,543365.0
MASTEK,MASTEK DEPO SETT,INE759A01021,BE,MASTEK.NS,MASTEK,MASTEK,523704.0
MASTER,MASTER COMPONENTS LIMITED,INE0OJM01017,SM,MASTER.NS,MASTER,,
MASTERTR,MASTER TRUST LIMITED,INE677D01037,BE,MASTERTR.NS,MASTERTR,MASTERTR,511768.0
MATHPLATT,MATHER&PLATT,INE844C01019,BE,MATHPLATT.NS,MATHPLATT,,
MATRIMONY,MATRIMONY.COM LIMITED,INE866R01028,BE,MATRIMONY.NS,MATRIMONY,MATRIMONY,540704.0
MAWANASUG,MAWANA SUGARS LIMITED,INE636A01039,BE,MAWANASUG.NS,MAWANASUG,MAWANASUG,523371.0
MAXESTATES,MAX ESTATES LIMITED,INE03EI01018,BE,MAXESTATES.NS,MAXESTATES,MAXESTATES,544008.0
MAXHEALTH,MAX HEALTHCARE INS LTD,INE027H01010,BE,MAXHEALTH.NS,MAXHEALTH,MAXHEALTH,543220.0
MAXIND,MAX INDIA LIMITED,INE0CG601016,BE,MAXIND.NS,MAXIND,MAXIND,543223.0
MAXORCHARD,MAXWORTH ORCHARDS INDIA L,INE189201010,EQ,MAXORCHARD.NS,MAXORCHARD,,
MAXPOSURE,MAXPOSURE LIMITED,INE0ECC01022,SM,MAXPOSURE.NS,MAXPOSURE,,
MAXVIL,MAX VENTURES AND INDS LTD,INE154U01015,BE,MAXVIL.NS,MAXVIL,,
MAXVOLT,MAXVOLT ENERGY INDUS L,INE10A501018,SM,MAXVOLT.NS,MAXVOLT,,
MAYASHEEL,MAYASHEEL VENTURES LTD,INE0ZTO01018,SM,MAYASHEEL.NS,MAYASHEEL,,
MAYURUNIQ,MAYUR UNIQUOTERS LTD,INE040D01038,BE,MAYURUNIQ.NS,MAYURUNIQ,MAYURUNIQ,522249.0
MAZDA,MAZDA LIMITED,INE885E01042,BE,MAZDA.NS,MAZDA,MAZDA,523792.0
MAZDALEASE,MAZDA IND. & LEASING LTD.,INE461201019,EQ,MAZDALEASE.NS,MAZDALEASE,,
MAZDOCK,MAZAGON DOCK SHIPBUIL LTD,INE249Z01020,BE,MAZDOCK.NS,MAZDOCK,MAZDOCK,543237.0
MBAPL,MADHYA BHARAT AGRO P. LTD,INE900L01010,BE,MBAPL.NS,MBAPL,,
MBECL,MCNALLY BH. ENG. CO.LTD,INE748A01016,BE,MBECL.NS,MBECL,,
MBEL,M AND B ENGINEERING LTD,INE08N601015,BE,MBEL.NS,MBEL,MBEL,544470.0
MBLINFRA,MBL INFRASTRUCTURE LTD,INE912H01013,BE,MBLINFRA.NS,MBLINFRA,MBLINFRA,533152.0
MCDHOLDING,MCDOWELL HOLDINGS LTD.,INE836H01014,BE,MCDHOLDING.NS,MCDHOLDING,,
MCL,MADHAV COPPER LIMITED,INE813V01022,BE,MCL.NS,MCL,,
MCLEODRUSS,MCLEOD RUSSEL INDIA LTD.,INE942G01012,BE,MCLEODRUSS.NS,MCLEODRUSS,MCLEODRUSS,532654.0
MCLOUD,MAGELLANIC CLOUD LIMITED,INE613C01026,BE,MCLOUD.NS,MCLOUD,MCLOUD,538891.0
MCON,MCON RASAYAN INDIA LTD,INE0O4M01019,SM,MCON.NS,MCON,,
MCX,MULTI COMMODITY EXCHANGE,INE745G01035,BE,MCX.NS,MCX,MCX,534091.0
MDL,MARVEL DECOR LIMITED,INE575Z01010,SM,MDL.NS,MDL,,
MEDANTA,GLOBAL HEALTH LIMITED,INE474Q01031,BE,MEDANTA.NS,MEDANTA,MEDANTA,543654.0
MEDIASSIST,MEDI ASSIST HEALTH SER L,INE456Z01021,BE,MEDIASSIST.NS,MEDIASSIST,MEDIASSIST,544088.0
MEDICAMEQ,MEDICAMEN BIOTECH LIMITED,INE646B01010,BE,MEDICAMEQ.NS,MEDICAMEQ,MEDICAMEQ,531146.0
MEDICAPS,MEDI CAPS LTD.,INE190701016,EQ,MEDICAPS.NS,MEDICAPS,,
MEDICO,MEDICO REMEDIES LIMITED,INE630Y01024,BE,MEDICO.NS,MEDICO,MEDICO,540937.0
MEDICOTECH,MEDICORP TECH (I) LTD,INE904A01015,BE,MEDICOTECH.NS,MEDICOTECH,,
MEDIORG,MEDICAMEN ORGANICS LTD,INE0PE401018,SM,MEDIORG.NS,MEDIORG,,
MEDISTEP,MEDISTEP HEALTHCARE LTD,INE0UOY01019,SM,MEDISTEP.NS,MEDISTEP,,
MEDPLUS,MEDPLUS HEALTH SERV LTD,INE804L01022,BE,MEDPLUS.NS,MEDPLUS,MEDPLUS,543427.0
MEGAFLEX,MEGA FLEX PLASTICS LTD,INE0G1D01014,SM,MEGAFLEX.NS,MEGAFLEX,,
MEGASOFT,MEGASOFT LTD,INE933B01012,BE,MEGASOFT.NS,MEGASOFT,MEGASOFT,532408.0
MEGASTAR,MEGASTAR FOODS LIMITED,INE00EM01016,BE,MEGASTAR.NS,MEGASTAR,MEGASTAR,541352.0
MEGATHERM,MEGATHERM INDUCTION LTD,INE531R01010,SM,MEGATHERM.NS,MEGATHERM,,
MEGH,MEGHMANI ORGANICS LTD.,INE974H01013,BE,MEGH.NS,MEGH,,
MEIL,MANGAL ELECTRICAL IND L,INE0PKD01011,BE,MEIL.NS,MEIL,MEIL,544492.0
MELSTAR,MELSTAR INFORMATION TECH,INE817A01019,BE,MELSTAR.NS,MELSTAR,,
MENONBE,MENON BEARINGS LIMITED,INE071D01033,BE,MENONBE.NS,MENONBE,MENONBE,523828.0
MEP,MEP INFRA. DEVELOPERS LTD,INE776I01010,BE,MEP.NS,MEP,MEP,539126.0
MERCATOR,MERCATOR LIMITED,INE934B01028,BE,MERCATOR.NS,MERCATOR,,
MERIND,MERIND LTD. DEPO. SETT.,INE215A01016,BE,MERIND.NS,MERIND,,
MESCOPHARM,MESCO PHARMA. LTD,INE192601016,EQ,MESCOPHARM.NS,MESCOPHARM,,
METAL,MIRAEAMC - METAL,INF769K01LY7,EQ,METAL.NS,METAL,METAL,544268.0
METALFORGE,METALYST FORGINGS LIMITED,INE425A01011,BE,METALFORGE.NS,METALFORGE,,
METALIETF,ICICIPRAMC - METALIETF,INF109KC19W1,EQ,METALIETF.NS,METALIETF,METALIETF,544229.0
METALPIPE,METALMAN INDUSTRIES LTD.,INE192801012,EQ,METALPIPE.NS,METALPIPE,,
METAZINC,MTZ (INDIA) LTD DEPO,INE865A01018,BE,METAZINC.NS,METAZINC,,
METKORE,METKORE ALLOYS & IND LTD,INE592I01029,BE,METKORE.NS,METKORE,,
METROBRAND,METRO BRANDS LIMITED,INE317I01021,BE,METROBRAND.NS,METROBRAND,METROBRAND,543426.0
METROCHEM,METROCHEMINDS,INE732B01018,BE,METROCHEM.NS,METROCHEM,,
METROPOLIS,METROPOLIS HEALTHCARE LTD,INE112L01020,BE,METROPOLIS.NS,METROPOLIS,METROPOLIS,542650.0
MFML,MAHALAXMI FABRIC MILLS LT,INE0US801024,BE,MFML.NS,MFML,MFML,544233.0
MFSL,MAX FINANCIAL SERV LTD,INE180A01020,BE,MFSL.NS,MFSL,MFSL,500271.0
MGEL,MANGALAM GLOBAL ENT LTD,INE0APB01032,BE,MGEL.NS,MGEL,MGEL,544273.0
MGEL,MANGALAM GLOBAL ENT LTD,INE0APB01016,SM,MGEL.NS,MGEL,,
MGL,MAHANAGAR GAS LTD.,INE002S01010,BE,MGL.NS,MGL,MGL,539957.0
MGSL,MATRIX GEO SOLUTIONS LTD,INE132901013,SM,MGSL.NS,MGSL,,
MHHL,MOHINI HEALTH&HYGIENE LTD,INE450S01011,SM,MHHL.NS,MHHL,,
MHLXMIRU,MAHALAXMI RUBTECH LIMITED,INE112D01035,BE,MHLXMIRU.NS,MHLXMIRU,MHLXMIRU,514450.0
MHRIL,MAHINDRA HOLIDAYS LTD,INE998I01010,BE,MHRIL.NS,MHRIL,MHRIL,533088.0
MIC,MIC ELECTRONICS LIMITED,INE287C01029,BE,MIC.NS,MIC,,
MICEL,MIC ELECTRONICS LTD,INE287C01037,BE,MICEL.NS,MICEL,MICEL,532850.0
MICROPLANT,MICRO PLANTAE LTD.,INE193901019,EQ,MICROPLANT.NS,MICROPLANT,,
MICROPRO,MICROPRO SOFTWARE SOL L,INE0PZK01014,SM,MICROPRO.NS,MICROPRO,,
MID150,KOTAKMAMC - MID150,INF174KA1VW2,EQ,MID150.NS,MID150,,
MID150BEES,NIP IND ETF MIDCAP 150,INF204KB1V68,EQ,MID150BEES.NS,MID150BEES,,
MID150CASE,ZERODHAAMC - MID150CASE,INF0R8F01059,EQ,MID150CASE.NS,MID150CASE,MID150CASE,544193.0
MIDCAP,KOTAKMAMC - KOTAKMID50,INF174KA1IB3,EQ,MIDCAP.NS,MIDCAP,,
MIDCAPETF,MIRAEAMC - MAM150ETF,INF769K01IC9,EQ,MIDCAPETF.NS,MIDCAPETF,MIDCAPETF,543481.0
MIDCAPIETF,ICICIPRAMC - ICICIM150,INF109KC11W8,EQ,MIDCAPIETF.NS,MIDCAPIETF,MIDCAPIETF,542921.0
MIDEASTI,MIDEAST INDIA LTD,INE194401019,EQ,MIDEASTI.NS,MIDEASTI,,
MIDEASTSTL,MIDEAST INTEGRATED STEEL,INE194501016,EQ,MIDEASTSTL.NS,MIDEASTSTL,,
MIDHANI,MISHRA DHATU NIGAM LTD,INE099Z01011,BE,MIDHANI.NS,MIDHANI,MIDHANI,541195.0
MIDINDIA,MID INDIA INDUSTRIES LTD.,INE563601017,EQ,MIDINDIA.NS,MIDINDIA,,
MIDQ50ADD,DSPAMC - DSPQ50ETF,INF740KA1QL0,EQ,MIDQ50ADD.NS,MIDQ50ADD,MIDQ50ADD,543438.0
MIDSELIETF,ICICI PRUD MIDCAP SEL ETF,INF109KC10W0,EQ,MIDSELIETF.NS,MIDSELIETF,MIDSELIETF,539980.0
MIDSMALL,MIRAEAMC - MIDSMALL,INF769K01LJ8,EQ,MIDSMALL.NS,MIDSMALL,MIDSMALL,544180.0
MIDWESTIRN,MIDWEST IRON & STEEL CO L,INE195001016,EQ,MIDWESTIRN.NS,MIDWESTIRN,,
MIEL,MANGLAM INFRA & ENG LTD,INE0R3101011,SM,MIEL.NS,MIEL,,
MILTON,MILTON INDUSTRIES LIMITED,INE376Y01016,SM,MILTON.NS,MILTON,,
MILTONPLAS,MILTONPLAS,INE343A01016,BE,MILTONPLAS.NS,MILTONPLAS,MPL,526143.0
MINDACORP,MINDA CORPORATION LTD,INE842C01021,BE,MINDACORP.NS,MINDACORP,MINDACORP,538962.0
MINDPOOL,MINDPOOL TECHNOLOGIES LTD,INE00RQ01019,SM,MINDPOOL.NS,MINDPOOL,,
MINDTECK,MINDTECK (INDIA) LIMITED,INE110B01017,BE,MINDTECK.NS,MINDTECK,MINDTECK,517344.0
MINDTREE,MINDTREE LIMITED,INE018I01017,BE,MINDTREE.NS,MINDTREE,,
MIRCELECTR,MIRCELECTR-DEPO,INE831A01028,BE,MIRCELECTR.NS,MIRCELECTR,MIRCELECTR,500279.0
MIRZAINT,MIRZA INTERNATIONAL LIMIT,INE771A01026,BE,MIRZAINT.NS,MIRZAINT,MIRZAINT,526642.0
MITCON,MITCON CON & ENG SER LTD,INE828O01033,BE,MITCON.NS,MITCON,,
MITTAL,MITTAL LIFE STYLE LIMITED,INE997Y01027,BE,MITTAL.NS,MITTAL,,
MITTAL,MITTAL LIFE STYLE LIMITED,INE997Y01019,SM,MITTAL.NS,MITTAL,,
MITTAL-RE1,MITTAL LIFE STYLE LTD,INE997Y20027,BE,MITTAL-RE1.NS,MITTAL-RE1,,
MKPL,M K PROTEINS LIMITED,INE964W01021,BE,MKPL.NS,MKPL,MKPL,543919.0
MKPL,M K PROTEINS LIMITED,INE964W01013,SM,MKPL.NS,MKPL,,
MM,M&M - DEP RS,INE101A01026,BE,MM.NS,M&M,M&M,500520.0
MMEL,MOVING MEDIA ENTER LTD,INE0XM301010,SM,MMEL.NS,MMEL,,
MMFIN,M&M FIN. SERVICES LTD,INE774D01024,BE,MMFIN.NS,M&MFIN,M&MFIN,532720.0
MMFIN-RE1,MAHINDRA & MAHINDRA RE,INE774D20024,BE,MMFIN-RE1.NS,M&MFIN-RE1,,
MMFL,MM FORGINGS LTD,INE227C01017,BE,MMFL.NS,MMFL,MMFL,522241.0
MMP,MMP INDUSTRIES LIMITED,INE511Y01018,BE,MMP.NS,MMP,,
MMTC,MMTC LIMITED,INE123F01029,BE,MMTC.NS,MMTC,MMTC,513377.0
MNC,KOTAKMAMC - KOTAKMNC,INF174KA1JF2,EQ,MNC.NS,MNC,,
MOALPHA50,MOTILALAMC - MOALPHA50,INF247L01FR8,EQ,MOALPHA50.NS,MOALPHA50,,
MOBIKWIK,ONE MOBIKWIK SYSTEMS LTD,INE0HLU01028,BE,MOBIKWIK.NS,MOBIKWIK,MOBIKWIK,544305.0
MOCAPITAL,MOTILALAMC - MOCAPITAL,INF247L01EV3,EQ,MOCAPITAL.NS,MOCAPITAL,,
MODEFENCE,MOTILALAMC - MODEFENCE,INF247L01DJ0,EQ,MODEFENCE.NS,MODEFENCE,,
MODERNDENM,MODERN DENIM LTD,INE197201010,EQ,MODERNDENM.NS,MODERNDENM,,
MODERNMAL,MODERN MALLEABLE LTD,INE197401016,EQ,MODERNMAL.NS,MODERNMAL,,
MODERNWOOL,MODERN TERRY TOWELS LTD,INE198001013,EQ,MODERNWOOL.NS,MODERNWOOL,,
MODIALKALI,MODI ALKALIES & CHEM LTD.,INE198101011,EQ,MODIALKALI.NS,MODIALKALI,,
MODINSULAT,MODERN INSULATORS LTD,INE197301018,EQ,MODINSULAT.NS,MODINSULAT,,
MODIOLIVET,MODI OLIVETTI LTD,INE198801016,EQ,MODIOLIVET.NS,MODIOLIVET,,
MODIPON,MODIPON LTD,INE199401014,EQ,MODIPON.NS,MODIPON,,
MODIRUBBER,MODI RUBBER LTD,INE832A01018,BE,MODIRUBBER.NS,MODIRUBBER,MODIRUBBER,500890.0
MODISONLTD,MODISON LIMITED,INE737D01021,BE,MODISONLTD.NS,MODISONLTD,MODISONLTD,506261.0
MODITHREAD,MODI TELEFIBERS LTD,INE199201018,EQ,MODITHREAD.NS,MODITHREAD,,
MODRNSYNTX,MODERN SYNTEX (INDIA) LTD,INE197801017,EQ,MODRNSYNTX.NS,MODRNSYNTX,,
MODTHREAD,MODERN THREADS INDIA LTD,INE794W01014,BE,MODTHREAD.NS,MODTHREAD,MODTHREAD,500282.0
MOGOLD,MOTILALAMC - MOGOLD,INF247L01FY4,EQ,MOGOLD.NS,MOGOLD,,
MOGSEC,MOTILALAMC - G5,INF247L01AK4,EQ,MOGSEC.NS,MOGSEC,MOGSEC,543250.0
MOHEALTH,MOTILALAMC - MOHEALTH,INF247L01BB1,EQ,MOHEALTH.NS,MOHEALTH,MOHEALTH,543563.0
MOHITIND,MOHIT INDUSTRIES LTD,INE954E01012,BE,MOHITIND.NS,MOHITIND,MOHITIND,531453.0
MOHOTAIND,MOHOTA INDUSTRIES LIMITED,INE313D01013,BE,MOHOTAIND.NS,MOHOTAIND,,
MOIL,MOIL LIMITED,INE490G01020,BE,MOIL.NS,MOIL,MOIL,533286.0
MOINFRA,MOTILALAMC - MOINFRA,INF247L01FL1,EQ,MOINFRA.NS,MOINFRA,,
MOKSH,MOKSH ORNAMENTS LIMITED,INE514Y01020,BE,MOKSH.NS,MOKSH,,
MOKSH,MOKSH ORNAMENTS LIMITED,INE514Y01012,SM,MOKSH.NS,MOKSH,,
MOL,MEGHMANI ORGANICS LIMITED,INE0CT101020,BE,MOL.NS,MOL,MOL,543331.0
MOLDPLAST,MOLD-TEK PLASTICS LTD,INE200001019,EQ,MOLDPLAST.NS,MOLDPLAST,,
MOLDTECH,MOLD-TEK TECHNOLOGIES LTD,INE835B01035,BE,MOLDTECH.NS,MOLDTECH,MOLDTECH,526263.0
MOLDTKPAC,MOLD-TEK PACKAGING LTD,INE893J01029,BE,MOLDTKPAC.NS,MOLDTKPAC,MOLDTKPAC,533080.0
MOLOWVOL,MOTILALAMC - MOLOWVOL,INF247L01BL0,EQ,MOLOWVOL.NS,MOLOWVOL,MOLOWVOL,543501.0
MOM100,MOTILAL OS MIDCAP100 ETF,INF247L01023,EQ,MOM100.NS,MOM100,MOM100,536960.0
MOM30IETF,ICICIPRAMC - ICICIMOM30,INF109KC17C7,EQ,MOM30IETF.NS,MOM30IETF,MOM30IETF,543568.0
MOM50,MOTILAL OSWAL M50 ETF,INF247L01536,EQ,MOM50.NS,MOM50,MOM50,590115.0
MOMENTUM,BIRLASLAMC - MOMENTUM,INF209KB14K7,EQ,MOMENTUM.NS,MOMENTUM,MOMENTUM,543575.0
MOMENTUM50,MOTILALAMC - MOMENTUM50,INF247L01DK8,EQ,MOMENTUM50.NS,MOMENTUM50,,
MOMGF,MOTILALAMC - MOMGF,INF247L01FK3,EQ,MOMGF.NS,MOMGF,,
MOMIDMTM,MOTILALAMC - MOMIDMTM,INF247L01FQ0,EQ,MOMIDMTM.NS,MOMIDMTM,,
MOMOMENTUM,MOTILALAMC - MOMOMENTUM,INF247L01BK2,EQ,MOMOMENTUM.NS,MOMOMENTUM,MOMOMENTUM,543465.0
MON100,MOTILAL OS NASDAQ100 ETF,INF247L01AP3,EQ,MON100.NS,MON100,MON100,533385.0
MON50EQUAL,MOTILALAMC - MON50EQUAL,INF247L01FC0,EQ,MON50EQUAL.NS,MON50EQUAL,,
MONARCH,MONARCH NETWORTH CAP LTD,INE903D01011,BE,MONARCH.NS,MONARCH,MONARCH,511551.0
MONEXT50,MOTILALAMC - MONEXT50,INF247L01FD8,EQ,MONEXT50.NS,MONEXT50,,
MONICAELEC,MONICA ELECTRONICS LTD,INE200501018,EQ,MONICAELEC.NS,MONICAELEC,,
MONIFTY500,MOTILALAMC - MONIFTY500,INF247L01BU1,EQ,MONIFTY500.NS,MONIFTY500,,
MONNETISPA,MONNET ISPAT & ENERGY LTD,INE743C01013,BE,MONNETISPA.NS,MONNETISPA,,
MONOLITH,MONOLITHISCH INDIA LTD,INE1DV401010,SM,MONOLITH.NS,MONOLITH,,
MONOPHARMA,MONO PHARMACARE LIMITED,INE0OIP01012,SM,MONOPHARMA.NS,MONOPHARMA,,
MONQ50,MOTILALAMC - MONQ50,INF247L01AU3,EQ,MONQ50.NS,MONQ50,MONQ50,543437.0
MONTARIND,MONTARI INDUSTRIES LTD,INE201201014,EQ,MONTARIND.NS,MONTARIND,,
MONTECARLO,MONTE CARLO FASHIONS LTD.,INE950M01013,BE,MONTECARLO.NS,MONTECARLO,MONTECARLO,538836.0
MOPSE,MOTILALAMC - MOPSE,INF247L01FO5,EQ,MOPSE.NS,MOPSE,,
MORARJEE,MORARJEE TEXTILES LIMITED,INE161G01027,BE,MORARJEE.NS,MORARJEE,,
MOREALTY,MOTILALAMC - MOREALTY,INF247L01CI4,EQ,MOREALTY.NS,MOREALTY,,
MOREPENLAB,MOREPEN LAB. LTD,INE083A01026,BE,MOREPENLAB.NS,MOREPENLAB,MOREPENLAB,500288.0
MOS,MOS UTILITY LIMITED,INE0N7S01028,SM,MOS.NS,MOS,,
MOSCHIP,MOSCHIP TECHNOLOGIES LTD,INE935B01025,BE,MOSCHIP.NS,MOSCHIP,MOSCHIP,532407.0
MOSILVER,MOTILALAMC - MOSILVER,INF247L01FZ1,EQ,MOSILVER.NS,MOSILVER,,
MOSMALL250,MOTILALAMC - MOSMALL250,INF247L01CH6,EQ,MOSMALL250.NS,MOSMALL250,,
MOTHERSON,SAMVRDHNA MTHRSN INTL LTD,INE775A01035,BE,MOTHERSON.NS,MOTHERSON,MOTHERSON,517334.0
MOTILALOFS,MOTILAL OSWAL FIN LTD,INE338I01027,BE,MOTILALOFS.NS,MOTILALOFS,MOTILALOFS,532892.0
MOTISONS,MOTISONS JEWELLERS LTD,INE0FRK01020,BE,MOTISONS.NS,MOTISONS,MOTISONS,544053.0
MOTOGENFIN,MOTOR & GENERAL FINANCE L,INE861B01023,BE,MOTOGENFIN.NS,MOTOGENFIN,MOTOGENFIN,501343.0
MOTOUR,MOTILALAMC - MOTOUR,INF247L01FP2,EQ,MOTOUR.NS,MOTOUR,,
MOVALUE,MOTILALAMC - MOVALUE,INF247L01BE5,EQ,MOVALUE.NS,MOVALUE,MOVALUE,543576.0
MOXSH,MOXSH OVERSEAS EDUCON LTD,INE0N6D01014,SM,MOXSH.NS,MOXSH,,
MPHASIS,MPHASIS LIMITED,INE356A01018,BE,MPHASIS.NS,MPHASIS,MPHASIS,526299.0
MPSLTD,MPS LIMITED,INE943D01017,BE,MPSLTD.NS,MPSLTD,MPSLTD,532440.0
MPTODAY,M P TODAY MEDIA LIMITED,INE105Y01019,SM,MPTODAY.NS,MPTODAY,,
MRF,MRF LIMITED DEPO,INE883A01011,BE,MRF.NS,MRF,MRF,500290.0
MRIL,MAHENDRA REALTO & INFRA L,INE632Q01018,SM,MRIL.NS,MRIL,,
MRPL,MRPL - DEP RS,INE103A01014,BE,MRPL.NS,MRPL,MRPL,500109.0
MSCIINDIA,KOTAKMAMC - MSCIINDIA,INF174KA1VD2,EQ,MSCIINDIA.NS,MSCIINDIA,,
MSLIND,MSL INDUSTRIES LTD,INE203501015,EQ,MSLIND.NS,MSLIND,,
MSPL,MSP STEEL & POWER LTD.,INE752G01015,BE,MSPL.NS,MSPL,MSPL,532650.0
MSSHOES,M S SHOES EAST LTD,INE501201011,EQ,MSSHOES.NS,MSSHOES,,
MSTCLTD,MSTC LIMITED,INE255X01014,BE,MSTCLTD.NS,MSTCLTD,MSTCLTD,542597.0
MSUMI,MOTHERSON SUMI WRNG IND L,INE0FS801015,BE,MSUMI.NS,MSUMI,MSUMI,543498.0
MTARTECH,MTAR TECHNOLOGIES LIMITED,INE864I01014,BE,MTARTECH.NS,MTARTECH,MTARTECH,543270.0
MTEDUCARE,MT EDUCARE LTD,INE472M01018,BE,MTEDUCARE.NS,MTEDUCARE,,
MTNL,MTNL - DEPO. SETT.,INE153A01019,BE,MTNL.NS,MTNL,MTNL,500108.0
MUFIN,MUFIN GREEN FINANCE LTD,INE08KJ01020,BE,MUFIN.NS,MUFIN,MUFIN,542774.0
MUFTI,CREDO BRANDS MARKETING L,INE220Q01020,BE,MUFTI.NS,MUFTI,MUFTI,544058.0
MUKANDENGG,MUKAND ENGINEERS LIMITED,INE022B01014,BE,MUKANDENGG.NS,MUKANDENGG,,
MUKANDLTD,MUKAND LTD.,INE304A01026,BE,MUKANDLTD.NS,MUKANDLTD,MUKANDLTD,500460.0
MUKATPIPE,MUKAT PIPES LTD,INE203601013,EQ,MUKATPIPE.NS,MUKATPIPE,,
MUKERPAPER,MUKERIAN PAPER LTD.,INE203801019,EQ,MUKERPAPER.NS,MUKERPAPER,,
MUKKA,MUKKA PROTEINS LIMITED,INE0CG401037,BE,MUKKA.NS,MUKKA,MUKKA,544135.0
MUKTAARTS,MUKTA ARTS LIMITED,INE374B01019,BE,MUKTAARTS.NS,MUKTAARTS,MUKTAARTS,532357.0
MULTIARC,MULTI-ARC INDIA LTD,INE204301019,EQ,MULTIARC.NS,MULTIARC,,
MULTICAP,MIRAEAMC - MULTICAP,INF769K01LX9,EQ,MULTICAP.NS,MULTICAP,MULTICAP,544241.0
MUNJALAU,MUNJAL AUTO IND. LTD.,INE672B01032,BE,MUNJALAU.NS,MUNJALAU,MUNJALAU,520059.0
MUNJALSHOW,MUNJAL SHOWA LTD,INE577A01027,BE,MUNJALSHOW.NS,MUNJALSHOW,MUNJALSHOW,520043.0
MURABLACK,MURABLACK LTD,INE461501012,EQ,MURABLACK.NS,MURABLACK,,
MURUDCERA,MURUDESHWAR CERAMICS LTD,INE692B01014,BE,MURUDCERA.NS,MURUDCERA,MURUDCERA,515037.0
MUTHOOTCAP,MUTHOOT CAP SERV LTD,INE296G01013,BE,MUTHOOTCAP.NS,MUTHOOTCAP,MUTHOOTCAP,511766.0
MUTHOOTFIN,MUTHOOT FINANCE LIMITED,INE414G01012,BE,MUTHOOTFIN.NS,MUTHOOTFIN,MUTHOOTFIN,533398.0
MUTHOOTMF,MUTHOOT MICROFIN LIMITED,INE046W01019,BE,MUTHOOTMF.NS,MUTHOOTMF,MUTHOOTMF,544055.0
MVGJL,MANOJ VAIBHAV GEM N JEW L,INE0KNT01012,BE,MVGJL.NS,MVGJL,MVGJL,543995.0
MVKAGRO,M.V.K. AGRO FOOD PROD LTD,INE0SGC01015,SM,MVKAGRO.NS,MVKAGRO,,
MVL,MVL LIMITED,INE744I01034,BE,MVL.NS,MVL,,
MWL,MANGALAM WORLDWIDE LTD,INE0JYY01011,BE,MWL.NS,MWL,,
MYMUDRA,MY MUDRA FINCORP LIMITED,INE0RVQ01016,SM,MYMUDRA.NS,MYMUDRA,,
MYSOREBANK,STATE BANK OF MYSORE,INE651A01020,BE,MYSOREBANK.NS,MYSOREBANK,,
MYSORPETRO,MYSORE PETROCHEM LTD DEPO,INE741A01011,BE,MYSORPETRO.NS,MYSORPETRO,MYSORPETRO,506734.0
NACLIND,NACL INDUSTRIES LIMITED,INE295D01020,BE,NACLIND.NS,NACLIND,NACLIND,524709.0
NAGAFERT,NAGARJUN FERT AND CHE LTD,INE454M01024,BE,NAGAFERT.NS,NAGAFERT,NAGAFERT,539917.0
NAGARJUFIN,NAGARJUNA FINANCE LTD,INE207401014,EQ,NAGARJUFIN.NS,NAGARJUFIN,,
NAGAROIL,NAGARJUNA OIL REFINERY,INE453M01018,BE,NAGAROIL.NS,NAGAROIL,,
NAGREEKCAP,NAGREEKA CAP & INFR.LTD,INE245I01016,BE,NAGREEKCAP.NS,NAGREEKCAP,NAGREEKCAP,532895.0
NAGREEKEXP,NAGREEKA EXPORTS LTD.,INE123B01028,BE,NAGREEKEXP.NS,NAGREEKEXP,NAGREEKEXP,521109.0
NAHARCAP,NAHAR CAP & FIN.,INE049I01012,BE,NAHARCAP.NS,NAHARCAP,,
NAHARINDUS,NAHAR INDS ENT LTD,INE289A01011,BE,NAHARINDUS.NS,NAHARINDUS,NAHARINDUS,519136.0
NAHARPOLY,NAHAR POLY FILMS LIMITED,INE308A01027,BE,NAHARPOLY.NS,NAHARPOLY,NAHARPOLY,523391.0
NAHARSPING,NAHAR SPINNING MILLS LTD.,INE290A01027,BE,NAHARSPING.NS,NAHARSPING,NAHARSPING,500296.0
NAHARSUGAR,NAHAR SUGARS & ALLIED IND,INE208101019,EQ,NAHARSUGAR.NS,NAHARSUGAR,,
NAHARSUGAR,NAHAR SUGAR DEPO-SETT.,INE361A01018,BE,NAHARSUGAR.NS,NAHARSUGAR,,
NAKODA,NAKODA LIMITED,INE559B01023,BE,NAKODA.NS,NAKODA,,
NAKODATEX,NAKODA TEXTILE INDS LTD,INE208301015,EQ,NAKODATEX.NS,NAKODATEX,,
NALCOCHEM,NALCOCHEMICALS-ROLL SETT,INE582A01019,BE,NALCOCHEM.NS,NALCOCHEM,,
NAM-INDIA,NIPPON L I A M LTD,INE298J01013,BE,NAM-INDIA.NS,NAM-INDIA,NAM-INDIA,540767.0
NAMAN,NAMAN IN-STORE (INDIA) L,INE0RJM01010,SM,NAMAN.NS,NAMAN,,
NAMOEWASTE,NAMO EWASTE MANAGEMENT L,INE08NZ01012,SM,NAMOEWASTE.NS,NAMOEWASTE,,
NAMTECHELE,NAMTECHELECTRONICS DEVICE,INE607C01010,BE,NAMTECHELE.NS,NAMTECHELE,,
NARMADA,NARMADA AGROBASE LIMITED,INE117Z01011,BE,NARMADA.NS,NARMADA,NARMADA,543643.0
NARMADASUG,GIRDHARILAL SUGAR ALLIED,INE209601017,BE,NARMADASUG.NS,NARMADASUG,,
NATCAPSUQ,NATURAL CAPSULES LIMITED,INE936B01015,BE,NATCAPSUQ.NS,NATCAPSUQ,NATCAPSUQ,524654.0
NATCOPHARM,NATCO PHARMA LTD.,INE987B01026,BE,NATCOPHARM.NS,NATCOPHARM,NATCOPHARM,524816.0
NATHBIOGEN,NATH BIO-GENES (I) LTD,INE448G01010,BE,NATHBIOGEN.NS,NATHBIOGEN,NATHBIOGEN,537291.0
NATHPULP,NATHPULP&PAPER-DEPO,INE776A01017,BE,NATHPULP.NS,NATHPULP,,
NATIONALUM,NATIONALUM-DEP SETT,INE139A01034,BE,NATIONALUM.NS,NATIONALUM,NATIONALUM,532234.0
NATNLSTEEL,NATIONAL STEEL & AGRO IND,INE088B01015,BE,NATNLSTEEL.NS,NATNLSTEEL,,
NAUKRI,INFO EDGE (I) LTD,INE663F01032,BE,NAUKRI.NS,NAUKRI,NAUKRI,532777.0
NAZARA,NAZARA TECHNOLOGIES LTD,INE418L01047,BE,NAZARA.NS,NAZARA,NAZARA,543280.0
NBCC,NBCC (INDIA) LIMITED,INE095N01031,BE,NBCC.NS,NBCC,NBCC,534309.0
NBIFIN,N.B.I. IND. FIN. CO. LTD,INE365I01020,BE,NBIFIN.NS,NBIFIN,,
NCC,NCC LIMITED,INE868B01028,BE,NCC.NS,NCC,NCC,500294.0
NCLIND,NCL INDUSTRIES LIMITED,INE732C01016,BE,NCLIND.NS,NCLIND,NCLIND,502168.0
NDGL,NAGA DHUNSERI GROUP LTD,INE756C01015,BE,NDGL.NS,NDGL,,
NDL,NANDAN DENIM LIMITED,INE875G01048,BE,NDL.NS,NDL,NDL,532641.0
NDLVENTURE,NDL VENTURES LIMITED,INE353A01023,BE,NDLVENTURE.NS,NDLVENTURE,,
NDRAUTO,NDR AUTO COMPONENTS LTD,INE07OG01012,BE,NDRAUTO.NS,NDRAUTO,NDRAUTO,543214.0
NDTV,NDTV LTD,INE155G01029,BE,NDTV.NS,NDTV,NDTV,532529.0
NECCLTD,NORTH EAST CARRY CORP LTD,INE553C01016,BE,NECCLTD.NS,NECCLTD,NECCLTD,534615.0
NECLIFE,NECTAR LIFESCIENCES LTD.,INE023H01027,BE,NECLIFE.NS,NECLIFE,NECLIFE,532649.0
NEDUNGBANK,NEDUNGADIBANK-ROLL SETT,INE586A01010,BE,NEDUNGBANK.NS,NEDUNGBANK,,
NEELAM,NEELAM LINENS & GAR (I) L,INE0N1401016,SM,NEELAM.NS,NEELAM,,
NELCAST,NELCAST LIMITED,INE189I01024,BE,NELCAST.NS,NELCAST,NELCAST,532864.0
NELCO,NELCO LTD,INE045B01015,BE,NELCO.NS,NELCO,NELCO,504112.0
NEOGEN,NEOGEN CHEMICALS LIMITED,INE136S01016,BE,NEOGEN.NS,NEOGEN,NEOGEN,542665.0
NEOSACK,NEO SACK LTD,INE214101011,EQ,NEOSACK.NS,NEOSACK,,
NEPCPAPER,NEPCPAPER - ROLL SETT,INE471B01013,BE,NEPCPAPER.NS,NEPCPAPER,,
NEPHROCARE,NEPHRO CARE INDIA LIMITED,INE0SUN01013,SM,NEPHROCARE.NS,NEPHROCARE,,
NEPTUNE,NEPTUNE PETROCHEMICALS L,INE156901014,SM,NEPTUNE.NS,NEPTUNE,,
NESCO,NESCO LTD.,INE317F01035,BE,NESCO.NS,NESCO,NESCO,505355.0
NESTLEIND,NESTLE INDIA LIMITED,INE239A01024,BE,NESTLEIND.NS,NESTLEIND,NESTLEIND,500790.0
NETF,TATAAML - NETF,INF277K015R5,EQ,NETF.NS,NETF,,
NETWEB,NETWEB TECH INDIA LTD,INE0NT901020,BE,NETWEB.NS,NETWEB,NETWEB,543945.0
NETWORK,NETWORK LTD,INE214801016,EQ,NETWORK.NS,NETWORK,,
NETWORK18,NETWORK18 MEDIA & INV LTD,INE870H01013,BE,NETWORK18.NS,NETWORK18,NETWORK18,532798.0
NEULANDLAB,NEULAND LAB LTD.,INE794A01010,BE,NEULANDLAB.NS,NEULANDLAB,NEULANDLAB,524558.0
NEWGEN,NEWGEN SOFTWARE TECH LTD,INE619B01017,BE,NEWGEN.NS,NEWGEN,NEWGEN,540900.0
NEWJAISA,NEWJAISA TECHNOLOGIES LTD,INE0PW501021,SM,NEWJAISA.NS,NEWJAISA,,
NEXT30ADD,DSPAMC - NEXT30ADD,INF740KA1VE5,EQ,NEXT30ADD.NS,NEXT30ADD,NEXT30ADD,544352.0
NEXT50,MIRAEAMC - MANXT50,INF769K01FN2,EQ,NEXT50.NS,NEXT50,NEXT50,542922.0
NEXT50IETF,ICICIPRAMC - ICICINXT50,INF109KC1NS5,EQ,NEXT50IETF.NS,NEXT50IETF,NEXT50IETF,541809.0
NEXTMEDIA,NEXT MEDIAWORKS LIMITED,INE747B01016,BE,NEXTMEDIA.NS,NEXTMEDIA,NEXTMEDIA,532416.0
NFL,NATIONAL FERT. LTD,INE870D01012,BE,NFL.NS,NFL,NFL,523630.0
NGIL,NAKODA GROUP OF IND. LTD,INE236Y01012,BE,NGIL.NS,NGIL,NGIL,541418.0
NGIL-RE1,NAKODA GRP OF IND LTD,INE236Y20020,BE,NGIL-RE1.NS,NGIL-RE1,,
NGIL-RE2,NAKODA GROUP OF IND LTD,INE236Y20038,BE,NGIL-RE2.NS,NGIL-RE2,,
NGLFINE,NGL FINE CHEM LIMITED,INE887E01022,BE,NGLFINE.NS,NGLFINE,NGLFINE,524774.0
NH,NARAYANA HRUDAYALAYA LTD.,INE410P01011,BE,NH.NS,NH,NH,539551.0
NHPC,NHPC LTD,INE848E01016,BE,NHPC.NS,NHPC,NHPC,533098.0
NIACL,THE NEW INDIA ASSU CO LTD,INE470Y01017,BE,NIACL.NS,NIACL,NIACL,540769.0
NIBE,NIBE LIMITED,INE149O01018,BE,NIBE.NS,NIBE,NIBE,535136.0
NIBL,NRB INDUS. BEARINGS LTD.,INE047O01014,BE,NIBL.NS,NIBL,NIBL,535458.0
NIDAN,NIDAN LABS AND HEALTH LTD,INE0J6L01013,SM,NIDAN.NS,NIDAN,,
NIF100BEES,NIP IND ETF NIFTY 100,INF204K014N5,EQ,NIF100BEES.NS,NIF100BEES,NIF100BEES,537483.0
NIF100IETF,ICICI PRUD NIFTY 100 ETF,INF109KC16V9,EQ,NIF100IETF.NS,NIF100IETF,NIF100IETF,537008.0
NIF10GETF,UTIAMC - NIF10GETF,INF789F1AZF3,EQ,NIF10GETF.NS,NIF10GETF,NIF10GETF,544104.0
NIF5GETF,UTIAMC - NIF5GETF,INF789F1AZE6,EQ,NIF5GETF.NS,NIF5GETF,NIF5GETF,544103.0
NIFITETF,UTIAMC - NIFITETF,INF789F1AZD8,EQ,NIFITETF.NS,NIFITETF,NIFITETF,544102.0
NIFMID150,UTIAMC - NIFMID150,INF789F1AYX9,EQ,NIFMID150.NS,NIFMID150,NIFMID150,543975.0
NIFTY1,KOTAK NIFTY ETF,INF174K014P6,EQ,NIFTY1.NS,NIFTY1,NIFTY1,537708.0
NIFTY100EW,KOTAKMAMC - NIFTY100EW,INF174KA1UW4,EQ,NIFTY100EW.NS,NIFTY100EW,,
NIFTY50ADD,DSPAMC - DSPN50ETF,INF740KA1CL0,EQ,NIFTY50ADD.NS,NIFTY50ADD,NIFTY50ADD,543440.0
NIFTYBEES,NIP IND ETF NIFTY BEES,INF204KB14I2,EQ,NIFTYBEES.NS,NIFTYBEES,NIFTYBEES,590103.0
NIFTYBETF,BFAM - NIFTYBETF,INF0QA701722,EQ,NIFTYBETF.NS,NIFTYBETF,,
NIFTYEES,EDELWEISS ETF - NIFTY 50,INF754K01EK3,EQ,NIFTYEES.NS,NIFTYEES,,
NIFTYETF,MIRAEAMC - MAN50ETF,INF769K01EG9,EQ,NIFTYETF.NS,NIFTYETF,NIFTYETF,542131.0
NIFTYIETF,ICICI PRUD NIFTY ETF,INF109K012R6,EQ,NIFTYIETF.NS,NIFTYIETF,NIFTYIETF,537007.0
NIFTYQLITY,BIRLASLAMC - NIFTYQLITY,INF209KB15K4,EQ,NIFTYQLITY.NS,NIFTYQLITY,NIFTYQLITY,543574.0
NIHONIRMAN,NIHON NIRMAAN LTD,INE216801014,EQ,NIHONIRMAN.NS,NIHONIRMAN,,
NIITLTD,NIIT LIMITED,INE161A01038,BE,NIITLTD.NS,NIITLTD,NIITLTD,500304.0
NIITMTS,NIIT LEARNING SYSTEMS LTD,INE342G01023,BE,NIITMTS.NS,NIITMTS,NIITMTS,543952.0
NIKITA,NIKITA PAPERS LIMITED,INE0FLF01015,SM,NIKITA.NS,NIKITA,,
NILAINFRA,NILA INFRASTRUCTURES LTD,INE937C01029,BE,NILAINFRA.NS,NILAINFRA,NILAINFRA,530377.0
NILASPACES,NILA SPACES LIMITED,INE00S901012,BE,NILASPACES.NS,NILASPACES,NILASPACES,542231.0
NILKAMAL,NILKAMAL LIMITED,INE310A01015,BE,NILKAMAL.NS,NILKAMAL,,
NINSYS,NINTEC SYSTEMS LIMITED,INE395U01014,BE,NINSYS.NS,NINSYS,NINSYS,539843.0
NIPPOBATRY,INDO-NATIONAL LIMITED,INE567A01028,BE,NIPPOBATRY.NS,NIPPOBATRY,NIPPOBATRY,504058.0
NIPPONDENS,DENSO INDIA LTD,INE502A01017,BE,NIPPONDENS.NS,NIPPONDENS,,
NIRAJ,NIRAJ CEMENT STRUC LTD,INE368I01016,BE,NIRAJ.NS,NIRAJ,NIRAJ,532986.0
NIRAJISPAT,NIRAJ ISPAT IND LTD,INE326T01011,BE,NIRAJISPAT.NS,NIRAJISPAT,,
NIRAJPETRO,NIRAJ PETRO LTD,INE217601017,EQ,NIRAJPETRO.NS,NIRAJPETRO,,
NIRLON,NIRLON LIMITED,INE910A01012,BE,NIRLON.NS,NIRLON,NIRLON,500307.0
NIRMAN,NIRMAN AGRI GENTICS LTD,INE0OK701014,SM,NIRMAN.NS,NIRMAN,,
NITCO,NITCO LIMITED,INE858F01012,BE,NITCO.NS,NITCO,NITCO,532722.0
NITINFIRE,NITIN FIRE PROT IND. LTD.,INE489H01020,BE,NITINFIRE.NS,NITINFIRE,,
NITINSPIN,NITIN SPINNERS LIMITED,INE229H01012,BE,NITINSPIN.NS,NITINSPIN,NITINSPIN,532698.0
NITIRAJ,NITIRAJ ENGINEERS LTD,INE439T01012,BE,NITIRAJ.NS,NITIRAJ,,
NIVABUPA,NIVA BUPA HEALTH INS CO L,INE995S01015,BE,NIVABUPA.NS,NIVABUPA,NIVABUPA,544286.0
NKIND,NKINDUSTRIES LTD,INE542C01019,BE,NKIND.NS,NKIND,NKIND,519494.0
NLCINDIA,NLC INDIA LIMITED,INE589A01014,BE,NLCINDIA.NS,NLCINDIA,NLCINDIA,513683.0
NMDC,NMDC LTD.,INE584A01023,BE,NMDC.NS,NMDC,NMDC,526371.0
NMSTEEL,NEWMALAYALAM STEEL LTD,INE0TP801012,SM,NMSTEEL.NS,NMSTEEL,,
NOCIL,NOCIL LIMITED,INE163A01018,BE,NOCIL.NS,NOCIL,NOCIL,500730.0
NOESISIND,NOESIS INDUSTRIES LIMITED,INE141B01020,BE,NOESISIND.NS,NOESISIND,,
NOIDATOLL,NOIDA TOLL BRIDGE CO LTD,INE781B01015,BE,NOIDATOLL.NS,NOIDATOLL,NOIDATOLL,532481.0
NORBTEAEXP,NORBEN TEA &EXPORTS LTD,INE369C01017,BE,NORBTEAEXP.NS,NORBTEAEXP,NORBTEAEXP,519528.0
NORTHARC,NORTHERN ARC CAPITAL LTD,INE850M01015,BE,NORTHARC.NS,NORTHARC,NORTHARC,544260.0
NORTHSUG,NORTHLAND SUGAR COM. LTD,INE219501017,EQ,NORTHSUG.NS,NORTHSUG,,
NOVAAGRI,NOVA AGRITECH LIMITED,INE02H701025,BE,NOVAAGRI.NS,NOVAAGRI,NOVAAGRI,544100.0
NOVARTIND,NOVARTIS INDIA LIMITED,INE234A01025,BE,NOVARTIND.NS,NOVARTIND,NOVARTIND,500672.0
NPBET,TATAAML - NPBET,INF277K010X4,EQ,NPBET.NS,NPBET,,
NPST,NETWORK PEOPLE SRV TECH L,INE0FFK01017,BE,NPST.NS,NPST,NPST,544396.0
NRAIL,N R AGARWAL INDS LTD,INE740D01017,BE,NRAIL.NS,NRAIL,NRAIL,516082.0
NRBBEARING,NRB BEARING LTD,INE349A01021,BE,NRBBEARING.NS,NRBBEARING,NRBBEARING,530367.0
NRL,NUPUR RECYCLERS LIMITED,INE0JM501013,BE,NRL.NS,NRL,,
NRVANDANA,N R VANDANA TEX IND LTD,INE104101014,SM,NRVANDANA.NS,NRVANDANA,,
NSIL,NALWA SONS INVESTMENT LTD,INE023A01030,BE,NSIL.NS,NSIL,NSIL,532256.0
NSLNISP,NMDC STEEL LIMITED,INE0NNS01018,BE,NSLNISP.NS,NSLNISP,NSLNISP,543768.0
NTL,NEUEON TOWERS LIMITED,INE333I01036,BE,NTL.NS,NTL,,
NTPC,NTPC LTD,INE733E01010,BE,NTPC.NS,NTPC,NTPC,532555.0
NTPCGREEN,NTPC GREEN ENERGY LIMITED,INE0ONG01011,BE,NTPCGREEN.NS,NTPCGREEN,NTPCGREEN,544289.0
NUCLEUS,NUCLEUS SOFTWARE EXPORTS,INE096B01018,BE,NUCLEUS.NS,NUCLEUS,NUCLEUS,531209.0
NURECA,NURECA LIMITED,INE0DSF01015,BE,NURECA.NS,NURECA,NURECA,543264.0
NUTEK,NU TEK INDIA LTD,INE318J01027,BE,NUTEK.NS,NUTEK,,
NUVAMA,NUVAMA WEALTH MANAGE LTD,INE531F01015,BE,NUVAMA.NS,NUVAMA,NUVAMA,543988.0
NUVOCO,NUVOCO VISTAS CORP LTD,INE118D01016,BE,NUVOCO.NS,NUVOCO,NUVOCO,543334.0
NV20,KOTAKMAMC - KTKNV20ETF,INF174K01Z71,EQ,NV20.NS,NV20,,
NV20BEES,NIP IND ETF ETF NV20,INF204KB18I3,EQ,NV20BEES.NS,NV20BEES,,
NV20IETF,ICICI PRUDENTIAL NV20 ETF,INF109KC11V0,EQ,NV20IETF.NS,NV20IETF,NV20IETF,539945.0
NYKAA,FSN E COMMERCE VENTURES,INE388Y01029,BE,NYKAA.NS,NYKAA,NYKAA,543384.0
OAL,ORIENTAL AROMATICS LTD,INE959C01023,BE,OAL.NS,OAL,OAL,500078.0
OBCL,ORISSA BENGAL CARRIER LTD,INE426Z01016,BE,OBCL.NS,OBCL,OBCL,541206.0
OBEROIRLTY,OBEROI REALTY LIMITED,INE093I01010,BE,OBEROIRLTY.NS,OBEROIRLTY,OBEROIRLTY,533273.0
OBSCP,OBSC PERFECTION LIMITED,INE0YHV01011,SM,OBSCP.NS,OBSCP,,
OCCL,ORIENTAL CARBN & CHEM LTD,INE321D01016,BE,OCCL.NS,OCCL,AGVENTURES,506579.0
OCCLLTD,OCCL LIMITED,INE0PK601023,BE,OCCLLTD.NS,OCCLLTD,OCCLLTD,544278.0
ODIGMA,ODIGMA CONSULTANCY SOL L,INE054301028,BE,ODIGMA.NS,ODIGMA,ODIGMA,544301.0
OFSS,ORACLE FIN SERV SOFT LTD.,INE881D01027,BE,OFSS.NS,OFSS,OFSS,532466.0
OIL,OIL INDIA LTD,INE274J01014,BE,OIL.NS,OIL,OIL,533106.0
OILCOUNTUB,OIL COUNTRY TUBULAR LTD.,INE591A01010,BE,OILCOUNTUB.NS,OILCOUNTUB,OILCOUNTUB,500313.0
OILIETF,ICICIPRAMC - OILIETF,INF109KC18W3,EQ,OILIETF.NS,OILIETF,OILIETF,544216.0
OISL,OCL IRON AND STEEL LTD,INE196J01019,BE,OISL.NS,OISL,,
OLAELEC,OLA ELECTRIC MOBILITY LTD,INE0LXG01040,BE,OLAELEC.NS,OLAELEC,OLAELEC,544225.0
OLECTRA,OLECTRA GREENTECH LIMITED,INE260D01016,BE,OLECTRA.NS,OLECTRA,OLECTRA,532439.0
OLIL,ONECLICK LOGISTICS IND L,INE0OPS01011,SM,OLIL.NS,OLIL,,
OMAXAUTO,OMAX AUTOS LTD,INE090B01011,BE,OMAXAUTO.NS,OMAXAUTO,OMAXAUTO,520021.0
OMAXE,OMAXE LIMITED,INE800H01010,BE,OMAXE.NS,OMAXE,OMAXE,532880.0
OMFURN,OMFURN INDIA LIMITED,INE338Y01016,SM,OMFURN.NS,OMFURN,,
OMINFRAL,OM INFRA LIMITED,INE239D01028,BE,OMINFRAL.NS,OMINFRAL,OMINFRAL,531092.0
OMKARCHEM,OMKAR SPL CHEM LTD,INE474L01016,BE,OMKARCHEM.NS,OMKARCHEM,OMKARCHEM,533317.0
ONDOOR,ON DOOR CONCEPTS LIMITED,INE00ER01015,SM,ONDOOR.NS,ONDOOR,,
ONELIFECAP,ONELIFE CAP ADVISORS LTD,INE912L01015,BE,ONELIFECAP.NS,ONELIFECAP,ONELIFECAP,533632.0
ONEPOINT,ONE POINT ONE SOL LTD,INE840Y01029,BE,ONEPOINT.NS,ONEPOINT,,
ONEPOINT,ONE POINT ONE SOL LTD,INE840Y01011,SM,ONEPOINT.NS,ONEPOINT,,
ONESOURCE,ONESOURCE SPECL PHARMA L,INE013P01021,BE,ONESOURCE.NS,ONESOURCE,ONESOURCE,544292.0
ONGC,ONGC DEPO. SETT.,INE213A01029,BE,ONGC.NS,ONGC,ONGC,500312.0
ONIDASAVAK,ONIDA SAVAK LTD,INE224101019,EQ,ONIDASAVAK.NS,ONIDASAVAK,,
ONMOBILE,ONMOBILE GLOBAL LTD.,INE809I01019,BE,ONMOBILE.NS,ONMOBILE,ONMOBILE,532944.0
ONWARDTEC,ONWARD TECHNOLOGIES LTD.,INE229A01017,BE,ONWARDTEC.NS,ONWARDTEC,ONWARDTEC,517536.0
ONYX,ONYX BIOTEC LIMITED,INE0WVU01018,SM,ONYX.NS,ONYX,,
OPAL,OPAL LUXURY TIME PROD LTD,INE520N01012,SM,OPAL.NS,OPAL,,
OPTELCOMM,OPTEL TELECOM. LTD,INE567701011,EQ,OPTELCOMM.NS,OPTELCOMM,,
OPTIEMUS,OPTIEMUS INFRACOM LTD,INE350C01017,BE,OPTIEMUS.NS,OPTIEMUS,OPTIEMUS,530135.0
OPTIVALUE,OPTIVALUE TEK CONSULT LTD,INE15B101011,SM,OPTIVALUE.NS,OPTIVALUE,,
OPTOCIRCUI,OPTO CIRCUITS (I) LTD,INE808B01016,BE,OPTOCIRCUI.NS,OPTOCIRCUI,,
ORBTEXP,ORBIT EXPORTS LIMITED,INE231G01010,BE,ORBTEXP.NS,ORBTEXP,ORBTEXP,512626.0
ORCHASP,ORCHASP LIMITED,INE215B01022,BE,ORCHASP.NS,ORCHASP,ORCHASP,532271.0
ORCHIDPHAR,ORCHID PHARMA LIMITED,INE191A01019,BE,ORCHIDPHAR.NS,ORCHIDPHAR,,
ORCHPHARMA,ORCHID PHARMA LIMITED,INE191A01027,BE,ORCHPHARMA.NS,ORCHPHARMA,ORCHPHARMA,524372.0
ORIANA,ORIANA POWER LIMITED,INE0OUT01019,SM,ORIANA.NS,ORIANA,,
ORICONENT,ORICON ENTERPRISES LTD,INE730A01022,BE,ORICONENT.NS,ORICONENT,ORICONENT,513121.0
ORIENTALTL,ORIENTAL TRIMEX LTD,INE998H01012,BE,ORIENTALTL.NS,ORIENTALTL,ORIENTALTL,532817.0
ORIENTBELL,ORIENT BELL LIMITED,INE607D01018,BE,ORIENTBELL.NS,ORIENTBELL,ORIENTBELL,530365.0
ORIENTCARB,ORIENTAL CARBON & CHEM,INE225301014,EQ,ORIENTCARB.NS,ORIENTCARB,,
ORIENTCEM,ORIENT CEMENT LTD.,INE876N01018,BE,ORIENTCEM.NS,ORIENTCEM,ORIENTCEM,535754.0
ORIENTCER,ORIENT CERATECH LIMITED,INE569C01020,BE,ORIENTCER.NS,ORIENTCER,ORIENTCER,504879.0
ORIENTCONT,ORIENTAL CONTAINERS LTD.,INE730A01014,BE,ORIENTCONT.NS,ORIENTCONT,,
ORIENTELEC,ORIENT ELECTRIC LIMITED,INE142Z01019,BE,ORIENTELEC.NS,ORIENTELEC,ORIENTELEC,541301.0
ORIENTHOT,ORIENT HOTELS LTD.,INE750A01020,BE,ORIENTHOT.NS,ORIENTHOT,ORIENTHOT,500314.0
ORIENTLTD,ORIENT PRESS LIMITED,INE609C01024,BE,ORIENTLTD.NS,ORIENTLTD,ORIENTLTD,526325.0
ORIENTPPR,ORIENT PAPER & INDS LTD.,INE592A01026,BE,ORIENTPPR.NS,ORIENTPPR,ORIENTPPR,502420.0
ORIENTTECH,ORIENT TECHNOLOGIES LTD,INE0PPK01015,BE,ORIENTTECH.NS,ORIENTTECH,ORIENTTECH,544235.0
ORISSAMINE,ORISSA MIN DEV CO LTD,INE725E01024,BE,ORISSAMINE.NS,ORISSAMINE,ORISSAMINE,590086.0
ORKAY,ORKAY INDUSTRIES LTD,INE226801012,EQ,ORKAY.NS,ORKAY,,
ORTEL,ORTEL COMMUNICATIONS LTD,INE849L01019,BE,ORTEL.NS,ORTEL,ORTEL,539015.0
ORTINGLOBE,ORTIN GLOBAL LIMITED,INE749B01020,BE,ORTINGLOBE.NS,ORTINGLOBE,ORTINGLOBE,539287.0
ORTINLABSS,ORTIN LABORATORIES LTD,INE749B01012,BE,ORTINLABSS.NS,ORTINLABSS,,
ORTONSYNTH,ORTON SYNTHETICS LTD,INE462101010,EQ,ORTONSYNTH.NS,ORTONSYNTH,,
OSELDEVICE,OSEL DEVICES LIMITED,INE0RMF01018,SM,OSELDEVICE.NS,OSELDEVICE,,
OSIAHYPER,OSIA HYPER RETAIL LTD,INE06IR01013,SM,OSIAHYPER.NS,OSIAHYPER,,
OSIAHYPER,OSIA HYPER RETAIL LIMITED,INE06IR01021,BE,OSIAHYPER.NS,OSIAHYPER,,
OSWALAGFUR,OSWAL AGRO FURANE LTD,INE227301012,EQ,OSWALAGFUR.NS,OSWALAGFUR,,
OSWALAGRO,OSWAL AGRO MILLS LTD,INE142A01012,BE,OSWALAGRO.NS,OSWALAGRO,OSWALAGRO,500317.0
OSWALGREEN,OSWAL GREENTECH LIMITED,INE143A01010,BE,OSWALGREEN.NS,OSWALGREEN,OSWALGREEN,539290.0
OSWALPUMPS,OSWAL PUMPS LIMITED,INE0BYP01024,BE,OSWALPUMPS.NS,OSWALPUMPS,OSWALPUMPS,544418.0
OSWALSEEDS,SHREEOSWAL S AND CHE LTD,INE00IK01011,SM,OSWALSEEDS.NS,OSWALSEEDS,,
OSWALSEEDS,SHREEOSWAL S AND CHE LTD,INE00IK01029,BE,OSWALSEEDS.NS,OSWALSEEDS,,
OSWALSPG,OSWAL SPG & WEAVING MILLS,INE227701013,EQ,OSWALSPG.NS,OSWALSPG,,
OSWALSUG,OSWAL SUGARS LTD,INE227801011,EQ,OSWALSUG.NS,OSWALSUG,,
OTIS,OTIS - DEP RS,INE099A01014,BE,OTIS.NS,OTIS,,
OTOKLIN,OTOKLIN PLANTS & EQUIP. L,INE228201013,EQ,OTOKLIN.NS,OTOKLIN,,
OWAIS,OWAIS METAL & MINERAL,INE0R8M01017,SM,OWAIS.NS,OWAIS,,
PAAMDRUG,PAAM DRUGS & PHARMA LTD,INE229401018,EQ,PAAMDRUG.NS,PAAMDRUG,,
PAAMPHARMA,PAAM PHARMACEUTICALS LTD,INE229501015,EQ,PAAMPHARMA.NS,PAAMPHARMA,,
PACIFICIND,PACIFIC INDUSTRIES LTD,INE229701011,EQ,PACIFICIND.NS,PACIFICIND,,
PADMINPOLY,PADMINI TECH-ROLLING SETT,INE114B01019,BE,PADMINPOLY.NS,PADMINPOLY,,
PAEL,PAE LIMITED,INE766A01018,BE,PAEL.NS,PAEL,,
PAGEIND,PAGE INDUSTRIES LTD,INE761H01022,BE,PAGEIND.NS,PAGEIND,PAGEIND,532827.0
PAISALO,PAISALO DIGITAL LIMITED,INE420C01059,BE,PAISALO.NS,PAISALO,PAISALO,532900.0
PAKKA,PAKKA LIMITED,INE551D01018,BE,PAKKA.NS,PAKKA,PAKKA,516030.0
PALASHSECU,PALASH SECURITIES LTD,INE471W01019,BE,PALASHSECU.NS,PALASHSECU,PALASHSECU,540648.0
PALCREDIT,PAL CREDIT & CAPITAL LTD,INE230201019,EQ,PALCREDIT.NS,PALCREDIT,,
PALREDTEC,PALRED TECHNOLOGIES LTD,INE218G01033,BE,PALREDTEC.NS,PALREDTEC,PALREDTEC,532521.0
PANACEABIO,PANACEA BIOTEC LTD.,INE922B01023,BE,PANACEABIO.NS,PANACEABIO,PANACEABIO,531349.0
PANACHE,PANACHE DIGILIFE LIMITED,INE895W01019,BE,PANACHE.NS,PANACHE,,
PANAMAPET,PANAMA PETROCHEM LTD,INE305C01029,BE,PANAMAPET.NS,PANAMAPET,PANAMAPET,524820.0
PANASIGLOB,PAN ASIA GLOBAL LTD,INE568001015,EQ,PANASIGLOB.NS,PANASIGLOB,,
PANCARBON,PANA CARBON IND CO LTD,INE013E01017,BE,PANCARBON.NS,PANCARBON,PANCARBON,508941.0
PANCHMSTEL,PANCHMAHAL STEEL LTD,INE231301016,EQ,PANCHMSTEL.NS,PANCHMSTEL,,
PANDGRAPH,PANDIAN GRAPHITES (I) LTD,INE231401014,EQ,PANDGRAPH.NS,PANDGRAPH,,
PANSARI,PANSARI DEVELOPERS LTD,INE697V01011,BE,PANSARI.NS,PANSARI,,
PANYAMCEM,PANYAM CEMENT MINING INDS,INE232101019,EQ,PANYAMCEM.NS,PANYAMCEM,,
PAR,PAR DRUGS AND CHEM LTD,INE04LG01015,BE,PAR.NS,PAR,,
PARABDRUGS,PARABOLIC DRUGS LTD,INE618H01016,BE,PARABDRUGS.NS,PARABDRUGS,,
PARACABLES,PARAMOUNT COMM LTD,INE074B01023,BE,PARACABLES.NS,PARACABLES,PARACABLES,530555.0
PARADEEP,PARADEEP PHOSPHATES LTD,INE088F01024,BE,PARADEEP.NS,PARADEEP,PARADEEP,543530.0
PARAGMILK,PARAG MILK FOODS LTD.,INE883N01014,BE,PARAGMILK.NS,PARAGMILK,PARAGMILK,539889.0
PARAGON,PARAGON FINE S.C. LTD.,INE0N4G01012,SM,PARAGON.NS,PARAGON,,
PARAMATRIX,PARAMATRIX TECHNOLOGIES L,INE0S2W01018,SM,PARAMATRIX.NS,PARAMATRIX,,
PARAMOUNT,PARAMOUNT DYE TEC LIMITED,INE0TG801013,SM,PARAMOUNT.NS,PARAMOUNT,,
PARAS,PARAS DEF AND SPCE TECH L,INE045601023,BE,PARAS.NS,PARAS,PARAS,543367.0
PARASIND,PARASRAMPURIA INDUSTRIES,INE462601019,EQ,PARASIND.NS,PARASIND,,
PARASPETRO,PARAS PETROFILS LTD.,INE162C01024,BE,PARASPETRO.NS,PARASPETRO,PARASPETRO,521246.0
PARIN,PARIN ENTERPRISES LIMITED,INE00U801010,SM,PARIN.NS,PARIN,,
PARKEDAVIS,PARKE DAVIS LTD - DEP SET,INE254A01015,BE,PARKEDAVIS.NS,PARKEDAVIS,,
PARKHOTELS,PARKHOTELS,INE988S01028,BE,PARKHOTELS.NS,PARKHOTELS,PARKHOTELS,544111.0
PARRYAGRO,PARRY AGRO INDUSTRIES LTD,INE187C01013,BE,PARRYAGRO.NS,PARRYAGRO,,
PARSSYNTH,PARASRAMPURIA SYNTHETICS,INE232501010,EQ,PARSSYNTH.NS,PARSSYNTH,,
PARSVNATH,PARSVNATH DEVELOPER LTD,INE561H01026,BE,PARSVNATH.NS,PARSVNATH,PARSVNATH,532780.0
PARTH,PARTH ELEC & ENG LTD,INE1H7V01011,SM,PARTH.NS,PARTH,,
PARTYCRUS,PARTY CRUISERS LIMITED,INE06ZX01015,SM,PARTYCRUS.NS,PARTYCRUS,,
PASHUPATI,PASHUPATI COTSPIN LIMITED,INE124Y01010,BE,PASHUPATI.NS,PASHUPATI,PASHUPATI,544448.0
PASUPATSPG,PASHUPATI SPG & WVG MILLS,INE234301013,EQ,PASUPATSPG.NS,PASUPATSPG,,
PASUPTAC,PASUPATI ACRYLON LIMITED,INE818B01023,BE,PASUPTAC.NS,PASUPTAC,PASUPTAC,500456.0
PASUPTACRY,PASUPATIACRYLON-ROLLSETT,INE818B01015,BE,PASUPTACRY.NS,PASUPTACRY,,
PASUPTACRY,PASUPATI ACRYLON LTD,INE234101017,EQ,PASUPTACRY.NS,PASUPTACRY,,
PATANJALI,PATANJALI FOODS LIMITED,INE619A01035,BE,PATANJALI.NS,PATANJALI,PATANJALI,500368.0
PATELENG,PATEL ENGINEERING LTD.,INE244B01030,BE,PATELENG.NS,PATELENG,PATELENG,531120.0
PATELRMART,PATEL RETAIL LIMITED,INE0R8B01010,BE,PATELRMART.NS,PATELRMART,PATELRMART,544487.0
PATILAUTOM,PATIL AUTOMATION LIMITED,INE17GV01016,SM,PATILAUTOM.NS,PATILAUTOM,,
PATINT-RE1,PATEL INTEGRATED LOGISTIC,INE529D20022,BE,PATINT-RE1.NS,PATINT-RE1,,
PATINT-RE2,PATEL INTEGRATED LOGISTIC,INE529D20030,BE,PATINT-RE2.NS,PATINT-RE2,,
PATINTLOG,PATEL INT. LOG. LTD,INE529D01014,BE,PATINTLOG.NS,PATINTLOG,PATINTLOG,526381.0
PATSPINLTD,PATSPIN INDIALTD.,INE790C01014,BE,PATSPINLTD.NS,PATSPINLTD,PATSPINLTD,514326.0
PATTECH,PATTECH FITWELL TUB COM L,INE0NZW01014,SM,PATTECH.NS,PATTECH,,
PAVNAIND,PAVNA INDUSTRIES LIMITED,INE07S101038,BE,PAVNAIND.NS,PAVNAIND,PAVNAIND,543915.0
PAVNAIND,PAVNA INDUSTRIES LIMITED,INE07S101020,SM,PAVNAIND.NS,PAVNAIND,,
PAYTM,ONE 97 COMMUNICATIONS LTD,INE982J01020,BE,PAYTM.NS,PAYTM,PAYTM,543396.0
PBAINFRA,PBA INFRASTRUCTURE LTD.,INE160H01019,BE,PBAINFRA.NS,PBAINFRA,PBAINFRA,532676.0
PCBL,PCBL CHEMICAL LIMITED,INE602A01031,BE,PCBL.NS,PCBL,PCBL,506590.0
PCCL,PETRO CARBON AND CHEMI L,INE998U01015,SM,PCCL.NS,PCCL,,
PCJEWELLER,PC JEWELLER LTD,INE785M01021,BE,PCJEWELLER.NS,PCJEWELLER,PCJEWELLER,534809.0
PCL,PERTECH COMPUTERS LTD,INE238701010,EQ,PCL.NS,PCL,,
PDMJEPAPER,PUDUMJEE PAPER PRO. LTD,INE865T01018,BE,PDMJEPAPER.NS,PDMJEPAPER,PDMJEPAPER,539785.0
PDPL,PARENTERAL DRUGS LTD,INE904D01019,BE,PDPL.NS,PDPL,,
PDSL,PDS LIMITED,INE111Q01021,BE,PDSL.NS,PDSL,PDSL,538730.0
PEARLPOLY,PEARL POLYMERS LTD,INE844A01013,BE,PEARLPOLY.NS,PEARLPOLY,PEARLPOLY,523260.0
PEERABASAN,PEERLESS ABASAN FINANCE L,INE236501016,EQ,PEERABASAN.NS,PEERABASAN,,
PEL,PIRAMAL ENTERPRISES LTD,INE140A01024,BE,PEL.NS,PEL,,
PELATRO,PELATRO LIMITED,INE0VG601013,SM,PELATRO.NS,PELATRO,,
PENAPATSEC,PENNAR PATERSON LTD.,INE237201012,EQ,PENAPATSEC.NS,PENAPATSEC,,
PENARSTEEL,PENNAR INDSLTD-DEPO,INE932A01016,BE,PENARSTEEL.NS,PENARSTEEL,,
PENIND,PENNAR INDUSTRIES LTD,INE932A01024,BE,PENIND.NS,PENIND,PENIND,513228.0
PENINLAND,PENINSULA LAND LIMITED,INE138A01028,BE,PENINLAND.NS,PENINLAND,PENINLAND,503031.0
PENNARALUM,PENNAR ALUMIMIUM  CO LTD.,INE057C01018,BE,PENNARALUM.NS,PENNARALUM,,
PENTAGOLD,PENTA GOLD LIMITED,INE175Y01012,SM,PENTAGOLD.NS,PENTAGOLD,,
PENTAGON,PENTAGON RUBBER LIMITED,INE0ORS01017,SM,PENTAGON.NS,PENTAGON,,
PENTFRPROD,PENTAFOUR PRODUCTS LTD,INE237501015,BE,PENTFRPROD.NS,PENTFRPROD,,
PENTFRSOLC,PENTAFOUR SOLEC TECHNOLOG,INE237701011,EQ,PENTFRSOLC.NS,PENTFRSOLC,,
PERFECT,PERFECT INFRAENGINEER LTD,INE925S01012,SM,PERFECT.NS,PERFECT,,
PERMAGNET,PERMANENT MAGNETS LTD,INE462801015,EQ,PERMAGNET.NS,PERMAGNET,,
PERSISTENT,PERSISTENT SYSTEMS LTD,INE262H01021,BE,PERSISTENT.NS,PERSISTENT,PERSISTENT,533179.0
PETRONENGG,PETRON ENGG CONSTRUCT LTD,INE742A01019,BE,PETRONENGG.NS,PETRONENGG,,
PETRONET,PETRONET LNG LIMITED,INE347G01014,BE,PETRONET.NS,PETRONET,PETRONET,532522.0
PFC,POWER FIN CORP LTD.,INE134E01011,BE,PFC.NS,PFC,PFC,532810.0
PFIMXPHARM,PFIMEX PHARMACEUTICALS LT,INE239101012,EQ,PFIMXPHARM.NS,PFIMXPHARM,,
PFIZER,PFIZER LTD. - DEPO. SETT.,INE182A01018,BE,PFIZER.NS,PFIZER,PFIZER,500680.0
PFOCUS,PRIME FOCUS LIMITED,INE367G01038,BE,PFOCUS.NS,PFOCUS,PFOCUS,532748.0
PFS,PTC INDIA FIN SERV LTD,INE560K01014,BE,PFS.NS,PFS,PFS,533344.0
PGEL,PG ELECTROPLAST LTD,INE457L01029,BE,PGEL.NS,PGEL,PGEL,533581.0
PGHH,P&G HYGIENE & HEALTH CARE,INE179A01014,BE,PGHH.NS,PGHH,PGHH,500459.0
PGHL,PROCTER & GAMBLE HEALTH L,INE199A01012,BE,PGHL.NS,PGHL,PGHL,500126.0
PGIL,PEARL GLOBAL IND LIMITED,INE940H01022,BE,PGIL.NS,PGIL,PGIL,532808.0
PHANTOMFX,PHANTOM DIGITAL EFF LTD,INE0MLZ01019,SM,PHANTOMFX.NS,PHANTOMFX,,
PHARMABEES,NIPPONAMC - NETFPHARMA,INF204KC1089,EQ,PHARMABEES.NS,PHARMABEES,,
PHILIPS,PHILIPS DEPO (ODD LOT),INE319A01016,BE,PHILIPS.NS,PHILIPS,,
PHOENIXLTD,THE PHOENIX MILLS LTD,INE211B01039,BE,PHOENIXLTD.NS,PHOENIXLTD,PHOENIXLTD,503100.0
PHOENXINTL,PHOENIX INTERNATIONAL LTD,INE245B01011,BE,PHOENXINTL.NS,PHOENXINTL,PHOENXINTL,526481.0
PHOGLOBAL,PHOENIX OVERSEAS LIMITED,INE0FPO01018,SM,PHOGLOBAL.NS,PHOGLOBAL,,
PICCADIL,PICCADILY AGRO INDUSTRI L,INE546C01010,BE,PICCADIL.NS,PICCADIL,PICCADIL,530305.0
PICCADSUG,PICCADILLY SUGAR & ALLIED,INE240601018,EQ,PICCADSUG.NS,PICCADSUG,,
PIDILITIND,PIDILITIND -DEPO (OL),INE318A01026,BE,PIDILITIND.NS,PIDILITIND,PIDILITIND,500331.0
PIGL,POWER INSTRUMENT (G) LTD,INE557Z01018,BE,PIGL.NS,PIGL,PIGL,543912.0
PIIND,PI INDUSTRIES LTD,INE603J01030,BE,PIIND.NS,PIIND,PIIND,523642.0
PILANIINVS,PILANI INV & IND COR LTD,INE417C01014,BE,PILANIINVS.NS,PILANIINVS,PILANIINVS,539883.0
PILITA,PIL ITALICA LIFESTYLE LTD,INE600A01035,BE,PILITA.NS,PILITA,PILITA,500327.0
PINCON,PINCON SPIRIT LTD,INE675G01018,BE,PINCON.NS,PINCON,,
PIONDIST,PIONEER DIST LTD,INE889E01010,BE,PIONDIST.NS,PIONDIST,,
PIONEEREMB,PIONEER EMBROIDERIES LTD,INE156C01018,BE,PIONEEREMB.NS,PIONEEREMB,PIONEEREMB,514300.0
PITTIECEM,PITTIE CEMENT LTD,INE242101017,EQ,PITTIECEM.NS,PITTIECEM,,
PITTIEFIN,PITTIE FINANCE- ROLL SETT,INE331B01019,BE,PITTIEFIN.NS,PITTIEFIN,,
PITTIEFIN,PITTIE FINANCE LTD,INE242201015,EQ,PITTIEFIN.NS,PITTIEFIN,,
PITTIENG,PITTI ENGINEERING LIMITED,INE450D01021,BE,PITTIENG.NS,PITTIENG,PITTIENG,513519.0
PIXTRANS,PIX TRANSMISSIONS LIMITED,INE751B01018,BE,PIXTRANS.NS,PIXTRANS,PIXTRANS,500333.0
PKTEA,THE P K TEA PROD CO LTD,INE431F01018,BE,PKTEA.NS,PKTEA,,
PLADAINFO,PLADA INFOTECH SERVICES L,INE0PXD01014,SM,PLADAINFO.NS,PLADAINFO,,
PLASTIBLEN,PLASTIBLENDS INDIA LTD,INE083C01022,BE,PLASTIBLEN.NS,PLASTIBLEN,PLASTIBLEN,523648.0
PLATIND,PLATINUM INDUSTRIES LTD,INE0PT501018,BE,PLATIND.NS,PLATIND,PLATIND,544134.0
PLAZACABLE,PLAZA WIRES LIMITED,INE0INJ01017,BE,PLAZACABLE.NS,PLAZACABLE,PLAZACABLE,544003.0
PNB,PUNJAB NATIONAL BANK,INE160A01022,BE,PNB.NS,PNB,PNB#,132461.0
PNBGILTS,PNB GILTS LIMITED,INE859A01011,BE,PNBGILTS.NS,PNBGILTS,PNBGILTS,532366.0
PNBHOUSING,PNB HOUSING FIN LTD.,INE572E01012,BE,PNBHOUSING.NS,PNBHOUSING,PNBHOUSING,540173.0
PNC,PRITISH NANDY COMMUNICATI,INE392B01011,BE,PNC.NS,PNC,PNC,532387.0
PNCINFRA,PNC INFRATECH LTD.,INE195J01029,BE,PNCINFRA.NS,PNCINFRA,PNCINFRA,539150.0
PNGJL,P N GADGIL JEWELLERS LTD,INE953R01016,BE,PNGJL.NS,PNGJL,PNGJL,544256.0
POCHIRAJU,POCHIRAJU IND LTD,INE332G01032,BE,POCHIRAJU.NS,POCHIRAJU,,
POCL,PONDY OXIDES & CHEM LTD,INE063E01053,BE,POCL.NS,POCL,POCL,532626.0
PODARPIGMT,PODDAR PIGMENTS LTD,INE243001018,EQ,PODARPIGMT.NS,PODARPIGMT,,
PODDARHOUS,PODDAR HOUSE & DVPT LTD,INE888B01018,BE,PODDARHOUS.NS,PODDARHOUS,,
PODDARMENT,PODDAR PIGMENTS LIMITED,INE371C01013,BE,PODDARMENT.NS,PODDARMENT,PODDARMENT,524570.0
POKARNA,POKARNA LIMITED,INE637C01025,BE,POKARNA.NS,POKARNA,POKARNA,532486.0
POLICYBZR,PB FINTECH LIMITED,INE417T01026,BE,POLICYBZR.NS,POLICYBZR,POLICYBZR,543390.0
POLYCAB,POLYCAB INDIA LIMITED,INE455K01017,BE,POLYCAB.NS,POLYCAB,POLYCAB,542652.0
POLYMED,POLY MEDICURE LIMITED,INE205C01021,BE,POLYMED.NS,POLYMED,POLYMED,531768.0
POLYPLEX,POLYPLEX CORPORATION LTD.,INE633B01018,BE,POLYPLEX.NS,POLYPLEX,POLYPLEX,524051.0
POLYSIL,POLYSIL IRRIGATION SYST L,INE517M01028,SM,POLYSIL.NS,POLYSIL,,
PONDYOXIDE,PONDY OXIDE LTD,INE063E01038,BE,PONDYOXIDE.NS,PONDYOXIDE,,
PONNIERODE,PONNIE SUGARS (ERODE) LTD,INE838E01017,BE,PONNIERODE.NS,PONNIERODE,PONNIERODE,532460.0
POONAWALLA,POONAWALLA FINCORP LTD,INE511C01022,BE,POONAWALLA.NS,POONAWALLA,POONAWALLA,524000.0
PORRITSPEN,PORRITTS&SPENCER-ROLLSETT,INE285C01015,BE,PORRITSPEN.NS,PORRITSPEN,VOITHPAPR,522122.0
POSITRON,POSITRON ENERGY LIMITED,INE0S3H01017,SM,POSITRON.NS,POSITRON,,
POWERFUL,POWERFUL TECHNOLOGIES LTD,INE650Z01011,SM,POWERFUL.NS,POWERFUL,,
POWERGRID,POWER GRID CORP. LTD.,INE752E01010,BE,POWERGRID.NS,POWERGRID,POWERGRID,532898.0
POWERINDIA,HITACHI ENERGY INDIA LTD,INE07Y701011,BE,POWERINDIA.NS,POWERINDIA,POWERINDIA,543187.0
POWERMECH,POWER MECH PROJECTS LTD.,INE211R01019,BE,POWERMECH.NS,POWERMECH,POWERMECH,539302.0
PPAP,PPAP AUTOMOTIVE LIMITED,INE095I01015,BE,PPAP.NS,PPAP,PPAP,532934.0
PPIL,PHARMACEUTICALS PRODUCTS,INE239401016,EQ,PPIL.NS,PPIL,,
PPL,PRAKASH PIPES LIMITED,INE050001010,BE,PPL.NS,PPL,PPL,542684.0
PPLPHARMA,PIRAMAL PHARMA LIMITED,INE0DK501011,BE,PPLPHARMA.NS,PPLPHARMA,PPLPHARMA,543635.0
PPSL,PICTUREPOST STUDIOS LTD,INE0YAL01017,SM,PPSL.NS,PPSL,,
PRABHA,PRABHA ENERGY LIMITED,INE0I0M01023,BE,PRABHA.NS,PRABHA,PRABHA,544379.0
PRABHAT,PRABHAT DAIRY LIMITED,INE302M01033,BE,PRABHAT.NS,PRABHAT,,
PRADIP,PRADIP OVERSEAS LTD,INE495J01015,BE,PRADIP.NS,PRADIP,,
PRAENG,PRAJAY ENG. SYN. LTD.,INE505C01016,BE,PRAENG.NS,PRAENG,PRAENG,531746.0
PRAGBOSIMI,PRAG BOSIMI SYNTHETICS LT,INE463101019,EQ,PRAGBOSIMI.NS,PRAGBOSIMI,,
PRAJIND,PRAJ INDUST. LTD,INE074A01025,BE,PRAJIND.NS,PRAJIND,PRAJIND,522205.0
PRAKASH,PRAKASH INDUSTRIES LTD,INE603A01013,BE,PRAKASH.NS,PRAKASH,PRAKASH,506022.0
PRAKASHSTL,PRAKASH STEELAGE LTD,INE696K01024,BE,PRAKASHSTL.NS,PRAKASHSTL,PRAKASHSTL,533239.0
PRAMARA,PRAMARA PROMOTIONS LTD,INE0O7A01017,SM,PRAMARA.NS,PRAMARA,,
PRANIK,PRANIK LOGISTICS LIMITED,INE0VJG01014,SM,PRANIK.NS,PRANIK,,
PRATHAM,PRATHAM EPC PROJECTS LTD,INE0QA601016,SM,PRATHAM.NS,PRATHAM,,
PRATIBHA,PRATIBHA INDS. LTD.,INE308H01022,BE,PRATIBHA.NS,PRATIBHA,,
PRAXIS,PRAXIS HOME RETAIL LTD,INE546Y01022,BE,PRAXIS.NS,PRAXIS,PRAXIS,540901.0
PRAXIS-RE1,PRAXIS HOME RETAIL LTD,INE546Y20022,BE,PRAXIS-RE1.NS,PRAXIS-RE1,,
PRAXIS-RE2,PRAXIS HOME RETAIL,INE546Y20030,BE,PRAXIS-RE2.NS,PRAXIS-RE2,,
PRECAM,PRECISION CAMSHAFTS LTD.,INE484I01029,BE,PRECAM.NS,PRECAM,PRECAM,539636.0
PRECIMDIAM,PRECIMET DIAMONDS LTD DEP,INE440B01018,BE,PRECIMDIAM.NS,PRECIMDIAM,,
PRECISION,PRECISION METALIKS LTD,INE0HKW01018,SM,PRECISION.NS,PRECISION,,
PRECOT,PRECOT LIMITED,INE283A01014,BE,PRECOT.NS,PRECOT,,
PRECSNFAST,PRECISION FASTENERS LTD,INE502401016,EQ,PRECSNFAST.NS,PRECSNFAST,,
PRECSNFAST,PRECISION FASTNERS - DEPO,INE604A01011,BE,PRECSNFAST.NS,PRECSNFAST,,
PRECWIRE,PRECISIONWIRES I LTD,INE372C01037,BE,PRECWIRE.NS,PRECWIRE,PRECWIRE,523539.0
PREMEXPLN,PREMIER EXPLOSIVES LTD,INE863B01029,BE,PREMEXPLN.NS,PREMEXPLN,PREMEXPLN,526247.0
PREMIER,PREMIER LIMITED,INE342A01018,BE,PREMIER.NS,PREMIER,PREMIER,500540.0
PREMIERENE,PREMIER ENERGIES LIMITED,INE0BS701011,BE,PREMIERENE.NS,PREMIERENE,PREMIERENE,544238.0
PREMIERPOL,PREMIER POLYFILMS LTD,INE309M01020,BE,PREMIERPOL.NS,PREMIERPOL,PREMIERPOL,514354.0
PREMIUM,PREMIUM PLAST LIMITED,INE0M1F01011,SM,PREMIUM.NS,PREMIUM,,
PREMVINYL,PREMIER VINYL FLOORING LT,INE247701019,EQ,PREMVINYL.NS,PREMVINYL,,
PRESSMN,PRESSMAN ADVERTISING LTD,INE980A01023,BE,PRESSMN.NS,PRESSMN,,
PRESSTONIC,PRESSTONIC ENGINEERING L,INE0R1601012,SM,PRESSTONIC.NS,PRESSTONIC,,
PRESTIGE,PRESTIGE ESTATE LTD,INE811K01011,BE,PRESTIGE.NS,PRESTIGE,PRESTIGE,533274.0
PRICOLLTD,PRICOL LIMITED,INE726V01018,BE,PRICOLLTD.NS,PRICOLLTD,PRICOLLTD,540293.0
PRIMECAB,PRIME CABLE INDUSTRIES L,INE0CQA01020,SM,PRIMECAB.NS,PRIMECAB,,
PRIMESECU,PRIME SECURITIES LIMITED,INE032B01021,BE,PRIMESECU.NS,PRIMESECU,PRIMESECU,500337.0
PRIMO,PRIMO CHEMICALS LIMITED,INE607A01022,BE,PRIMO.NS,PRIMO,PRIMO,506852.0
PRINCEPIPE,PRINCE PIPES FITTINGS LTD,INE689W01016,BE,PRINCEPIPE.NS,PRINCEPIPE,PRINCEPIPE,542907.0
PRITI,PRITI INTERNATIONAL LTD,INE974Z01015,BE,PRITI.NS,PRITI,,
PRITIKA,PRITIKA ENG COMPO LTD,INE0MJQ01020,SM,PRITIKA.NS,PRITIKA,,
PRITIKAUTO,PRITIKA AUTO INDUS LTD,INE583R01029,BE,PRITIKAUTO.NS,PRITIKAUTO,PRITIKAUTO,539359.0
PRIVISCL,PRIVI SPECIALITY CHE LTD,INE959A01019,BE,PRIVISCL.NS,PRIVISCL,PRIVISCL,530117.0
PRIYADCEM,PRIDERSHINI CEMENT LTD,INE855B01017,BE,PRIYADCEM.NS,PRIYADCEM,,
PRIYADYES,PRIYA LTD.,INE249301016,EQ,PRIYADYES.NS,PRIYADYES,,
PRIZOR,PRIZOR VIZTECH LIMITED,INE0V9N01017,SM,PRIZOR.NS,PRIZOR,,
PRLIND,PREMIER ROADLINES LIMITED,INE0CFG01012,SM,PRLIND.NS,PRLIND,,
PROFX,PRO FX TECH LIMITED,INE0VJT01017,SM,PROFX.NS,PROFX,,
PROLIFE,PROLIFE INDUSTRIES LTD,INE994V01012,SM,PROLIFE.NS,PROLIFE,,
PROPEQUITY,P. E. ANALYTICS LIMITED,INE0KN801013,SM,PROPEQUITY.NS,PROPEQUITY,,
PROSEED,PROSEED INDIA LIMITED,INE217G01027,BE,PROSEED.NS,PROSEED,,
PROSTARM,PROSTARM INFO SYSTEMS LTD,INE0BX301013,BE,PROSTARM.NS,PROSTARM,PROSTARM,544410.0
PROTEAN,PROTEAN EGOV TECHNO LTD,INE004A01022,BE,PROTEAN.NS,PROTEAN,PROTEAN,544021.0
PROV,PROVENTUS AGROCOM LIMITED,INE0ONE01016,SM,PROV.NS,PROV,,
PROVOGE,PROVOGUE (INDIA) LIMITED,INE968G01033,BE,PROVOGE.NS,PROVOGE,,
PROZONER,PROZONE REALTY LIMITED,INE195N01013,BE,PROZONER.NS,PROZONER,PROZONER,534675.0
PRSMJOHNSN,PRISM JOHNSON LIMITED,INE010A01011,BE,PRSMJOHNSN.NS,PRSMJOHNSN,PRSMJOHNSN,500338.0
PRUDENT,PRUDENT CORP ADV SER LTD,INE00F201020,BE,PRUDENT.NS,PRUDENT,PRUDENT,543527.0
PRUDMOULI,PRUDENTIAL SUGAR CORPORAT,INE024D01016,BE,PRUDMOULI.NS,PRUDMOULI,PRUDMOULI,500342.0
PSB,PUNJAB & SIND BANK,INE608A01012,BE,PSB.NS,PSB,PSB,533295.0
PSFL,PARAMOUNT SPECIALI FORG L,INE0Q6001012,SM,PSFL.NS,PSFL,,
PSIDATASYS,PSIDATASYS - DEP SETT,INE299A01010,BE,PSIDATASYS.NS,PSIDATASYS,,
PSL,PSL LIMITED,INE474B01017,BE,PSL.NS,PSL,,
PSMSPGMILL,PSM SPINNING MILLS LTD,INE503001013,EQ,PSMSPGMILL.NS,PSMSPGMILL,,
PSPPROJECT,PSP PROJECTS LIMITED,INE488V01015,BE,PSPPROJECT.NS,PSPPROJECT,PSPPROJECT,540544.0
PSRAJ,P S RAJ STEELS LIMITED,INE0XUS01012,SM,PSRAJ.NS,PSRAJ,,
PSUBANK,KOTAK PSU BANK,INF373I01023,EQ,PSUBANK.NS,PSUBANK,PSUBANK,590107.0
PSUBANKADD,DSPAMC - DSPPSBKETF,INF740KA1SY9,EQ,PSUBANKADD.NS,PSUBANKADD,PSUBANKADD,543948.0
PSUBNKBEES,NIP IND ETF PSU BANK BEES,INF204KB16I7,EQ,PSUBNKBEES.NS,PSUBNKBEES,PSUBNKBEES,590108.0
PSUBNKIETF,ICICIPRAMC - PSUBANKICI,INF109KC10S8,EQ,PSUBNKIETF.NS,PSUBNKIETF,PSUBNKIETF,543819.0
PTC,PTC INDIA LIMITED,INE877F01012,BE,PTC.NS,PTC,PTC,532524.0
PTCIL,PTC INDUSTRIES LIMITED,INE596F01018,BE,PTCIL.NS,PTCIL,PTCIL,539006.0
PTL,PTL ENTERPRISES LTD,INE034D01049,BE,PTL.NS,PTL,PTL,509220.0
PULZ,PULZ ELECTRONICS LIMITED,INE335X01014,SM,PULZ.NS,PULZ,,
PUNALKALI,PUNJAB ALKALIES&CHEM,INE607A01014,BE,PUNALKALI.NS,PUNALKALI,,
PUNANDLAMP,PUNJABANANDLAMP-INDL LTD,INE276B01016,BE,PUNANDLAMP.NS,PUNANDLAMP,,
PUNJABCHEM,PUNJAB CHEM & CROP PROT L,INE277B01014,BE,PUNJABCHEM.NS,PUNJABCHEM,PUNJABCHEM,506618.0
PUNJABWIRE,PUNJAB WIRELESS SYSTEMS L,INE252201012,EQ,PUNJABWIRE.NS,PUNJABWIRE,,
PUNJABWIRE,PUNJABWIRE DEPO. SETT.,INE181A01010,BE,PUNJABWIRE.NS,PUNJABWIRE,,
PUNJABWOOL,PUNJAB WOOLCOMBERS LTD,INE252301010,EQ,PUNJABWOOL.NS,PUNJABWOOL,,
PUNJCOMMU,PUNJAB COMMUNCATION,INE609A01010,BE,PUNJCOMMU.NS,PUNJCOMMU,PUNJCOMMU,500346.0
PUNJLLOYD,PUNJ LLOYD LIMITED,INE701B01021,BE,PUNJLLOYD.NS,PUNJLLOYD,,
PUNSUMI,PUNSUMI (I) LTD,INE252401018,EQ,PUNSUMI.NS,PUNSUMI,,
PURPLEUTED,PURPLE UNITED SALES LTD,INE0P5R01014,SM,PURPLEUTED.NS,PURPLEUTED,,
PURVA,PURAVANKARA LIMITED,INE323I01011,BE,PURVA.NS,PURVA,PURVA,532891.0
PURVFLEXI,PURV FLEXIPACK LIMITED,INE0R6C01012,SM,PURVFLEXI.NS,PURVFLEXI,,
PUSHPA,PUSHPA JEWELLERS LIMITED,INE154801018,SM,PUSHPA.NS,PUSHPA,,
PUSHPREALM,PUSHPA REAL AND INFRA LTD,INE728W01012,SM,PUSHPREALM.NS,PUSHPREALM,,
PVP,PVP VENTURES LIMITED,INE362A01016,BE,PVP.NS,PVP,PVP,517556.0
PVRINOX,PVR INOX LIMITED,INE191H01014,BE,PVRINOX.NS,PVRINOX,PVRINOX,532689.0
PVSL,POPULAR VEHICLES N SER L,INE772T01024,BE,PVSL.NS,PVSL,PVSL,544144.0
PVTBANIETF,ICICIPRAMC - ICICIBANKP,INF109KC18U7,EQ,PVTBANIETF.NS,PVTBANIETF,PVTBANIETF,542758.0
PVTBANKADD,DSPAMC - DSPPVBKETF,INF740KA1TA7,EQ,PVTBANKADD.NS,PVTBANKADD,PVTBANKADD,543949.0
PYRAMID,PYRAMID TECHNOPLAST LTD,INE0MIS01010,BE,PYRAMID.NS,PYRAMID,PYRAMID,543969.0
QFIL,QUALITY FOILS (INDIA) LTD,INE0O1M01015,SM,QFIL.NS,QFIL,,
QGOLDHALF,QUANTUM GOLD FUND,INF082J01408,EQ,QGOLDHALF.NS,QGOLDHALF,QGOLDHALF,590099.0
QMSMEDI,QMS MEDICAL ALLIED S LTD,INE0FMW01018,SM,QMSMEDI.NS,QMSMEDI,,
QNIFTY,QUANTUM NIFTY 50 ETF,INF082J01028,EQ,QNIFTY.NS,QNIFTY,QNIFTY,590110.0
QPOWER,QUALITY POWER ELEC EQUP L,INE0SII01026,BE,QPOWER.NS,QPOWER,QPOWER,544367.0
QUADFUTURE,QUADRANT FUTURE TEK LTD,INE0LRY01011,BE,QUADFUTURE.NS,QUADFUTURE,QUADFUTURE,544336.0
QUADPRO,QUADPRO ITES LIMITED,INE0GOJ01027,SM,QUADPRO.NS,QUADPRO,,
QUAL30IETF,ICICIPRAMC - ICICIQTY30,INF109KC18V5,EQ,QUAL30IETF.NS,QUAL30IETF,QUAL30IETF,543956.0
QUALITY30,KOTAKMAMC - QUALITY30,INF174KA1WT6,EQ,QUALITY30.NS,QUALITY30,,
QUESS,QUESS CORP LIMITED,INE615P01015,BE,QUESS.NS,QUESS,QUESS,539978.0
QUESTLAB,QUEST LABORATORIES LTD,INE0TNW01017,SM,QUESTLAB.NS,QUESTLAB,,
QUICKHEAL,QUICK HEAL TECH LTD,INE306L01010,BE,QUICKHEAL.NS,QUICKHEAL,QUICKHEAL,539678.0
QUICKTOUCH,QUICKTOUCH TECHNOLOGIES L,INE0K4D01020,SM,QUICKTOUCH.NS,QUICKTOUCH,,
QUINTEGRA,QUINTEGRA SOLUTIONS LTD.,INE033B01011,BE,QUINTEGRA.NS,QUINTEGRA,,
QVCEL,QVC EXPORTS LIMITED,INE0KZF01015,SM,QVCEL.NS,QVCEL,,
RACE,RACE ECO CHAIN LIMITED,INE084Q01012,BE,RACE.NS,RACE,RACE,537785.0
RACLGEAR,RACL GEARTECH LIMITED,INE704B01017,BE,RACLGEAR.NS,RACLGEAR,RACLGEAR,520073.0
RADAAN,RADAAN MEDIAWORKS (I) LTD,INE874F01027,BE,RADAAN.NS,RADAAN,RADAAN,590070.0
RADHIKAJWE,RADHIKA JEWELTECH LIMITED,INE583V01021,BE,RADHIKAJWE.NS,RADHIKAJWE,RADHIKAJWE,540125.0
RADIANTCMS,RADIANT CASH MGMT SER LTD,INE855R01021,BE,RADIANTCMS.NS,RADIANTCMS,RADIANTCMS,543732.0
RADICO,RADICO KHAITAN LTD,INE944F01028,BE,RADICO.NS,RADICO,RADICO,532497.0
RADICOKHAI,RADICO KHAITAN LTD,INE381B01014,BE,RADICOKHAI.NS,RADICOKHAI,,
RADIOCITY,MUSIC BROADCAST LIMITED,INE919I01024,BE,RADIOCITY.NS,RADIOCITY,RADIOCITY,540366.0
RADIOWALLA,RADIOWALLA NETWORK LTD,INE430U01019,SM,RADIOWALLA.NS,RADIOWALLA,,
RAILTEL,RAILTEL CORP OF IND LTD,INE0DD101019,BE,RAILTEL.NS,RAILTEL,RAILTEL,543265.0
RAIN,RAIN INDUSTRIES LIMITED,INE855B01025,BE,RAIN.NS,RAIN,RAIN,500339.0
RAINBOW,RAINBOW CHILDRENS MED LTD,INE961O01016,BE,RAINBOW.NS,RAINBOW,RAINBOW,543524.0
RAINBOWPAP,RAINBOW PAPERS LTD,INE028D01025,BE,RAINBOWPAP.NS,RAINBOWPAP,,
RAINBOWPPR,RAINBOW PAPERS LTD,INE256201018,EQ,RAINBOWPPR.NS,RAINBOWPPR,,
RAJASBREW,RAJASTHAN BREWERIES LTD,INE257201017,EQ,RAJASBREW.NS,RAJASBREW,,
RAJESHEXPO,RAJESH EXPORTS LTD,INE343B01030,BE,RAJESHEXPO.NS,RAJESHEXPO,RAJESHEXPO,531500.0
RAJINDLTD,RAJPUTANA INDUSTRIES LTD,INE0PCU01012,SM,RAJINDLTD.NS,RAJINDLTD,,
RAJMET,RAJNANDINI METAL LIMITED,INE00KV01014,SM,RAJMET.NS,RAJMET,,
RAJMET,RAJNANDINI METAL LIMITED,INE00KV01022,BE,RAJMET.NS,RAJMET,,
RAJOIL,RAJ OIL MILLS LTD,INE294G01018,BE,RAJOIL.NS,RAJOIL,,
RAJOOENG,RAJOO ENGINEERS LIMITED,INE535F01024,BE,RAJOOENG.NS,RAJOOENG,RAJOOENG,522257.0
RAJPUTANA,RAJPUTANA BIODIESEL LTD,INE0VHU01019,SM,RAJPUTANA.NS,RAJPUTANA,,
RAJRATAN,RAJRATAN GLOBAL WIRE LTD,INE451D01029,BE,RAJRATAN.NS,RAJRATAN,RAJRATAN,517522.0
RAJRAYON,RAJ RAYON INDUSTRIES LTD,INE533D01024,BE,RAJRAYON.NS,RAJRAYON,,
RAJRILTD,RAJ RAYON INDUSTRIES LTD,INE533D01032,BE,RAJRILTD.NS,RAJRILTD,RAJRILTD,530699.0
RAJSREESUG,RAJSHREESUGARS LTD,INE562B01019,BE,RAJSREESUG.NS,RAJSREESUG,RAJSREESUG,500354.0
RAJTV,RAJ TV NETWORK LTD,INE952H01027,BE,RAJTV.NS,RAJTV,RAJTV,532826.0
RAJVIR,RAJVIR INDUSTRIES LIMITED,INE011H01014,BE,RAJVIR.NS,RAJVIR,,
RALLIS,RALLIS INDIA LTD,INE613A01020,BE,RALLIS.NS,RALLIS,RALLIS,500355.0
RAMANEWS,SHREE RAMA NEWSPRINT LTD,INE278B01020,BE,RAMANEWS.NS,RAMANEWS,RAMANEWS,500356.0
RAMAPETRO,RAMAPETRO - DEPO,INE783A01013,BE,RAMAPETRO.NS,RAMAPETRO,,
RAMAPHO,RAMA PHOSPHATES LIMITED,INE809A01032,BE,RAMAPHO.NS,RAMAPHO,RAMAPHO,524037.0
RAMAPHOSP,RAMA PHOSPHATES LTD,INE463501010,EQ,RAMAPHOSP.NS,RAMAPHOSP,,
RAMASTEEL,RAMA STEEL TUBES LIMITED,INE230R01035,BE,RAMASTEEL.NS,RAMASTEEL,RAMASTEEL,539309.0
RAMAVISION,RAMA VISION - ROLL SETT,INE763B01013,BE,RAMAVISION.NS,RAMAVISION,RAMAVISION,523289.0
RAMCOCEM,THE RAMCO CEMENTS LIMITED,INE331A01037,BE,RAMCOCEM.NS,RAMCOCEM,RAMCOCEM,500260.0
RAMCOIND,RAMCOINDUSTRIES LTD,INE614A01028,BE,RAMCOIND.NS,RAMCOIND,RAMCOIND,532369.0
RAMCOSYS,RAMCO SYSTEMS LTD,INE246B01019,BE,RAMCOSYS.NS,RAMCOSYS,RAMCOSYS,532370.0
RAMGOPOLY,RAMGOPAL POLYTEX LIMITED,INE410D01017,BE,RAMGOPOLY.NS,RAMGOPOLY,RAMGOPOLY,514223.0
RAMKY,RAMKY INFRA LTD,INE874I01013,BE,RAMKY.NS,RAMKY,RAMKY,533262.0
RAMRAT,RAM RATNA WIRES LIMITED,INE207E01023,BE,RAMRAT.NS,RAMRAT,RAMRAT,522281.0
RAMSARUP,RAMSARUP INDUSTRIES LTD.,INE005D01015,BE,RAMSARUP.NS,RAMSARUP,,
RANASUG,RANA SUGARS LTD.,INE625B01014,BE,RANASUG.NS,RANASUG,RANASUG,507490.0
RANEENGINE,RANE ENG VALVE LTD,INE222J01013,BE,RANEENGINE.NS,RANEENGINE,,
RANEHOLDIN,RANE HOLDINGS LIMITED,INE384A01010,BE,RANEHOLDIN.NS,RANEHOLDIN,RANEHOLDIN,505800.0
RAPIDFLEET,RAPID FLEET MGT SERVICE L,INE0QX901013,SM,RAPIDFLEET.NS,RAPIDFLEET,,
RAPPID,RAPPID VALVES (INDIA) LTD,INE0MVO01012,SM,RAPPID.NS,RAPPID,,
RASLAMIPAK,RASPROPACK LTD,INE279B01010,BE,RASLAMIPAK.NS,RASLAMIPAK,,
RATEGAIN,RATEGAIN TRAVEL TECHN LTD,INE0CLI01024,BE,RATEGAIN.NS,RATEGAIN,RATEGAIN,543417.0
RATHIALLOY,RATHI ALLOYS AND STEELS L,INE263601010,EQ,RATHIALLOY.NS,RATHIALLOY,,
RATNAMANI,RATNAMANI MET & TUB LTD.,INE703B01027,BE,RATNAMANI.NS,RATNAMANI,RATNAMANI,520111.0
RAVALSUGAR,RAVALGAONSUGAR FARM,INE615A01017,BE,RAVALSUGAR.NS,RAVALSUGAR,,
RAYMOND,RAYMOND - DEP SETT,INE301A01014,BE,RAYMOND.NS,RAYMOND,RAYMOND,500330.0
RAYMONDLSL,RAYMOND LIFESTYLE LIMITED,INE02ID01020,BE,RAYMONDLSL.NS,RAYMONDLSL,RAYMONDLSL,544240.0
RAYMONDREL,RAYMOND REALTY LIMITED,INE1SY401010,BE,RAYMONDREL.NS,RAYMONDREL,RAYMONDREL,544420.0
RAYMONDSYN,RECRON SYNTH LTD,INE616A01015,BE,RAYMONDSYN.NS,RAYMONDSYN,,
RBA,RESTAURANT BRAND ASIA LTD,INE07T201019,BE,RBA.NS,RBA,RBA,543248.0
RBL,RANE BRAKE LINING LTD,INE244J01017,BE,RBL.NS,RBL,,
RBLBANK,RBL BANK LIMITED,INE976G01028,BE,RBLBANK.NS,RBLBANK,RBLBANK,540065.0
RBMINFRA,RBM INFRACON LIMITED,INE0NA301016,SM,RBMINFRA.NS,RBMINFRA,,
RBS,RAMDEVBABA SOLVENT LTD,INE0RJH01010,SM,RBS.NS,RBS,,
RBZJEWEL,RBZ JEWELLERS LIMITED,INE0PEQ01016,BE,RBZJEWEL.NS,RBZJEWEL,RBZJEWEL,544060.0
RCDL,RAJGOR CASTOR DERIVATI L,INE0BZQ01011,SM,RCDL.NS,RCDL,,
RCF,RCF-DEPO SETT,INE027A01015,BE,RCF.NS,RCF,RCF,524230.0
RCOM,RELIANCE COMMUNICATIONS L,INE330H01018,BE,RCOM.NS,RCOM,RCOM,532712.0
READYFOOD,READY FOODS LTD,INE265801014,EQ,READYFOOD.NS,READYFOOD,,
READYMIX,READYMIX CONSTRU MACHI L,INE10QL01011,SM,READYMIX.NS,READYMIX,,
RECKCOLMAN,RECKITT BENCKISER (I) LTD,INE274A01013,BE,RECKCOLMAN.NS,RECKCOLMAN,,
RECLTD,REC LIMITED,INE020B01018,BE,RECLTD.NS,RECLTD,RECLTD,532955.0
REDINGTON,REDINGTON LIMITED,INE891D01026,BE,REDINGTON.NS,REDINGTON,REDINGTON,532805.0
REDTAPE,REDTAPE LIMITED,INE0LXT01019,BE,REDTAPE.NS,REDTAPE,REDTAPE,543957.0
REFEX,REFEX INDUSTRIES LIMITED,INE056I01025,BE,REFEX.NS,REFEX,REFEX,532884.0
REFRACTORY,REFRACTORY SHAPES LIMITED,INE0TNX01015,SM,REFRACTORY.NS,REFRACTORY,,
REGAAL,REGAAL RESOURCES LIMITED,INE0MHO01029,BE,REGAAL.NS,REGAAL,REGAAL,544485.0
REGENCERAM,REGENCYCERAMICS-LTD,INE277C01012,BE,REGENCERAM.NS,REGENCERAM,REGENCERAM,515018.0
REILPROD,REIL PRODUCTS LTD,INE267201015,EQ,REILPROD.NS,REILPROD,,
RELAXO,RELAXO FOOT LTD.,INE131B01039,BE,RELAXO.NS,RELAXO,RELAXO,530517.0
RELAXOFOOT,RELAXO FOOTWEAR LTD,INE573001018,EQ,RELAXOFOOT.NS,RELAXOFOOT,,
RELAXOFOOT,RELAXO FOOTWEARS LTD-DEPO,INE131B01013,BE,RELAXOFOOT.NS,RELAXOFOOT,,
RELCAPITAL,REL CAPITAL - DEPO. SETT.,INE013A01015,BE,RELCAPITAL.NS,RELCAPITAL,,
RELCHEMQ,RELIANCE CHEMOTEX IND LTD,INE750D01016,BE,RELCHEMQ.NS,RELCHEMQ,RELCHEMQ,503162.0
RELIABLE,RELIABLE DATA SERVICE LTD,INE375Y01018,BE,RELIABLE.NS,RELIABLE,RELIABLE,544207.0
RELIANCE,RELIANCE IND DEPO-SETT,INE002A01018,BE,RELIANCE.NS,RELIANCE,RELIANCE,500325.0
RELIGARE,RELIGARE ENTER. LTD.,INE621H01010,BE,RELIGARE.NS,RELIGARE,RELIGARE,532915.0
RELINFRA,RELIANCE INFRASTRUCTU LTD,INE036A01016,BE,RELINFRA.NS,RELINFRA,RELINFRA,500390.0
RELTD,RAVINDRA ENERGY LIMITED,INE206N01018,BE,RELTD.NS,RELTD,RELTD,504341.0
REMIMETAL,REMI METALS GUJARAT LTD,INE268401010,BE,REMIMETAL.NS,REMIMETAL,,
REMSONSIND,REMSONS INDUSTRIES LTD,INE474C01023,BE,REMSONSIND.NS,REMSONSIND,REMSONSIND,530919.0
REMUS,REMUS PHARMACEUTICALS L,INE0O5T01011,SM,REMUS.NS,REMUS,,
RENCOGEAR,RENCO GEARS LTD,INE268701013,EQ,RENCOGEAR.NS,RENCOGEAR,,
RENUKA,SHREE RENUKA SUGARS LTD,INE087H01022,BE,RENUKA.NS,RENUKA,RENUKA,532670.0
REPCOHOME,REPCO HOME FINANCE LTD,INE612J01015,BE,REPCOHOME.NS,REPCOHOME,REPCOHOME,535322.0
REPL,RUDRABHISHEK ENTERP LTD,INE364Z01019,BE,REPL.NS,REPL,,
REPLENGINE,REPL ENGINEERING LTD,INE268801011,EQ,REPLENGINE.NS,REPLENGINE,,
REPRO,REPRO INDIA LIMITED,INE461B01014,BE,REPRO.NS,REPRO,REPRO,532687.0
RESPONIND,RESPONSIVE INDUSTRIES LTD,INE688D01026,BE,RESPONIND.NS,RESPONIND,RESPONIND,505509.0
RETAIL,JHS SVENDGAARD RETAIL V L,INE03DD01011,BE,RETAIL.NS,RETAIL,RETAIL,544197.0
REXPIPES,REX PIPES AND CABLES LTD,INE00D001018,SM,REXPIPES.NS,REXPIPES,,
REXPRO,REXPRO ENTERPRISES LTD,INE113601012,SM,REXPRO.NS,REXPRO,,
RGL,RENAISSANCE GLOBAL LTD,INE722H01024,BE,RGL.NS,RGL,RGL,532923.0
RHETAN,RHETAN TMT LIMITED,INE0KKN01029,BE,RHETAN.NS,RHETAN,RHETAN,543590.0
RHFL,RELIANCE HOME FINANCE LTD,INE217K01011,BE,RHFL.NS,RHFL,RHFL,540709.0
RHIM,RHI MAGNESITA INDIA LTD,INE743M01012,BE,RHIM.NS,RHIM,RHIM,534076.0
RHL,ROBUST HOTELS LIMITED,INE508K01013,BE,RHL.NS,RHL,RHL,543901.0
RICHA,RICHA INFO SYSTEMS LTD,INE0J1P01015,SM,RICHA.NS,RICHA,,
RICHSILK,RICHIMEN SILK LTD,INE269401019,EQ,RICHSILK.NS,RICHSILK,,
RICOAUTO,RICO AUTO INDUSTRIES LTD,INE209B01025,BE,RICOAUTO.NS,RICOAUTO,RICOAUTO,520008.0
RIIL,RIIL LTD,INE046A01015,BE,RIIL.NS,RIIL,RIIL,523445.0
RILINFRA,RACHANA INFRA LTD,INE02OY01016,SM,RILINFRA.NS,RILINFRA,,
RISHABH,RISHABH INSTRUMENTS LTD,INE0N2P01017,BE,RISHABH.NS,RISHABH,RISHABH,543977.0
RISHIPACK,RISHI PACKERS LTD,INE271301017,EQ,RISHIPACK.NS,RISHIPACK,,
RITCO,RITCO LOGISTICS LIMITED,INE01EG01016,BE,RITCO.NS,RITCO,RITCO,542383.0
RITES,RITES LIMITED,INE320J01015,BE,RITES.NS,RITES,RITES,541556.0
RITEZONE,RITE ZONE CHEMCON IND LTD,INE0MRA01019,SM,RITEZONE.NS,RITEZONE,,
RKDL,RAVI KUMAR DIST. LTD.,INE722J01012,BE,RKDL.NS,RKDL,RKDL,533294.0
RKEC,RKEC PROJECTS LIMITED,INE786W01010,BE,RKEC.NS,RKEC,,
RKFORGE,RAMKRISHNA FORGINGS LTD,INE399G01023,BE,RKFORGE.NS,RKFORGE,RKFORGE,532527.0
RKSWAMY,R K SWAMY LIMITED,INE0NQ801033,BE,RKSWAMY.NS,RKSWAMY,RKSWAMY,544136.0
RMCL,RADHA MADHAV CO. LTD.,INE172H01014,BE,RMCL.NS,RMCL,,
RMDRIP,R M DRIP & SPRINK SYS LTD,INE219Y01026,BE,RMDRIP.NS,RMDRIP,RMDRIP,544456.0
RMDRIP,R M DRIP & SPRINK SYS LTD,INE219Y01018,SM,RMDRIP.NS,RMDRIP,,
RML,RANE (MADRAS) LIMITED,INE050H01012,BE,RML.NS,RML,RML,532661.0
RMMIL,RESURGERE MINES & MINERAL,INE774I01031,BE,RMMIL.NS,RMMIL,,
RNBDENIMS,R&B DENIMS LIMITED,INE012Q01021,BE,RNBDENIMS.NS,RNBDENIMS,RNBDENIMS,538119.0
RNFI,RNFI SERVICES LIMITED,INE0SA001017,SM,RNFI.NS,RNFI,,
RNPL,RENOL POLYCHEM LIMITED,INE0VZX01015,SM,RNPL.NS,RNPL,,
ROCKINGDCE,ROCKINGDEALS CIRCU ECO L,INE0PTR01012,SM,ROCKINGDCE.NS,ROCKINGDCE,,
ROHITFERRO,ROHIT FERRO-TECH LIMITED,INE248H01012,BE,ROHITFERRO.NS,ROHITFERRO,,
ROHLTD,ROYAL ORCHID HOTELS LTD,INE283H01019,BE,ROHLTD.NS,ROHLTD,ROHLTD,532699.0
ROLATAN,ROLLATAINERS LTD - DEPO,INE927A01016,BE,ROLATAN.NS,ROLATAN,,
ROLATAN,ROLLATAINERS LTD,INE273101019,EQ,ROLATAN.NS,ROLATAN,,
ROLEXRINGS,ROLEX RINGS LIMITED,INE645S01016,BE,ROLEXRINGS.NS,ROLEXRINGS,ROLEXRINGS,543325.0
ROLLT,ROLLATAINERS LIMITED,INE927A01040,BE,ROLLT.NS,ROLLT,ROLLT,502448.0
ROLTA,ROLTA INDIA - DEP SETT,INE293A01013,BE,ROLTA.NS,ROLTA,ROLTA,500366.0
ROMIND,ROM INDUSTRIES LTD,INE573501017,EQ,ROMIND.NS,ROMIND,,
ROML,RAJ OIL MILLS LIMITED,INE294G01026,BE,ROML.NS,ROML,ROML,533093.0
ROSSARI,ROSSARI BIOTECH LIMITED,INE02A801020,BE,ROSSARI.NS,ROSSARI,ROSSARI,543213.0
ROSSELL,ROSSELINDUSTRIES-ROLLSETT,INE166D01015,BE,ROSSELL.NS,ROSSELL,,
ROSSELLIND,ROSSELL INDIA LIMITED,INE847C01020,BE,ROSSELLIND.NS,ROSSELLIND,ROSSELLIND,533168.0
ROSSTECH,ROSSELL TECHSYS LIMITED,INE0OJW01016,BE,ROSSTECH.NS,ROSSTECH,ROSSTECH,544294.0
ROTO,ROTO PUMPS LIMITED,INE535D01037,BE,ROTO.NS,ROTO,ROTO,517500.0
ROUTE,ROUTE MOBILE LIMITED,INE450U01017,BE,ROUTE.NS,ROUTE,ROUTE,543228.0
ROXHITECH,ROX HI TECH LIMITED,INE0PDJ01013,SM,ROXHITECH.NS,ROXHITECH,,
ROYALARC,ROYAL ARC ELECTRODES LTD,INE0EO401019,SM,ROYALARC.NS,ROYALARC,,
ROYALCUSHN,ROYAL CUSHION VINYL PRODU,INE464001010,EQ,ROYALCUSHN.NS,ROYALCUSHN,,
RPEL,RAGHAV PRODUCTIVITY ENH L,INE912T01018,BE,RPEL.NS,RPEL,RPEL,539837.0
RPGLIFE,RPG LIFE SCIENCES LTD,INE105J01010,BE,RPGLIFE.NS,RPGLIFE,RPGLIFE,532983.0
RPOWER,RELIANCE POWER LTD.,INE614G01033,BE,RPOWER.NS,RPOWER,RPOWER,532939.0
RPPINFRA,R.P.P INFRA PROJECTS LTD.,INE324L01013,BE,RPPINFRA.NS,RPPINFRA,RPPINFRA,533284.0
RPPL,RAJSHREE POLYPACK LTD,INE760W01015,SM,RPPL.NS,RPPL,,
RPPL,RAJSHREE POLYPACK LTD,INE760W01023,BE,RPPL.NS,RPPL,,
RPSGVENT,RPSG VENTURES LIMITED,INE425Y01011,BE,RPSGVENT.NS,RPSGVENT,RPSGVENT,542333.0
RPTECH,RASHI PERIPHERALS LIMITED,INE0J1F01024,BE,RPTECH.NS,RPTECH,RPTECH,544119.0
RRKABEL,R R KABEL LIMITED,INE777K01022,BE,RRKABEL.NS,RRKABEL,RRKABEL,543981.0
RSSOFTWARE,R. S. SOFTWARE (INDIA) LI,INE165B01029,BE,RSSOFTWARE.NS,RSSOFTWARE,RSSOFTWARE,517447.0
RSWM,RSWM LIMITED,INE611A01016,BE,RSWM.NS,RSWM,RSWM,500350.0
RSYSTEMS,R SYS INTERNATIONAL LTD,INE411H01032,BE,RSYSTEMS.NS,RSYSTEMS,RSYSTEMS,532735.0
RTL,RAMA TELECOM LIMITED,INE14W901010,SM,RTL.NS,RTL,,
RTNINDIA,RATTANINDIA ENT LIMITED,INE834M01019,BE,RTNINDIA.NS,RTNINDIA,RTNINDIA,534597.0
RTNPOWER,RATTANINDIA POWER LIMITED,INE399K01017,BE,RTNPOWER.NS,RTNPOWER,RTNPOWER,533122.0
RUBFILA,RUBFILA INTERNATIONAL LTD,INE642C01025,BE,RUBFILA.NS,RUBFILA,RUBFILA,500367.0
RUBFILINTL,RUBFILAINTLLTD-ROLLSETT,INE642C01017,BE,RUBFILINTL.NS,RUBFILINTL,,
RUBYMILLS,THE RUBY MILLS LTD,INE301D01026,BE,RUBYMILLS.NS,RUBYMILLS,RUBYMILLS,503169.0
RUCHINFRA,RUCHI INFRASTRUCTURE LTD,INE413B01023,BE,RUCHINFRA.NS,RUCHINFRA,RUCHINFRA,509020.0
RUCHIRA,RUCHIRA PAPERS LIMITED,INE803H01014,BE,RUCHIRA.NS,RUCHIRA,RUCHIRA,532785.0
RUCHISOYA,RUCHI SOYA INDUSTRIES LTD,INE619A01027,BE,RUCHISOYA.NS,RUCHISOYA,,
RUCHISTRIP,RUCHI STRIPS AND ALLOYS L,INE275101017,EQ,RUCHISTRIP.NS,RUCHISTRIP,,
RULKA,RULKA ELECTRICALS LIMITED,INE0R7301013,SM,RULKA.NS,RULKA,,
RUPA,RUPA & COMPANY LTD,INE895B01021,BE,RUPA.NS,RUPA,RUPA,533552.0
RUSHI-RE1,RUSHIL DECOR LIMITED,INE573K20025,BE,RUSHI-RE1.NS,RUSHI-RE1,,
RUSHIL,RUSHIL DECOR LIMITED,INE573K01025,BE,RUSHIL.NS,RUSHIL,RUSHIL,533470.0
RUSTOMJEE,KEYSTONE REALTORS LIMITED,INE263M01029,BE,RUSTOMJEE.NS,RUSTOMJEE,RUSTOMJEE,543669.0
RVHL,RAVINDER HEIGHTS LIMITED,INE09E501017,BE,RVHL.NS,RVHL,RVHL,543251.0
RVNL,RAIL VIKAS NIGAM LIMITED,INE415G01027,BE,RVNL.NS,RVNL,RVNL,542649.0
RVTH,REVATHI EQUIPMENT INDIA L,INE0DAB01012,BE,RVTH.NS,RVTH,RVTH,544246.0
SAAKSHI,SAAKSHI MEDTEC N PANELS L,INE0PSK01027,SM,SAAKSHI.NS,SAAKSHI,,
SAATVIKGL,SAATVIK GREEN ENERGY LTD,INE13B501022,BE,SAATVIKGL.NS,SAATVIKGL,SAATVIKGL,544526.0
SABAR,SABAR FLEX INDIA LIMITED,INE0DZ101013,SM,SABAR.NS,SABAR,,
SABEVENTS,SAB EVENTS & GOVERNANCE,INE860T01019,BE,SABEVENTS.NS,SABEVENTS,SABEVENTS,540081.0
SABTN,SRI ADHIKARI BROS.,INE416A01036,BE,SABTN.NS,SABTN,,
SABTNL,SRI ADHIKARI BRO TELE N L,INE416A01044,BE,SABTNL.NS,SABTNL,SABTNL,530943.0
SACHEEROME,SACHEEROME LIMITED,INE1ARD01016,SM,SACHEEROME.NS,SACHEEROME,,
SADBHAV,SADBHAV ENGINEERING LTD,INE226H01026,BE,SADBHAV.NS,SADBHAV,SADBHAV,532710.0
SADBHIN,SADBHAV INFRA PROJ LTD.,INE764L01010,BE,SADBHIN.NS,SADBHIN,SADBHIN,539346.0
SADHAV,SADHAV SHIPPING LIMITED,INE0K5H01010,SM,SADHAV.NS,SADHAV,,
SADHNANIQ,SADHANA NITROCHEM LIMITED,INE888C01040,BE,SADHNANIQ.NS,SADHNANIQ,SADHNANIQ,506642.0
SAFARI,SAFARI IND (INDIA) LTD,INE429E01023,BE,SAFARI.NS,SAFARI,SAFARI,523025.0
SAFEENTP,SAFE ENTER RETAIL FIX LTD,INE17D601016,SM,SAFEENTP.NS,SAFEENTP,,
SAGARCEM,SAGAR CEMENTS LTD,INE229C01013,EQ,SAGARCEM.NS,SAGARCEM,,
SAGARDEEP,SAGARDEEP ALLOYS LIMITED,INE976T01013,BE,SAGARDEEP.NS,SAGARDEEP,,
SAGCEM,SAGAR CEMENTS LIMITED,INE229C01021,BE,SAGCEM.NS,SAGCEM,SAGCEM,502090.0
SAGILITY,SAGILITY LIMITED,INE0W2G01015,BE,SAGILITY.NS,SAGILITY,SAGILITY,544282.0
SAHAJ,SAHAJ FASHIONS LIMITED,INE013901017,SM,SAHAJ.NS,SAHAJ,,
SAHAJSOLAR,SAHAJ SOLAR LIMITED,INE0P4701011,SM,SAHAJSOLAR.NS,SAHAJSOLAR,,
SAHANA,SAHANA SYSTEM LIMITED,INE0LEX01011,SM,SAHANA.NS,SAHANA,,
SAHASRA,SAHASRA ELECTRONIC SOLU L,INE0RBQ01018,SM,SAHASRA.NS,SAHASRA,,
SAHYADRI,SAHYADRI INDUSTRIES LTD,INE280H01015,BE,SAHYADRI.NS,SAHYADRI,SAHYADRI,532841.0
SAIFL,SAMEERA AGRO AND INFRA L,INE0PZA01015,SM,SAIFL.NS,SAIFL,,
SAIL,SAIL - DEP RS,INE114A01011,BE,SAIL.NS,SAIL,SAIL,500113.0
SAILIFE,SAI LIFE SCIENCES LIMITED,INE570L01029,BE,SAILIFE.NS,SAILIFE,SAILIFE,544306.0
SAISERVICE,SAI SERVICES STATION LTD,INE278801019,EQ,SAISERVICE.NS,SAISERVICE,,
SAJHOTELS,SAJ HOTELS LIMITED,INE00MT01022,SM,SAJHOTELS.NS,SAJHOTELS,,
SAKAR,SAKAR HEALTHCARE LIMITED,INE732S01012,BE,SAKAR.NS,SAKAR,,
SAKHTISUG,SAKHTISUG SUGARS LTD,INE623A01011,BE,SAKHTISUG.NS,SAKHTISUG,SAKHTISUG,507315.0
SAKSOFT,SAKSOFT LIMITED,INE667G01023,BE,SAKSOFT.NS,SAKSOFT,SAKSOFT,590051.0
SAKTHIFIN,SAKTHI FINANCE LTD,INE302E01014,BE,SAKTHIFIN.NS,SAKTHIFIN,SAKTHIFIN,511066.0
SAKUMA,SAKUMA EXPORTS LIMITED,INE190H01024,BE,SAKUMA.NS,SAKUMA,SAKUMA,532713.0
SALASAR,SALASAR TECHNO ENGG. LTD.,INE170V01027,BE,SALASAR.NS,SALASAR,SALASAR,540642.0
SALONA,SALONA COTSPIN LTD.,INE498E01010,BE,SALONA.NS,SALONA,SALONA,590056.0
SALSTEEL,S.A.L. STEEL LTD.,INE658G01014,BE,SALSTEEL.NS,SALSTEEL,SALSTEEL,532604.0
SALZERELEC,SALZER ELECTRONICS LTD,INE457F01013,BE,SALZERELEC.NS,SALZERELEC,SALZERELEC,517059.0
SAMAY,SAMAY PROJECT SERVICES L,INE124101010,SM,SAMAY.NS,SAMAY,,
SAMBHAAV,SAMBHAAV MEDIA LTD,INE699B01027,BE,SAMBHAAV.NS,SAMBHAAV,SAMBHAAV,511630.0
SAMBHV,SAMBHV STEEL TUBES LTD,INE12NJ01018,BE,SAMBHV.NS,SAMBHV,SAMBHV,544430.0
SAMHI,SAMHI HOTELS LIMITED,INE08U801020,BE,SAMHI.NS,SAMHI,SAMHI,543984.0
SAMMAANCAP,SAMMAAN CAPITAL LIMITED,INE148I01020,BE,SAMMAANCAP.NS,SAMMAANCAP,SAMMAANCAP,535789.0
SAMPANN,SAMPANN UTPADAN INDIA LTD,INE735M01018,BE,SAMPANN.NS,SAMPANN,SAMPANN,534598.0
SAMTELTD,SAMTEL (I) LTD,INE280901013,EQ,SAMTELTD.NS,SAMTELTD,,
SANATHAN,SANATHAN TEXTILES LIMITED,INE0JPD01013,BE,SANATHAN.NS,SANATHAN,SANATHAN,544314.0
SANCO,SANCO INDUSTRIES LIMITED,INE782L01012,BE,SANCO.NS,SANCO,,
SANDESH,SANDESH LTD,INE583B01015,BE,SANDESH.NS,SANDESH,SANDESH,526725.0
SANDHAR,SANDHAR TECHNOLOGIES LTD,INE278H01035,BE,SANDHAR.NS,SANDHAR,SANDHAR,541163.0
SANDUMA,SANDUR MANG & IRON ORES L,INE149K01016,BE,SANDUMA.NS,SANDUMA,SANDUMA,504918.0
SANDVIKAS,SANDVIK ASIA LIMITED,INE624A01019,BE,SANDVIKAS.NS,SANDVIKAS,,
SANGAMIND,SANGAM (INDIA) LTD,INE495C01010,BE,SANGAMIND.NS,SANGAMIND,SANGAMIND,514234.0
SANGANI,SANGANI HOSPITALS LIMITED,INE0OVI01010,SM,SANGANI.NS,SANGANI,,
SANGHIIND,SANGHI INDUSTRIES ROLLSET,INE999B01013,BE,SANGHIIND.NS,SANGHIIND,SANGHIIND,526521.0
SANGHVIFOR,SANGHVI FOR & ENG LTD,INE263L01013,BE,SANGHVIFOR.NS,SANGHVIFOR,,
SANGHVIMOV,SANGHVI MOVERS LTD,INE989A01032,BE,SANGHVIMOV.NS,SANGHVIMOV,SANGHVIMOV,530073.0
SANGINITA,SANGINITA CHEMICALS LTD,INE753W01010,BE,SANGINITA.NS,SANGINITA,,
SANOFI,SANOFI INDIA LIMITED,INE058A01010,BE,SANOFI.NS,SANOFI,SANOFI,500674.0
SANOFICONR,SANOFI CONS HEALTHC IND L,INE0UOS01011,BE,SANOFICONR.NS,SANOFICONR,SANOFICONR,544250.0
SANSERA,SANSERA ENGINEERING LTD,INE953O01021,BE,SANSERA.NS,SANSERA,SANSERA,543358.0
SANSTAR,SANSTAR LIMITED,INE08NE01025,BE,SANSTAR.NS,SANSTAR,SANSTAR,544217.0
SANWARIA,SANWARIA CONSUMER LIMITED,INE890C01046,BE,SANWARIA.NS,SANWARIA,SANWARIA,519260.0
SAPPHIRE,SAPPHIRE FOODS INDIA LTD,INE806T01020,BE,SAPPHIRE.NS,SAPPHIRE,SAPPHIRE,543397.0
SARASIND,SARASWATI INDL SYNDICATE,INE858B01011,BE,SARASIND.NS,SARASIND,,
SARDAEN,SARDA ENERGY & MIN LTD,INE385C01021,BE,SARDAEN.NS,SARDAEN,SARDAEN,504614.0
SAREGAMA,SAREGAMA INDIA LIMITED,INE979A01025,BE,SAREGAMA.NS,SAREGAMA,SAREGAMA,532163.0
SARLAPOLY,SARLA PERF. FIBERS LTD,INE453D01025,BE,SARLAPOLY.NS,SARLAPOLY,SARLAPOLY,526885.0
SAROJA,SAROJA PHARMA INDUS IND L,INE0PCL01011,SM,SAROJA.NS,SAROJA,,
SARTELE,SAR TELEVENTURE LIMITED,INE0PUC01020,SM,SARTELE.NS,SARTELE,,
SARVESHWAR,SARVESHWAR FOODS LIMITED,INE324X01018,SM,SARVESHWAR.NS,SARVESHWAR,,
SARVESHWAR,SARVESHWAR FOODS LIMITED,INE324X01026,BE,SARVESHWAR.NS,SARVESHWAR,SARVESHWAR,543688.0
SASKEN,SASKEN TECHNOLOGIES LTD,INE231F01020,BE,SASKEN.NS,SASKEN,SASKEN,532663.0
SASTASUNDR,SASTASUNDAR VENTURES LTD,INE019J01013,BE,SASTASUNDR.NS,SASTASUNDR,SASTASUNDR,533259.0
SATECH,S A TECH SOFTWARE INDIA L,INE0BSN01013,SM,SATECH.NS,SATECH,,
SATHAISPAT,SATHAVAHANA ISPAT LTD,INE176C01016,BE,SATHAISPAT.NS,SATHAISPAT,,
SATIA,SATIA INDUSTRIES LIMITED,INE170E01023,BE,SATIA.NS,SATIA,SATIA,539201.0
SATIN,SATIN CREDIT NET LTD,INE836B01017,BE,SATIN.NS,SATIN,SATIN,539404.0
SATIPOLY,SATI POLY PLAST LIMITED,INE0RPM01017,SM,SATIPOLY.NS,SATIPOLY,,
SATKARTAR,SAT KARTAR SHOPPING LTD,INE0NB801022,SM,SATKARTAR.NS,SATKARTAR,,
SATTVAENGG,SATTVA ENGINEERING CSTN L,INE14DW01018,SM,SATTVAENGG.NS,SATTVAENGG,,
SATYAMCEM,SATYAM CEMENTS LTD,INE285201013,EQ,SATYAMCEM.NS,SATYAMCEM,,
SAURASHCEM,SAURASHTRA CEMENT LIMITED,INE626A01014,BE,SAURASHCEM.NS,SAURASHCEM,SAURASHCEM,502175.0
SAURASTPPR,SAURASHTRA PAPER & BOARD,INE285601014,EQ,SAURASTPPR.NS,SAURASTPPR,,
SAVY,SAVY INFRA AND LOGI LTD,INE0UCN01017,SM,SAVY.NS,SAVY,,
SAWALIYA,SAWALIYA FOOD PRODUCTS L,INE10VS01016,SM,SAWALIYA.NS,SAWALIYA,,
SAYAJHOTEL,SAYAJI HOTELS LTD,INE286301010,EQ,SAYAJHOTEL.NS,SAYAJHOTEL,,
SBBJ,STATE BANK OF BIKANER AND,INE648A01026,BE,SBBJ.NS,SBBJ,,
SBC,SBC EXPORTS LIMITED,INE04AK01028,BE,SBC.NS,SBC,SBC,542725.0
SBCL,SHIVALIK BIMETAL CON. LTD,INE386D01027,BE,SBCL.NS,SBCL,SBCL,513097.0
SBFC,SBFC FINANCE LIMITED,INE423Y01016,BE,SBFC.NS,SBFC,SBFC,543959.0
SBGLP,SURATWWALA BUS GROUP LTD,INE05ST01028,BE,SBGLP.NS,SBGLP,SBGLP,543218.0
SBIBPB,SBIAMC - SBIBPB,INF200KB1712,EQ,SBIBPB.NS,SBIBPB,SBIBPB,544385.0
SBICARD,SBI CARDS & PAY SER LTD,INE018E01016,BE,SBICARD.NS,SBICARD,SBICARD,543066.0
SBIETFCON,SBIAMC - SBIETFCON,INF200KA1X17,EQ,SBIETFCON.NS,SBIETFCON,,
SBIETFIT,SBIAMC - SBIETFIT,INF200KA1S14,EQ,SBIETFIT.NS,SBIETFIT,,
SBIETFPB,SBIAMC - SBIETFPB,INF200KA1S22,EQ,SBIETFPB.NS,SBIETFPB,,
SBIETFQLTY,SBIAMC - SBIETFQLTY,INF200KA1WX6,EQ,SBIETFQLTY.NS,SBIETFQLTY,,
SBIHOMEFIN,SBI HOME FINANCE LTD.,INE627A01012,BE,SBIHOMEFIN.NS,SBIHOMEFIN,,
SBILIFE,SBI LIFE INSURANCE CO LTD,INE123W01016,BE,SBILIFE.NS,SBILIFE,SBILIFE,540719.0
SBILIQETF,SBIAMC - SBILIQETF,INF200KB1969,EQ,SBILIQETF.NS,SBILIQETF,,
SBIN,SBIN - DEPO SETT,INE062A01020,BE,SBIN.NS,SBIN,SBIN#,100112.0
SBINEQWETF,SBIAMC - SBINEQWETF,INF200KB1282,EQ,SBINEQWETF.NS,SBINEQWETF,SBINEQWETF,544215.0
SBISILVER,SBIAMC - SBISILVER,INF200KB1217,EQ,SBISILVER.NS,SBISILVER,SBISILVER,544206.0
SBT,STATE BANK OF TRAVANCORE,INE654A01024,BE,SBT.NS,SBT,,
SCHAEFFLER,SCHAEFFLER INDIA LIMITED,INE513A01022,BE,SCHAEFFLER.NS,SCHAEFFLER,SCHAEFFLER,505790.0
SCHAND,S CHAND AND COMPANY LTD,INE807K01035,BE,SCHAND.NS,SCHAND,SCHAND,540497.0
SCHNEIDER,SCHNEIDER ELECTRIC INFRA,INE839M01018,BE,SCHNEIDER.NS,SCHNEIDER,SCHNEIDER,534139.0
SCI,SHIPPING CORP OF INDIA LT,INE109A01011,BE,SCI.NS,SCI,SCI,523598.0
SCILAL,SHIPPING CORP OF ILA LTD,INE0PB301013,BE,SCILAL.NS,SCILAL,SCILAL,544142.0
SCML,SHARP CHUCKS N MACHINES L,INE460Q01014,SM,SCML.NS,SCML,,
SCODATUBES,SCODA TUBES LIMITED,INE090501011,BE,SCODATUBES.NS,SCODATUBES,SCODATUBES,544411.0
SCPL,SHEETAL COOL PRODUCTS LTD,INE501Y01019,BE,SCPL.NS,SCPL,SCPL,540757.0
SDBL,SOM DIST & BREW LTD,INE480C01038,BE,SDBL.NS,SDBL,SDBL,507514.0
SDBL-RE1,SOM DIST & BREW LTD,INE480C20020,BE,SDBL-RE1.NS,SDBL-RE1,,
SDL24BEES,NIPPON INDIA- NIMFXX,INF204KB18W4,EQ,SDL24BEES.NS,SDL24BEES,,
SDL26BEES,RELCAPAMC-NETFSDL26,INF204KC1022,EQ,SDL26BEES.NS,SDL26BEES,,
SDREAMS,S D RETAIL LIMITED,INE0X6F01017,SM,SDREAMS.NS,SDREAMS,,
SEAMECLTD,SEAMEC LIMITED,INE497B01018,BE,SEAMECLTD.NS,SEAMECLTD,SEAMECLTD,526807.0
SECALS,SECALS LTD,INE287901016,EQ,SECALS.NS,SECALS,,
SECL,SALASAR EXTERIOR CONT LTD,INE00Y701026,SM,SECL.NS,SECL,,
SECMARK,SECMARK CONSULTANCY LTD,INE0BTM01013,BE,SECMARK.NS,SECMARK,,
SECURCRED,SECUR CREDENTIALS LIMITED,INE195Y01010,BE,SECURCRED.NS,SECURCRED,,
SECURKLOUD,SECUREKLOUD TECH LIMITED,INE650K01021,BE,SECURKLOUD.NS,SECURKLOUD,SECURKLOUD,512161.0
SEJAL,SEJAL GLASS LIMITED,INE955I01036,BE,SEJAL.NS,SEJAL,,
SEJALLTD,SEJAL GLASS LIMITED,INE955I01044,BE,SEJALLTD.NS,SEJALLTD,SEJALLTD,532993.0
SEL,SUNGARNER ENERGIES LTD,INE0O3O01017,SM,SEL.NS,SEL,,
SELECTIPO,MIRAEAMC - SELECTIPO,INF769K01ON4,EQ,SELECTIPO.NS,SELECTIPO,SELECTIPO,544376.0
SELLOWRAP,SELLOWRAP INDUSTRIES LTD,INE0IJF01013,SM,SELLOWRAP.NS,SELLOWRAP,,
SELMC,SEL MANUFACTURING CO LTD,INE105I01020,BE,SELMC.NS,SELMC,SELMC,532886.0
SELMCL,SEL MANU. CO. LTD.,INE105I01012,BE,SELMCL.NS,SELMCL,,
SEMAC,SEMAC CONSTRUCTION LTD,INE617A01013,BE,SEMAC.NS,SEMAC,SEMAC,505368.0
SENCO,SENCO GOLD LIMITED,INE602W01027,BE,SENCO.NS,SENCO,SENCO,543936.0
SENORES,SENORES PHARMACEUTICALS L,INE0RB801010,BE,SENORES.NS,SENORES,SENORES,544319.0
SENSEXADD,DSPAMC - DSPSENXETF,INF740KA1SZ6,EQ,SENSEXADD.NS,SENSEXADD,SENSEXADD,543947.0
SENSEXETF,MIRAEAMC - SENSEXETF,INF769K01KT9,EQ,SENSEXETF.NS,SENSEXETF,SENSEXETF,543999.0
SENSEXIETF,ICICI PRUD SENSEX ETF,INF346A01034,EQ,SENSEXIETF.NS,SENSEXIETF,SENSEXIETF,555555.0
SEPC,SEPC LIMITED,INE964H01014,BE,SEPC.NS,SEPC,SEPC,532945.0
SEPC-RE1,SEPC LIMITED,INE964H20022,BE,SEPC-RE1.NS,SEPC-RE1,,
SEPC-RE2,SEPC LIMITED,INE964H20030,BE,SEPC-RE2.NS,SEPC-RE2,,
SEPC-RE3,SEPC LTD,INE964H20055,BE,SEPC-RE3.NS,SEPC-RE3,,
SEQUENT,SEQUENT SCIENTIFIC LTD.,INE807F01027,BE,SEQUENT.NS,SEQUENT,SEQUENT,512529.0
SERENDYSTF,SERENE INDUSTRIES LTD,INE576601012,EQ,SERENDYSTF.NS,SERENDYSTF,,
SERVICE,SERVICE CARE LIMITED,INE0P1Q01015,SM,SERVICE.NS,SERVICE,,
SERVOTECH,SERVOTECH REN POW SYS LTD,INE782X01033,BE,SERVOTECH.NS,SERVOTECH,,
SERVOTECH,SERVOTECH POWER SYS LTD.,INE782X01017,SM,SERVOTECH.NS,SERVOTECH,,
SESHAPAPER,SESHASAYE PAPER & BOARD L,INE630A01024,BE,SESHAPAPER.NS,SESHAPAPER,SESHAPAPER,502450.0
SETCO,SETCO AUTOMOTIVE LTD,INE878E01021,BE,SETCO.NS,SETCO,SETCO,505075.0
SETF10GILT,SBIAMC - SETF10GILT,INF200KA1JT1,EQ,SETF10GILT.NS,SETF10GILT,,
SETFGOLD,SBI-ETF GOLD,INF200KA16D8,EQ,SETFGOLD.NS,SETFGOLD,SETFGOLD,590098.0
SETFNIF50,SBI-ETF NIFTY 50,INF200KA1FS1,EQ,SETFNIF50.NS,SETFNIF50,SETFNIF50,590138.0
SETFNIFBK,SBI-ETF NIFTY BANK,INF200KA1580,EQ,SETFNIFBK.NS,SETFNIFBK,SETFNIFBK,590137.0
SETFNN50,SBI-ETF NIFTY NEXT 50,INF200KA1598,EQ,SETFNN50.NS,SETFNN50,,
SETUINFRA,SETUBANDHAN INFRA LTD,INE023M01027,BE,SETUINFRA.NS,SETUINFRA,,
SEYAIND,SEYA INDUSTRIES LIMITED,INE573R01012,BE,SEYAIND.NS,SEYAIND,SEYAIND,524324.0
SFL,SHEELA FOAM LIMITED,INE916U01025,BE,SFL.NS,SFL,SFL,540203.0
SFML,SUPREME FACILITY MGMT LTD,INE0U6N01014,SM,SFML.NS,SFML,,
SGFIN,SG FINSERVE LIMITED,INE618R01015,BE,SGFIN.NS,SGFIN,SGFIN,539199.0
SGFL,SHREE GANESH FORG. LTD,INE883G01018,BE,SGFL.NS,SGFL,,
SGIL,SYNERGY GREEN IND. LTD,INE00QT01015,BE,SGIL.NS,SGIL,SGIL,541929.0
SGL,STL GLOBAL LIMITED,INE353H01010,BE,SGL.NS,SGL,SGL,532730.0
SGLTL,STANDARD GLASS LIN TECH L,INE0M4D01010,BE,SGLTL.NS,SGLTL,SGLTL,544333.0
SGMART,SG MART LIMITED,INE385F01024,BE,SGMART.NS,SGMART,SGMART,512329.0
SHAANINTER,SHAAN INTERWEL (I) LTD,INE465401011,EQ,SHAANINTER.NS,SHAANINTER,,
SHAH,SHAH METACORP LIMITED,INE482J01021,BE,SHAH.NS,SHAH,SHAH,533275.0
SHAHALLOYS,SHAH ALLOYS LIMITED,INE640C01011,BE,SHAHALLOYS.NS,SHAHALLOYS,SHAHALLOYS,513436.0
SHAILY,SHAILY ENG PLASTICS LTD,INE151G01028,BE,SHAILY.NS,SHAILY,SHAILY,501423.0
SHAIVAL,SHAIVAL REALITY LIMITED,INE262S01010,SM,SHAIVAL.NS,SHAIVAL,,
SHAKTIPUMP,SHAKTI PUMPS (I) LTD,INE908D01010,BE,SHAKTIPUMP.NS,SHAKTIPUMP,SHAKTIPUMP,531431.0
SHALBY,SHALBY LIMITED,INE597J01018,BE,SHALBY.NS,SHALBY,SHALBY,540797.0
SHALMPAINT,SHALIMARPAINTS-ROLLSETT,INE849C01018,BE,SHALMPAINT.NS,SHALMPAINT,,
SHALMPAINT,SHALIMAR PAINTS LTD,INE849C01026,EQ,SHALMPAINT.NS,SHALMPAINT,SHALPAINTS,509874.0
SHAMKNFAB,SHAMKEN MULTIFAB  LTD.,INE565B01012,BE,SHAMKNFAB.NS,SHAMKNFAB,,
SHAMKNSPIN,SHAMKEN SPINNERS LTD.,INE626B01012,BE,SHAMKNSPIN.NS,SHAMKNSPIN,,
SHANKARA,SHANKARA BLDG PRODUCT LTD,INE274V01019,BE,SHANKARA.NS,SHANKARA,SHANKARA,540425.0
SHANTHALA,SHANTHALA FMCG PRODUCTS L,INE0Q9Q01017,SM,SHANTHALA.NS,SHANTHALA,,
SHANTI,SHANTI OVERSEAS INDIA LTD,INE933X01016,BE,SHANTI.NS,SHANTI,,
SHANTIGEAR,SHANTHI GEARS LTD,INE631A01022,BE,SHANTIGEAR.NS,SHANTIGEAR,SHANTIGEAR,522034.0
SHANTIGOLD,SHANTI GOLD INTERNATION L,INE06ZD01017,BE,SHANTIGOLD.NS,SHANTIGOLD,SHANTIGOLD,544459.0
SHARDACROP,SHARDA CROPCHEM LTD.,INE221J01015,BE,SHARDACROP.NS,SHARDACROP,SHARDACROP,538666.0
SHARDAMOTR,SHARDA MOTOR INDS LTD,INE597I01028,BE,SHARDAMOTR.NS,SHARDAMOTR,SHARDAMOTR,535602.0
SHARDATERY,SHARDA TERRY PRODUCTS LTD,INE290801013,EQ,SHARDATERY.NS,SHARDATERY,,
SHAREINDIA,SHARE IND. SECURITIES LTD,INE932X01026,BE,SHAREINDIA.NS,SHAREINDIA,SHAREINDIA,540725.0
SHARIABEES,NIP IND ETF SHARIAH BEES,INF732E01128,EQ,SHARIABEES.NS,SHARIABEES,SHARIABEES,590109.0
SHARONBIO,SHARON BIO-MEDI LTD,INE028B01029,BE,SHARONBIO.NS,SHARONBIO,,
SHARTSEFOD,SHARAT INDUSTRIES LTD,INE465501018,EQ,SHARTSEFOD.NS,SHARTSEFOD,,
SHAWALLACE,SHAW WALLACE LTD,INE291901010,EQ,SHAWALLACE.NS,SHAWALLACE,,
SHAWALLACE,SHAW  WALLACE & CO - DEPO,INE402A01010,BE,SHAWALLACE.NS,SHAWALLACE,,
SHAWGELTIN,SHAW WALLANCE - DEPO,INE869A01010,BE,SHAWGELTIN.NS,SHAWGELTIN,SHAWGELTIN,526739.0
SHEETAL,SHEETAL UNIVERSAL LIMITED,INE04VX01019,SM,SHEETAL.NS,SHEETAL,,
SHEKHAWATI,SHEKHAWATI INDUSTRIES LTD,INE268L01046,BE,SHEKHAWATI.NS,SHEKHAWATI,SHEKHAWATI,533301.0
SHEMAROO,SHEMAROO ENTER. LTD.,INE363M01019,BE,SHEMAROO.NS,SHEMAROO,SHEMAROO,538685.0
SHERA,SHERA ENERGY LIMITED,INE0MM001019,SM,SHERA.NS,SHERA,,
SHETRON,SHETRON LTD,INE292401010,EQ,SHETRON.NS,SHETRON,,
SHIGAN,SHIGAN QUANTUM TECH LTD,INE03KJ01013,SM,SHIGAN.NS,SHIGAN,,
SHILPAMED,SHILPA MEDICARE LTD,INE790G01031,BE,SHILPAMED.NS,SHILPAMED,SHILPAMED,530549.0
SHIRPUR-G,SHIRPUR GOLD REFINERY LTD,INE196B01016,BE,SHIRPUR-G.NS,SHIRPUR-G,,
SHIVAJWORK,SHIVAJI WORKS LTD,INE294001016,EQ,SHIVAJWORK.NS,SHIVAJWORK,,
SHIVALIK,SHIVALIK RASAYAN LIMITED,INE788J01021,BE,SHIVALIK.NS,SHIVALIK,SHIVALIK,539148.0
SHIVAMAUTO,SHIVAM AUTO.LTD,INE637H01024,BE,SHIVAMAUTO.NS,SHIVAMAUTO,SHIVAMAUTO,532776.0
SHIVAMILLS,SHIVA MILLS LIMITED,INE644Y01017,BE,SHIVAMILLS.NS,SHIVAMILLS,SHIVAMILLS,540961.0
SHIVASHRIT,SHIVASHRIT FOODS LIMITED,INE1DLF01018,SM,SHIVASHRIT.NS,SHIVASHRIT,,
SHIVATEX,SHIVA TEXYARN LIMITED,INE705C01020,BE,SHIVATEX.NS,SHIVATEX,SHIVATEX,511108.0
SHIVAUM,SHIV AUM STEELS LIMITED,INE719F01016,SM,SHIVAUM.NS,SHIVAUM,,
SHK,S H KELKAR AND CO. LTD.,INE500L01026,BE,SHK.NS,SHK,SHK,539450.0
SHKSIL,SHRI HARE-KRI SPO IRON L,INE0NON01025,SM,SHKSIL.NS,SHKSIL,,
SHLAKSHMI,SHRI LAKSHMI COTSYN LTD,INE851B01016,BE,SHLAKSHMI.NS,SHLAKSHMI,,
SHOPERSTOP,SHOPPERS STOP LIMITED,INE498B01024,BE,SHOPERSTOP.NS,SHOPERSTOP,SHOPERSTOP,532638.0
SHOPINVFIN,SHOPPERS  INV & FIN  CO.,INE294301010,EQ,SHOPINVFIN.NS,SHOPINVFIN,,
SHRADHA,SHRADHA INFRAPROJECTS LTD,INE715Y01015,SM,SHRADHA.NS,SHRADHA,,
SHRADHA,SHRADHA INFRAPROJECTS LTD,INE715Y01031,BE,SHRADHA.NS,SHRADHA,,
SHREAMBPPR,SHREE AMBESHWAR PPR MILLS,INE294501015,EQ,SHREAMBPPR.NS,SHREAMBPPR,,
SHREDIGCEM,SHREE DIGVIJAY CEM CO LTD,INE232A01011,BE,SHREDIGCEM.NS,SHREDIGCEM,SHREDIGCEM,502180.0
SHREECEM,SHREE CEMENT LIMITED,INE070A01015,BE,SHREECEM.NS,SHREECEM,SHREECEM,500387.0
SHREEJISPG,SHREEJI SHIPPING GLOBAL L,INE1B6101010,BE,SHREEJISPG.NS,SHREEJISPG,SHREEJISPG,544490.0
SHREEKARNI,SHREE KARNI FABCOM LTD,INE0S4Y01010,SM,SHREEKARNI.NS,SHREEKARNI,,
SHREEKRPET,ESKAY K  N  IT (IND) LTD,INE220A01024,BE,SHREEKRPET.NS,SHREEKRPET,,
SHREEKRPOL,KRISHNA LIFESTYLE TECHNOL,INE218A01010,BE,SHREEKRPOL.NS,SHREEKRPOL,,
SHREEOSFM,SHREE OSFM E-MOBILITY LTD,INE02S501018,SM,SHREEOSFM.NS,SHREEOSFM,,
SHREEPUSHK,SHRE PUSH CHEM & FERT LTD,INE712K01011,BE,SHREEPUSHK.NS,SHREEPUSHK,SHREEPUSHK,539334.0
SHREERAMA,SHREE RAMA MULTI TECH LTD,INE879A01019,BE,SHREERAMA.NS,SHREERAMA,SHREERAMA,532310.0
SHREESYNTH,SHREE SYNTHETICS LTD,INE296201010,EQ,SHREESYNTH.NS,SHREESYNTH,,
SHRENIK,SHRENIK LIMITED,INE632X01030,BE,SHRENIK.NS,SHRENIK,,
SHRENIK,SHRENIK LIMITED,INE632X01022,SM,SHRENIK.NS,SHRENIK,,
SHREPRECOT,SHREE PRECOATED STEELS LT,INE295601012,EQ,SHREPRECOT.NS,SHREPRECOT,,
SHRERAJSYN,SHREE RAJASTHAN SYNTEX LT,INE295801018,EQ,SHRERAJSYN.NS,SHRERAJSYN,,
SHREYANIND,SHREYANS INDUSTRIES LTD,INE231C01019,BE,SHREYANIND.NS,SHREYANIND,,
SHRIAHIMSA,SHRI AHIMSA NATURALS LTD,INE0DM401012,SM,SHRIAHIMSA.NS,SHRIAHIMSA,,
SHRIDINESH,SHRI DINESH MLLS LTD,INE297701018,EQ,SHRIDINESH.NS,SHRIDINESH,,
SHRINGARMS,SHRINGAR HOU OF MANGALS L,INE1B3L01017,BE,SHRINGARMS.NS,SHRINGARMS,SHRINGARMS,544512.0
SHRIPISTON,SHRIRAM PIST. & RING LTD,INE526E01018,BE,SHRIPISTON.NS,SHRIPISTON,SHRIPISTON,544344.0
SHRIRAMCIT,SHRIRAM CITYUNI FIN.LTD.,INE722A01011,BE,SHRIRAMCIT.NS,SHRIRAMCIT,,
SHRIRAMFIN,SHRIRAM FINANCE LIMITED,INE721A01047,BE,SHRIRAMFIN.NS,SHRIRAMFIN,SHRIRAMFIN,511218.0
SHRIRAMPPS,SHRIRAM PROPERTIES LTD,INE217L01019,BE,SHRIRAMPPS.NS,SHRIRAMPPS,SHRIRAMPPS,543419.0
SHRITECH,SHRI TECHTEX LIMITED,INE0OMF01015,SM,SHRITECH.NS,SHRITECH,,
SHRIYAMSEC,SHRIYAM SEC & FIN LTD,INE037B01012,BE,SHRIYAMSEC.NS,SHRIYAMSEC,,
SHUBHLAXMI,SHUBHLAXMI JEWEL ART LTD,INE01Z401013,SM,SHUBHLAXMI.NS,SHUBHLAXMI,,
SHUBHSHREE,SHUBHSHREE BIOFUELS ENE L,INE0UL701015,SM,SHUBHSHREE.NS,SHUBHSHREE,,
SHUKRADIAM,SHUKRA DIAMONDS EXPORTS,INE299701016,EQ,SHUKRADIAM.NS,SHUKRADIAM,,
SHYAMCENT,SHYAM CENTURY FERROUS LTD,INE979R01011,BE,SHYAMCENT.NS,SHYAMCENT,SHYAMCENT,539252.0
SHYAMMETL,SHYAM METALICS AND ENGY L,INE810G01011,BE,SHYAMMETL.NS,SHYAMMETL,SHYAMMETL,543299.0
SHYAMTEL,SHYAM TELECOM LIMITED,INE635A01023,BE,SHYAMTEL.NS,SHYAMTEL,SHYAMTEL,517411.0
SICAGEN,SICAGEN INDIA LIMITED,INE176J01011,BE,SICAGEN.NS,SICAGEN,SICAGEN,533014.0
SICAL,SICAL LOGISTICS LIMITED,INE075B01012,BE,SICAL.NS,SICAL,,
SICALLOG,SICAL LOGISTICS LIMITED,INE075B01020,BE,SICALLOG.NS,SICALLOG,,
SIDDHATUBE,SIDDHARTH TUBE-ROLL SETT,INE708B01018,BE,SIDDHATUBE.NS,SIDDHATUBE,,
SIDDHICOTS,SIDDHI COTSPIN LIMITED,INE0SVO01019,SM,SIDDHICOTS.NS,SIDDHICOTS,,
SIDDHIKA,SIDDHIKA COATINGS LIMITED,INE0A1E01018,SM,SIDDHIKA.NS,SIDDHIKA,,
SIEL,SIEL LTD,INE636A01013,BE,SIEL.NS,SIEL,,
SIEMENS,SIEMENS LTD - DEPO SETT,INE003A01024,BE,SIEMENS.NS,SIEMENS,SIEMENS,500550.0
SIGACHI,SIGACHI INDUSTRIES LTD,INE0D0K01022,BE,SIGACHI.NS,SIGACHI,SIGACHI,543389.0
SIGIND,SIGNET INDUSTRIES LIMITED,INE529F01035,BE,SIGIND.NS,SIGIND,SIGIND,512131.0
SIGMA,SIGMA SOLVE LIMITED,INE0A0S01010,BE,SIGMA.NS,SIGMA,SIGMA,543917.0
SIGNATURE,SIGNATUREGLOBAL INDIA LTD,INE903U01023,BE,SIGNATURE.NS,SIGNATURE,SIGNATURE,543990.0
SIGNET,SIGNET INDUSTRIES LIMITED,INE529F01027,BE,SIGNET.NS,SIGNET,,
SIGNORIA,SIGNORIA CREATION LIMITED,INE0RDE01010,SM,SIGNORIA.NS,SIGNORIA,,
SIGNPOST,SIGNPOST INDIA LIMITED,INE0KGZ01021,BE,SIGNPOST.NS,SIGNPOST,SIGNPOST,544117.0
SIIL,SUPREME (INDIA) IMPEX LTD,INE971P01012,SM,SIIL.NS,SIIL,,
SIKKO,SIKKO INDUSTRIES LIMITED,INE112X01017,BE,SIKKO.NS,SIKKO,,
SIL,STANDARD INDUSTRIES LTD.,INE173A01025,BE,SIL.NS,SIL,SIL,530017.0
SILGO,SILGO RETAIL LIMITED,INE01II01013,BE,SILGO.NS,SILGO,,
SILINV,SIL INVESTMENTS LIMITED,INE923A01015,BE,SILINV.NS,SILINV,SILINV,521194.0
SILKFLEX,SILKFLEX POLYMERS INDIA L,INE0STN01015,SM,SILKFLEX.NS,SILKFLEX,,
SILKY,SILKY OVERSEAS LIMITED,INE0SN801015,SM,SILKY.NS,SILKY,,
SILLYMONKS,SILLY MONKS ENTERTAIN LTD,INE203Y01012,BE,SILLYMONKS.NS,SILLYMONKS,,
SILVER,BIRLASLAMC - SILVER,INF209KB19F6,EQ,SILVER.NS,SILVER,SILVER,543471.0
SILVER1,KOTAKMAMC - KOTAKSILVE,INF174KA1KU9,EQ,SILVER1.NS,SILVER1,,
SILVER360,360ONEAMC - SILVER360,INF579M01BC3,EQ,SILVER360.NS,SILVER360,SILVER360,544389.0
SILVERADD,DSPAMC - DSPSILVETF,INF740KA1RE3,EQ,SILVERADD.NS,SILVERADD,SILVERADD,543572.0
SILVERAG,MIRAEAMC - MASILVER,INF769K01KG6,EQ,SILVERAG.NS,SILVERAG,SILVERAG,543922.0
SILVERBEES,NIPPONAMC - NETFSILVER,INF204KC1402,EQ,SILVERBEES.NS,SILVERBEES,,
SILVERCASE,ZERODHAAMC - SILVERCASE,INF0R8F01091,EQ,SILVERCASE.NS,SILVERCASE,SILVERCASE,544384.0
SILVERETF,UTIAMC - SILVERETF,INF789F1AYK6,EQ,SILVERETF.NS,SILVERETF,SILVERETF,543900.0
SILVERIETF,ICICIPRAMC - ICICISILVE,INF109KC1Y56,EQ,SILVERIETF.NS,SILVERIETF,SILVERIETF,543452.0
SILVERLINE,SILVERLINE TEC - DEP SETT,INE368A01013,BE,SILVERLINE.NS,SILVERLINE,,
SILVERTUC,SILVER TOUCH TECHNO LTD,INE625X01018,BE,SILVERTUC.NS,SILVERTUC,SILVERTUC,543525.0
SIMBHALS,SIMBHAOLI SUGARS LTD.,INE748T01016,BE,SIMBHALS.NS,SIMBHALS,SIMBHALS,539742.0
SIMBHALSUG,SIMBHAOLI SUGAR MILLS LTD,INE380601018,EQ,SIMBHALSUG.NS,SIMBHALSUG,,
SIMPLEX,SIMPLEX PROJECTS LTD.,INE898F01018,BE,SIMPLEX.NS,SIMPLEX,,
SIMPLEXCAS,SIMPLEX CASTING LIMITED,INE658D01011,BE,SIMPLEXCAS.NS,SIMPLEXCAS,SIMPLEXCAS,513472.0
SIMPLEXINF,SIMPLEX INFRASTRUCTURES L,INE059B01024,BE,SIMPLEXINF.NS,SIMPLEXINF,SIMPLEXINF,523838.0
SINCLAIR,SINCLAIRS HOTELS LIMITED,INE985A01022,BE,SINCLAIR.NS,SINCLAIR,SINCLAIR,523023.0
SINDHUTRAD,SINDHU TRADE LINKS LTD,INE325D01025,BE,SINDHUTRAD.NS,SINDHUTRAD,SINDHUTRAD,532029.0
SINGER,SINGER INDIA LTD,INE381301014,EQ,SINGER.NS,SINGER,,
SINGER,SINGERINDIALTD-ROLL SETT,INE638A01019,BE,SINGER.NS,SINGER,,
SINTERCOM,SINTERCOM INDIA LIMITED,INE129Z01016,BE,SINTERCOM.NS,SINTERCOM,,
SINTEX,SINTEX INDUSTRIES LTD,INE429C01035,BE,SINTEX.NS,SINTEX,,
SIPAPER,SOUTH INDIA PAPER MILLS,INE581501017,EQ,SIPAPER.NS,SIPAPER,,
SIRCA,SIRCA PAINT INDIA LIMITED,INE792Z01011,BE,SIRCA.NS,SIRCA,SIRCA,543686.0
SIRIS,SIRIS LTD,INE375301012,BE,SIRIS.NS,SIRIS,,
SIS,SIS LIMITED,INE285J01028,BE,SIS.NS,SIS,SIS,540673.0
SITASHREE,SITA SHREE FOOD PROD LTD,INE686I01011,BE,SITASHREE.NS,SITASHREE,,
SITINET,SITI NETWORKS LIMITED,INE965H01011,BE,SITINET.NS,SITINET,SITINET,532795.0
SIYSIL,SIYARAM SILK MILLS LTD,INE076B01028,BE,SIYSIL.NS,SIYSIL,SIYSIL,503811.0
SJLOGISTIC,S J LOGISTICS (INDIA) LTD,INE0F3301020,SM,SJLOGISTIC.NS,SJLOGISTIC,,
SJS,SJS ENTERPRISES LIMITED,INE284S01014,BE,SJS.NS,SJS,SJS,543387.0
SJVN,SJVN LTD,INE002L01015,BE,SJVN.NS,SJVN,SJVN,533206.0
SKFINDIA,SKF INDIA LTD,INE640A01023,BE,SKFINDIA.NS,SKFINDIA,SKFINDIA,500472.0
SKIL,SKIL INFRASTRUCTURE LTD.,INE429F01012,BE,SKIL.NS,SKIL,,
SKIPPER,SKIPPER LIMITED,INE439E01022,BE,SKIPPER.NS,SKIPPER,SKIPPER,538562.0
SKMEGGPROD,SKM EGG PROD-ROLL SETT,INE411D01015,BE,SKMEGGPROD.NS,SKMEGGPROD,SKMEGGPROD,532143.0
SKP,SKP BEARING INDUSTRI. LTD,INE0KZA01016,SM,SKP.NS,SKP,,
SKSIND,SKS LTD,INE464901011,EQ,SKSIND.NS,SKSIND,,
SKSTEXTILE,S K S TEXTILES LIMITED,INE507Y01016,SM,SKSTEXTILE.NS,SKSTEXTILE,,
SKUMARSYNF,S KUMARS NATIONWIDE LTD,INE772A01016,BE,SKUMARSYNF.NS,SKUMARSYNF,,
SKYGOLD,SKY GOLD AND DIAMONDS LTD,INE01IU01018,BE,SKYGOLD.NS,SKYGOLD,SKYGOLD,541967.0
SLONE,SLONE INFOSYSTEMS LIMITED,INE0SMA01017,SM,SLONE.NS,SLONE,,
SMALLCAP,MIRAEAMC - SMALLCAP,INF769K01LC3,EQ,SMALLCAP.NS,SMALLCAP,SMALLCAP,544130.0
SMARTEN,SMARTEN POWER SYSTEMS LTD,INE14GK01016,SM,SMARTEN.NS,SMARTEN,,
SMARTLINK,SMARTLINK HOLDINGS LTD,INE178C01020,BE,SMARTLINK.NS,SMARTLINK,SMARTLINK,532419.0
SMARTWORKS,SMARTWORKS COWORKING SP L,INE0NAZ01010,BE,SMARTWORKS.NS,SMARTWORKS,SMARTWORKS,544447.0
SMCGLOBAL,SMC GLOBAL SECURITIES LTD,INE103C01036,BE,SMCGLOBAL.NS,SMCGLOBAL,SMCGLOBAL,543263.0
SMDYECHEM,SM DYECHEM LTD .,INE620A01017,BE,SMDYECHEM.NS,SMDYECHEM,,
SML100CASE,ZERODHAAMC - SML100CASE,INF0R8F01141,EQ,SML100CASE.NS,SML100CASE,SML100CASE,544507.0
SMLISUZU,SML ISUZU LIMITED,INE294B01019,BE,SMLISUZU.NS,SMLISUZU,SMLISUZU,505192.0
SMLT,SARTHAK METALS LIMITED,INE017W01010,BE,SMLT.NS,SMLT,SMLT,540393.0
SMPL,SPLENDID METAL PRODUCTS L,INE215G01021,BE,SMPL.NS,SMPL,,
SMSLIFE,SMS LIFESCIENCES (I) LTD,INE320X01016,BE,SMSLIFE.NS,SMSLIFE,SMSLIFE,540679.0
SMSPHARMA,SMS PHARMACEUTICALS LTD.,INE812G01025,BE,SMSPHARMA.NS,SMSPHARMA,SMSPHARMA,532815.0
SMVD,SMVD POLY PACK LIMITED,INE702Y01013,SM,SMVD.NS,SMVD,,
SNEHAA,SNEHAA ORGANICS LIMITED,INE1OIC01018,SM,SNEHAA.NS,SNEHAA,,
SNEHAIND,SNEHADHARA INDUSTRIES LTD,INE377601013,EQ,SNEHAIND.NS,SNEHAIND,,
SNOWMAN,SNOWMAN LOGISTICS LTD.,INE734N01019,BE,SNOWMAN.NS,SNOWMAN,SNOWMAN,538635.0
SNXT30BEES,NIPPONAMC - SNXT30BEES,INF204KC1EZ3,EQ,SNXT30BEES.NS,SNXT30BEES,SNXT30BEES,544415.0
SOBHA,SOBHA LIMITED,INE671H01015,BE,SOBHA.NS,SOBHA,SOBHA,532784.0
SOFTTECH,SOFTTECH ENGINEERS LTD,INE728Z01015,BE,SOFTTECH.NS,SOFTTECH,SOFTTECH,543470.0
SOLARA,SOLARA ACTIVE PHA SCI LTD,INE624Z01016,BE,SOLARA.NS,SOLARA,SOLARA,541540.0
SOLARINDS,SOLAR INDUSTRIES (I) LTD,INE343H01029,BE,SOLARINDS.NS,SOLARINDS,SOLARINDS,532725.0
SOLARSNIND,SOLARSON INDUSTRIES LTD,INE378101013,EQ,SOLARSNIND.NS,SOLARSNIND,,
SOLARWORLD,SOLARWORLD ENERGY SOL LTD,INE0TY101024,BE,SOLARWORLD.NS,SOLARWORLD,SOLARWORLD,544532.0
SOLEX,SOLEX ENERGY LIMITED,INE880Y01017,SM,SOLEX.NS,SOLEX,,
SOLPHARMA,SOL PHARMA LTD,INE377901017,BE,SOLPHARMA.NS,SOLPHARMA,,
SOMANISWIS,SOMANI SWISS INDS LTD,INE581001018,EQ,SOMANISWIS.NS,SOMANISWIS,,
SOMANYCERA,SOMANY CERAMICS LIMITED,INE355A01028,BE,SOMANYCERA.NS,SOMANYCERA,SOMANYCERA,531548.0
SOMATEX,SOMA TEXTILEI NDUSTRIES L,INE314C01013,BE,SOMATEX.NS,SOMATEX,SOMATEX,521034.0
SOMDUTTFIN,SOM DUTT FIN. CORP. LTD,INE378501014,EQ,SOMDUTTFIN.NS,SOMDUTTFIN,,
SOMICONVEY,SOMI CONVEYOR BELT. LTD.,INE323J01019,BE,SOMICONVEY.NS,SOMICONVEY,SOMICONVEY,533001.0
SOMKMARINE,SOMKAN MARINE FOODS LTD,INE373101018,EQ,SOMKMARINE.NS,SOMKMARINE,,
SONACOMS,SONA BLW PRECISION FRGS L,INE073K01018,BE,SONACOMS.NS,SONACOMS,SONACOMS,543300.0
SONAMAC,SONA MACHINERY LIMITED,INE0Q6H01012,SM,SONAMAC.NS,SONAMAC,,
SONAMCLOCK,SONAM CLOCK LIMITED,INE00LM01011,SM,SONAMCLOCK.NS,SONAMCLOCK,,
SONAMLTD,SONAM LIMITED,INE00LM01029,BE,SONAMLTD.NS,SONAMLTD,,
SONATSOFTW,SONATA SOFTWARE LTD,INE269A01021,BE,SONATSOFTW.NS,SONATSOFTW,SONATSOFTW,532221.0
SONISOYA,SONI SOYA PRODUCTS LTD.,INE301Z01011,SM,SONISOYA.NS,SONISOYA,,
SONUINFRA,SONU INFRATECH LIMITED,INE0JZA01018,SM,SONUINFRA.NS,SONUINFRA,,
SORILINFRA,SORIL INFRA RESOURCES LTD,INE034H01016,BE,SORILINFRA.NS,SORILINFRA,,
SOTAC,SOTAC PHARMACEUTICALS LTD,INE0O2D01012,SM,SOTAC.NS,SOTAC,,
SOTL,SAVITA OIL TECHNOLO. LTD,INE035D01020,BE,SOTL.NS,SOTL,SOTL,524667.0
SOUTHBANK,THE SOUTH INDIAN BANK LTD,INE683A01023,BE,SOUTHBANK.NS,SOUTHBANK,SOUTHBANK,532218.0
SOUTHNHERB,SOUTHERN HERBALS LTD.,INE001C01016,BE,SOUTHNHERB.NS,SOUTHNHERB,,
SOUTHWEST,SOUTH WEST PINNACLE LTD,INE980Y01015,BE,SOUTHWEST.NS,SOUTHWEST,SOUTHWEST,543986.0
SPAL,S. P. APPARELS LIMITED,INE212I01016,BE,SPAL.NS,SPAL,SPAL,540048.0
SPANDANA,SPANDANA SPHOORTY FIN LTD,INE572J01011,BE,SPANDANA.NS,SPANDANA,SPANDANA,542759.0
SPARC,SUN PHARMA ADV.RES.CO.LTD,INE232I01014,BE,SPARC.NS,SPARC,SPARC,532872.0
SPARTEK,SPARTEK CERAMICS (I) LTD,INE370101011,EQ,SPARTEK.NS,SPARTEK,,
SPCENET,SPACENET ENTERS IND LTD,INE970N01027,BE,SPCENET.NS,SPCENET,,
SPCL,SHIVALIC POWER CONTROL L,INE0T7B01010,SM,SPCL.NS,SPCL,,
SPECIALITY,SPECIALITY REST LTD,INE247M01014,BE,SPECIALITY.NS,SPECIALITY,SPECIALITY,534425.0
SPECIALSTL,TATA SSL LTD.,INE675A01011,BE,SPECIALSTL.NS,SPECIALSTL,,
SPECTRUM,SPECTRUM ELECTRIC IND LTD,INE01EO01010,BE,SPECTRUM.NS,SPECTRUM,SPECTRUM,544386.0
SPECTSTM,SPECTRUM TALENT MGMT LTD,INE0OL001018,SM,SPECTSTM.NS,SPECTSTM,,
SPENCERS,SPENCER S RETAIL LIMITED,INE020801028,BE,SPENCERS.NS,SPENCERS,SPENCERS,542337.0
SPENTEX,SPENTEX IND. LTD,INE376C01020,BE,SPENTEX.NS,SPENTEX,,
SPIC,SPIC LTD,INE147A01011,BE,SPIC.NS,SPIC,SPIC,590030.0
SPICEJET,SPICEJET LIMITED,INE285B01017,BE,SPICEJET.NS,SPICEJET,SPICEJET,500285.0
SPICELEC,SPEL SEMICONDUCTOR LTD,INE252A01019,BE,SPICELEC.NS,SPICELEC,SPELS,517166.0
SPICFINE,HENKEL SPIC (I) LTD DEPO,INE902A01019,BE,SPICFINE.NS,SPICFINE,,
SPLIL,SPL INDUSTRIES LIMITED,INE978G01016,BE,SPLIL.NS,SPLIL,SPLIL,532651.0
SPLPETRO,SUPREME PETROCHEM LIMITED,INE663A01033,BE,SPLPETRO.NS,SPLPETRO,SPLPETRO,500405.0
SPMLINFRA,SPML INFRA LIMITED,INE937A01023,BE,SPMLINFRA.NS,SPMLINFRA,SPMLINFRA,500402.0
SPORTKING,SPORTKING INDIA LIMITED,INE885H01029,BE,SPORTKING.NS,SPORTKING,SPORTKING,539221.0
SPPPOLY,SPP POLYMER LIMITED,INE0QR801013,SM,SPPPOLY.NS,SPPPOLY,,
SPRL,SP REFRACTORIES LIMITED,INE0JW501011,SM,SPRL.NS,SPRL,,
SPTL,SINTEX PLASTICS TECH LTD,INE501W01021,BE,SPTL.NS,SPTL,,
SPUNWEB,SPUNWEB NONWOVEN LIMITED,INE19QH01010,SM,SPUNWEB.NS,SPUNWEB,,
SRD,SHANKAR LAL RAMPAL LTD,INE01NE01012,BE,SRD.NS,SRD,SRD,542232.0
SREEL,SREELEATHERS LIMITED,INE099F01013,BE,SREEL.NS,SREEL,SREEL,535601.0
SREERAYALK,SREERAYALASEEMA-ROL SETT,INE284B01010,BE,SREERAYALK.NS,SREERAYALK,,
SREINFRA,SREI INFRASTRUCTURE FINAN,INE872A01014,BE,SREINFRA.NS,SREINFRA,,
SRF,SRF LIMITED - DEPO,INE647A01010,BE,SRF.NS,SRF,SRF,503806.0
SRFFINANCE,GE CAPITAL TRANS. FIN SER,INE366201015,EQ,SRFFINANCE.NS,SRFFINANCE,,
SRGHFL,SRG HOUSING FINANCE L,INE559N01010,BE,SRGHFL.NS,SRGHFL,SRGHFL,534680.0
SRHHYPOLTD,SREE RAYALSEEMA HHP LTD.,INE917H01012,BE,SRHHYPOLTD.NS,SRHHYPOLTD,SRHHYPOLTD,532842.0
SRIMANORG,SRIMAN ORGANIC CHEMICAL I,INE367801011,EQ,SRIMANORG.NS,SRIMANORG,,
SRIPIPES,SRIKALAHASTHI PIPES LTD,INE943C01027,BE,SRIPIPES.NS,SRIPIPES,,
SRIRAM,SHRI RAM SWITCHGEARS LTD,INE634W01012,SM,SRIRAM.NS,SRIRAM,,
SRISARALOY,SHRI ISHAR ALLOY STEELS L,INE298001012,EQ,SRISARALOY.NS,SRISARALOY,,
SRISHTIVID,SRISHTI VIDEOCORP LTD,INE368301011,EQ,SRISHTIVID.NS,SRISHTIVID,,
SRIVASAVI,SRIVASAVI ADHESIVE TAPE L,INE0NPI01014,SM,SRIVASAVI.NS,SRIVASAVI,,
SRIVISHCEM,SRI VISHNU CEMENT LTD,INE286B01015,BE,SRIVISHCEM.NS,SRIVISHCEM,,
SRM,SRM CONTRACTORS LIMITED,INE0R6Z01013,BE,SRM.NS,SRM,SRM,544158.0
SRPL,SHREE RAM PROTEINS LTD.,INE008Z01020,BE,SRPL.NS,SRPL,,
SRPL,SHREE RAM PROTEINS LTD.,INE008Z01012,SM,SRPL.NS,SRPL,,
SRSLTD,SRS LIMITED,INE219H01039,BE,SRSLTD.NS,SRSLTD,,
SSDL,SARASWATI SAREE DEPOT LTD,INE0PQ101010,BE,SSDL.NS,SSDL,SSDL,544230.0
SSEGL,SATHLOKHAR SYN E&C GLOB L,INE0RFP01011,SM,SSEGL.NS,SSEGL,,
SSFL,SRIVARI SPICES N FOODS L,INE0ON201012,SM,SSFL.NS,SSFL,,
SSIND,S&S INDUSTRIES & ENTERPRI,INE464301014,EQ,SSIND.NS,S&SIND,,
SSINFRA,S S INFRA DEVP CONSL LTD,INE182Z01015,SM,SSINFRA.NS,SSINFRA,,
SSISPAT,SINGHAL SWAROOP ISPAT LTD,INE578901014,EQ,SSISPAT.NS,SSISPAT,,
SSLFINANCE,ARCHANA SOFTWARE LTD-DEPO,INE149B01015,BE,SSLFINANCE.NS,SSLFINANCE,,
SSPOWER,S&S POWER SWITCHGEARS,INE902B01017,BE,SSPOWER.NS,S&SPOWER,S&SPOWER,517273.0
SSWL,STEEL STRIPS WHEELS LTD.,INE802C01033,BE,SSWL.NS,SSWL,SSWL,513262.0
STALLION,STALLION IND FLUOROCHEM L,INE0RYC01010,BE,STALLION.NS,STALLION,STALLION,544342.0
STANDRDBAT,STANDARD BATTERIES LTD,INE466001018,EQ,STANDRDBAT.NS,STANDRDBAT,,
STANLEY,STANLEY LIFESTYLES LTD,INE01A001028,BE,STANLEY.NS,STANLEY,STANLEY,544202.0
STAR,STRIDES PHARMA SCI LTD,INE939A01011,BE,STAR.NS,STAR,STAR,532531.0
STARCEMENT,STAR CEMENT LIMITED,INE460H01021,BE,STARCEMENT.NS,STARCEMENT,STARCEMENT,540575.0
STARHEALTH,STAR HEALTH & AL INS CO L,INE575P01011,BE,STARHEALTH.NS,STARHEALTH,STARHEALTH,543412.0
STARPAPER,STAR PAPER MILLS LTD,INE733A01018,BE,STARPAPER.NS,STARPAPER,STARPAPER,516022.0
STARTECK,STARTECK FINANCE LIMITED,INE992I01013,BE,STARTECK.NS,STARTECK,STARTECK,512381.0
STCINDIA,THE STATE TRADING CORPN,INE655A01013,BE,STCINDIA.NS,STCINDIA,STCINDIA,512531.0
STEELCAS,STEELCAST LIMITED,INE124E01038,BE,STEELCAS.NS,STEELCAS,STEELCAS,513517.0
STEELCITY,STEEL CITY SECURITIES LTD,INE395H01011,BE,STEELCITY.NS,STEELCITY,,
STEELCOGUJ,STEELCO GUJARAT LTD,INE365201016,EQ,STEELCOGUJ.NS,STEELCOGUJ,,
STEELXIND,STEEL EXCHANGE INDIA LTD,INE503B01021,BE,STEELXIND.NS,STEELXIND,STEELXIND,534748.0
STEL,STEL HOLDINGS LIMITED,INE577L01016,BE,STEL.NS,STEL,STEL,533316.0
STERLINBIO,STERLING BIOTEC LTD,INE324C01038,BE,STERLINBIO.NS,STERLINBIO,,
STERLINHOL,STERLING HOLIDAY RESORTS,INE359901019,EQ,STERLINHOL.NS,STERLINHOL,,
STERTOOLS,STERLING TOOLS LIMITED,INE334A01023,BE,STERTOOLS.NS,STERTOOLS,STERTOOLS,530759.0
STILBENCHM,STILBENE CHEMICALS LTD,INE361301018,EQ,STILBENCHM.NS,STILBENCHM,,
STINDIA,STI INDIA LTD,INE090C01019,BE,STINDIA.NS,STINDIA,,
STLNETWORK,STL NETWORKS LIMITED,INE1VXE01018,BE,STLNETWORK.NS,STLNETWORK,STLNETWORK,544395.0
STLTECH,STERLITE TECHNOLOGIES LTD,INE089C01029,BE,STLTECH.NS,STLTECH,STLTECH,532374.0
STOVEKRAFT,STOVE KRAFT LIMITED,INE00IN01015,BE,STOVEKRAFT.NS,STOVEKRAFT,STOVEKRAFT,543260.0
STUDIOLSD,STUDIO LSD LIMITED,INE17VO01028,SM,STUDIOLSD.NS,STUDIOLSD,,
STYL,SESHAASAI TECHNOLOGIES L,INE04VU01023,BE,STYL.NS,STYL,STYL,544533.0
STYLAMIND,STYLAM INDUSTRIES LIMITED,INE239C01020,BE,STYLAMIND.NS,STYLAMIND,STYLAMIND,526951.0
STYLEBAAZA,BAAZAR STYLE RETAIL LTD,INE01FR01028,BE,STYLEBAAZA.NS,STYLEBAAZA,STYLEBAAZA,544243.0
STYRENIX,STYRENIX PERFORMANCE LTD,INE189B01011,BE,STYRENIX.NS,STYRENIX,STYRENIX,506222.0
SUASHDIMON,SUASHISH DIAMONDS LTD.,INE658A01017,BE,SUASHDIMON.NS,SUASHDIMON,,
SUBCAPCITY,INTERNATIONAL CONST LTD,INE845C01016,BE,SUBCAPCITY.NS,SUBCAPCITY,,
SUBEX,SUBEX LIMITED,INE754A01014,BE,SUBEX.NS,SUBEX,,
SUBEXLTD,SUBEX LTD,INE754A01055,BE,SUBEXLTD.NS,SUBEXLTD,SUBEXLTD,532348.0
SUBROS,SUBROS LIMITED,INE287B01021,BE,SUBROS.NS,SUBROS,SUBROS,517168.0
SUDARSCHEM,SUDARSHAN CHEM IND LTD,INE659A01023,BE,SUDARSCHEM.NS,SUDARSCHEM,SUDARSCHEM,506655.0
SUDITIND,SUDITI INDUSTRIES LTD,INE583901017,EQ,SUDITIND.NS,SUDITIND,,
SUJANAUNI,SUJANA UNI. INDS. LTD.,INE216G01011,BE,SUJANAUNI.NS,SUJANAUNI,,
SUKHJITS,SUKHJIT STARCH & CHEM LTD,INE450E01029,BE,SUKHJITS.NS,SUKHJITS,SUKHJITS,524542.0
SULA,SULA VINEYARDS LIMITED,INE142Q01026,BE,SULA.NS,SULA,SULA,543711.0
SULZER,SULZERINDIALTD,INE297C01010,BE,SULZER.NS,SULZER,,
SUMANMOTEL,SUMANMOTEL - DEPO,INE723A01019,BE,SUMANMOTEL.NS,SUMANMOTEL,,
SUMEETINDS,SUMEET IND LIMITED,INE235C01028,BE,SUMEETINDS.NS,SUMEETINDS,SUMEETINDS,514211.0
SUMEETMACH,SUMEET MACHINES LTD,INE466301012,EQ,SUMEETMACH.NS,SUMEETMACH,,
SUMICHEM,SUMITOMO CHEM INDIA LTD,INE258G01013,BE,SUMICHEM.NS,SUMICHEM,SUMICHEM,542920.0
SUMIT,SUMIT WOODS LIMITED,INE748Z01013,BE,SUMIT.NS,SUMIT,,
SUMMITSEC,SUMMIT SECURITIES LTD,INE519C01017,BE,SUMMITSEC.NS,SUMMITSEC,SUMMITSEC,533306.0
SUNCLAY,SUNDARAM CLAYTON LIMITED,INE0Q3R01026,BE,SUNCLAY.NS,SUNCLAY,SUNCLAY,544066.0
SUNDARAM,SUNDARAM MULTI PAP LTD,INE108E01023,BE,SUNDARAM.NS,SUNDARAM,SUNDARAM,533166.0
SUNDARMFIN,SUNDARAM FINANCE LTD,INE660A01013,BE,SUNDARMFIN.NS,SUNDARMFIN,SUNDARMFIN,590071.0
SUNDARMHLD,SUNDARAM FINANCE HOLD LTD,INE202Z01029,BE,SUNDARMHLD.NS,SUNDARMHLD,,
SUNDRMBRAK,SUNDARAMBRAKE LININGS LTD,INE073D01013,BE,SUNDRMBRAK.NS,SUNDRMBRAK,SUNDRMBRAK,590072.0
SUNDRMFAST,SUNDRAM FASTENERS LTD,INE387A01021,BE,SUNDRMFAST.NS,SUNDRMFAST,SUNDRMFAST,500403.0
SUNDROP,SUNDROP BRANDS LIMITED,INE209A01019,BE,SUNDROP.NS,SUNDROP,SUNDROP,500215.0
SUNFLAG,SUNFLAG IRON AND STEEL CO,INE947A01014,BE,SUNFLAG.NS,SUNFLAG,SUNFLAG,500404.0
SUNILHITEC,SUNIL HITECH ENGR. LTD,INE305H01028,BE,SUNILHITEC.NS,SUNILHITEC,,
SUNLITE,SUNLITE RECYCLING IND LTD,INE0U2N01013,SM,SUNLITE.NS,SUNLITE,,
SUNPHARMA,SUN PHARMACEUTICAL IND L,INE044A01036,BE,SUNPHARMA.NS,SUNPHARMA,SUNPHARMA,524715.0
SUNREST,SUNREST LIFESCIENCE LTD,INE0PLZ01012,SM,SUNREST.NS,SUNREST,,
SUNRISESEC,SUNRISE SECURITIES LTD,INE358801012,EQ,SUNRISESEC.NS,SUNRISESEC,,
SUNSTRCHEM,SUNSTAR CHEMICALS LTD,INE387401016,EQ,SUNSTRCHEM.NS,SUNSTRCHEM,,
SUNTECH,SUNTECH INFRA SOLUTIONS L,INE0SGZ01016,SM,SUNTECH.NS,SUNTECH,,
SUNTECK,SUNTECK REALTY LIMITED,INE805D01034,BE,SUNTECK.NS,SUNTECK,SUNTECK,512179.0
SUNTV,SUN TV NETWORK LIMITED,INE424H01027,BE,SUNTV.NS,SUNTV,SUNTV,532733.0
SUPERHOUSE,SUPERHOUSE LIMITED,INE712B01010,BE,SUPERHOUSE.NS,SUPERHOUSE,SUPERHOUSE,523283.0
SUPERSALES,SUPER SALES AGENCIES LTD,INE359401010,EQ,SUPERSALES.NS,SUPERSALES,,
SUPERSPIN,SUPER SPINNING MILLS LTD,INE662A01027,BE,SUPERSPIN.NS,SUPERSPIN,SUPERSPIN,521180.0
SUPPETRO,SUPREME PETROCHEMICALS LT,INE663A01017,BE,SUPPETRO.NS,SUPPETRO,,
SUPRAJIT,SUPRAJIT ENGINEERING LTD,INE399C01030,BE,SUPRAJIT.NS,SUPRAJIT,SUPRAJIT,532509.0
SUPREME,SUPREME HOLDIN N HOSP I L,INE822E01011,BE,SUPREME.NS,SUPREME,SUPREME,530677.0
SUPREMEENG,SUPREME ENGINEERING LTD,INE319Z01021,BE,SUPREMEENG.NS,SUPREMEENG,,
SUPREMEENG,SUPREME ENGINEERING LTD,INE319Z01013,SM,SUPREMEENG.NS,SUPREMEENG,,
SUPREMEIND,SUPREME IND. DEPO SETT.,INE195A01028,BE,SUPREMEIND.NS,SUPREMEIND,SUPREMEIND,509930.0
SUPREMEINF,SUPREME INFRA. LTD.,INE550H01011,BE,SUPREMEINF.NS,SUPREMEINF,SUPREMEINF,532904.0
SUPREMEPWR,SUPREME POWER EQUIPMENT L,INE0QHG01026,SM,SUPREMEPWR.NS,SUPREMEPWR,,
SUPRIYA,SUPRIYA LIFESCIENCE LTD,INE07RO01027,BE,SUPRIYA.NS,SUPRIYA,SUPRIYA,543434.0
SURAJEST,SURAJ ESTATE DEVELOPERS L,INE843S01025,BE,SURAJEST.NS,SURAJEST,SURAJEST,544054.0
SURAJLTD,SURAJ LIMITED,INE713C01016,BE,SURAJLTD.NS,SURAJLTD,,
SURAKSHA,SURAKSHA DIAGNOSTIC LTD,INE877V01027,BE,SURAKSHA.NS,SURAKSHA,SURAKSHA,544293.0
SURANACORP,SURANA CORPORATION LTD,INE357D01010,BE,SURANACORP.NS,SURANACORP,,
SURANASOL,SURANA SOLAR LIMITED,INE272L01022,BE,SURANASOL.NS,SURANASOL,SURANASOL,533298.0
SURANATP,SURANA TELECOM AND POW LT,INE130B01031,BE,SURANATP.NS,SURANAT&P,SURANAT&P,517530.0
SURANI,SURANI STEEL TUBES LTD.,INE01ZJ01015,SM,SURANI.NS,SURANI,,
SURYAGROIL,SURYAAGROIL-ROLL SETT,INE780B01017,BE,SURYAGROIL.NS,SURYAGROIL,,
SURYALAXMI,SURYALAKSHMI COT MIL LTD,INE713B01026,BE,SURYALAXMI.NS,SURYALAXMI,SURYALAXMI,521200.0
SURYAROSNI,SURYA ROSHNI LTD.,INE335A01020,BE,SURYAROSNI.NS,SURYAROSNI,SURYAROSNI,500336.0
SURYODAY,SURYODAY SMALL FIN BK LTD,INE428Q01011,BE,SURYODAY.NS,SURYODAY,SURYODAY,543279.0
SURYVANSPG,SURYAVANSHI SPG MILLS LTD,INE350301011,EQ,SURYVANSPG.NS,SURYVANSPG,,
SUTLEJTEX,SUTLEJ TEXT & INDUS LTD,INE645H01027,BE,SUTLEJTEX.NS,SUTLEJTEX,SUTLEJTEX,532782.0
SUULD,SUUMAYA INDUSTRIES LTD,INE591Q01016,BE,SUULD.NS,SUULD,,
SUVARNAQUA,SUVARNA AQUA FARMS AND EX,INE350901018,EQ,SUVARNAQUA.NS,SUVARNAQUA,,
SUVEN,SUVEN LIFE SCIENCES LTD,INE495B01038,BE,SUVEN.NS,SUVEN,SUVEN,530239.0
SUVIDHAA,SUVIDHAA INFOSERVE LTD,INE018401013,BE,SUVIDHAA.NS,SUVIDHAA,SUVIDHAA,543281.0
SUYOG,SUYOG TELEMATICS LIMITED,INE442P01014,BE,SUYOG.NS,SUYOG,SUYOG,537259.0
SUZLON,SUZLON ENERGY LIMITED,INE040H01021,BE,SUZLON.NS,SUZLON,SUZLON,532667.0
SUZLONFIBR,SUZLON FIBRES LTD,INE351201012,EQ,SUZLONFIBR.NS,SUZLONFIBR,,
SVADMILLS,SVADESHI MILLS CO LTD,INE466401010,EQ,SVADMILLS.NS,SVADMILLS,,
SVLL,SHREE VASU LOGISTICS LTD,INE00CE01017,BE,SVLL.NS,SVLL,,
SVPGLOB,SVP GLOBAL TEXTILES LTD,INE308E01029,BE,SVPGLOB.NS,SVPGLOB,SVPGLOB,505590.0
SWANCORP,SWAN CORP LIMITED,INE665A01038,BE,SWANCORP.NS,SWANCORP,SWANCORP,503310.0
SWANDEF,SWAN DEFENCE N HEVY IND L,INE542F01020,BE,SWANDEF.NS,SWANDEF,,
SWARAJ,SWARAJ SUITING LIMITED,INE0GMR01016,SM,SWARAJ.NS,SWARAJ,,
SWARAJENG,SWARAJ ENGINES LTD,INE277A01016,BE,SWARAJENG.NS,SWARAJENG,SWARAJENG,500407.0
SWASTIK,SWASTIK PIPE LIMITED,INE0DGC01025,SM,SWASTIK.NS,SWASTIK,,
SWELECTES,SWELECT ENERGY SYS LTD,INE409B01013,BE,SWELECTES.NS,SWELECTES,SWELECTES,532051.0
SWIGGY,SWIGGY LIMITED,INE00H001014,BE,SWIGGY.NS,SWIGGY,SWIGGY,544285.0
SWIL,SWIL LIMITED DEPO,INE666A01010,BE,SWIL.NS,SWIL,,
SWSOLAR,STRLNG & WIL REN ENE LTD,INE00M201021,BE,SWSOLAR.NS,SWSOLAR,SWSOLAR,542760.0
SYLVANPLY,SYLVAN PLYBOARD (INDIA) L,INE01IH01015,SM,SYLVANPLY.NS,SYLVANPLY,,
SYMPHONY,SYMPHONY LIMITED,INE225D01027,BE,SYMPHONY.NS,SYMPHONY,SYMPHONY,517385.0
SYNCOM,SYNCOM HEALTHCARE LTD,INE602K01014,BE,SYNCOM.NS,SYNCOM,,
SYNCOMF,SYNCOM FORMU (I) LTD,INE312C01025,BE,SYNCOMF.NS,SYNCOMF,SYNCOMF,524470.0
SYNGENE,SYNGENE INTERNATIONAL LTD,INE398R01022,BE,SYNGENE.NS,SYNGENE,SYNGENE,539268.0
SYNOPTICS,SYNOPTICS TECHNOLOGIES L,INE0BTR01012,SM,SYNOPTICS.NS,SYNOPTICS,,
SYRMA,SYRMA SGS TECHNOLOGY LTD,INE0DYJ01015,BE,SYRMA.NS,SYRMA,SYRMA,543573.0
SYSTANGO,SYSTANGO TECHNOLOGIES LTD,INE0O7R01011,SM,SYSTANGO.NS,SYSTANGO,,
TAC,TAC INFOSEC LIMITED,INE0SOY01013,SM,TAC.NS,TAC,,
TAINWALCHM,TAINWALA CHEMICAL AND PLA,INE123C01018,BE,TAINWALCHM.NS,TAINWALCHM,TAINWALCHM,507785.0
TAJGVK,TAJ GVK HOTELS & RESORT,INE586B01026,BE,TAJGVK.NS,TAJGVK,TAJGVK,532390.0
TAKE,TAKE SOLUTIONS LTD,INE142I01023,BE,TAKE.NS,TAKE,TAKE,532890.0
TALBROAUTO,TALBROS AUTO. COMP. LTD,INE187D01029,BE,TALBROAUTO.NS,TALBROAUTO,TALBROAUTO,505160.0
TALWALKARS,TALWALKAR FITNESS LTD,INE502K01016,BE,TALWALKARS.NS,TALWALKARS,,
TALWGYM,TALWALKARS HEALTHCLUB LTD,INE627Z01019,BE,TALWGYM.NS,TALWGYM,,
TANEJAERO,TANEJA AEROSPACE AND AVIA,INE343301011,EQ,TANEJAERO.NS,TANEJAERO,,
TANFAC,TANFAC INDUSTRIES LTD.,INE639B01015,BE,TANFAC.NS,TANFAC,TANFACIND,506854.0
TANKUP,TANKUP ENGINEERS LIMITED,INE0Z7N01017,SM,TANKUP.NS,TANKUP,,
TANLA,TANLA PLATFORMS LIMITED,INE483C01032,BE,TANLA.NS,TANLA,TANLA,532790.0
TANTIACONS,TANTIA CONST LTD,INE388G01018,BE,TANTIACONS.NS,TANTIACONS,,
TAPIFRUIT,TAPI FRUIT PROCESSING LTD,INE0M7001010,SM,TAPIFRUIT.NS,TAPIFRUIT,,
TARACHAND,TARA CHAND INFRA SOLN LTD,INE555Z01020,BE,TARACHAND.NS,TARACHAND,,
TARACHAND,TARA CHAND INFRA SOLN LTD,INE555Z01012,SM,TARACHAND.NS,TARACHAND,,
TARAJEWELS,TARA JEWELS LIMITED,INE799L01016,BE,TARAJEWELS.NS,TARAJEWELS,,
TARAPUR,TARAPUR TRANSFORMERS LTD,INE747K01017,BE,TARAPUR.NS,TARAPUR,TARAPUR,533203.0
TARC,TARC LIMITED,INE0EK901012,BE,TARC.NS,TARC,TARC,543249.0
TARIL,TRANS & RECTI. LTD,INE763I01026,BE,TARIL.NS,TARIL,TARIL,532928.0
TARMAT,TARMAT LIMITED,INE924H01018,BE,TARMAT.NS,TARMAT,TARMAT,532869.0
TARSONS,TARSONS PRODUCTS LIMITED,INE144Z01023,BE,TARSONS.NS,TARSONS,TARSONS,543399.0
TASTYBITE,TASTY BITE EATABLES LTD,INE488B01017,BE,TASTYBITE.NS,TASTYBITE,TASTYBITE,519091.0
TATACHEM,TATACHEM- DEP. RS,INE092A01019,BE,TATACHEM.NS,TATACHEM,TATACHEM,500770.0
TATACOFFEE,TATA COFFEE LIMITED,INE493A01027,BE,TATACOFFEE.NS,TATACOFFEE,,
TATACOMM,TATA COMMUNICATIONS LTD,INE151A01013,BE,TATACOMM.NS,TATACOMM,TATACOMM,500483.0
TATACONSUM,TATA CONSUMER PRODUCT LTD,INE192A01025,BE,TATACONSUM.NS,TATACONSUM,TATACONSUM,500800.0
TATADVMATL,TATA ADVANCED MATERIALS L,INE344101014,EQ,TATADVMATL.NS,TATADVMATL,,
TATAELXSI,TATA ELXSI LIMITED,INE670A01012,BE,TATAELXSI.NS,TATAELXSI,TATAELXSI,500408.0
TATAGOLD,TATAAML-TATAGOLD,INF277KA1976,EQ,TATAGOLD.NS,TATAGOLD,TATAGOLD,590140.0
TATAINVEST,TATA INVESTMENT CORP LTD,INE672A01018,BE,TATAINVEST.NS,TATAINVEST,TATAINVEST,501301.0
TATAMETALI,TATAMETALIKS LTD.,INE056C01010,BE,TATAMETALI.NS,TATAMETALI,,
TATAMOTORS,TATA MOTORS LIMITED,INE155A01022,BE,TATAMOTORS.NS,TATAMOTORS,TATAMOTORS,500570.0
TATAMTRDVR,TATA MOTORS DVR  A  ORD,IN9155A01020,BE,TATAMTRDVR.NS,TATAMTRDVR,,
TATAPOWER,TATA POWER CO.LTD-DEPO,INE245A01021,BE,TATAPOWER.NS,TATAPOWER,TATAPOWER,500400.0
TATASTEEL,TATA STEEL LIMITED,INE081A01020,BE,TATASTEEL.NS,TATASTEEL,TATASTEEL,500470.0
TATASTLBSL,TATA STEEL BSL LIMITED,INE824B01021,BE,TATASTLBSL.NS,TATASTLBSL,,
TATASTLLP,TATA STEEL LONG PRO LTD,INE674A01014,BE,TATASTLLP.NS,TATASTLLP,,
TATATECH,TATA TECHNOLOGIES LIMITED,INE142M01025,BE,TATATECH.NS,TATATECH,TATATECH,544028.0
TATAUNISYS,TATA INFOT LTD. DEPO SETT,INE194A01013,BE,TATAUNISYS.NS,TATAUNISYS,,
TATAYODOGA,TATAYODOGAWA LTD.,INE895C01011,BE,TATAYODOGA.NS,TATAYODOGA,,
TATIASKYLN,TATIA SKYLINES AND HEALTH,INE345601012,EQ,TATIASKYLN.NS,TATIASKYLN,,
TATSILV,TATAAML-TATSILV,INF277KA1984,EQ,TATSILV.NS,TATSILV,,
TATVA,TATVA CHIN PHARM CHEM LTD,INE0GK401011,BE,TATVA.NS,TATVA,TATVA,543321.0
TAURIAN,TAURIAN MPS LIMITED,INE0XWS01018,SM,TAURIAN.NS,TAURIAN,,
TBI,TBI CORN LIMITED,INE0N2D01013,SM,TBI.NS,TBI,,
TBOTEK,TBO TEK LIMITED,INE673O01025,BE,TBOTEK.NS,TBOTEK,TBOTEK,544174.0
TBZ,TRIB BHIMJI ZAVERI LTD,INE760L01018,BE,TBZ.NS,TBZ,TBZ,534369.0
TCI,TRANSPORT CORPN OF INDIA,INE688A01022,BE,TCI.NS,TCI,TCI,532349.0
TCIDEVELOP,TCI DEVELOPERS LIMITED,INE662L01016,BE,TCIDEVELOP.NS,TCIDEVELOP,,
TCIEXP,TCI EXPRESS LIMITED,INE586V01016,BE,TCIEXP.NS,TCIEXP,TCIEXP,540212.0
TCIFINANCE,TCIFINANCELTD-ROLL SETT,INE911B01018,BE,TCIFINANCE.NS,TCIFINANCE,TCIFINANCE,501242.0
TCL,THAAI CASTING LIMITED,INE0QJL01014,SM,TCL.NS,TCL,,
TCNSBRANDS,TCNS CLOTHING CO. LIMITED,INE778U01029,BE,TCNSBRANDS.NS,TCNSBRANDS,,
TCPLPACK,TCPL PACKAGING LIMITED,INE822C01015,BE,TCPLPACK.NS,TCPLPACK,TCPLPACK,523301.0
TCS,TATA CONSULTANCY SERV LTD,INE467B01029,BE,TCS.NS,TCS,TCS,532540.0
TDPOWERSYS,TD POWER SYSTEMS LTD.,INE419M01027,BE,TDPOWERSYS.NS,TDPOWERSYS,TDPOWERSYS,533553.0
TEAMGTY,TEAM INDIA GUARANTY LTD,INE289C01025,BE,TEAMGTY.NS,TEAMGTY,TEAMGTY,511559.0
TEAMLEASE,TEAMLEASE SERVICES LTD.,INE985S01024,BE,TEAMLEASE.NS,TEAMLEASE,TEAMLEASE,539658.0
TECH,BIRLASLAMC - TECH,INF209KB11D8,EQ,TECH.NS,TECH,TECH,543472.0
TECHD,TECHD CYBERSECURITY LTD,INE0Y5H01014,SM,TECHD.NS,TECHD,,
TECHERA,TECHERA ENGINEER (IND) L,INE0JQS01019,SM,TECHERA.NS,TECHERA,,
TECHIN,TECHINDIA NIRMAN LIMITED,INE778A01021,BE,TECHIN.NS,TECHIN,,
TECHLABS,TRIDENT TECHLABS LIMITED,INE0QD201012,SM,TECHLABS.NS,TECHLABS,,
TECHM,TECH MAHINDRA LIMITED,INE669C01036,BE,TECHM.NS,TECHM,TECHM,532755.0
TECHNOE,TECHNO ELEC & ENG CO. LTD,INE285K01026,BE,TECHNOE.NS,TECHNOE,TECHNOE,542141.0
TECHNOFAB,TECHNOFAB ENG LTD,INE509K01011,BE,TECHNOFAB.NS,TECHNOFAB,,
TECILCHEM,TECIL CHEMICALS,INE014B01011,BE,TECILCHEM.NS,TECILCHEM,TECILCHEM,506680.0
TEGA,TEGA INDUSTRIES LIMITED,INE011K01018,BE,TEGA.NS,TEGA,TEGA,543413.0
TEIL,TRIVENIENGG & INDUSTIRES,INE256C01016,BE,TEIL.NS,TEIL,,
TEJASCARGO,TEJAS CARGO INDIA LIMITED,INE17WC01013,SM,TEJASCARGO.NS,TEJASCARGO,,
TEJASNET,TEJAS NETWORKS LIMITED,INE010J01012,BE,TEJASNET.NS,TEJASNET,TEJASNET,540595.0
TELEPHNCAB,TELEPHONECABLES LTD.,INE745C01018,BE,TELEPHNCAB.NS,TELEPHNCAB,,
TEMBO,TEMBO GLOBAL IND LTD,INE869Y01010,BE,TEMBO.NS,TEMBO,,
TERASOFT,TERA SOFTWARE LIMITED,INE482B01010,BE,TERASOFT.NS,TERASOFT,TERASOFT,533982.0
TEXINFRA,TEXMACO INFRA & HOLDG LTD,INE435C01024,BE,TEXINFRA.NS,TEXINFRA,TEXINFRA,505400.0
TEXMOPIPES,TEXMO PIPE & PRODUCTS LTD,INE141K01013,BE,TEXMOPIPES.NS,TEXMOPIPES,TEXMOPIPES,533164.0
TEXRAIL,TEXMACO RAIL & ENG. LTD.,INE621L01012,BE,TEXRAIL.NS,TEXRAIL,TEXRAIL,533326.0
TEXTOOL,TEXTOOLCOMPANY-ROLL SETT,INE677A01017,BE,TEXTOOL.NS,TEXTOOL,,
TFCILTD,TOURISM FINANCE CORP OF,INE305A01023,BE,TFCILTD.NS,TFCILTD,TFCILTD,526650.0
TFL,TRANSWARRANTY FIN. LTD.,INE804H01012,BE,TFL.NS,TFL,TFL,532812.0
TGBHOTELS,TGB BANQUETS&HOTELS LTD,INE797H01018,BE,TGBHOTELS.NS,TGBHOTELS,TGBHOTELS,532845.0
TGL,TEERTH GOPICON LIMITED,INE0K6601012,SM,TGL.NS,TGL,,
THANGAMAYL,THANGAMAYIL JEWELLERY LTD,INE085J01014,BE,THANGAMAYL.NS,THANGAMAYL,THANGAMAYL,533158.0
THAPARAGRO,THAPAR AGRO MILLS LTD,INE341601016,EQ,THAPARAGRO.NS,THAPARAGRO,,
THAPARMILK,THAPAR MILK LTD,INE342101016,EQ,THAPARMILK.NS,THAPARMILK,,
THAPRISPAT,THAPAR ISPAT LTD,INE342001018,EQ,THAPRISPAT.NS,THAPRISPAT,,
THEINVEST,THE INVEST TRUST OF IND L,INE924D01017,BE,THEINVEST.NS,THEINVEST,THEINVEST,530023.0
THEJO,THEJO ENGINEERING LIMITED,INE121N01019,BE,THEJO.NS,THEJO,,
THELEELA,SCHLOSS BANGALORE LIMITED,INE0AQ201015,BE,THELEELA.NS,THELEELA,THELEELA,544408.0
THEMISMED,THEMIS MEDICARE LTD.,INE083B01024,BE,THEMISMED.NS,THEMISMED,THEMISMED,530199.0
THERMAX,THERMAX DEP RS,INE152A01029,BE,THERMAX.NS,THERMAX,THERMAX,500411.0
THESL,THINKING HATS ENTER SOL L,INE0SHE01019,SM,THESL.NS,THESL,,
THIRUSUGAR,THIRU AROORAN SUGARS LTD.,INE409A01015,BE,THIRUSUGAR.NS,THIRUSUGAR,,
THOMASCOOK,THOMASCOOK-DEP SETT,INE332A01027,BE,THOMASCOOK.NS,THOMASCOOK,THOMASCOOK,500413.0
THOMASCOTT,THOMAS SCOTT (INDIA) LTD,INE480M01011,BE,THOMASCOTT.NS,THOMASCOTT,THOMASCOTT,533941.0
THYROCARE,THYROCARE TECH LTD,INE594H01019,BE,THYROCARE.NS,THYROCARE,THYROCARE,539871.0
TI,TILAKNAGAR INDUSTRIES LTD,INE133E01013,BE,TI.NS,TI,TI,507205.0
TICL,TWAMEV CONS AND INFRA LTD,INE388G01026,BE,TICL.NS,TICL,TICL,532738.0
TIGERLOGS,TIGER LOGISTICS (INDIA) L,INE906O01029,BE,TIGERLOGS.NS,TIGERLOGS,TIGERLOGS,536264.0
TIIL,TECHNOCRAFT IND LTD,INE545H01011,BE,TIIL.NS,TIIL,TIIL,532804.0
TIINDIA,TUBE INVEST OF INDIA LTD,INE974X01010,BE,TIINDIA.NS,TIINDIA,TIINDIA,540762.0
TIJARIA,TIJARIA POLYPIPES LTD,INE440L01017,BE,TIJARIA.NS,TIJARIA,TIJARIA,533629.0
TIL,TIL LTD,INE806C01018,BE,TIL.NS,TIL,TIL,505196.0
TIMESCAN,TIMESCAN LOGISTICS IND L,INE0IJY01014,SM,TIMESCAN.NS,TIMESCAN,,
TIMETECHNO,TIME TECHNOPLAST LTD.,INE508G01029,BE,TIMETECHNO.NS,TIMETECHNO,TIMETECHNO,532856.0
TIMEXWATCH,TIMEX WATCHS,INE064A01018,BE,TIMEXWATCH.NS,TIMEXWATCH,,
TIMKEN,TIMKEN INDIA LTD.,INE325A01013,BE,TIMKEN.NS,TIMKEN,TIMKEN,522113.0
TINNARUBR,TINNA RUBBER AND INFR LTD,INE015C01016,BE,TINNARUBR.NS,TINNARUBR,TINNARUBR,530475.0
TINPLATE,THE TINPLATE CO. (I) LTD,INE422C01014,BE,TINPLATE.NS,TINPLATE,,
TIPSFILMS,TIPS FILMS LIMITED,INE0LQS01015,BE,TIPSFILMS.NS,TIPSFILMS,TIPSFILMS,543614.0
TIPSMUSIC,TIPS MUSIC LIMITED,INE716B01029,BE,TIPSMUSIC.NS,TIPSMUSIC,TIPSMUSIC,532375.0
TIRUMALCHM,THIRUMALAI CHEMICALS LTD.,INE338A01024,BE,TIRUMALCHM.NS,TIRUMALCHM,TIRUMALCHM,500412.0
TIRUPATI,SHREE TIRUPATI BALAJEE,INE238Y01018,SM,TIRUPATI.NS,TIRUPATI,,
TIRUPATIFL,TIRUPATI FORGE LIMITED,INE319Y01024,BE,TIRUPATIFL.NS,TIRUPATIFL,,
TIRUPATIFL,TIRUPATI FORGE LIMITED,INE319Y01016,SM,TIRUPATIFL.NS,TIRUPATIFL,,
TITAGARH,TITAGARH RAIL SYSTEMS LTD,INE615H01020,BE,TITAGARH.NS,TITAGARH,TITAGARH,532966.0
TITAGRSTEL,TITAGARH INDUSTRIES LTD,INE333501018,EQ,TITAGRSTEL.NS,TITAGRSTEL,,
TITAGRSTEL,TITAGARH INDS LTD,INE824A01015,BE,TITAGRSTEL.NS,TITAGRSTEL,,
TITAN,TITAN COMPANY LIMITED,INE280A01028,BE,TITAN.NS,TITAN,TITAN,500114.0
TMB,TAMILNAD MERCA BANK LTD,INE668A01016,BE,TMB.NS,TMB,TMB,543596.0
TNIDETF,TATAAML - TNIDETF,INF277KA1364,EQ,TNIDETF.NS,TNIDETF,,
TNPETRO,TAMILNADU PETROPRODUCTS L,INE148A01019,BE,TNPETRO.NS,TNPETRO,TNPETRO,500777.0
TNPL,TNPL - DEPO RS,INE107A01015,BE,TNPL.NS,TNPL,TNPL,531426.0
TNTELE,TAMILNADU TELECOMMUNICATI,INE141D01018,BE,TNTELE.NS,TNTELE,TNTELE,523419.0
TOKYOPLAST,TOKYO PLAST  INTL LTD.,INE932C01012,BE,TOKYOPLAST.NS,TOKYOPLAST,TOKYOPLAST,500418.0
TOLANIBULK,TOLANI BULK CARRIERS LTD.,INE051C01011,BE,TOLANIBULK.NS,TOLANIBULK,,
TOLINS,TOLINS TYRES LIMITED,INE0RWQ01014,BE,TOLINS.NS,TOLINS,TOLINS,544254.0
TOP100CASE,ZERODHAAMC - TOP100CASE,INF0R8F01067,EQ,TOP100CASE.NS,TOP100CASE,TOP100CASE,544194.0
TOP10ADD,DSPAMC - TOP10ADD,INF740KA1UR9,EQ,TOP10ADD.NS,TOP10ADD,TOP10ADD,544247.0
TOP15IETF,ICICIPRAMC - TOP15IETF,INF109K1A344,EQ,TOP15IETF.NS,TOP15IETF,TOP15IETF,544427.0
TORNTPHARM,TORNTPHARMA-DEP SETT,INE685A01028,BE,TORNTPHARM.NS,TORNTPHARM,TORNTPHARM,500420.0
TORNTPOWER,TORRENT POWER LTD,INE813H01021,BE,TORNTPOWER.NS,TORNTPOWER,TORNTPOWER,532779.0
TORRENGUJ,TORRENT GUJARAT BIOTECH L,INE859B01019,BE,TORRENGUJ.NS,TORRENGUJ,,
TORRENTCAB,TORRENT CABLES LTD,INE334701013,EQ,TORRENTCAB.NS,TORRENTCAB,,
TOTAL,TOTAL TRANSPORT SYS LTD,INE336X01012,BE,TOTAL.NS,TOTAL,,
TOUCHWOOD,TOUCHWOOD ENTERTAIN LTD.,INE486Y01013,BE,TOUCHWOOD.NS,TOUCHWOOD,,
TPHQ,TEAMO PRODUCTIONS HQ LTD,INE065J01024,BE,TPHQ.NS,TPHQ,TPHQ,533048.0
TPINDIA,T P I INDIA LTD,INE335601014,EQ,TPINDIA.NS,TPINDIA,,
TPLPLASTEH,TPL PLASTECH LIMITED,INE413G01022,BE,TPLPLASTEH.NS,TPLPLASTEH,TPLPLASTEH,526582.0
TRACXN,TRACXN TECHNOLOGIES LTD,INE0HMF01019,BE,TRACXN.NS,TRACXN,TRACXN,543638.0
TRANSCHEM,TRANSCHEM LTD,INE019B01010,BE,TRANSCHEM.NS,TRANSCHEM,TRANSCHEM,500422.0
TRANSFREIT,TRANS-FREIGHT CONTAINERS,INE467201013,EQ,TRANSFREIT.NS,TRANSFREIT,,
TRANSPEK,TRANSPEK INDUSTRIES LTD,INE687A01016,BE,TRANSPEK.NS,TRANSPEK,TRANSPEK,506687.0
TRANSRAILL,TRANSRAIL LIGHTING LTD,INE454P01035,BE,TRANSRAILL.NS,TRANSRAILL,TRANSRAILL,544317.0
TRANSTEEL,TRANSTEEL SEATING TECH L,INE0NVI01020,SM,TRANSTEEL.NS,TRANSTEEL,,
TRANSWIND,TRANSWIND INFRA LIMITED,INE792X01016,SM,TRANSWIND.NS,TRANSWIND,,
TRANSWORLD,TRANSWORLD SHIP LINES LTD,INE757B01015,BE,TRANSWORLD.NS,TRANSWORLD,TRANSWORLD,520151.0
TRAVELFOOD,TRAVEL FOOD SERVICES LTD,INE103V01028,BE,TRAVELFOOD.NS,TRAVELFOOD,TRAVELFOOD,544443.0
TREEHOUSE,TREE HOUSE EDU LTD,INE040M01013,BE,TREEHOUSE.NS,TREEHOUSE,TREEHOUSE,533540.0
TREJHARA,TREJHARA SOLUTIONS LTD,INE00CA01015,BE,TREJHARA.NS,TREJHARA,TREJHARA,542233.0
TREL,TRANSINDIA REAL ESTATE L,INE0O3901029,BE,TREL.NS,TREL,TREL,543955.0
TRENT,TRENT LIMITED - DEPO,INE849A01020,BE,TRENT.NS,TRENT,TRENT,500251.0
TRF,TRF LIMITED,INE391D01019,BE,TRF.NS,TRF,TRF,505854.0
TRIDENT,TRIDENT LIMITED,INE064C01022,BE,TRIDENT.NS,TRIDENT,TRIDENT,521064.0
TRIDHYA,TRIDHYA TECH LIMITED,INE0LWY01029,SM,TRIDHYA.NS,TRIDHYA,,
TRIGYN,TRIGYN TECHNOLOGIES LTD,INE948A01012,BE,TRIGYN.NS,TRIGYN,TRIGYN,517562.0
TRITURBINE,TRIVENI TURBINE LIMITED,INE152M01016,BE,TRITURBINE.NS,TRITURBINE,TRITURBINE,533655.0
TRIVENI,TRIVENI ENGG. & INDS. LTD,INE256C01024,BE,TRIVENI.NS,TRIVENI,TRIVENI,532356.0
TRIVENSHET,TRIVENI GLASS LIMITED,INE332801013,EQ,TRIVENSHET.NS,TRIVENSHET,,
TROM,TROM INDUSTRIES LIMITED,INE0SYV01018,SM,TROM.NS,TROM,,
TRU,TRUCAP FINANCE LIMITED,INE615R01029,BE,TRU.NS,TRU,TRU,540268.0
TRUST,TRUST FINTECH LIMITED,INE0SWN01019,SM,TRUST.NS,TRUST,,
TSC,TSC INDIA LIMITED,INE16VK01010,SM,TSC.NS,TSC,,
TTGIND,T T G INDUSTRIES LTD,INE333001019,EQ,TTGIND.NS,TTGIND,,
TTKHLTCARE,TTK HEALTHCARE LIMITED,INE910C01018,BE,TTKHLTCARE.NS,TTKHLTCARE,,
TTKPRESTIG,TTK PRESTIGE LTD,INE690A01028,BE,TTKPRESTIG.NS,TTKPRESTIG,TTKPRESTIG,517506.0
TTL,T T LIMITED,INE592B01024,BE,TTL.NS,TTL,TTL,514142.0
TTML,TATA TELESERV(MAHARASTRA),INE517B01013,BE,TTML.NS,TTML,TTML,532371.0
TULSI,TULSI EXTRUSION LTD.,INE474I01012,BE,TULSI.NS,TULSI,,
TULSYAN,TULSYAN NEC LTD,INE463D01016,BE,TULSYAN.NS,TULSYAN,TULSYAN,513629.0
TUNWAL,TUNWAL E-MOTORS LIMITED,INE0OXV01027,SM,TUNWAL.NS,TUNWAL,,
TUTICORALK,TUTICORIN ALKALI-DEP SETT,INE400A01014,BE,TUTICORALK.NS,TUTICORALK,TUTIALKA,506808.0
TV18BRDCST,TV18 BROADCAST LIMITED,INE886H01027,BE,TV18BRDCST.NS,TV18BRDCST,,
TVSELECT,TVS ELECTRONICS LTD,INE236G01019,BE,TVSELECT.NS,TVSELECT,TVSELECT,532513.0
TVSHLTD,TVS HOLDINGS LIMITED,INE105A01035,BE,TVSHLTD.NS,TVSHLTD,TVSHLTD,520056.0
TVSMOTOR,TVS MOTOR COMPANY LTD,INE494B01023,BE,TVSMOTOR.NS,TVSMOTOR,TVSMOTOR,532343.0
TVSSCS,TVS SUPPLY CHAIN SOL L,INE395N01027,BE,TVSSCS.NS,TVSSCS,TVSSCS,543965.0
TVSSRICHAK,TVS SRICHAKRA LIMITED,INE421C01016,BE,TVSSRICHAK.NS,TVSSRICHAK,TVSSRICHAK,509243.0
TVTODAY,TV TODAY NETWORK LTD,INE038F01029,BE,TVTODAY.NS,TVTODAY,TVTODAY,532515.0
TVVISION,TV VISION LIMITED,INE871L01013,BE,TVVISION.NS,TVVISION,TVVISION,540083.0
UBL,UNITED BREWERIES LTD,INE686F01025,BE,UBL.NS,UBL,UBL,532478.0
UCAL,UCAL LIMITED,INE139B01016,BE,UCAL.NS,UCAL,UCAL,500464.0
UCL,USHANTI COLOUR CHEM LTD,INE00NI01015,SM,UCL.NS,UCL,,
UCOBANK,UCO BANK,INE691A01018,BE,UCOBANK.NS,UCOBANK,UCOBANK,532505.0
UDAICEMENT,UDAIPUR CEMENT WORKS LTD,INE225C01029,BE,UDAICEMENT.NS,UDAICEMENT,,
UDS,UPDATER SERVICES LIMITED,INE851I01011,BE,UDS.NS,UDS,UDS,543996.0
UEL,UJAAS ENERGY LIMITED,INE899L01030,BE,UEL.NS,UEL,,
UFLEX,UFLEX LIMITED,INE516A01017,BE,UFLEX.NS,UFLEX,UFLEX,500148.0
UFO,UFO MOVIEZ INDIA LTD.,INE527H01019,BE,UFO.NS,UFO,UFO,539141.0
UGARSUGAR,THE UGAR SUGAR WORKS LTD,INE071E01023,BE,UGARSUGAR.NS,UGARSUGAR,UGARSUGAR,530363.0
UGROCAP,UGRO CAPITAL LIMITED,INE583D01011,BE,UGROCAP.NS,UGROCAP,UGROCAP,511742.0
UHTL,UNITED HEAT TRANSFER LTD,INE0SMR01011,SM,UHTL.NS,UHTL,,
UJAAS,UJAAS ENERGY LIMITED,INE899L01022,BE,UJAAS.NS,UJAAS,,
UJJIVAN,UJJIVAN FIN. SERVC. LTD.,INE334L01012,BE,UJJIVAN.NS,UJJIVAN,,
UJJIVANSFB,UJJIVAN SMALL FINANC BANK,INE551W01018,BE,UJJIVANSFB.NS,UJJIVANSFB,UJJIVANSFB,542904.0
ULTRACEMCO,ULTRATECH CEMENT LIMITED,INE481G01011,BE,ULTRACEMCO.NS,ULTRACEMCO,ULTRACEMCO,532538.0
ULTRMARINE,ULTRMARINE & PIGMENT LTD,INE405A01013,BE,ULTRMARINE.NS,ULTRMARINE,,
UMA,UMA CONVERTER LIMITED,INE067901012,SM,UMA.NS,UMA,,
UMAEXPORTS,UMA EXPORTS LIMITED,INE0GIU01018,BE,UMAEXPORTS.NS,UMAEXPORTS,UMAEXPORTS,543513.0
UMANGDAIRY,UMANG DAIRIES LIMITED,INE864B01027,BE,UMANGDAIRY.NS,UMANGDAIRY,,
UMESLTD,USHA MARTIN EDU & SOL LTD,INE240C01028,BE,UMESLTD.NS,UMESLTD,UMESLTD,532398.0
UMIYA-MRO,UMIYA BUILDCON LIMITED,INE398B01018,BE,UMIYA-MRO.NS,UMIYA-MRO,UMIYA-MRO,532376.0
UNICHEMLAB,UNICHEMLAB - DEPO,INE351A01035,BE,UNICHEMLAB.NS,UNICHEMLAB,UNICHEMLAB,506690.0
UNIDT,UNITED DRILLING TOOLS LTD,INE961D01019,BE,UNIDT.NS,UNIDT,UNIDT,522014.0
UNIECOM,UNICOMMERCE ESOLUTIONS L,INE00U401027,BE,UNIECOM.NS,UNIECOM,UNIECOM,544227.0
UNIENTER,UNIPHOS ENTERPRISES LTD,INE037A01022,BE,UNIENTER.NS,UNIENTER,UNIENTER,500429.0
UNIFLEX,UNIFLEX CABLES LTD.,INE146B01011,BE,UNIFLEX.NS,UNIFLEX,,
UNIHEALTH,UNIHEALTH HOSPITALS LTD,INE0PRF01011,SM,UNIHEALTH.NS,UNIHEALTH,,
UNIINFO,UNIINFO TELECOM SERVI LTD,INE481Z01011,BE,UNIINFO.NS,UNIINFO,,
UNILEX,UNILEX COLOURS AND CHEM L,INE0B2801011,SM,UNILEX.NS,UNILEX,,
UNIMECH,UNIMECH AEROSPACE N MFG L,INE0U3I01011,BE,UNIMECH.NS,UNIMECH,UNIMECH,544322.0
UNIMIN,UNIMIN INDIA LTD,INE467801010,EQ,UNIMIN.NS,UNIMIN,,
UNIONBANK,UNION BANK OF INDIA,INE692A01016,BE,UNIONBANK.NS,UNIONBANK,UNIONBANK,532477.0
UNIONGOLD,UNIONAMC - UNIONGOLD,INF582M01KS4,EQ,UNIONGOLD.NS,UNIONGOLD,UNIONGOLD,544363.0
UNIPARTS,UNIPARTS INDIA LIMITED,INE244O01017,BE,UNIPARTS.NS,UNIPARTS,UNIPARTS,543689.0
UNIPLAS,UNIPLAS INDIA LTD,INE324701015,EQ,UNIPLAS.NS,UNIPLAS,,
UNIPLY,UNIPLY INDUSTRIES LIMITED,INE950G01023,BE,UNIPLY.NS,UNIPLY,,
UNITDSPR,UNITED SPIRITS LIMITED,INE854D01024,BE,UNITDSPR.NS,UNITDSPR,UNITDSPR,532432.0
UNITECH,UNITECH LIMITED,INE694A01020,BE,UNITECH.NS,UNITECH,UNITECH,507878.0
UNITEDPOLY,UNITED POLYFAB GUJ. LTD.,INE368U01029,BE,UNITEDPOLY.NS,UNITEDPOLY,,
UNITEDPOLY,UNITED POLYFAB GUJ. LTD.,INE368U01011,SM,UNITEDPOLY.NS,UNITEDPOLY,,
UNITEDTEA,UNITED NILGIRI TEA LTD,INE458F01011,BE,UNITEDTEA.NS,UNITEDTEA,,
UNITY,UNITY INFRAPROJECTS LTD,INE466H01028,BE,UNITY.NS,UNITY,,
UNIVAFOODS,UNIVA FOODS LIMITED,INE275F01019,BE,UNIVAFOODS.NS,UNIVAFOODS,,
UNIVASTU,UNIVASTU INDIA LIMITED,INE562X01013,BE,UNIVASTU.NS,UNIVASTU,,
UNIVCABLES,UNIVERSAL CABLES LTD,INE279A01012,BE,UNIVCABLES.NS,UNIVCABLES,UNIVCABLES,504212.0
UNIVPHOTO,UNIVERSUS IMAGINGS LTD,INE03V001013,BE,UNIVPHOTO.NS,UNIVPHOTO,UNIVPHOTO,542933.0
UNOMINDA,UNO MINDA LIMITED,INE405E01023,BE,UNOMINDA.NS,UNOMINDA,UNOMINDA,532539.0
UPL,UPL LIMITED,INE628A01036,BE,UPL.NS,UPL,UPL,512070.0
URAVI,URAVI T AND WEDG LAMP LTD,INE568Z01015,SM,URAVI.NS,URAVI,URAVIDEF,543930.0
URBAN,URBAN ENVIRO WASTE MGMT L,INE0O0201019,SM,URBAN.NS,URBAN,,
URBANCO,URBAN COMPANY LIMITED,INE0CAZ01013,BE,URBANCO.NS,URBANCO,URBANCO,544515.0
URJA,URJA GLOBAL LIMITED,INE550C01020,BE,URJA.NS,URJA,URJA,526987.0
USASEEDS,UPSURGE SEEDS OF AGRI LTD,INE0CBM01019,SM,USASEEDS.NS,USASEEDS,,
USHAFIN,USHA FINANCIAL SERVICES L,INE0LS001014,SM,USHAFIN.NS,USHAFIN,,
USHAINDIA,USHA INDIA - DEPO SETT,INE068A01019,BE,USHAINDIA.NS,USHAINDIA,,
USHAISPAT,USHA ISPAT - DEP RS,INE150A01015,BE,USHAISPAT.NS,USHAISPAT,,
USHAMART,USHA MARTIN LTD.,INE228A01035,BE,USHAMART.NS,USHAMART,USHAMART,517146.0
USK,UDAYSHIVAKUMAR INFRA LTD,INE0N0Y01013,BE,USK.NS,USK,USK,543861.0
UTIAMC,UTI ASSET MNGMT CO LTD,INE094J01016,BE,UTIAMC.NS,UTIAMC,UTIAMC,543238.0
UTIBANKETF,UTIAMC - UTIBANKETF,INF789F1AUV1,EQ,UTIBANKETF.NS,UTIBANKETF,UTIBANKETF,543226.0
UTINEXT50,UTIAMC - UTINEXT50,INF789F1AUW9,EQ,UTINEXT50.NS,UTINEXT50,UTINEXT50,540669.0
UTINIFTETF,UTIAMC - UTINIFTETF,INF789F1AZC0,EQ,UTINIFTETF.NS,UTINIFTETF,UTINIFTETF,539313.0
UTISENSETF,UTIAMC - UTISENSETF,INF789FB1X58,EQ,UTISENSETF.NS,UTISENSETF,UTISENSETF,539312.0
UTISXN50,UTIAMC - UTISXN50,INF789F1AUU3,EQ,UTISXN50.NS,UTISXN50,UTISXN50,542513.0
UTIUS64-RI,UTI-US64(REINVESTMENT),INF189A01020,BE,UTIUS64-RI.NS,UTIUS64-RI,,
UTKARSHBNK,UTKARSH SMALL FIN BANK L,INE735W01017,BE,UTKARSHBNK.NS,UTKARSHBNK,UTKARSHBNK,543942.0
UTSSAV,UTSSAV CZ GOLD JEWELS LTD,INE06IJ01010,SM,UTSSAV.NS,UTSSAV,,
UTTAMSTL,UTTAM GALVA STEELS LTD,INE699A01011,BE,UTTAMSTL.NS,UTTAMSTL,,
UTTAMSUGAR,UTTAM SUGAR MILLS LTD.,INE786F01031,BE,UTTAMSUGAR.NS,UTTAMSUGAR,UTTAMSUGAR,532729.0
UTTAMVALUE,UTTAM VALUE STEELS LTD,INE292A01015,BE,UTTAMVALUE.NS,UTTAMVALUE,,
UVSL,UTTAM VALUE STEELS LTD,INE292A01023,BE,UVSL.NS,UVSL,,
UWCSL,ULTRA WIRING CONN SYS LTD,INE00F301010,SM,UWCSL.NS,UWCSL,,
UYFINCORP,U. Y. FINCORP LIMITED,INE152C01025,BE,UYFINCORP.NS,UYFINCORP,UYFINCORP,530579.0
V2RETAIL,V2 RETAIL LIMITED,INE945H01013,BE,V2RETAIL.NS,V2RETAIL,V2RETAIL,532867.0
VADILALIND,VADILAL INDUSTRIES LTD,INE694D01016,BE,VADILALIND.NS,VADILALIND,VADILALIND,519156.0
VAIBHAVGBL,VAIBHAV GLOBAL LIMITED,INE884A01027,BE,VAIBHAVGBL.NS,VAIBHAVGBL,VAIBHAVGBL,532156.0
VAISHALI,VAISHALI PHARMA LIMITED,INE972X01022,BE,VAISHALI.NS,VAISHALI,,
VAISHALI,VAISHALI PHARMA LIMITED,INE972X01014,SM,VAISHALI.NS,VAISHALI,,
VAKRANGEE,VAKRANGEE LIMITED,INE051B01021,BE,VAKRANGEE.NS,VAKRANGEE,VAKRANGEE,511431.0
VAL30IETF,ICICIPRAMC - VAL30IETF,INF109KC16X5,EQ,VAL30IETF.NS,VAL30IETF,VAL30IETF,544275.0
VALECHAENG,VALECHA ENG. LIMITED,INE624C01015,BE,VALECHAENG.NS,VALECHAENG,,
VALIANTLAB,VALIANT LABORATORIES LTD,INE0JWS01017,BE,VALIANTLAB.NS,VALIANTLAB,VALIANTLAB,543998.0
VALIANTORG,VALIANT ORGANICS LIMITED,INE565V01010,BE,VALIANTORG.NS,VALIANTORG,VALIANTORG,540145.0
VALUEIND,VALUE INDUSTRIES LIMITED,INE352A01017,BE,VALUEIND.NS,VALUEIND,,
VANADYCHEM,VANAVIL DYES & CHEM LTD,INE204B01018,BE,VANADYCHEM.NS,VANADYCHEM,,
VARDHACRLC,VARDHAMAN ACRYLICS LTD,INE116G01013,BE,VARDHACRLC.NS,VARDHACRLC,,
VARDMNPOLY,VARDHMAN POLYTEX LTD.,INE835A01029,BE,VARDMNPOLY.NS,VARDMNPOLY,VARDMNPOLY,514175.0
VARROC,VARROC ENGINEERING LTD.,INE665L01035,BE,VARROC.NS,VARROC,VARROC,541578.0
VARUNSEA,VARUN SEACON LTD,INE319101015,EQ,VARUNSEA.NS,VARUNSEA,,
VASA,VASA RETAIL & OVERSEA LTD,INE068Z01016,SM,VASA.NS,VASA,,
VASCONEQ,VASCON ENGINEERS LTD,INE893I01013,BE,VASCONEQ.NS,VASCONEQ,VASCONEQ,533156.0
VASWANI,VASWANI IND LTD,INE590L01019,BE,VASWANI.NS,VASWANI,VASWANI,533576.0
VBL,VARUN BEVERAGES LIMITED,INE200M01039,BE,VBL.NS,VBL,VBL,540180.0
VCL,VAXTEX COTFAB LIMITED,INE098201028,SM,VCL.NS,VCL,,
VCL,VAXTEX COTFAB LIMITED,INE098201036,BE,VCL.NS,VCL,,
VDEAL,VDEAL SYSTEM LIMITED,INE0U2M01015,SM,VDEAL.NS,VDEAL,,
VECO-RE1,VIKAS ECOTECH LIMITED,INE806A20020,BE,VECO-RE1.NS,VECO-RE1,,
VEDL,VEDANTA LIMITED,INE205A01025,BE,VEDL.NS,VEDL,VEDL,500295.0
VEEDOL,VEEDOL CORPORATION LTD,INE484C01030,BE,VEEDOL.NS,VEEDOL,VEEDOL,590005.0
VEEKAYEM,VEEKAYEM FASH & APP LTD,INE0KTW01013,SM,VEEKAYEM.NS,VEEKAYEM,,
VEGPROFOOD,VEGEPRO FOODS AND FEEDS L,INE314301016,EQ,VEGPROFOOD.NS,VEGPROFOOD,,
VELS,VELS FILM INTERNATIONAL L,INE0I3H01019,SM,VELS.NS,VELS,,
VENKEYS,VENKY S (INDIA) LIMITED,INE398A01010,BE,VENKEYS.NS,VENKEYS,VENKEYS,523261.0
VENLONPOLY,VENLON POLYSTER FILM LTD,INE314801015,EQ,VENLONPOLY.NS,VENLONPOLY,,
VENTIVE,VENTIVE HOSPITALITY LTD,INE781S01027,BE,VENTIVE.NS,VENTIVE,VENTIVE,544321.0
VENUSPIPES,VENUS PIPES & TUBES LTD,INE0JA001018,BE,VENUSPIPES.NS,VENUSPIPES,VENUSPIPES,543528.0
VENUSREM,VENUS REMEDIES LIMITED,INE411B01019,BE,VENUSREM.NS,VENUSREM,VENUSREM,526953.0
VENUSUGAR,VENUS SUGARS LTD,INE315101019,EQ,VENUSUGAR.NS,VENUSUGAR,,
VERA,VERA SYNTHETIC LIMITED,INE709Z01015,SM,VERA.NS,VERA,,
VERANDA,VERANDA LEARNING SOL LTD,INE0IQ001011,BE,VERANDA.NS,VERANDA,VERANDA,543514.0
VERITAAS,VERITAAS ADVERTISING LTD,INE0SRI01019,SM,VERITAAS.NS,VERITAAS,,
VERTEXPLUS,VERTEXPLUS TECHNOLOGIES L,INE0NLB01018,SM,VERTEXPLUS.NS,VERTEXPLUS,,
VERTOZ,VERTOZ LIMITED,INE188Y01031,BE,VERTOZ.NS,VERTOZ,,
VERTOZ,VERTOZ ADVERTISING LTD,INE188Y01015,SM,VERTOZ.NS,VERTOZ,,
VESUVIUS,VESUVIUS INDIA LTD,INE386A01023,BE,VESUVIUS.NS,VESUVIUS,VESUVIUS,520113.0
VETO,VETO SWITCHGEAR CABLE LTD,INE918N01018,BE,VETO.NS,VETO,VETO,539331.0
VGINFOTECH,VIRTUAL GALAXY INFOTECH L,INE0VRH01015,SM,VGINFOTECH.NS,VGINFOTECH,,
VGUARD,V-GUARD IND LTD.,INE951I01027,BE,VGUARD.NS,VGUARD,VGUARD,532953.0
VHL,VARDHMAN HOLDINGS LIMITED,INE701A01023,BE,VHL.NS,VHL,VHL,500439.0
VHLTD,VICEROY HOTELS LIMITED,INE048C01025,BE,VHLTD.NS,VHLTD,VHLTD,523796.0
VIAZ,VIAZ TYRES LIMITED,INE0MO401019,SM,VIAZ.NS,VIAZ,,
VICEROY,VICEROY HOTELS LIMITED,INE048C01017,BE,VICEROY.NS,VICEROY,,
VICKERSYS,VICKERS SYSTEMS INTL LTD,INE315701016,EQ,VICKERSYS.NS,VICKERSYS,,
VICTGLASS,VICTORY GLASS & INDS LTD,INE315901012,EQ,VICTGLASS.NS,VICTGLASS,,
VIDANIAGRO,VIDIANI AGROTECH LTD,INE316801013,EQ,VIDANIAGRO.NS,VIDANIAGRO,,
VIDEOIND,VIDEOCON INDUSTRIES LIMIT,INE703A01011,BE,VIDEOIND.NS,VIDEOIND,,
VIDHIING,VIDHI SPCLTY F INGRDNTS L,INE632C01026,BE,VIDHIING.NS,VIDHIING,VIDHIING,531717.0
VIDIANIENG,VIDIANI ENGINEERS LTD,INE316901011,EQ,VIDIANIENG.NS,VIDIANIENG,,
VIESL,VISION INFRA EQUIP SOL L,INE0TR001017,SM,VIESL.NS,VIESL,,
VIGOR,VIGOR PLAST INDIA LIMITED,INE1DM601016,SM,VIGOR.NS,VIGOR,,
VIJAYA,VIJAYA DIAGNOSTIC CEN LTD,INE043W01024,BE,VIJAYA.NS,VIJAYA,VIJAYA,543350.0
VIJIFIN,VIJI FINANCE LIMITED,INE159N01027,BE,VIJIFIN.NS,VIJIFIN,VIJIFIN,537820.0
VIJSHAN,VIJAY SHANTHI BUILD LTD,INE806F01011,BE,VIJSHAN.NS,VIJSHAN,,
VIKASECO,VIKAS ECOTECH LIMITED,INE806A01020,BE,VIKASECO.NS,VIKASECO,VIKASECO,530961.0
VIKASHYB,VHEL INDUSTRIES LTD,INE311401017,EQ,VIKASHYB.NS,VIKASHYB,,
VIKASLIFE,VIKAS LIFECARE LIMITED,INE161L01027,BE,VIKASLIFE.NS,VIKASLIFE,VIKASLIFE,542655.0
VIKASPROP,VIKAS PROP & GRANITE LTD,INE767B01022,BE,VIKASPROP.NS,VIKASPROP,VIKASPROP,531518.0
VIKASWSP,VIKAS WSP LIMITED,INE706A01022,BE,VIKASWSP.NS,VIKASWSP,,
VIKRAMPROJ,VIKRAM PROJECTS LTD,INE311701010,EQ,VIKRAMPROJ.NS,VIKRAMPROJ,,
VIKRAMSOLR,VIKRAM SOLAR LIMITED,INE078V01014,BE,VIKRAMSOLR.NS,VIKRAMSOLR,VIKRAMSOLR,544488.0
VIKRAN,VIKRAN ENGINEERING LTD,INE01R501028,BE,VIKRAN.NS,VIKRAN,VIKRAN,544496.0
VILAS,VILAS TRANSCORE LIMITED,INE0AZY01017,SM,VILAS.NS,VILAS,,
VILINBIO,VILIN BIO MED LIMITED,INE0L4V01013,SM,VILINBIO.NS,VILINBIO,,
VIMALOIL,VIMAL O & F LTD,INE067D01015,BE,VIMALOIL.NS,VIMALOIL,,
VIMTALABS,VIMTA LABS LIMITED,INE579C01029,BE,VIMTALABS.NS,VIMTALABS,VIMTALABS,524394.0
VINATIORGA,VINATI ORGANICS LTD,INE410B01037,BE,VINATIORGA.NS,VINATIORGA,VINATIORGA,524200.0
VINCOFE,VINTAGE COFFEE N BVRGS L,INE498Q01014,BE,VINCOFE.NS,VINCOFE,VINCOFE,538920.0
VINDHYATEL,VINDHYA TELELINKS LTD,INE707A01012,BE,VINDHYATEL.NS,VINDHYATEL,VINDHYATEL,517015.0
VINEETLAB,VINEET LABORATORIES LTD,INE505Y01010,BE,VINEETLAB.NS,VINEETLAB,VINEETLAB,543298.0
VINNY,VINNY OVERSEAS LIMITED,INE01KI01027,BE,VINNY.NS,VINNY,VINNY,543670.0
VINNY,VINNY OVERSEAS LIMITED,INE01KI01019,SM,VINNY.NS,VINNY,,
VINSYS,VINSYS IT SERVICES IND LT,INE0OSJ01014,SM,VINSYS.NS,VINSYS,,
VINYAS,VINYAS INNOVATIVE TECH L,INE0OLS01010,SM,VINYAS.NS,VINYAS,,
VINYLINDIA,VINYL CHEMICALS (I) LTD.,INE250B01029,BE,VINYLINDIA.NS,VINYLINDIA,VINYLINDIA,524129.0
VINYOGCLOT,VINIYOGA CLOTHEX LTD,INE312601011,EQ,VINYOGCLOT.NS,VINYOGCLOT,,
VIPCLOTHNG,VIP CLOTHING LIMITED,INE450G01024,BE,VIPCLOTHNG.NS,VIPCLOTHNG,VIPCLOTHNG,532613.0
VIPIND,VIP INDUSTRIES LTD,INE054A01027,BE,VIPIND.NS,VIPIND,VIPIND,507880.0
VIPPYSOLVX,VIPPY INDUSTRIES LTD,INE313001013,EQ,VIPPYSOLVX.NS,VIPPYSOLVX,,
VIPULLTD,VIPUL LIMITED,INE946H01037,BE,VIPULLTD.NS,VIPULLTD,VIPULLTD,511726.0
VIRAJALLOY,VIRAJ ALLOYS LTD,INE313301017,EQ,VIRAJALLOY.NS,VIRAJALLOY,,
VIRALFILA,VIRAL FILAMENTS LTD,INE313401015,EQ,VIRALFILA.NS,VIRALFILA,,
VIRALSYNTX,VIRAL SYNTEX LTD,INE313501012,EQ,VIRALSYNTX.NS,VIRALSYNTX,,
VIRINCHI,VIRINCHI LIMITED,INE539B01017,BE,VIRINCHI.NS,VIRINCHI,VIRINCHI,532372.0
VISAKAIND,VISAKA INDUSTRIES LTD,INE392A01021,BE,VISAKAIND.NS,VISAKAIND,VISAKAIND,509055.0
VISAMAN,VISAMAN GLOBAL SALES LTD,INE0BHK01012,SM,VISAMAN.NS,VISAMAN,,
VISASTEEL,VISA STEEL LIMITED,INE286H01012,BE,VISASTEEL.NS,VISASTEEL,VISASTEEL,532721.0
VISESHINFO,VISESH INFOTECNICS LTD,INE861A01058,BE,VISESHINFO.NS,VISESHINFO,,
VISHAL,VISHAL FABRICS LIMITED,INE755Q01025,BE,VISHAL.NS,VISHAL,VISHAL,538598.0
VISHNU,VISHNU CHEMICALS LIMITED,INE270I01022,BE,VISHNU.NS,VISHNU,VISHNU,516072.0
VISHNUINFR,VISHNUSURYA PROJ N INFR L,INE0PQ001012,SM,VISHNUINFR.NS,VISHNUINFR,,
VISHWARAJ,VISHWARAJ SUGAR IND LTD,INE430N01022,BE,VISHWARAJ.NS,VISHWARAJ,VISHWARAJ,542852.0
VISHWAS,VISHWAS AGRI SEEDS LTD,INE0S2E01016,SM,VISHWAS.NS,VISHWAS,,
VISUINTL,VISU INTERNATIONAL LTD,INE965A01016,BE,VISUINTL.NS,VISUINTL,,
VITAL,VITAL CHEMTECH LIMITED,INE0L4K01016,SM,VITAL.NS,VITAL,,
VITARACHEM,VITARA CHEMICALS LTD,INE307501010,EQ,VITARACHEM.NS,VITARACHEM,,
VIVIANA,VIVIANA POWER TECH LTD,INE0MEG01014,SM,VIVIANA.NS,VIVIANA,,
VIVIDHA,VISAGAR POLYTEX LTD,INE370E01029,BE,VIVIDHA.NS,VIVIDHA,VIVIDHA,506146.0
VIVIMEDLAB,VIVIMED LABS LIMITED,INE526G01021,BE,VIVIMEDLAB.NS,VIVIMEDLAB,,
VIVO,VIVO COLLAB SOLUTIONS LTD,INE0IA701014,SM,VIVO.NS,VIVO,,
VLEGOV,VL E GOV AND IT SOL LTD,INE03HW01020,BE,VLEGOV.NS,VLEGOV,VLEGOV,543958.0
VLIFE-RE1,VIKAS LIFECARE LIMITED,INE161L20027,BE,VLIFE-RE1.NS,VLIFE-RE1,,
VLINFRA,V.L.INFRAPROJECTS LIMITED,INE0QXL01015,SM,VLINFRA.NS,VLINFRA,,
VLSFINANCE,VLS FINANCE LTD.,INE709A01018,BE,VLSFINANCE.NS,VLSFINANCE,VLSFINANCE,511333.0
VMARCIND,V MARC INDIA LIMITED,INE0GXK01018,SM,VMARCIND.NS,VMARCIND,,
VMART,VMART RETAIL LTD,INE665J01013,BE,VMART.NS,VMART,VMART,534976.0
VMJOGENGG,V M JOG ENGG LTD,INE592701010,EQ,VMJOGENGG.NS,VMJOGENGG,,
VMM,VISHAL MEGA MART LIMITED,INE01EA01019,BE,VMM.NS,VMM,VMM,544307.0
VMSTMT,VMS TMT LIMITED,INE0SJA01013,BE,VMSTMT.NS,VMSTMT,VMSTMT,544521.0
VOLERCAR,VOLER CAR LIMITED,INE241X01014,SM,VOLERCAR.NS,VOLERCAR,,
VOLTAMP,VOLTAMP TRANSFORMERS LTD,INE540H01012,BE,VOLTAMP.NS,VOLTAMP,VOLTAMP,532757.0
VOLTAS,VOLTAS LTD - DEP. SETT,INE226A01021,BE,VOLTAS.NS,VOLTAS,VOLTAS,500575.0
VPRPL,VISHNU PRAKASH R PUNGLI L,INE0AE001013,BE,VPRPL.NS,VPRPL,VPRPL,543974.0
VR,V R INFRASPACE LIMITED,INE0QQM01017,SM,VR.NS,VR,,
VRAJ,VRAJ IRON AND STEEL LTD,INE0S2V01010,BE,VRAJ.NS,VRAJ,VRAJ,544204.0
VRLLOG,VRL LOGISTICS LIMITED,INE366I01010,BE,VRLLOG.NS,VRLLOG,VRLLOG,539118.0
VSCL,VADIVARHE SPCLTY CHEM LTD,INE551Q01028,SM,VSCL.NS,VSCL,,
VSSL,VARDHMAN SPC STEEL LTD,INE050M01012,BE,VSSL.NS,VSSL,VSSL,534392.0
VSTIND,VST INDUSTRIES LTD,INE710A01016,BE,VSTIND.NS,VSTIND,VSTIND,509966.0
VSTL,VIBHOR STEEL TUBES LTD,INE0QTF01015,BE,VSTL.NS,VSTL,VSTL,544124.0
VSTTILLERS,VST TILLERS TRACTORS LTD,INE764D01017,BE,VSTTILLERS.NS,VSTTILLERS,VSTTILLERS,531266.0
VTCIND,V T C INDUSTRIES LTD,INE308501019,EQ,VTCIND.NS,VTCIND,,
VTL,VARDHMAN TEXTILES LIMITED,INE825A01020,BE,VTL.NS,VTL,VTL,502986.0
VULCANENG,VULCAN ENGINEERS LTD,INE308701015,EQ,VULCANENG.NS,VULCANENG,,
VXLINSTR,VXL INSTRUMENTS LTD,INE756A01019,BE,VXLINSTR.NS,VXLINSTR,VXLINSTR,517399.0
WAAREEENER,WAAREE ENERGIES LIMITED,INE377N01017,BE,WAAREEENER.NS,WAAREEENER,WAAREEENER,544277.0
WAAREEINDO,INDOSOLAR LIMITED,INE866K01023,BE,WAAREEINDO.NS,WAAREEINDO,,
WAAREERTL,WAAREE RENEWABLE TECH LTD,INE299N01021,BE,WAAREERTL.NS,WAAREERTL,WAAREERTL,534618.0
WABAG,VA TECH WABAG LTD,INE956G01038,BE,WABAG.NS,WABAG,WABAG,533269.0
WALCHANNAG,WALCHANDNAGAR INDUSTRIES,INE711A01022,BE,WALCHANNAG.NS,WALCHANNAG,WALCHANNAG,507410.0
WALPAR,WALPAR NUTRITIONS LIMITED,INE0G2G01015,SM,WALPAR.NS,WALPAR,,
WANBURY,WANBURY LIMITED,INE107F01022,BE,WANBURY.NS,WANBURY,WANBURY,524212.0
WARRENTEA,WARREN TEA LTD,INE712A01012,BE,WARRENTEA.NS,WARRENTEA,WARRENTEA,508494.0
WATERBASE,WATERBASE LIMITED,INE054C01015,BE,WATERBASE.NS,WATERBASE,WATERBASE,523660.0
WCIL,WESTERN CARRIERS (IND) L,INE0CJF01024,BE,WCIL.NS,WCIL,WCIL,544258.0
WEALTH,WEALTH FRST PORT. MG. LTD,INE658T01017,BE,WEALTH.NS,WEALTH,WEALTH,544536.0
WEBELSOLAR,WEBSOL ENERGY SYSTEM LTD,INE855C01015,BE,WEBELSOLAR.NS,WEBELSOLAR,WEBELSOLAR,517498.0
WEIZMANIND,WEIZMANN LTD,INE080A01014,BE,WEIZMANIND.NS,WEIZMANIND,WEIZMANIND,523011.0
WEL,WONDER ELECTRICALS LTD,INE02WG01024,BE,WEL.NS,WEL,WEL,543449.0
WELCORP,WELSPUN CORP LIMITED,INE191B01025,BE,WELCORP.NS,WELCORP,WELCORP,532144.0
WELDFLUX,UBE INDUSTRIES LTD,INE303601012,EQ,WELDFLUX.NS,WELDFLUX,,
WELENT,WELSPUN ENTERPRISES LTD.,INE625G01013,BE,WELENT.NS,WELENT,WELENT,532553.0
WELINV,WELSPUN INV & COMM LTD,INE389K01018,BE,WELINV.NS,WELINV,,
WELMANINCA,WELLMAN INCANDESCENT (I),INE303701010,EQ,WELMANINCA.NS,WELMANINCA,,
WELSPUNLIV,WELSPUN LIVING LIMITED,INE192B01031,BE,WELSPUNLIV.NS,WELSPUNLIV,WELSPUNLIV,514162.0
WELSPUNPOL,WELSPUNINDIALTD-ROLL SETT,INE192B01015,BE,WELSPUNPOL.NS,WELSPUNPOL,,
WENDT,WENDT (INDIA) LIMITED,INE274C01019,BE,WENDT.NS,WENDT,WENDT,505412.0
WESTERNBIO,ECOBOARD IND L- ROLL SETT,INE866A01016,BE,WESTERNBIO.NS,WESTERNBIO,ECOBOAR,523732.0
WESTINDSEC,WESTERN INDIA SECURITIES,INE591701011,EQ,WESTINDSEC.NS,WESTINDSEC,,
WESTLIFE,WESTLIFE FOODWORLD LTD,INE274F01020,BE,WESTLIFE.NS,WESTLIFE,WESTLIFE,505533.0
WEWIN,WE WIN LIMITED,INE082W01014,BE,WEWIN.NS,WEWIN,WEWIN,543535.0
WFL,WONDER FIBROMATS LIMITED,INE02WG01016,SM,WFL.NS,WFL,,
WHEELS,WHEELS INDIA LTD,INE715A01015,BE,WHEELS.NS,WHEELS,WHEELS,590073.0
WHIRLPOOL,WHIRLPOOL OF INDIA LTD,INE716A01013,BE,WHIRLPOOL.NS,WHIRLPOOL,WHIRLPOOL,500238.0
WHITEFORCE,HAPPY SQUARE OUTSOURC S L,INE0TLP01015,SM,WHITEFORCE.NS,WHITEFORCE,,
WILLAMAGOR,WILLIAMSON MAGOR,INE210A01017,BE,WILLAMAGOR.NS,WILLAMAGOR,WILLAMAGOR,519224.0
WILLARDLTD,WILLARD INDIA LTD,INE468501015,EQ,WILLARDLTD.NS,WILLARDLTD,,
WIMPLAST,WIM PLAST LTD,INE015B01018,BE,WIMPLAST.NS,WIMPLAST,WIMPLAST,526586.0
WINDLAS,WINDLAS BIOTECH LIMITED,INE0H5O01029,BE,WINDLAS.NS,WINDLAS,WINDLAS,543329.0
WINDMACHIN,WINDSOR MACHINES LIMITED,INE052A01021,BE,WINDMACHIN.NS,WINDMACHIN,WINDMACHIN,522029.0
WINNY,WINNY IMMIGRA & EDU SER L,INE0S9101013,SM,WINNY.NS,WINNY,,
WINPRO,WINPRO INDUSTRIES LIMITED,INE974C01022,BE,WINPRO.NS,WINPRO,WINPRO,531337.0
WINSOL,WINSOL ENGINEERS LIMITED,INE0S3D01016,SM,WINSOL.NS,WINSOL,,
WINSOME,WINSOME YARNS LIMITED,INE784B01035,BE,WINSOME.NS,WINSOME,WINSOME,514348.0
WIPL,THE WESTERN INDIA PLY LTD,INE215F01023,BE,WIPL.NS,WIPL,,
WIPRO,WIPRO LTD - DEPO. SETT.,INE075A01022,BE,WIPRO.NS,WIPRO,WIPRO,507685.0
WOCKPHARMA,WOCKHARDT LIMITED-DEPO,INE049B01025,BE,WOCKPHARMA.NS,WOCKPHARMA,WOCKPHARMA,532300.0
WOL3D,WOL 3D INDIA LIMITED,INE0OO201011,SM,WOL3D.NS,WOL3D,,
WOMANCART,WOMANCART LIMITED,INE0Q9601016,SM,WOMANCART.NS,WOMANCART,,
WONDERLA,WONDERLA HOLIDAYS LTD.,INE066O01014,BE,WONDERLA.NS,WONDERLA,WONDERLA,538268.0
WOOLWORTH,UNIWORTH LTD-DEP SETT,INE207A01013,BE,WOOLWORTH.NS,WOOLWORTH,,
WORTH,WORTH PERIPHERALS LIMITED,INE196Y01018,BE,WORTH.NS,WORTH,,
WSI,W.S.INDUSTRIES (I) LTD.,INE100D01014,BE,WSI.NS,WSI,WSI,504220.0
WSTCSTPAPR,WEST COAST PAPER MILLS,INE976A01021,BE,WSTCSTPAPR.NS,WSTCSTPAPR,WSTCSTPAPR,500444.0
WTICAB,WISE TRAVEL INDIA LIMITED,INE623Y01011,SM,WTICAB.NS,WTICAB,,
XCHANGING,XCHANGING SOLUTIONS LTD,INE692G01013,BE,XCHANGING.NS,XCHANGING,XCHANGING,532616.0
XELPMOC,XELPMOC DESIGN & TECH LTD,INE01P501012,BE,XELPMOC.NS,XELPMOC,XELPMOC,542367.0
XLENERGY,XL ENERGY LIMITED,INE183H01011,BE,XLENERGY.NS,XLENERGY,,
XPROINDIA,XPRO INDIA LIMITED,INE445C01015,BE,XPROINDIA.NS,XPROINDIA,XPROINDIA,590013.0
XTGLOBAL,XTGLOBAL INFOTECH LIMITED,INE547B01028,BE,XTGLOBAL.NS,XTGLOBAL,XTGLOBAL,531225.0
YAARI,YAARI DIGI INT SER LTD,INE126M01010,BE,YAARI.NS,YAARI,,
YASHO,YASHO INDUSTRIES LIMITED,INE616Z01012,BE,YASHO.NS,YASHO,YASHO,541167.0
YASHOPTICS,YASH OPTICS & LENS LTD,INE0TO601017,SM,YASHOPTICS.NS,YASHOPTICS,,
YATHARTH,YATHARTH HOSP & TRA C S L,INE0JO301016,BE,YATHARTH.NS,YATHARTH,YATHARTH,543950.0
YATRA,YATRA ONLINE LIMITED,INE0JR601024,BE,YATRA.NS,YATRA,YATRA,543992.0
YCCL,YASONS CHEMEX CARE LTD,INE08S201019,SM,YCCL.NS,YCCL,,
YESBANK,YES BANK LIMITED,INE528G01035,BE,YESBANK.NS,YESBANK,YESBANK,532648.0
YOGOPHARM,YOGI PHARMACY LTD,INE302101014,EQ,YOGOPHARM.NS,YOGOPHARM,,
YUDIZ,YUDIZ SOLUTIONS LIMITED,INE09FA01019,SM,YUDIZ.NS,YUDIZ,,
YUKEN,YUKEN INDIA LIMITED,INE384C01016,BE,YUKEN.NS,YUKEN,YUKEN,522108.0
YUKENINDIA,YUKEN INDIA LTD,INE302501015,EQ,YUKENINDIA.NS,YUKENINDIA,,
ZAGGLE,ZAGGLE PREPA OCEAN SER L,INE07K301024,BE,ZAGGLE.NS,ZAGGLE,ZAGGLE,543985.0
ZEAL,ZEAL GLOBAL SERVICES LTD,INE0PPS01018,SM,ZEAL.NS,ZEAL,,
ZEEL,ZEE ENTERTAINMENT ENT LTD,INE256A01028,BE,ZEEL.NS,ZEEL,ZEEL,505537.0
ZEELEARN,ZEE LEARN LIMITED,INE565L01011,BE,ZEELEARN.NS,ZEELEARN,ZEELEARN,533287.0
ZEEMEDIA,ZEE MEDIA CORPORATION LTD,INE966H01019,BE,ZEEMEDIA.NS,ZEEMEDIA,ZEEMEDIA,532794.0
ZENITHDRUG,ZENITH DRUGS LIMITED,INE0QWN01013,SM,ZENITHDRUG.NS,ZENITHDRUG,,
ZENITHEXPO,ZENITH EXPORTS LTD,INE058B01018,BE,ZENITHEXPO.NS,ZENITHEXPO,ZENITHEXPO,512553.0
ZENITHSTL,ZENITH STEEL PIP IND LTD,INE318D01020,BE,ZENITHSTL.NS,ZENITHSTL,ZENITHSTL,531845.0
ZENSARTECH,ZENSAR TECHNOLOGIES LTD,INE520A01027,BE,ZENSARTECH.NS,ZENSARTECH,ZENSARTECH,504067.0
ZENTEC,ZEN TECHNOLOGIES LIMITED,INE251B01027,BE,ZENTEC.NS,ZENTEC,ZENTEC,533339.0
ZFCVINDIA,ZF COM VE CTR SYS IND LTD,INE342J01019,BE,ZFCVINDIA.NS,ZFCVINDIA,ZFCVINDIA,533023.0
ZFSTEERING,ZFSTEERINGGEAR-ROLL SETT,INE116C01012,BE,ZFSTEERING.NS,ZFSTEERING,ZFSTEERING,505163.0
ZICOM,ZICOM ELECT SEC SYS LTD,INE871B01014,BE,ZICOM.NS,ZICOM,,
ZILONPHARM,ZILLION PHARMACHEM LTD,INE303501014,EQ,ZILONPHARM.NS,ZILONPHARM,,
ZIMLAB,ZIM LABORATORIES LIMITED,INE518E01015,BE,ZIMLAB.NS,ZIMLAB,ZIMLAB,541400.0
ZODIAC,ZODIAC ENERGY LIMITED,INE761Y01019,BE,ZODIAC.NS,ZODIAC,ZODIAC,543416.0
ZODIACLOTH,ZODIAC CLOTHING CO LTD,INE206B01013,BE,ZODIACLOTH.NS,ZODIACLOTH,ZODIACLOTH,521163.0
ZODJRDMKJ,ZODIAC JRD MKJ- LTD,INE077B01018,BE,ZODJRDMKJ.NS,ZODJRDMKJ,ZODJRDMKJ,512587.0
ZOTA,ZOTA HEALTH CARE LIMITED,INE358U01012,BE,ZOTA.NS,ZOTA,,
ZTECH,Z-TECH (INDIA) LIMITED,INE0ISZ01012,SM,ZTECH.NS,ZTECH,,
ZUARI,ZUARI AGRO CHEMICALS LTD,INE840M01016,BE,ZUARI.NS,ZUARI,ZUARI,534742.0
ZUARIIND,ZUARI INDUSTRIES LIMITED,INE217A01012,BE,ZUARIIND.NS,ZUARIIND,ZUARIIND,500780.0
ZYDUSLIFE,ZYDUS LIFESCIENCES LTD,INE010B01027,BE,ZYDUSLIFE.NS,ZYDUSLIFE,ZYDUSLIFE,532321.0
ZYDUSWELL,ZYDUS WELLNESS LIMITED,INE768C01028,BE,ZYDUSWELL.NS,ZYDUSWELL,ZYDUSWELL,531335.0
ZYLOG,ZYLOG SYSTEMS LTD.,INE225I01026,BE,ZYLOG.NS,ZYLOG,,
