Symbol,Name,ISIN,Series,Exchange,Type,UpdatedAt
20MICRONS,20 Microns Limited,,EQ,NSE,Mainboard,2026-01-03
21STCENMGM,21st Century Management Services Limited,,EQ,NSE,Mainboard,2026-01-03
360ONE,360 ONE WAM LIMITED,,EQ,NSE,Mainboard,2026-01-03
3IINFOLTD,3i Infotech Limited,,EQ,NSE,Mainboard,2026-01-03
3MINDIA,3M India Limited,,EQ,NSE,Mainboard,2026-01-03
3PLAND,3P Land Holdings Limited,,EQ,NSE,Mainboard,2026-01-03
5PAISA,5Paisa Capital Limited,,EQ,NSE,Mainboard,2026-01-03
63MOONS,63 moons technologies limited,,EQ,NSE,Mainboard,2026-01-03
A2ZINFRA,A2Z Infra Engineering Limited,,EQ,NSE,Mainboard,2026-01-03
AAATECH,AAA Technologies Limited,,BE,NSE,Mainboard,2026-01-03
AADHARHFC,Aadhar Housing Finance Limited,,EQ,NSE,Mainboard,2026-01-03
AAKAAR,Aakaar Medical Technologies Limited,INE1GYP01013,SM,NSE,SME,2026-01-03
AAKASH,Aakash Exploration Services Limited,,EQ,NSE,Mainboard,2026-01-03
AARADHYA,Aaradhya Disposal Industries Limited,INE124401014,ST,NSE,SME,2026-01-03
AAREYDRUGS,Aarey Drugs & Pharmaceuticals Limited,,EQ,NSE,Mainboard,2026-01-03
AARON,Aaron Industries Limited,,EQ,NSE,Mainboard,2026-01-03
AARTECH,Aartech Solonics Limited,,EQ,NSE,Mainboard,2026-01-03
AARTIDRUGS,Aarti Drugs Limited,,EQ,NSE,Mainboard,2026-01-03
AARTIIND,Aarti Industries Limited,,EQ,NSE,Mainboard,2026-01-03
AARTIPHARM,Aarti Pharmalabs Limited,,EQ,NSE,Mainboard,2026-01-03
AARTISURF,Aarti Surfactants Limited,,EQ,NSE,Mainboard,2026-01-03
AARVI,Aarvi Encon Limited,,EQ,NSE,Mainboard,2026-01-03
AATMAJ,Aatmaj Healthcare Limited,INE0OB201016,SM,NSE,SME,2026-01-03
AAVAS,Aavas Financiers Limited,,EQ,NSE,Mainboard,2026-01-03
ABAN,Aban Offshore Limited,,BE,NSE,Mainboard,2026-01-03
ABB,ABB India Limited,,EQ,NSE,Mainboard,2026-01-03
ABBOTINDIA,Abbott India Limited,,EQ,NSE,Mainboard,2026-01-03
ABCAPITAL,Aditya Birla Capital Limited,,EQ,NSE,Mainboard,2026-01-03
ABCOTS,A B Cotspin India Limited,,EQ,NSE,Mainboard,2026-01-03
ABDL,Allied Blenders and Distillers Limited,,EQ,NSE,Mainboard,2026-01-03
ABFRL,Aditya Birla Fashion and Retail Limited,,EQ,NSE,Mainboard,2026-01-03
ABHAPOWER,Abha Power and Steel Limited,INE0UYG01015,SM,NSE,SME,2026-01-03
ABINFRA,A B Infrabuild Limited,,EQ,NSE,Mainboard,2026-01-03
ABLBL,Aditya Birla Lifestyle Brands Limited,,EQ,NSE,Mainboard,2026-01-03
ABMINTLLTD,ABM International Limited,,EQ,NSE,Mainboard,2026-01-03
ABREL,Aditya Birla Real Estate Limited,,EQ,NSE,Mainboard,2026-01-03
ABSLAMC,Aditya Birla Sun Life AMC Limited,,EQ,NSE,Mainboard,2026-01-03
ABSMARINE,ABS Marine Services Limited,INE0QRV01016,SM,NSE,SME,2026-01-03
ACC,ACC Limited,,EQ,NSE,Mainboard,2026-01-03
ACCELYA,Accelya Solutions India Limited,,EQ,NSE,Mainboard,2026-01-03
ACCENTMIC,Accent Microcell Limited,INE0Q5D01013,SM,NSE,SME,2026-01-03
ACCORD,Accord Synergy Limited,INE113X01015,SM,NSE,SME,2026-01-03
ACCPL,Accretion Pharmaceuticals Limited,INE0T8T01010,ST,NSE,SME,2026-01-03
ACCURACY,Accuracy Shipping Limited,,EQ,NSE,Mainboard,2026-01-03
ACE,Action Construction Equipment Limited,,EQ,NSE,Mainboard,2026-01-03
ACEINTEG,Ace Integrated Solutions Limited,,EQ,NSE,Mainboard,2026-01-03
ACI,Archean Chemical Industries Limited,,EQ,NSE,Mainboard,2026-01-03
ACL,Andhra Cements Limited,,EQ,NSE,Mainboard,2026-01-03
ACMESOLAR,Acme Solar Holdings Limited,,EQ,NSE,Mainboard,2026-01-03
ACTIVEINFR,Active Infrastructures Limited,INE0KLO01025,SM,NSE,SME,2026-01-03
ACUTAAS,Acutaas Chemicals Limited,,EQ,NSE,Mainboard,2026-01-03
ADANIENSOL,Adani Energy Solutions Limited,,EQ,NSE,Mainboard,2026-01-03
ADANIENT,Adani Enterprises Limited,,EQ,NSE,Mainboard,2026-01-03
ADANIGREEN,Adani Green Energy Limited,,EQ,NSE,Mainboard,2026-01-03
ADANIPORTS,Adani Ports and Special Economic Zone Limited,,EQ,NSE,Mainboard,2026-01-03
ADANIPOWER,Adani Power Limited,,EQ,NSE,Mainboard,2026-01-03
ADDICTIVE,Addictive Learning Technology Limited,INE0RDH01021,SM,NSE,SME,2026-01-03
ADFFOODS,ADF Foods Limited,,EQ,NSE,Mainboard,2026-01-03
ADL,Archidply Decor Limited,,EQ,NSE,Mainboard,2026-01-03
ADOR,Ador Welding Limited,,EQ,NSE,Mainboard,2026-01-03
ADROITINFO,Adroit Infotech Limited,,EQ,NSE,Mainboard,2026-01-03
ADSL,Allied Digital Services Limited,,EQ,NSE,Mainboard,2026-01-03
ADVANCE,Advance Agrolife Limited,,EQ,NSE,Mainboard,2026-01-03
ADVANIHOTR,Advani Hotels & Resorts (India) Limited,,EQ,NSE,Mainboard,2026-01-03
ADVENTHTL,Advent Hotels International Limited,,EQ,NSE,Mainboard,2026-01-03
ADVENZYMES,Advanced Enzyme Technologies Limited,,EQ,NSE,Mainboard,2026-01-03
AEGISLOG,Aegis Logistics Limited,,EQ,NSE,Mainboard,2026-01-03
AEGISVOPAK,Aegis Vopak Terminals Limited,,EQ,NSE,Mainboard,2026-01-03
AEQUS,Aequs Limited,,EQ,NSE,Mainboard,2026-01-03
AEROENTER,Aeroflex Enterprises Limited,,EQ,NSE,Mainboard,2026-01-03
AEROFLEX,Aeroflex Industries Limited,,EQ,NSE,Mainboard,2026-01-03
AERON,Aeron Composite Limited,INE0WL801011,SM,NSE,SME,2026-01-03
AERONEU,Aeroflex Neu Limited,,EQ,NSE,Mainboard,2026-01-03
AESTHETIK,Aesthetik Engineers Limited,INE0TSF01011,SM,NSE,SME,2026-01-03
AETHER,Aether Industries Limited,,EQ,NSE,Mainboard,2026-01-03
AFCONS,Afcons Infrastructure Limited,,EQ,NSE,Mainboard,2026-01-03
AFFLE,Affle 3i Limited,,EQ,NSE,Mainboard,2026-01-03
AFFORDABLE,Affordable Robotic & Automation Limited,,EQ,NSE,Mainboard,2026-01-03
AFIL,Akme Fintrade (India) Limited,,EQ,NSE,Mainboard,2026-01-03
AFSL,Abans Financial Services Limited,,EQ,NSE,Mainboard,2026-01-03
AGARIND,Agarwal Industrial Corporation Limited,,EQ,NSE,Mainboard,2026-01-03
AGARWALEYE,Dr. Agarwal's Health Care Limited,,EQ,NSE,Mainboard,2026-01-03
AGARWALFT,Agarwal Float Glass India Limited,INE0MLA01012,SM,NSE,SME,2026-01-03
AGARWALTUF,Agarwal Toughened Glass India Limited,INE0P8X01016,SM,NSE,SME,2026-01-03
AGI,AGI Greenpac Limited,,EQ,NSE,Mainboard,2026-01-03
AGIIL,Agi Infra Limited,,EQ,NSE,Mainboard,2026-01-03
AGNI,Agni Green Power Limited,INE0LF301013,SM,NSE,SME,2026-01-03
AGRITECH,Agri-Tech (India) Limited,,BE,NSE,Mainboard,2026-01-03
AGROPHOS,Agro Phos India Limited,,EQ,NSE,Mainboard,2026-01-03
AGSTRA,AGS Transact Technologies Limited,,BZ,NSE,Mainboard,2026-01-03
AGUL,A G Universal Limited,INE0O6N01012,SM,NSE,SME,2026-01-03
AHCL,Anlon Healthcare Limited,,EQ,NSE,Mainboard,2026-01-03
AHIMSA,Ahimsa Industries Limited,INE136T01014,ST,NSE,SME,2026-01-03
AHLADA,Ahlada Engineers Limited,,EQ,NSE,Mainboard,2026-01-03
AHLEAST,Asian Hotels (East) Limited,,EQ,NSE,Mainboard,2026-01-03
AHLUCONT,Ahluwalia Contracts (India) Limited,,EQ,NSE,Mainboard,2026-01-03
AIAENG,AIA Engineering Limited,,EQ,NSE,Mainboard,2026-01-03
AIIL,Authum Investment & Infrastructure Limited,,EQ,NSE,Mainboard,2026-01-03
AILIMITED,Abhishek Integrations Limited,INE0CAJ01017,SM,NSE,SME,2026-01-03
AIMTRON,Aimtron Electronics Limited,INE0RUV01018,ST,NSE,SME,2026-01-03
AIRAN,Airan Limited,,EQ,NSE,Mainboard,2026-01-03
AIROLAM,Airo Lam limited,,EQ,NSE,Mainboard,2026-01-03
AISL,ANI Integrated Services Limited,INE635Y01015,SM,NSE,SME,2026-01-03
AJANTPHARM,Ajanta Pharma Limited,,EQ,NSE,Mainboard,2026-01-03
AJAXENGG,Ajax Engineering Limited,,EQ,NSE,Mainboard,2026-01-03
AJMERA,Ajmera Realty & Infra India Limited,,EQ,NSE,Mainboard,2026-01-03
AJOONI,Ajooni Biotech Limited,,EQ,NSE,Mainboard,2026-01-03
AKANKSHA,Akanksha Power and Infrastructure Limited,INE0PCY01014,SM,NSE,SME,2026-01-03
AKASH,Akash Infra-Projects Limited,,EQ,NSE,Mainboard,2026-01-03
AKG,Akg Exim Limited,,EQ,NSE,Mainboard,2026-01-03
AKI,AKI India Limited,,EQ,NSE,Mainboard,2026-01-03
AKIKO,Akiko Global Services Limited,INE0PMR01017,ST,NSE,SME,2026-01-03
AKSHAR,Akshar Spintex Limited,,EQ,NSE,Mainboard,2026-01-03
AKSHARCHEM,AksharChem India Limited,,EQ,NSE,Mainboard,2026-01-03
AKSHOPTFBR,Aksh Optifibre Limited,,EQ,NSE,Mainboard,2026-01-03
AKUMS,Akums Drugs and Pharmaceuticals Limited,,EQ,NSE,Mainboard,2026-01-03
AKZOINDIA,Akzo Nobel India Limited,,EQ,NSE,Mainboard,2026-01-03
ALANKIT,Alankit Limited,,EQ,NSE,Mainboard,2026-01-03
ALBERTDAVD,Albert David Limited,,EQ,NSE,Mainboard,2026-01-03
ALCODIS,Alcokraft Distilleries Limited,INE448V01019,SM,NSE,SME,2026-01-03
ALEMBICLTD,Alembic Limited,,EQ,NSE,Mainboard,2026-01-03
ALICON,Alicon Castalloy Limited,,EQ,NSE,Mainboard,2026-01-03
ALIVUS,Alivus Life Sciences Limited,,EQ,NSE,Mainboard,2026-01-03
ALKALI,Alkali Metals Limited,,EQ,NSE,Mainboard,2026-01-03
ALKEM,Alkem Laboratories Limited,,EQ,NSE,Mainboard,2026-01-03
ALKYLAMINE,Alkyl Amines Chemicals Limited,,EQ,NSE,Mainboard,2026-01-03
ALLCARGO,Allcargo Logistics Limited,,EQ,NSE,Mainboard,2026-01-03
ALLDIGI,Alldigi Tech Limited,,EQ,NSE,Mainboard,2026-01-03
ALLETEC,All E Technologies Limited,INE0M2X01012,SM,NSE,SME,2026-01-03
ALLTIME,All Time Plastics Limited,,EQ,NSE,Mainboard,2026-01-03
ALMONDZ,Almondz Global Securities Limited,,EQ,NSE,Mainboard,2026-01-03
ALOKINDS,Alok Industries Limited,,EQ,NSE,Mainboard,2026-01-03
ALPA,Alpa Laboratories Limited,,EQ,NSE,Mainboard,2026-01-03
ALPEXSOLAR,Alpex Solar Limited,INE0R4701017,SM,NSE,SME,2026-01-03
ALPHAGEO,Alphageo (India) Limited,,EQ,NSE,Mainboard,2026-01-03
ALUWIND,ALUWIND INFRA-TECH LIMITED,INE0STM01017,SM,NSE,SME,2026-01-03
AMANTA,Amanta Healthcare Limited,,EQ,NSE,Mainboard,2026-01-03
AMBANIORGO,AMBANI ORGOCHEM LIMITED,INE00C501018,SM,NSE,SME,2026-01-03
AMBER,Amber Enterprises India Limited,,EQ,NSE,Mainboard,2026-01-03
AMBEY,Ambey Laboratories Limited,INE0M3I01029,SM,NSE,SME,2026-01-03
AMBICAAGAR,Ambica Agarbathies & Aroma industries Limited,,EQ,NSE,Mainboard,2026-01-03
AMBIKCO,Ambika Cotton Mills Limited,,EQ,NSE,Mainboard,2026-01-03
AMBUJACEM,Ambuja Cements Limited,,EQ,NSE,Mainboard,2026-01-03
AMCL,ANB Metal Cast Limited,INE0VG001016,ST,NSE,SME,2026-01-03
AMDIND,AMD Industries Limited,,EQ,NSE,Mainboard,2026-01-03
AMEYA,Ameya Precision Engineers Limited,INE0KT901015,SM,NSE,SME,2026-01-03
AMIABLE,Amiable Logistics (India) Limited,INE0MTP01013,SM,NSE,SME,2026-01-03
AMJLAND,Amj Land Holdings Limited,,EQ,NSE,Mainboard,2026-01-03
AMJUMBO,A and M Jumbo Bags Limited,INE749Y01014,SM,NSE,SME,2026-01-03
AMNPLST,Amines & Plasticizers Limited,,EQ,NSE,Mainboard,2026-01-03
AMRUTANJAN,Amrutanjan Health Care Limited,,EQ,NSE,Mainboard,2026-01-03
ANANDRATHI,Anand Rathi Wealth Limited,,EQ,NSE,Mainboard,2026-01-03
ANANTRAJ,Anant Raj Limited,,EQ,NSE,Mainboard,2026-01-03
ANDHRAPAP,ANDHRA PAPER LIMITED,,EQ,NSE,Mainboard,2026-01-03
ANDHRSUGAR,The Andhra Sugars Limited,,EQ,NSE,Mainboard,2026-01-03
ANGELONE,Angel One Limited,,EQ,NSE,Mainboard,2026-01-03
ANIKINDS,Anik Industries Limited,,EQ,NSE,Mainboard,2026-01-03
ANKITMETAL,Ankit Metal & Power Limited,,BZ,NSE,Mainboard,2026-01-03
ANLON,Anlon Technology Solutions Limited,INE0LR101013,SM,NSE,SME,2026-01-03
ANMOL,Anmol India Limited,,EQ,NSE,Mainboard,2026-01-03
ANNAPURNA,Annapurna Swadisht Limited,INE0MGM01017,SM,NSE,SME,2026-01-03
ANONDITA,Anondita Medicare Limited,INE0VTV01012,ST,NSE,SME,2026-01-03
ANSALAPI,Ansal Properties & Infrastructure Limited,,BZ,NSE,Mainboard,2026-01-03
ANTELOPUS,Antelopus Selan Energy Limited,,EQ,NSE,Mainboard,2026-01-03
ANTGRAPHIC,Antarctica Limited,,EQ,NSE,Mainboard,2026-01-03
ANTHEM,Anthem Biosciences Limited,,EQ,NSE,Mainboard,2026-01-03
ANUHPHR,Anuh Pharma Limited,,EQ,NSE,Mainboard,2026-01-03
ANUP,The Anup Engineering Limited,,EQ,NSE,Mainboard,2026-01-03
ANURAS,Anupam Rasayan India Limited,,EQ,NSE,Mainboard,2026-01-03
ANYA,Anya Polytech & Fertilizers Limited,INE0SI601032,SM,NSE,SME,2026-01-03
APARINDS,Apar Industries Limited,,EQ,NSE,Mainboard,2026-01-03
APCL,Anjani Portland Cement Limited,,EQ,NSE,Mainboard,2026-01-03
APCOTEXIND,Apcotex Industries Limited,,EQ,NSE,Mainboard,2026-01-03
APEX,Apex Frozen Foods Limited,,EQ,NSE,Mainboard,2026-01-03
APEXECO,Apex Ecotech Limited,INE0T4V01015,SM,NSE,SME,2026-01-03
APLAPOLLO,APL Apollo Tubes Limited,,EQ,NSE,Mainboard,2026-01-03
APLLTD,Alembic Pharmaceuticals Limited,,EQ,NSE,Mainboard,2026-01-03
APOLLO,Apollo Micro Systems Limited,,EQ,NSE,Mainboard,2026-01-03
APOLLOHOSP,Apollo Hospitals Enterprise Limited,,EQ,NSE,Mainboard,2026-01-03
APOLLOPIPE,Apollo Pipes Limited,,EQ,NSE,Mainboard,2026-01-03
APOLLOTYRE,Apollo Tyres Limited,,EQ,NSE,Mainboard,2026-01-03
APOLSINHOT,Apollo Sindoori Hotels Limited,,EQ,NSE,Mainboard,2026-01-03
APRAMEYA,Aprameya Engineering Limited,INE0LQG01010,SM,NSE,SME,2026-01-03
APS,Australian Premium Solar (India) Limited,INE0P0001010,SM,NSE,SME,2026-01-03
APTECHT,Aptech Limited,,EQ,NSE,Mainboard,2026-01-03
APTUS,Aptus Value Housing Finance India Limited,,EQ,NSE,Mainboard,2026-01-03
ARABIAN,Arabian Petroleum Limited,INE08NJ01024,SM,NSE,SME,2026-01-03
ARCHIDPLY,Archidply Industries Limited,,EQ,NSE,Mainboard,2026-01-03
ARCHIES,Archies Limited,,EQ,NSE,Mainboard,2026-01-03
ARCIIL,ARC Insulation & Insulators Limited,INE0YDV01010,SM,NSE,SME,2026-01-03
ARENTERP,Rajdarshan Industries Limited,,EQ,NSE,Mainboard,2026-01-03
ARFIN,Arfin India Limited,,EQ,NSE,Mainboard,2026-01-03
ARHAM,Arham Technologies Limited,INE0L2Y01011,ST,NSE,SME,2026-01-03
ARIES,Aries Agro Limited,,EQ,NSE,Mainboard,2026-01-03
ARIHANTACA,Arihant Academy Limited,INE0NCC01015,ST,NSE,SME,2026-01-03
ARIHANTCAP,Arihant Capital Markets Limited,,EQ,NSE,Mainboard,2026-01-03
ARIHANTSUP,Arihant Superstructures Limited,,EQ,NSE,Mainboard,2026-01-03
ARISINFRA,Arisinfra Solutions Limited,,EQ,NSE,Mainboard,2026-01-03
ARISTO,Aristo Bio-Tech And Lifescience Limited,INE082101010,SM,NSE,SME,2026-01-03
ARKADE,Arkade Developers Limited,,EQ,NSE,Mainboard,2026-01-03
ARMANFIN,Arman Financial Services Limited,,EQ,NSE,Mainboard,2026-01-03
AROGRANITE,Aro Granite Industries Limited,,EQ,NSE,Mainboard,2026-01-03
ARROWGREEN,Arrow Greentech Limited,,EQ,NSE,Mainboard,2026-01-03
ARSHIYA,Arshiya Limited,,BZ,NSE,Mainboard,2026-01-03
ARSSBL,Anand Rathi Share and Stock Brokers Limited,,EQ,NSE,Mainboard,2026-01-03
ARTEMISMED,Artemis Medicare Services Limited,,EQ,NSE,Mainboard,2026-01-03
ARTNIRMAN,Art Nirman Limited,,EQ,NSE,Mainboard,2026-01-03
ARUNAYA,Arunaya Organics Limited,INE0TTG01017,SM,NSE,SME,2026-01-03
ARVEE,Arvee Laboratories (India) Limited,,BE,NSE,Mainboard,2026-01-03
ARVIND,Arvind Limited,,EQ,NSE,Mainboard,2026-01-03
ARVINDFASN,Arvind Fashions Limited,,EQ,NSE,Mainboard,2026-01-03
ARVINDPORT,ARVIND PORT AND INFRA LIMITED,INE0P4T01013,SM,NSE,SME,2026-01-03
ARVSMART,Arvind SmartSpaces Limited,,EQ,NSE,Mainboard,2026-01-03
ASAHIINDIA,Asahi India Glass Limited,,EQ,NSE,Mainboard,2026-01-03
ASAHISONG,Asahi Songwon Colors Limited,,EQ,NSE,Mainboard,2026-01-03
ASAL,Automotive Stampings and Assemblies Limited,,EQ,NSE,Mainboard,2026-01-03
ASALCBR,Associated Alcohols & Breweries Ltd.,,EQ,NSE,Mainboard,2026-01-03
ASCOM,Ascom Leasing & Investments Limited,INE08KD01015,ST,NSE,SME,2026-01-03
ASHALOG,Ashapura Logistics Limited,INE0LAA01017,SM,NSE,SME,2026-01-03
ASHAPURMIN,Ashapura Minechem Limited,,EQ,NSE,Mainboard,2026-01-03
ASHIANA,Ashiana Housing Limited,,EQ,NSE,Mainboard,2026-01-03
ASHIMASYN,Ashima Limited,,EQ,NSE,Mainboard,2026-01-03
ASHOKA,Ashoka Buildcon Limited,,EQ,NSE,Mainboard,2026-01-03
ASHOKAMET,Ashoka Metcast Limited,,EQ,NSE,Mainboard,2026-01-03
ASHOKLEY,Ashok Leyland Limited,,EQ,NSE,Mainboard,2026-01-03
ASHWINI,Ashwini Container Movers Limited,INE1A6Q01010,ST,NSE,SME,2026-01-03
ASIANENE,Asian Energy Services Limited,,EQ,NSE,Mainboard,2026-01-03
ASIANHOTNR,Asian Hotels (North) Limited,,EQ,NSE,Mainboard,2026-01-03
ASIANPAINT,Asian Paints Limited,,EQ,NSE,Mainboard,2026-01-03
ASIANTILES,Asian Granito India Limited,,EQ,NSE,Mainboard,2026-01-03
ASKAUTOLTD,ASK Automotive Limited,,EQ,NSE,Mainboard,2026-01-03
ASLIND,ASL Industries Limited,INE617I01024,ST,NSE,SME,2026-01-03
ASMS,Bartronics India Limited,,EQ,NSE,Mainboard,2026-01-03
ASPINWALL,Aspinwall and Company Limited,,EQ,NSE,Mainboard,2026-01-03
ASPIRE,Aspire & Innovative Advertising Limited,INE0S7801010,SM,NSE,SME,2026-01-03
ASTEC,Astec LifeSciences Limited,,EQ,NSE,Mainboard,2026-01-03
ASTERDM,Aster DM Healthcare Limited,,EQ,NSE,Mainboard,2026-01-03
ASTRAL,Astral Limited,,EQ,NSE,Mainboard,2026-01-03
ASTRAMICRO,Astra Microwave Products Limited,,EQ,NSE,Mainboard,2026-01-03
ASTRAZEN,AstraZeneca Pharma India Limited,,EQ,NSE,Mainboard,2026-01-03
ASTRON,Astron Paper & Board Mill Limited,,EQ,NSE,Mainboard,2026-01-03
ATALREAL,Atal Realtech Limited,,EQ,NSE,Mainboard,2026-01-03
ATAM,Atam Valves Limited,,EQ,NSE,Mainboard,2026-01-03
ATCENERGY,ATC Energies System Limited,INE0V0Q01019,SM,NSE,SME,2026-01-03
ATGL,Adani Total Gas Limited,,EQ,NSE,Mainboard,2026-01-03
ATHERENERG,Ather Energy Limited,,EQ,NSE,Mainboard,2026-01-03
ATL,Allcargo Terminals Limited,,EQ,NSE,Mainboard,2026-01-03
ATLANTAA,ATLANTAA LIMITED,,BE,NSE,Mainboard,2026-01-03
ATLANTAELE,Atlanta Electricals Limited,,EQ,NSE,Mainboard,2026-01-03
ATLASCYCLE,Atlas Cycles (Haryana) Limited,,EQ,NSE,Mainboard,2026-01-03
ATMASTCO,Atmastco Limited,INE05DH01017,SM,NSE,SME,2026-01-03
ATUL,Atul Limited,,EQ,NSE,Mainboard,2026-01-03
ATULAUTO,Atul Auto Limited,,EQ,NSE,Mainboard,2026-01-03
AUBANK,AU Small Finance Bank Limited,,EQ,NSE,Mainboard,2026-01-03
AURIGROW,Auri Grow India Limited,,BE,NSE,Mainboard,2026-01-03
AURIONPRO,Aurionpro Solutions Limited,,EQ,NSE,Mainboard,2026-01-03
AUROIMPEX,Auro Impex  & Chemicals Limited,INE0NUL01018,SM,NSE,SME,2026-01-03
AUROPHARMA,Aurobindo Pharma Limited,,EQ,NSE,Mainboard,2026-01-03
AURUM,Aurum PropTech Limited,,EQ,NSE,Mainboard,2026-01-03
AUSL,Aditya Ultra Steel Limited,INE01YQ01013,SM,NSE,SME,2026-01-03
AUSOMENT,Ausom Enterprise Limited,,EQ,NSE,Mainboard,2026-01-03
AUTOAXLES,Automotive Axles Limited,,EQ,NSE,Mainboard,2026-01-03
AUTOIND,Autoline Industries Limited,,EQ,NSE,Mainboard,2026-01-03
AVADHSUGAR,Avadh Sugar & Energy Limited,,EQ,NSE,Mainboard,2026-01-03
AVALON,Avalon Technologies Limited,,EQ,NSE,Mainboard,2026-01-03
AVANTEL,Avantel Limited,,EQ,NSE,Mainboard,2026-01-03
AVANTIFEED,Avanti Feeds Limited,,EQ,NSE,Mainboard,2026-01-03
AVG,AVG Logistics Limited,,EQ,NSE,Mainboard,2026-01-03
AVIANSH,Avi Ansh Textile Limited,INE0TFB01017,SM,NSE,SME,2026-01-03
AVL,Aditya Vision Limited,,EQ,NSE,Mainboard,2026-01-03
AVONMORE,Avonmore Capital & Management Services Limited,,EQ,NSE,Mainboard,2026-01-03
AVPINFRA,AVP Infracon Limited,INE0R9401019,SM,NSE,SME,2026-01-03
AVROIND,AVRO INDIA LIMITED,,EQ,NSE,Mainboard,2026-01-03
AVSL,AVSL Industries Limited,INE522V01011,ST,NSE,SME,2026-01-03
AVTNPL,AVT Natural Products Limited,,EQ,NSE,Mainboard,2026-01-03
AWFIS,Awfis Space Solutions Limited,,EQ,NSE,Mainboard,2026-01-03
AWHCL,Antony Waste Handling Cell Limited,,EQ,NSE,Mainboard,2026-01-03
AWL,AWL Agri Business Limited,,EQ,NSE,Mainboard,2026-01-03
AXISBANK,Axis Bank Limited,,EQ,NSE,Mainboard,2026-01-03
AXISCADES,AXISCADES Technologies Limited,,BE,NSE,Mainboard,2026-01-03
AXITA,Axita Cotton Limited,,BE,NSE,Mainboard,2026-01-03
AYMSYNTEX,AYM Syntex Limited,,EQ,NSE,Mainboard,2026-01-03
AZAD,Azad Engineering Limited,,EQ,NSE,Mainboard,2026-01-03
BABAFP,Baba Food Processing (India) Limited,INE0QW501012,SM,NSE,SME,2026-01-03
BAFNAPH,Bafna Pharmaceuticals Limited,,BE,NSE,Mainboard,2026-01-03
BAGDIGITAL,B.A.G. Convergence Limited,INE17CQ01015,SM,NSE,SME,2026-01-03
BAGFILMS,B.A.G Films and Media Limited,,EQ,NSE,Mainboard,2026-01-03
BAHETI,Baheti Recycling Industries Limited,INE029Q01017,SM,NSE,SME,2026-01-03
BAIDFIN,Baid Finserv Limited,,EQ,NSE,Mainboard,2026-01-03
BAJAJ-AUTO,Bajaj Auto Limited,,EQ,NSE,Mainboard,2026-01-03
BAJAJCON,Bajaj Consumer Care Limited,,EQ,NSE,Mainboard,2026-01-03
BAJAJELEC,Bajaj Electricals Limited,,EQ,NSE,Mainboard,2026-01-03
BAJAJFINSV,Bajaj Finserv Limited,,EQ,NSE,Mainboard,2026-01-03
BAJAJHCARE,Bajaj Healthcare Limited,,EQ,NSE,Mainboard,2026-01-03
BAJAJHFL,Bajaj Housing Finance Limited,,EQ,NSE,Mainboard,2026-01-03
BAJAJHIND,Bajaj Hindusthan Sugar Limited,,EQ,NSE,Mainboard,2026-01-03
BAJAJHLDNG,Bajaj Holdings & Investment Limited,,EQ,NSE,Mainboard,2026-01-03
BAJAJINDEF,Indef Manufacturing Limited,,EQ,NSE,Mainboard,2026-01-03
BAJEL,Bajel Projects Limited,,EQ,NSE,Mainboard,2026-01-03
BAJFINANCE,Bajaj Finance Limited,,EQ,NSE,Mainboard,2026-01-03
BALAJEE,Shree Tirupati Balajee Agro Trading Company Limited,,EQ,NSE,Mainboard,2026-01-03
BALAJIPHOS,Balaji Phosphates Limited,INE0PQ601019,SM,NSE,SME,2026-01-03
BALAJITELE,Balaji Telefilms Limited,,EQ,NSE,Mainboard,2026-01-03
BALAMINES,Balaji Amines Limited,,EQ,NSE,Mainboard,2026-01-03
BALAXI,BALAXI PHARMACEUTICALS LIMITED,,EQ,NSE,Mainboard,2026-01-03
BALCO,Solve Plastic Products Limited,INE0U0201016,SM,NSE,SME,2026-01-03
BALKRISHNA,Balkrishna Paper Mills Limited,,EQ,NSE,Mainboard,2026-01-03
BALKRISIND,Balkrishna Industries Limited,,EQ,NSE,Mainboard,2026-01-03
BALMLAWRIE,Balmer Lawrie & Company Limited,,EQ,NSE,Mainboard,2026-01-03
BALPHARMA,Bal Pharma Limited,,EQ,NSE,Mainboard,2026-01-03
BALRAMCHIN,Balrampur Chini Mills Limited,,EQ,NSE,Mainboard,2026-01-03
BALUFORGE,Balu Forge Industries Limited,,EQ,NSE,Mainboard,2026-01-03
BANARBEADS,Banaras Beads Limited,,EQ,NSE,Mainboard,2026-01-03
BANARISUG,Bannari Amman Sugars Limited,,EQ,NSE,Mainboard,2026-01-03
BANCOINDIA,Banco Products (I) Limited,,EQ,NSE,Mainboard,2026-01-03
BANDHANBNK,Bandhan Bank Limited,,EQ,NSE,Mainboard,2026-01-03
BANG,Bang Overseas Limited,,EQ,NSE,Mainboard,2026-01-03
BANKA,Banka BioLoo Limited,,EQ,NSE,Mainboard,2026-01-03
BANKBARODA,Bank of Baroda,,EQ,NSE,Mainboard,2026-01-03
BANKINDIA,Bank of India,,EQ,NSE,Mainboard,2026-01-03
BANSALWIRE,Bansal Wire Industries Limited,,EQ,NSE,Mainboard,2026-01-03
BANSWRAS,Banswara Syntex Limited,,EQ,NSE,Mainboard,2026-01-03
BARFLEX,Barflex Polyfilms Limited,INE0QX401014,SM,NSE,SME,2026-01-03
BASF,BASF India Limited,,EQ,NSE,Mainboard,2026-01-03
BASILIC,Basilic Fly Studio Limited,INE0OCC01013,SM,NSE,SME,2026-01-03
BASML,Bannari Amman Spinning Mills Limited,,EQ,NSE,Mainboard,2026-01-03
BATAINDIA,Bata India Limited,,EQ,NSE,Mainboard,2026-01-03
BAWEJA,Baweja Studios Limited,INE0JFJ01011,SM,NSE,SME,2026-01-03
BAYERCROP,Bayer Cropscience Limited,,EQ,NSE,Mainboard,2026-01-03
BBL,Bharat Bijlee Limited,,EQ,NSE,Mainboard,2026-01-03
BBOX,Black Box Limited,,EQ,NSE,Mainboard,2026-01-03
BBTC,Bombay Burmah Trading Corporation Limited,,EQ,NSE,Mainboard,2026-01-03
BBTCL,B&B Triplewall Containers Limited,,EQ,NSE,Mainboard,2026-01-03
BCG,Brightcom Group Limited,,EQ,NSE,Mainboard,2026-01-03
BCLIND,Bcl Industries Limited,,EQ,NSE,Mainboard,2026-01-03
BCONCEPTS,Brand Concepts Limited,,EQ,NSE,Mainboard,2026-01-03
BDL,Bharat Dynamics Limited,,EQ,NSE,Mainboard,2026-01-03
BEACON,Beacon Trusteeship Limited,INE639X01027,ST,NSE,SME,2026-01-03
BEARDSELL,Beardsell Limited,,EQ,NSE,Mainboard,2026-01-03
BECTORFOOD,Mrs. Bectors Food Specialities Limited,,EQ,NSE,Mainboard,2026-01-03
BEDMUTHA,Bedmutha Industries Limited,,EQ,NSE,Mainboard,2026-01-03
BEL,Bharat Electronics Limited,,EQ,NSE,Mainboard,2026-01-03
BELLACASA,Bella Casa Fashion & Retail Limited,,EQ,NSE,Mainboard,2026-01-03
BELRISE,Belrise Industries Limited,,EQ,NSE,Mainboard,2026-01-03
BEML,BEML Limited,,EQ,NSE,Mainboard,2026-01-03
BEPL,Bhansali Engineering Polymers Limited,,EQ,NSE,Mainboard,2026-01-03
BERGEPAINT,Berger Paints (I) Limited,,EQ,NSE,Mainboard,2026-01-03
BESTAGRO,Best Agrolife Limited,,EQ,NSE,Mainboard,2026-01-03
BETA,Beta Drugs Limited,,EQ,NSE,Mainboard,2026-01-03
BEWLTD,BEW Engineering Limited,INE0HQI01014,SM,NSE,SME,2026-01-03
BFINVEST,BF Investment Limited,,EQ,NSE,Mainboard,2026-01-03
BFUTILITIE,BF Utilities Limited,,BZ,NSE,Mainboard,2026-01-03
BGRENERGY,BGR Energy Systems Limited,,BE,NSE,Mainboard,2026-01-03
BHADORA,Bhadora Industries Limited,INE0ZRC01017,SM,NSE,SME,2026-01-03
BHAGCHEM,Bhagiradha Chemicals & Industries Limited,,EQ,NSE,Mainboard,2026-01-03
BHAGERIA,Bhageria Industries Limited,,EQ,NSE,Mainboard,2026-01-03
BHAGYANGR,Bhagyanagar India Limited,,BE,NSE,Mainboard,2026-01-03
BHANDARI,Bhandari Hosiery Exports Limited,,EQ,NSE,Mainboard,2026-01-03
BHARATFORG,Bharat Forge Limited,,EQ,NSE,Mainboard,2026-01-03
BHARATGEAR,Bharat Gears Limited,,BE,NSE,Mainboard,2026-01-03
BHARATRAS,Bharat Rasayan Limited,,EQ,NSE,Mainboard,2026-01-03
BHARATSE,Bharat Seats Limited,,EQ,NSE,Mainboard,2026-01-03
BHARATWIRE,Bharat Wire Ropes Limited,,EQ,NSE,Mainboard,2026-01-03
BHARTIARTL,Bharti Airtel Limited,,EQ,NSE,Mainboard,2026-01-03
BHARTIHEXA,Bharti Hexacom Limited,,EQ,NSE,Mainboard,2026-01-03
BHEL,Bharat Heavy Electricals Limited,,EQ,NSE,Mainboard,2026-01-03
BIGBLOC,Bigbloc Construction Limited,,EQ,NSE,Mainboard,2026-01-03
BIKAJI,Bikaji Foods International Limited,,EQ,NSE,Mainboard,2026-01-03
BIKEWO,Bikewo Green Tech Limited,INE0SQH01013,SM,NSE,SME,2026-01-03
BIL,Bhartiya International Limited,,EQ,NSE,Mainboard,2026-01-03
BILVYAPAR,BIL VYAPAR LIMITED,,BE,NSE,Mainboard,2026-01-03
BIOCON,Biocon Limited,,EQ,NSE,Mainboard,2026-01-03
BIOFILCHEM,Biofil Chemicals & Pharmaceuticals Limited,,EQ,NSE,Mainboard,2026-01-03
BIRDYS,Grill Splendour Services Limited,INE0PC901019,SM,NSE,SME,2026-01-03
BIRLACABLE,Birla Cable Limited,,EQ,NSE,Mainboard,2026-01-03
BIRLACORPN,Birla Corporation Limited,,EQ,NSE,Mainboard,2026-01-03
BIRLAMONEY,Aditya Birla Money Limited,,EQ,NSE,Mainboard,2026-01-03
BIRLANU,BirlaNu Limited,,EQ,NSE,Mainboard,2026-01-03
BLACKBUCK,BLACKBUCK LIMITED,,EQ,NSE,Mainboard,2026-01-03
BLAL,BEML Land Assets Limited,,EQ,NSE,Mainboard,2026-01-03
BLBLIMITED,BLB Limited,,EQ,NSE,Mainboard,2026-01-03
BLISSGVS,Bliss GVS Pharma Limited,,EQ,NSE,Mainboard,2026-01-03
BLKASHYAP,B. L. Kashyap and Sons Limited,,EQ,NSE,Mainboard,2026-01-03
BLS,BLS International Services Limited,,EQ,NSE,Mainboard,2026-01-03
BLSE,BLS E-Services Limited,,EQ,NSE,Mainboard,2026-01-03
BLUECOAST,Blue Coast Hotels Limited,,BE,NSE,Mainboard,2026-01-03
BLUEDART,Blue Dart Express Limited,,EQ,NSE,Mainboard,2026-01-03
BLUEJET,Blue Jet Healthcare Limited,,EQ,NSE,Mainboard,2026-01-03
BLUEPEBBLE,Blue Pebble Limited,INE0SAK01011,SM,NSE,SME,2026-01-03
BLUESTARCO,Blue Star Limited,,EQ,NSE,Mainboard,2026-01-03
BLUESTONE,BlueStone Jewellery and Lifestyle Limited,,EQ,NSE,Mainboard,2026-01-03
BLUEWATER,Blue Water Logistics Limited,INE0X3M01010,SM,NSE,SME,2026-01-03
BLUSPRING,Bluspring Enterprises Limited,,EQ,NSE,Mainboard,2026-01-03
BMETRICS,Bombay Metrics Supply Chain Limited,INE0I3Y01014,SM,NSE,SME,2026-01-03
BMWVENTLTD,BMW Ventures Limited,,EQ,NSE,Mainboard,2026-01-03
BODALCHEM,Bodal Chemicals Limited,,EQ,NSE,Mainboard,2026-01-03
BOHRAIND,Bohra Industries Limited,,EQ,NSE,Mainboard,2026-01-03
BOMDYEING,Bombay Dyeing & Mfg Company Limited,,EQ,NSE,Mainboard,2026-01-03
BORANA,Borana Weaves Limited,,BE,NSE,Mainboard,2026-01-03
BOROLTD,Borosil Limited,,EQ,NSE,Mainboard,2026-01-03
BORORENEW,BOROSIL RENEWABLES LIMITED,,EQ,NSE,Mainboard,2026-01-03
BOROSCI,Borosil Scientific Limited,,EQ,NSE,Mainboard,2026-01-03
BOSCH-HCIL,BOSCH HOME COMFORT INDIA LIMITED,,EQ,NSE,Mainboard,2026-01-03
BOSCHLTD,Bosch Limited,,EQ,NSE,Mainboard,2026-01-03
BOSS,Boss Packaging Solutions Limited,INE0QNI01012,SM,NSE,SME,2026-01-03
BPCL,Bharat Petroleum Corporation Limited,,EQ,NSE,Mainboard,2026-01-03
BPL,BPL Limited,,EQ,NSE,Mainboard,2026-01-03
BRACEPORT,Brace Port Logistics Limited,INE0R4Z01018,SM,NSE,SME,2026-01-03
BRIGADE,Brigade Enterprises Limited,,EQ,NSE,Mainboard,2026-01-03
BRIGHOTEL,Brigade Hotel Ventures Limited,,EQ,NSE,Mainboard,2026-01-03
BRITANNIA,Britannia Industries Limited,,EQ,NSE,Mainboard,2026-01-03
BRNL,Bharat Road Network Limited,,EQ,NSE,Mainboard,2026-01-03
BROOKS,Brooks Laboratories Limited,,EQ,NSE,Mainboard,2026-01-03
BSE,BSE Limited,,EQ,NSE,Mainboard,2026-01-03
BSHSL,Bombay Super Hybrid Seeds Limited,,EQ,NSE,Mainboard,2026-01-03
BSL,BSL Limited,,EQ,NSE,Mainboard,2026-01-03
BSOFT,BIRLASOFT LIMITED,,EQ,NSE,Mainboard,2026-01-03
BTML,Bodhi Tree Multimedia Limited,,EQ,NSE,Mainboard,2026-01-03
BULKCORP,Bulkcorp International Limited,INE0SZ301012,SM,NSE,SME,2026-01-03
BUTTERFLY,Butterfly Gandhimathi Appliances Limited,,EQ,NSE,Mainboard,2026-01-03
BVCL,Barak Valley Cements Limited,,EQ,NSE,Mainboard,2026-01-03
BYKE,The Byke Hospitality Ltd,,EQ,NSE,Mainboard,2026-01-03
C2C,C2C Advanced Systems Limited,INE0U7V01015,SM,NSE,SME,2026-01-03
CADSYS,Cadsys (India) Limited,INE090Y01013,SM,NSE,SME,2026-01-03
CALSOFT,California Software Company Limited,,EQ,NSE,Mainboard,2026-01-03
CAMLINFINE,Camlin Fine Sciences Limited,,EQ,NSE,Mainboard,2026-01-03
CAMPUS,Campus Activewear Limited,,EQ,NSE,Mainboard,2026-01-03
CAMS,Computer Age Management Services Limited,,EQ,NSE,Mainboard,2026-01-03
CANARYS,Canarys Automations Limited,INE0QG301017,SM,NSE,SME,2026-01-03
CANBK,Canara Bank,,EQ,NSE,Mainboard,2026-01-03
CANFINHOME,Can Fin Homes Limited,,EQ,NSE,Mainboard,2026-01-03
CANHLIFE,Canara HSBC Life Insurance Company Limited,,EQ,NSE,Mainboard,2026-01-03
CANTABIL,Cantabil Retail India Limited,,EQ,NSE,Mainboard,2026-01-03
CAPACITE,Capacit'e Infraprojects Limited,,EQ,NSE,Mainboard,2026-01-03
CAPILLARY,Capillary Technologies India Limited,,EQ,NSE,Mainboard,2026-01-03
CAPITALSFB,Capital Small Finance Bank Limited,,EQ,NSE,Mainboard,2026-01-03
CAPLIPOINT,Caplin Point Laboratories Limited,,EQ,NSE,Mainboard,2026-01-03
CAPTRUST,Capital Trust Limited,,EQ,NSE,Mainboard,2026-01-03
CARBORUNIV,Carborundum Universal Limited,,EQ,NSE,Mainboard,2026-01-03
CARERATING,CARE Ratings Limited,,EQ,NSE,Mainboard,2026-01-03
CARRARO,Carraro India Limited,,EQ,NSE,Mainboard,2026-01-03
CARTRADE,Cartrade Tech Limited,,EQ,NSE,Mainboard,2026-01-03
CARYSIL,CARYSIL LIMITED,,EQ,NSE,Mainboard,2026-01-03
CASTROLIND,Castrol India Limited,,EQ,NSE,Mainboard,2026-01-03
CBAZAAR,Net Avenue Technologies Limited,INE518X01015,ST,NSE,SME,2026-01-03
CCCL,Consolidated Construction Consortium Limited,,BE,NSE,Mainboard,2026-01-03
CCHHL,Country Club Hospitality & Holidays Limited,,EQ,NSE,Mainboard,2026-01-03
CCL,CCL Products (India) Limited,,EQ,NSE,Mainboard,2026-01-03
CDSL,Central Depository Services (India) Limited,,EQ,NSE,Mainboard,2026-01-03
CEATLTD,CEAT Limited,,EQ,NSE,Mainboard,2026-01-03
CEDAAR,Cedaar Textile Limited,INE11J101017,SM,NSE,SME,2026-01-03
CEIGALL,Ceigall India Limited,,EQ,NSE,Mainboard,2026-01-03
CELEBRITY,Celebrity Fashions Limited,,EQ,NSE,Mainboard,2026-01-03
CELLECOR,Cellecor Gadgets Limited,INE0OMO01025,SM,NSE,SME,2026-01-03
CELLO,Cello World Limited,,EQ,NSE,Mainboard,2026-01-03
CELLPOINT,Cell Point (India) Limited,INE0O0001013,SM,NSE,SME,2026-01-03
CEMPRO,Cemindia Projects Limited,,EQ,NSE,Mainboard,2026-01-03
CENTENKA,Century Enka Limited,,EQ,NSE,Mainboard,2026-01-03
CENTEXT,Century Extrusions Limited,,BE,NSE,Mainboard,2026-01-03
CENTRALBK,Central Bank of India,,EQ,NSE,Mainboard,2026-01-03
CENTRUM,Centrum Capital Limited,,EQ,NSE,Mainboard,2026-01-03
CENTUM,Centum Electronics Limited,,EQ,NSE,Mainboard,2026-01-03
CENTURYPLY,Century Plyboards (India) Limited,,EQ,NSE,Mainboard,2026-01-03
CERA,Cera Sanitaryware Limited,,EQ,NSE,Mainboard,2026-01-03
CEREBRAINT,Cerebra Integrated Technologies Limited,,BZ,NSE,Mainboard,2026-01-03
CESC,CESC Limited,,EQ,NSE,Mainboard,2026-01-03
CEWATER,Concord Enviro Systems Limited,,EQ,NSE,Mainboard,2026-01-03
CGCL,Capri Global Capital Limited,,EQ,NSE,Mainboard,2026-01-03
CGPOWER,CG Power and Industrial Solutions Limited,,EQ,NSE,Mainboard,2026-01-03
CGRAPHICS,Creative Graphics Solutions India Limited,INE0R7401011,SM,NSE,SME,2026-01-03
CHALET,Chalet Hotels Limited,,EQ,NSE,Mainboard,2026-01-03
CHAMBLFERT,Chambal Fertilizers & Chemicals Limited,,EQ,NSE,Mainboard,2026-01-03
CHAMUNDA,Chamunda Electrical Limited,INE11HG01018,SM,NSE,SME,2026-01-03
CHANDAN,Chandan Healthcare Limited,INE0B2N01016,SM,NSE,SME,2026-01-03
CHAVDA,Chavda Infra Limited,INE0PT101017,SM,NSE,SME,2026-01-03
CHEMBOND,Chembond Material Technologies Limited,,EQ,NSE,Mainboard,2026-01-03
CHEMBONDCH,Chembond Chemicals Limited,,EQ,NSE,Mainboard,2026-01-03
CHEMCON,Chemcon Speciality Chemicals Limited,,EQ,NSE,Mainboard,2026-01-03
CHEMFAB,Chemfab Alkalis Limited,,EQ,NSE,Mainboard,2026-01-03
CHEMPLASTS,Chemplast Sanmar Limited,,EQ,NSE,Mainboard,2026-01-03
CHENNPETRO,Chennai Petroleum Corporation Limited,,EQ,NSE,Mainboard,2026-01-03
CHETANA,Chetana Education Limited,INE0U1T01012,SM,NSE,SME,2026-01-03
CHEVIOT,Cheviot Company Limited,,EQ,NSE,Mainboard,2026-01-03
CHOICEIN,Choice International Limited,,EQ,NSE,Mainboard,2026-01-03
CHOLAFIN,Cholamandalam Investment and Finance Company Limited,,EQ,NSE,Mainboard,2026-01-03
CHOLAHLDNG,Cholamandalam Financial Holdings Limited,,EQ,NSE,Mainboard,2026-01-03
CIEINDIA,CIE Automotive India Limited,,EQ,NSE,Mainboard,2026-01-03
CIFL,Capital India Finance Limited,,EQ,NSE,Mainboard,2026-01-03
CIGNITITEC,Cigniti Technologies Limited,,EQ,NSE,Mainboard,2026-01-03
CINELINE,Cineline India Limited,,EQ,NSE,Mainboard,2026-01-03
CINEVISTA,Cinevista Limited,,EQ,NSE,Mainboard,2026-01-03
CIPLA,Cipla Limited,,EQ,NSE,Mainboard,2026-01-03
CLASSICEIL,Classic Electrodes (India) Limited,INE0UQ601012,SM,NSE,SME,2026-01-03
CLEAN,Clean Science and Technology Limited,,EQ,NSE,Mainboard,2026-01-03
CLEDUCATE,CL Educate Limited,,EQ,NSE,Mainboard,2026-01-03
CLSEL,Chaman Lal Setia Exports Limited,,EQ,NSE,Mainboard,2026-01-03
CLSL,Crop Life Science Limited,INE00NH01017,SM,NSE,SME,2026-01-03
CMNL,Chaman Metallics Limited,INE06PV01010,SM,NSE,SME,2026-01-03
CMRSL,Cyber Media Research & Services Limited,INE075Z01011,SM,NSE,SME,2026-01-03
CMSINFO,CMS Info Systems Limited,,EQ,NSE,Mainboard,2026-01-03
CNL,Creative Newtech Limited,,EQ,NSE,Mainboard,2026-01-03
COALINDIA,Coal India Limited,,EQ,NSE,Mainboard,2026-01-03
COASTCORP,Coastal Corporation Limited,,BE,NSE,Mainboard,2026-01-03
COCHINSHIP,Cochin Shipyard Limited,,EQ,NSE,Mainboard,2026-01-03
COFFEEDAY,Coffee Day Enterprises Limited,,EQ,NSE,Mainboard,2026-01-03
COFORGE,Coforge Limited,,EQ,NSE,Mainboard,2026-01-03
COHANCE,Cohance Lifesciences Limited,,EQ,NSE,Mainboard,2026-01-03
COLPAL,Colgate Palmolive (India) Limited,,EQ,NSE,Mainboard,2026-01-03
COMMITTED,Committed Cargo Care Limited,INE597Z01014,SM,NSE,SME,2026-01-03
COMPINFO,Compuage Infocom Limited,,BZ,NSE,Mainboard,2026-01-03
COMPUSOFT,Compucom Software Limited,,EQ,NSE,Mainboard,2026-01-03
COMSYN,Commercial Syn Bags Limited,,BE,NSE,Mainboard,2026-01-03
CONCOR,Container Corporation of India Limited,,EQ,NSE,Mainboard,2026-01-03
CONCORDBIO,Concord Biotech Limited,,EQ,NSE,Mainboard,2026-01-03
CONFIPET,Confidence Petroleum India Limited,,EQ,NSE,Mainboard,2026-01-03
CONNPLEX,Connplex Cinemas Limited,INE0EAS01014,SM,NSE,SME,2026-01-03
CONSOFINVT,Consolidated Finvest & Holdings Limited,,EQ,NSE,Mainboard,2026-01-03
CONTI,Continental Seeds and Chemicals Limited,INE340Z01019,SM,NSE,SME,2026-01-03
CONTROLPR,Control Print Limited,,EQ,NSE,Mainboard,2026-01-03
COOLCAPS,Cool Caps Industries Limited,INE0HS001028,SM,NSE,SME,2026-01-03
CORALFINAC,Coral India Finance & Housing Limited,,EQ,NSE,Mainboard,2026-01-03
CORDSCABLE,Cords Cable Industries Limited,,EQ,NSE,Mainboard,2026-01-03
COROMANDEL,Coromandel International Limited,,EQ,NSE,Mainboard,2026-01-03
CORONA,CORONA Remedies Limited,,EQ,NSE,Mainboard,2026-01-03
COSMOFIRST,COSMO FIRST LIMITED,,EQ,NSE,Mainboard,2026-01-03
COUNCODOS,Country Condo's Limited,,EQ,NSE,Mainboard,2026-01-03
CPCAP,CP Capital Limited,,EQ,NSE,Mainboard,2026-01-03
CPEDU,Career Point Edutech Limited,,EQ,NSE,Mainboard,2026-01-03
CPPLUS,Aditya Infotech Limited,,EQ,NSE,Mainboard,2026-01-03
CPS,C P S Shapers Limited,INE0QBU01012,ST,NSE,SME,2026-01-03
CRAFTSMAN,Craftsman Automation Limited,,EQ,NSE,Mainboard,2026-01-03
CRAMC,Canara Robeco Asset Management Company Limited,,EQ,NSE,Mainboard,2026-01-03
CRAYONS,Crayons Advertising Limited,INE0OFK01019,SM,NSE,SME,2026-01-03
CREATIVEYE,Creative Eye Limited,,EQ,NSE,Mainboard,2026-01-03
CREDITACC,CREDITACCESS GRAMEEN LIMITED,,EQ,NSE,Mainboard,2026-01-03
CREST,Crest Ventures Limited,,EQ,NSE,Mainboard,2026-01-03
CRISIL,CRISIL Limited,,EQ,NSE,Mainboard,2026-01-03
CRIZAC,Crizac Limited,,EQ,NSE,Mainboard,2026-01-03
CROMPTON,Crompton Greaves Consumer Electricals Limited,,EQ,NSE,Mainboard,2026-01-03
CROWN,Crown Lifters Limited,,EQ,NSE,Mainboard,2026-01-03
CSBBANK,CSB Bank Limited,,EQ,NSE,Mainboard,2026-01-03
CSLFINANCE,CSL Finance Limited,,EQ,NSE,Mainboard,2026-01-03
CSSL,Clear Secured Services Limited,INE1EF801010,SM,NSE,SME,2026-01-03
CTE,Cambridge Technology Enterprises Limited,,EQ,NSE,Mainboard,2026-01-03
CUB,City Union Bank Limited,,EQ,NSE,Mainboard,2026-01-03
CUBEXTUB,Cubex Tubings Limited,,EQ,NSE,Mainboard,2026-01-03
CUDML,Cash Ur Drive Marketing Limited,INE0WL201014,SM,NSE,SME,2026-01-03
CUMMINSIND,Cummins India Limited,,EQ,NSE,Mainboard,2026-01-03
CUPID,Cupid Limited,,EQ,NSE,Mainboard,2026-01-03
CURAA,Cura Technologies Limited,,BE,NSE,Mainboard,2026-01-03
CURIS,Curis Lifesciences Limited,INE1BZN01016,SM,NSE,SME,2026-01-03
CURRENT,Current Infraprojects Limited,INE1CRQ01014,SM,NSE,SME,2026-01-03
CYBERMEDIA,Cyber Media (India) Limited,,EQ,NSE,Mainboard,2026-01-03
CYBERTECH,Cybertech Systems And Software Limited,,BE,NSE,Mainboard,2026-01-03
CYIENT,Cyient Limited,,EQ,NSE,Mainboard,2026-01-03
CYIENTDLM,Cyient DLM Limited,,EQ,NSE,Mainboard,2026-01-03
DABUR,Dabur India Limited,,EQ,NSE,Mainboard,2026-01-03
DALBHARAT,Dalmia Bharat Limited,,EQ,NSE,Mainboard,2026-01-03
DALMIASUG,Dalmia Bharat Sugar and Industries Limited,,EQ,NSE,Mainboard,2026-01-03
DAMCAPITAL,Dam Capital Advisors Limited,,EQ,NSE,Mainboard,2026-01-03
DAMODARIND,Damodar Industries Limited,,EQ,NSE,Mainboard,2026-01-03
DANGEE,Dangee Dums Limited,,EQ,NSE,Mainboard,2026-01-03
DANISH,Danish Power Limited,INE0YU901016,SM,NSE,SME,2026-01-03
DATAMATICS,Datamatics Global Services Limited,,EQ,NSE,Mainboard,2026-01-03
DATAPATTNS,Data Patterns (India) Limited,,EQ,NSE,Mainboard,2026-01-03
DAVANGERE,Davangere Sugar Company Limited,,EQ,NSE,Mainboard,2026-01-03
DBCORP,D.B.Corp Limited,,EQ,NSE,Mainboard,2026-01-03
DBEIL,Deepak Builders & Engineers India Limited,,EQ,NSE,Mainboard,2026-01-03
DBL,Dilip Buildcon Limited,,EQ,NSE,Mainboard,2026-01-03
DBOL,Dhampur Bio Organics Limited,,EQ,NSE,Mainboard,2026-01-03
DBREALTY,Valor Estate Limited,,EQ,NSE,Mainboard,2026-01-03
DBSTOCKBRO,DB (International) Stock Brokers Limited,,EQ,NSE,Mainboard,2026-01-03
DCAL,Dishman Carbogen Amcis Limited,,EQ,NSE,Mainboard,2026-01-03
DCBBANK,DCB Bank Limited,,EQ,NSE,Mainboard,2026-01-03
DCCL,Dar Credit & Capital Limited,INE04Q901010,SM,NSE,SME,2026-01-03
DCG,DCG Cables & Wires Limited,INE0S8401018,SM,NSE,SME,2026-01-03
DCI,Dc Infotech And Communication Limited,,EQ,NSE,Mainboard,2026-01-03
DCM,DCM  Limited,,EQ,NSE,Mainboard,2026-01-03
DCMFINSERV,DCM Financial Services Limited,,EQ,NSE,Mainboard,2026-01-03
DCMNVL,DCM Nouvelle Limited,,EQ,NSE,Mainboard,2026-01-03
DCMSHRIRAM,DCM Shriram Limited,,EQ,NSE,Mainboard,2026-01-03
DCMSRIND,DCM Shriram Industries Limited,,BE,NSE,Mainboard,2026-01-03
DCW,DCW Limited,,EQ,NSE,Mainboard,2026-01-03
DCXINDIA,DCX Systems Limited,,EQ,NSE,Mainboard,2026-01-03
DDEVPLSTIK,Ddev Plastiks Industries Limited,,EQ,NSE,Mainboard,2026-01-03
DECCANCE,Deccan Cements Limited,,EQ,NSE,Mainboard,2026-01-03
DECCANTRAN,Deccan Transcon Leasing Limited,INE0S7C01019,SM,NSE,SME,2026-01-03
DEEDEV,DEE Development Engineers Limited,,EQ,NSE,Mainboard,2026-01-03
DEEM,Deem Roll Tech Limited,INE586O01011,SM,NSE,SME,2026-01-03
DEEPAKFERT,Deepak Fertilizers and Petrochemicals Corporation Limited,,EQ,NSE,Mainboard,2026-01-03
DEEPAKNTR,Deepak Nitrite Limited,,EQ,NSE,Mainboard,2026-01-03
DEEPINDS,Deep Industries Limited,,EQ,NSE,Mainboard,2026-01-03
DELAPLEX,Delaplex Limited,INE0SK801018,SM,NSE,SME,2026-01-03
DELHIVERY,Delhivery Limited,,EQ,NSE,Mainboard,2026-01-03
DELPHIFX,DELPHI WORLD MONEY LIMITED,,EQ,NSE,Mainboard,2026-01-03
DELTACORP,Delta Corp Limited,,EQ,NSE,Mainboard,2026-01-03
DELTAMAGNT,Delta Manufacturing Limited,,EQ,NSE,Mainboard,2026-01-03
DELTIC,Delta Autocorp Limited,INE0XRN01019,SM,NSE,SME,2026-01-03
DEN,Den Networks Limited,,EQ,NSE,Mainboard,2026-01-03
DENEERS,De Neers Tools Limited,INE0JWV01011,SM,NSE,SME,2026-01-03
DENORA,De Nora India Limited,,EQ,NSE,Mainboard,2026-01-03
DENTA,Denta Water and Infra Solutions Limited,,EQ,NSE,Mainboard,2026-01-03
DENTALKART,Vasa Denticity Limited,INE0N5801013,SM,NSE,SME,2026-01-03
DESTINY,Destiny Logistics & Infra Limited,INE0IGO01011,SM,NSE,SME,2026-01-03
DEVIT,Dev Information Technology Limited,,EQ,NSE,Mainboard,2026-01-03
DEVX,Dev Accelerator Limited,,EQ,NSE,Mainboard,2026-01-03
DEVYANI,Devyani International Limited,,EQ,NSE,Mainboard,2026-01-03
DGCONTENT,Digicontent Limited,,EQ,NSE,Mainboard,2026-01-03
DHAMPURSUG,Dhampur Sugar Mills Limited,,EQ,NSE,Mainboard,2026-01-03
DHANBANK,Dhanlaxmi Bank Limited,,EQ,NSE,Mainboard,2026-01-03
DHANLAXMI,Dhanlaxmi Crop Science Limited,INE0V9V01010,SM,NSE,SME,2026-01-03
DHANUKA,Dhanuka Agritech Limited,,EQ,NSE,Mainboard,2026-01-03
DHARAN,DHARAN INFRA-EPC LIMITED,,BZ,NSE,Mainboard,2026-01-03
DHARARAIL,Dhara Rail Projects Limited,INE2HJL01019,ST,NSE,SME,2026-01-03
DHARIWAL,Dhariwalcorp Limited,INE0YRN01017,ST,NSE,SME,2026-01-03
DHARMAJ,Dharmaj Crop Guard Limited,,EQ,NSE,Mainboard,2026-01-03
DHRUV,Dhruv Consultancy Services Limited,,EQ,NSE,Mainboard,2026-01-03
DHTL,Docmode Health Technologies Limited,INE0OGG01015,ST,NSE,SME,2026-01-03
DHUNINV,Dhunseri Investments Limited,,EQ,NSE,Mainboard,2026-01-03
DIACABS,Diamond Power Infrastructure Limited,,EQ,NSE,Mainboard,2026-01-03
DIAMINESQ,Diamines & Chemicals Limited,,EQ,NSE,Mainboard,2026-01-03
DIAMONDYD,Prataap Snacks Limited,,EQ,NSE,Mainboard,2026-01-03
DICIND,DIC India Limited,,EQ,NSE,Mainboard,2026-01-03
DIFFNKG,Diffusion Engineers Limited,,EQ,NSE,Mainboard,2026-01-03
DIGIDRIVE,Digidrive Distributors Limited,,EQ,NSE,Mainboard,2026-01-03
DIGIKORE,Digikore Studios Limited,INE0QJ901011,SM,NSE,SME,2026-01-03
DIGISPICE,DiGiSPICE Technologies Limited,,EQ,NSE,Mainboard,2026-01-03
DIGITIDE,Digitide Solutions Limited,,EQ,NSE,Mainboard,2026-01-03
DIGJAMLMTD,Digjam Limited,,EQ,NSE,Mainboard,2026-01-03
DIL,Debock Industries Limited,,BZ,NSE,Mainboard,2026-01-03
DIRL,Dhanuka Infra Realty Limited,INE704V01015,SM,NSE,SME,2026-01-03
DISHTV,Dish TV India Limited,,EQ,NSE,Mainboard,2026-01-03
DIVGIITTS,Divgi Torqtransfer Systems Limited,,EQ,NSE,Mainboard,2026-01-03
DIVINEHIRA,Divine Hira Jewellers Limited,INE0NA501011,ST,NSE,SME,2026-01-03
DIVISLAB,Divi's Laboratories Limited,,EQ,NSE,Mainboard,2026-01-03
DIVYADHAN,Divyadhan Recycling Industries Limited,INE0QYI01019,SM,NSE,SME,2026-01-03
DIXON,Dixon Technologies (India) Limited,,EQ,NSE,Mainboard,2026-01-03
DJML,DJ Mediaprint & Logistics Limited,,EQ,NSE,Mainboard,2026-01-03
DKEGL,D.K. Enterprises Global Limited,INE0GN101014,SM,NSE,SME,2026-01-03
DLF,DLF Limited,,EQ,NSE,Mainboard,2026-01-03
DLINKINDIA,D-Link (India) Limited,,EQ,NSE,Mainboard,2026-01-03
DMART,Avenue Supermarts Limited,,EQ,NSE,Mainboard,2026-01-03
DMCC,DMCC SPECIALITY CHEMICALS LIMITED,,EQ,NSE,Mainboard,2026-01-03
DNAMEDIA,Diligent Media Corporation Limited,,EQ,NSE,Mainboard,2026-01-03
DODLA,Dodla Dairy Limited,,EQ,NSE,Mainboard,2026-01-03
DOLATALGO,Dolat Algotech Limited,,EQ,NSE,Mainboard,2026-01-03
DOLLAR,Dollar Industries Limited,,EQ,NSE,Mainboard,2026-01-03
DOLLEX,Dollex Agrotech Limited,INE0JHH01011,SM,NSE,SME,2026-01-03
DOLPHIN,Dolphin Offshore Enterprises (India) Limited,,EQ,NSE,Mainboard,2026-01-03
DOMS,DOMS Industries Limited,,EQ,NSE,Mainboard,2026-01-03
DONEAR,Donear Industries Limited,,EQ,NSE,Mainboard,2026-01-03
DPABHUSHAN,D. P. Abhushan Limited,,EQ,NSE,Mainboard,2026-01-03
DPEL,Divine Power Energy Limited,INE0SCO01019,ST,NSE,SME,2026-01-03
DPSCLTD,DPSC Limited,,EQ,NSE,Mainboard,2026-01-03
DPWIRES,D P Wires Limited,,EQ,NSE,Mainboard,2026-01-03
DRCSYSTEMS,DRC Systems India Limited,,EQ,NSE,Mainboard,2026-01-03
DREAMFOLKS,Dreamfolks Services Limited,,EQ,NSE,Mainboard,2026-01-03
DREDGECORP,Dredging Corporation of India Limited,,EQ,NSE,Mainboard,2026-01-03
DRONE,Drone Destination Limited,INE0P7201019,SM,NSE,SME,2026-01-03
DRREDDY,Dr. Reddy's Laboratories Limited,,EQ,NSE,Mainboard,2026-01-03
DRSCARGO,DRS Cargo Movers Limited,INE0QZM01018,ST,NSE,SME,2026-01-03
DRSDILIP,DRS Dilip Roadlines Limited,INE02CV01017,SM,NSE,SME,2026-01-03
DSSL,Dynacons Systems & Solutions Limited,,EQ,NSE,Mainboard,2026-01-03
DTIL,Dhunseri Tea & Industries Limited,,EQ,NSE,Mainboard,2026-01-03
DTL,Diensten Tech Limited,INE0JRD01019,SM,NSE,SME,2026-01-03
DUCOL,Ducol Organics And Colours Limited,INE0LZO01015,SM,NSE,SME,2026-01-03
DUCON,Ducon Infratechnologies Limited,,EQ,NSE,Mainboard,2026-01-03
DUGLOBAL,DUDIGITAL GLOBAL LIMITED,INE0HPK01020,SM,NSE,SME,2026-01-03
DURLAX,Durlax Top Surface Limited,INE0OUW01013,SM,NSE,SME,2026-01-03
DVL,Dhunseri Ventures Limited,,EQ,NSE,Mainboard,2026-01-03
DWARKESH,Dwarikesh Sugar Industries Limited,,EQ,NSE,Mainboard,2026-01-03
DYCL,Dynamic Cables Limited,,EQ,NSE,Mainboard,2026-01-03
DYNAMATECH,Dynamatic Technologies Limited,,EQ,NSE,Mainboard,2026-01-03
DYNAMIC,Dynamic Services & Security Limited,INE0DZ701010,SM,NSE,SME,2026-01-03
DYNPRO,Dynemic Products Limited,,EQ,NSE,Mainboard,2026-01-03
E2E,E2E Networks Limited,,EQ,NSE,Mainboard,2026-01-03
E2ERAIL,E To E Transportation Infrastructure Limited,INE1CEJ01017,ST,NSE,SME,2026-01-03
EASEMYTRIP,Easy Trip Planners Limited,,EQ,NSE,Mainboard,2026-01-03
EBGNG,GNG Electronics Limited,,EQ,NSE,Mainboard,2026-01-03
ECLERX,eClerx Services Limited,,EQ,NSE,Mainboard,2026-01-03
ECOLINE,Ecoline Exim Limited,INE0VBS01016,SM,NSE,SME,2026-01-03
ECOSMOBLTY,Ecos (India) Mobility & Hospitality Limited,,EQ,NSE,Mainboard,2026-01-03
EDELWEISS,Edelweiss Financial Services Limited,,EQ,NSE,Mainboard,2026-01-03
EEPL,Eppeltone Engineers Limited,INE11HF01010,SM,NSE,SME,2026-01-03
EFACTOR,E Factor Experiences Limited,INE0KFF01017,ST,NSE,SME,2026-01-03
EFCIL,EFC (I) Limited,,EQ,NSE,Mainboard,2026-01-03
EFFWA,Effwa Infra & Research Limited,INE0U9101019,SM,NSE,SME,2026-01-03
EFORCE,Electro Force (India) Limited,INE0Q1W01012,SM,NSE,SME,2026-01-03
EICHERMOT,Eicher Motors Limited,,EQ,NSE,Mainboard,2026-01-03
EIDPARRY,EID Parry India Limited,,EQ,NSE,Mainboard,2026-01-03
EIEL,Enviro Infra Engineers Limited,,EQ,NSE,Mainboard,2026-01-03
EIFFL,Euro India Fresh Foods Limited,,EQ,NSE,Mainboard,2026-01-03
EIHAHOTELS,EIH Associated Hotels Limited,,EQ,NSE,Mainboard,2026-01-03
EIHOTEL,EIH Limited,,EQ,NSE,Mainboard,2026-01-03
EIMCOELECO,Eimco Elecon (India) Limited,,EQ,NSE,Mainboard,2026-01-03
EKC,Everest Kanto Cylinder Limited,,EQ,NSE,Mainboard,2026-01-03
ELDEHSG,Eldeco Housing And Industries Limited,,EQ,NSE,Mainboard,2026-01-03
ELECON,Elecon Engineering Company Limited,,EQ,NSE,Mainboard,2026-01-03
ELECTCAST,Electrosteel Castings Limited,,EQ,NSE,Mainboard,2026-01-03
ELECTHERM,Electrotherm (India) Limited,,EQ,NSE,Mainboard,2026-01-03
ELGIEQUIP,Elgi Equipments Limited,,EQ,NSE,Mainboard,2026-01-03
ELGIRUBCO,Elgi Rubber Company Limited,,EQ,NSE,Mainboard,2026-01-03
ELGNZ,Eleganz Interiors Limited,INE0R9101015,SM,NSE,SME,2026-01-03
ELIN,Elin Electronics Limited,,EQ,NSE,Mainboard,2026-01-03
ELLEN,Ellenbarrie Industrial Gases Limited,,EQ,NSE,Mainboard,2026-01-03
EMAMILTD,Emami Limited,,EQ,NSE,Mainboard,2026-01-03
EMAMIPAP,Emami Paper Mills Limited,,EQ,NSE,Mainboard,2026-01-03
EMAMIREAL,Emami Realty Limited,,EQ,NSE,Mainboard,2026-01-03
EMAPARTNER,EMA Partners India Limited,INE0ZOL01023,SM,NSE,SME,2026-01-03
EMBDL,Embassy Developments Limited,,BE,NSE,Mainboard,2026-01-03
EMCURE,Emcure Pharmaceuticals Limited,,EQ,NSE,Mainboard,2026-01-03
EMIL,Electronics Mart India Limited,,EQ,NSE,Mainboard,2026-01-03
EMKAY,Emkay Global Financial Services Limited,,EQ,NSE,Mainboard,2026-01-03
EMKAYTOOLS,Emkay Taps and Cutting Tools Limited,INE332S01011,SM,NSE,SME,2026-01-03
EMMBI,Emmbi Industries Limited,,EQ,NSE,Mainboard,2026-01-03
EMMIL,Energy Mission Machineries (India) Limited,INE0S1L01013,SM,NSE,SME,2026-01-03
EMMVEE,Emmvee Photovoltaic Power Limited,,EQ,NSE,Mainboard,2026-01-03
EMSLIMITED,EMS Limited,,EQ,NSE,Mainboard,2026-01-03
EMUDHRA,eMudhra Limited,,EQ,NSE,Mainboard,2026-01-03
ENCOMPAS,Encompass Design India Limited,INE433T01015,SM,NSE,SME,2026-01-03
ENDURANCE,Endurance Technologies Limited,,EQ,NSE,Mainboard,2026-01-03
ENERGYDEV,Energy Development Company Limited,,BE,NSE,Mainboard,2026-01-03
ENFUSE,Enfuse Solutions Limited,INE0S3X01014,SM,NSE,SME,2026-01-03
ENGINERSIN,Engineers India Limited,,EQ,NSE,Mainboard,2026-01-03
ENIL,Entertainment Network (India) Limited,,EQ,NSE,Mainboard,2026-01-03
ENRIN,Siemens Energy India Limited,,EQ,NSE,Mainboard,2026-01-03
ENSER,Enser Communications Limited,INE0R9I01021,SM,NSE,SME,2026-01-03
ENTERO,Entero Healthcare Solutions Limited,,EQ,NSE,Mainboard,2026-01-03
ENVIRO,Envirotech Systems Limited,INE0SUH01015,SM,NSE,SME,2026-01-03
EPACK,EPACK Durable Limited,,EQ,NSE,Mainboard,2026-01-03
EPACKPEB,EPack Prefab Technologies Limited,,EQ,NSE,Mainboard,2026-01-03
EPIGRAL,Epigral Limited,,EQ,NSE,Mainboard,2026-01-03
EPL,EPL Limited,,EQ,NSE,Mainboard,2026-01-03
EPWINDIA,EPW India Limited,INE1KEC01023,ST,NSE,SME,2026-01-03
EQUIPPP,Equippp Social Impact Technologies Limited,,BE,NSE,Mainboard,2026-01-03
EQUITASBNK,Equitas Small Finance Bank Limited,,EQ,NSE,Mainboard,2026-01-03
ERIS,Eris Lifesciences Limited,,EQ,NSE,Mainboard,2026-01-03
ESABINDIA,Esab India Limited,,EQ,NSE,Mainboard,2026-01-03
ESAFSFB,ESAF Small Finance Bank Limited,,EQ,NSE,Mainboard,2026-01-03
ESCONET,Esconet Technologies Limited,INE0RQZ01017,SM,NSE,SME,2026-01-03
ESCORTS,Escorts Kubota Limited,,EQ,NSE,Mainboard,2026-01-03
ESFL,Essen Speciality Films Limited,INE0ITO01014,SM,NSE,SME,2026-01-03
ESPRIT,Esprit Stones Limited,INE0SBP01018,SM,NSE,SME,2026-01-03
ESSARSHPNG,Essar Shipping Limited,,BE,NSE,Mainboard,2026-01-03
ESSENTIA,Integra Essentia Limited,,EQ,NSE,Mainboard,2026-01-03
ESTER,Ester Industries Limited,,EQ,NSE,Mainboard,2026-01-03
ETERNAL,ETERNAL LIMITED,,EQ,NSE,Mainboard,2026-01-03
ETHOSLTD,Ethos Limited,,EQ,NSE,Mainboard,2026-01-03
ETL,Emkay Tools Limited,INE0PXC01024,SM,NSE,SME,2026-01-03
ETML,Emerald Tyre Manufacturers Limited,INE0RHD01013,SM,NSE,SME,2026-01-03
EUREKAFORB,Eureka Forbes Limited,,EQ,NSE,Mainboard,2026-01-03
EUROBOND,Euro Panel Products Limited,,EQ,NSE,Mainboard,2026-01-03
EUROPRATIK,Euro Pratik Sales Limited,,EQ,NSE,Mainboard,2026-01-03
EUROTEXIND,Eurotex Industries and Exports Limited,,BE,NSE,Mainboard,2026-01-03
EVEREADY,Eveready Industries India Limited,,EQ,NSE,Mainboard,2026-01-03
EVERESTIND,Everest Industries Limited,,EQ,NSE,Mainboard,2026-01-03
EXCEL,Excel Realty N Infra Limited,,EQ,NSE,Mainboard,2026-01-03
EXCELINDUS,Excel Industries Limited,,EQ,NSE,Mainboard,2026-01-03
EXCELLENT,Excellent Wires and Packaging Limited,INE0Y4801011,SM,NSE,SME,2026-01-03
EXCELSOFT,Excelsoft Technologies Limited,,EQ,NSE,Mainboard,2026-01-03
EXICOM,Exicom Tele-Systems Limited,,EQ,NSE,Mainboard,2026-01-03
EXIDEIND,Exide Industries Limited,,EQ,NSE,Mainboard,2026-01-03
EXIMROUTES,Exim Routes Limited,INE19I001020,ST,NSE,SME,2026-01-03
EXPLEOSOL,Expleo Solutions Limited,,EQ,NSE,Mainboard,2026-01-03
EXXARO,Exxaro Tiles Limited,,BE,NSE,Mainboard,2026-01-03
FABTECH,Fabtech Technologies Limited,,EQ,NSE,Mainboard,2026-01-03
FACT,Fertilizers and Chemicals Travancore Limited,,EQ,NSE,Mainboard,2026-01-03
FAIRCHEMOR,Fairchem Organics Limited,,EQ,NSE,Mainboard,2026-01-03
FALCONTECH,Falcon Technoprojects India Limited,INE0PQK01013,SM,NSE,SME,2026-01-03
FAZE3Q,Faze Three Limited,,EQ,NSE,Mainboard,2026-01-03
FCL,Fineotex Chemical Limited,,EQ,NSE,Mainboard,2026-01-03
FCSSOFT,FCS Software Solutions Limited,,EQ,NSE,Mainboard,2026-01-03
FDC,FDC Limited,,EQ,NSE,Mainboard,2026-01-03
FEDERALBNK,The Federal Bank  Limited,,EQ,NSE,Mainboard,2026-01-03
FEDFINA,Fedbank Financial Services Limited,,EQ,NSE,Mainboard,2026-01-03
FEL,Future Enterprises Limited,,BZ,NSE,Mainboard,2026-01-03
FELIX,Felix Industries Limited,INE901X01013,SM,NSE,SME,2026-01-03
FIBERWEB,Fiberweb (India) Limited,,EQ,NSE,Mainboard,2026-01-03
FIDEL,Fidel Softech Limited,INE0LQQ01019,SM,NSE,SME,2026-01-03
FIEMIND,Fiem Industries Limited,,EQ,NSE,Mainboard,2026-01-03
FILATEX,Filatex India Limited,,EQ,NSE,Mainboard,2026-01-03
FILATFASH,Filatex Fashions Limited,,EQ,NSE,Mainboard,2026-01-03
FINBUD,Finbud Financial Services Limited,INE0EDU01014,SM,NSE,SME,2026-01-03
FINCABLES,Finolex Cables Limited,,EQ,NSE,Mainboard,2026-01-03
FINEORG,Fine Organic Industries Limited,,EQ,NSE,Mainboard,2026-01-03
FINKURVE,Finkurve Financial Services Limited,,EQ,NSE,Mainboard,2026-01-03
FINOPB,Fino Payments Bank Limited,,EQ,NSE,Mainboard,2026-01-03
FINPIPE,Finolex Industries Limited,,EQ,NSE,Mainboard,2026-01-03
FIRSTCRY,Brainbees Solutions Limited,,EQ,NSE,Mainboard,2026-01-03
FISCHER,Fischer Medical Ventures Limited,,EQ,NSE,Mainboard,2026-01-03
FIVESTAR,Five-Star Business Finance Limited,,EQ,NSE,Mainboard,2026-01-03
FLAIR,Flair Writing Industries Limited,,EQ,NSE,Mainboard,2026-01-03
FLEXITUFF,Flexituff Ventures International Limited,,EQ,NSE,Mainboard,2026-01-03
FLFL,Future Lifestyle Fashions Limited,,BZ,NSE,Mainboard,2026-01-03
FLUOROCHEM,Gujarat Fluorochemicals Limited,,EQ,NSE,Mainboard,2026-01-03
FLYSBS,FlySBS Aviation Limited,INE0VCK01011,SM,NSE,SME,2026-01-03
FMGOETZE,Federal-Mogul Goetze (India) Limited.,,EQ,NSE,Mainboard,2026-01-03
FMNL,Future Market Networks Limited,,EQ,NSE,Mainboard,2026-01-03
FOCE,Foce India Limited,INE0I7D01019,SM,NSE,SME,2026-01-03
FOCUS,Focus Lighting and Fixtures Limited,,EQ,NSE,Mainboard,2026-01-03
FONEBOX,Fonebox Retail Limited,INE0Q4701019,ST,NSE,SME,2026-01-03
FOODSIN,Foods & Inns Limited,,EQ,NSE,Mainboard,2026-01-03
FORCAS,Forcas Studio Limited,INE0U2501017,SM,NSE,SME,2026-01-03
FORCEMOT,FORCE MOTORS LTD,,EQ,NSE,Mainboard,2026-01-03
FORGEAUTO,Forge Auto International Limited,INE0YKW01013,SM,NSE,SME,2026-01-03
FORTIS,Fortis Healthcare Limited,,EQ,NSE,Mainboard,2026-01-03
FOSECOIND,Foseco India Limited,,EQ,NSE,Mainboard,2026-01-03
FRESHARA,Freshara Agro Exports Limited,INE0SFW01015,SM,NSE,SME,2026-01-03
FROG,Frog Innovations Limited,INE385O01018,SM,NSE,SME,2026-01-03
FSL,Firstsource Solutions Limited,,EQ,NSE,Mainboard,2026-01-03
FUSION,Fusion Finance Limited,,EQ,NSE,Mainboard,2026-01-03
FWSTC,Flywings Simulator Training Centre Limited,INE0SQZ01015,SM,NSE,SME,2026-01-03
GABRIEL,Gabriel India Limited,,EQ,NSE,Mainboard,2026-01-03
GAEL,Gujarat Ambuja Exports Limited,,EQ,NSE,Mainboard,2026-01-03
GAIL,GAIL (India) Limited,,EQ,NSE,Mainboard,2026-01-03
GAJANAND,Gajanand International Limited,INE0QTE01018,SM,NSE,SME,2026-01-03
GALAPREC,Gala Precision Engineering Limited,,EQ,NSE,Mainboard,2026-01-03
GALAXYSURF,Galaxy Surfactants Limited,,EQ,NSE,Mainboard,2026-01-03
GALLANTT,Gallantt Ispat Limited,,EQ,NSE,Mainboard,2026-01-03
GANDHAR,Gandhar Oil Refinery (India) Limited,,EQ,NSE,Mainboard,2026-01-03
GANDHITUBE,Gandhi Special Tubes Limited,,EQ,NSE,Mainboard,2026-01-03
GANECOS,Ganesha Ecosphere Limited,,EQ,NSE,Mainboard,2026-01-03
GANESHBE,Ganesh Benzoplast Limited,,EQ,NSE,Mainboard,2026-01-03
GANESHCP,Ganesh Consumer Products Limited,,EQ,NSE,Mainboard,2026-01-03
GANESHHOU,GANESH HOUSING LIMITED,,EQ,NSE,Mainboard,2026-01-03
GANESHIN,Ganesh Infraworld Limited,INE0TVT01024,SM,NSE,SME,2026-01-03
GANGABATH,Ganga Bath Fittings Limited,INE0ZI101018,SM,NSE,SME,2026-01-03
GANGAFORGE,Ganga Forging Limited,,EQ,NSE,Mainboard,2026-01-03
GANGESSECU,Ganges Securities Limited,,EQ,NSE,Mainboard,2026-01-03
GARFIBRES,Garware Technical Fibres Limited,,EQ,NSE,Mainboard,2026-01-03
GARUDA,Garuda Construction and Engineering Limited,,EQ,NSE,Mainboard,2026-01-03
GATECH,GACM Technologies Limited,,EQ,NSE,Mainboard,2026-01-03
GATEWAY,Gateway Distriparks Limited,,EQ,NSE,Mainboard,2026-01-03
GAYAHWS,Gayatri Highways Limited,,BE,NSE,Mainboard,2026-01-03
GCHOTELS,Grand Continent Hotels Limited,INE12E301017,SM,NSE,SME,2026-01-03
GCSL,Gretex Corporate Services Limited,,BE,NSE,Mainboard,2026-01-03
GEECEE,GeeCee Ventures Limited,,EQ,NSE,Mainboard,2026-01-03
GEEKAYWIRE,Geekay Wires Limited,,EQ,NSE,Mainboard,2026-01-03
GEMAROMA,Gem Aromatics Limited,,EQ,NSE,Mainboard,2026-01-03
GENCON,Generic Engineering Construction and Projects Limited,,EQ,NSE,Mainboard,2026-01-03
GENESYS,Genesys International Corporation Limited,,EQ,NSE,Mainboard,2026-01-03
GENSOL,Gensol Engineering Limited,,BZ,NSE,Mainboard,2026-01-03
GENUSPAPER,Genus Paper & Boards Limited,,EQ,NSE,Mainboard,2026-01-03
GENUSPOWER,Genus Power Infrastructures Limited,,EQ,NSE,Mainboard,2026-01-03
GEOJITFSL,Geojit Financial Services Limited,,EQ,NSE,Mainboard,2026-01-03
GESHIP,The Great Eastern Shipping Company Limited,,EQ,NSE,Mainboard,2026-01-03
GFLLIMITED,GFL Limited,,EQ,NSE,Mainboard,2026-01-03
GGBL,Ganesh Green Bharat Limited,INE0R8C01018,SM,NSE,SME,2026-01-03
GHCL,GHCL Limited,,EQ,NSE,Mainboard,2026-01-03
GHCLTEXTIL,GHCL Textiles Limited,,EQ,NSE,Mainboard,2026-01-03
GICHSGFIN,GIC Housing Finance Limited,,EQ,NSE,Mainboard,2026-01-03
GICL,Globe International Carriers Limited,INE947T01022,ST,NSE,SME,2026-01-03
GICRE,General Insurance Corporation of India,,EQ,NSE,Mainboard,2026-01-03
GILLANDERS,Gillanders Arbuthnot & Company Limited,,EQ,NSE,Mainboard,2026-01-03
GILLETTE,Gillette India Limited,,EQ,NSE,Mainboard,2026-01-03
GINNIFILA,Ginni Filaments Limited,,EQ,NSE,Mainboard,2026-01-03
GIPCL,Gujarat Industries Power Company Limited,,EQ,NSE,Mainboard,2026-01-03
GIRIRAJ,Giriraj Civil Developers Limited,INE614Z01017,SM,NSE,SME,2026-01-03
GKENERGY,GK Energy Limited,,EQ,NSE,Mainboard,2026-01-03
GKSL,Gujarat Kidney And Super Speciality Limited,,EQ,NSE,Mainboard,2026-01-03
GKWLIMITED,GKW Limited,,EQ,NSE,Mainboard,2026-01-03
GLAND,Gland Pharma Limited,,EQ,NSE,Mainboard,2026-01-03
GLAXO,GlaxoSmithKline Pharmaceuticals Limited,,EQ,NSE,Mainboard,2026-01-03
GLENMARK,Glenmark Pharmaceuticals Limited,,EQ,NSE,Mainboard,2026-01-03
GLOBAL,Global Education Limited,,BE,NSE,Mainboard,2026-01-03
GLOBALE,Globale Tessile Limited,,EQ,NSE,Mainboard,2026-01-03
GLOBALPET,Global Pet Industries Limited,INE0PS501019,SM,NSE,SME,2026-01-03
GLOBALVECT,Global Vectra Helicorp Limited,,EQ,NSE,Mainboard,2026-01-03
GLOBE,GLOBE ENTERPRISES (INDIA) LIMITED,,EQ,NSE,Mainboard,2026-01-03
GLOBECIVIL,Globe Civil Projects Limited,,EQ,NSE,Mainboard,2026-01-03
GLOBUSSPR,Globus Spirits Limited,,EQ,NSE,Mainboard,2026-01-03
GLOSTERLTD,Gloster Limited,,EQ,NSE,Mainboard,2026-01-03
GLOTTIS,Glottis Limited,,EQ,NSE,Mainboard,2026-01-03
GMBREW,GM Breweries Limited,,EQ,NSE,Mainboard,2026-01-03
GMDCLTD,Gujarat Mineral Development Corporation Limited,,EQ,NSE,Mainboard,2026-01-03
GML,Galaxy Medicare Limited,INE09A801015,SM,NSE,SME,2026-01-03
GMMPFAUDLR,GMM Pfaudler Limited,,EQ,NSE,Mainboard,2026-01-03
GMRAIRPORT,GMR AIRPORTS LIMITED,,EQ,NSE,Mainboard,2026-01-03
GNA,GNA Axles Limited,,EQ,NSE,Mainboard,2026-01-03
GNFC,Gujarat Narmada Valley Fertilizers and Chemicals Limited,,EQ,NSE,Mainboard,2026-01-03
GOACARBON,Goa Carbon Limited,,EQ,NSE,Mainboard,2026-01-03
GOCLCORP,GOCL Corporation Limited,,EQ,NSE,Mainboard,2026-01-03
GOCOLORS,Go Fashion (India) Limited,,EQ,NSE,Mainboard,2026-01-03
GODAVARIB,Godavari Biorefineries Limited,,EQ,NSE,Mainboard,2026-01-03
GODFRYPHLP,Godfrey Phillips India Limited,,EQ,NSE,Mainboard,2026-01-03
GODIGIT,Go Digit General Insurance Limited,,EQ,NSE,Mainboard,2026-01-03
GODREJAGRO,Godrej Agrovet Limited,,EQ,NSE,Mainboard,2026-01-03
GODREJCP,Godrej Consumer Products Limited,,EQ,NSE,Mainboard,2026-01-03
GODREJIND,Godrej Industries Limited,,EQ,NSE,Mainboard,2026-01-03
GODREJPROP,Godrej Properties Limited,,EQ,NSE,Mainboard,2026-01-03
GOKEX,Gokaldas Exports Limited,,EQ,NSE,Mainboard,2026-01-03
GOKUL,Gokul Refoils and Solvent Limited,,EQ,NSE,Mainboard,2026-01-03
GOKULAGRO,Gokul Agro Resources Limited,,EQ,NSE,Mainboard,2026-01-03
GOLDENTOBC,Golden Tobacco Limited,,BZ,NSE,Mainboard,2026-01-03
GOLDIAM,Goldiam International Limited,,EQ,NSE,Mainboard,2026-01-03
GOLDKART,Goldkart Jewels Limited,INE06MH01016,SM,NSE,SME,2026-01-03
GOLDSTAR,Goldstar Power Limited,INE405Y01021,SM,NSE,SME,2026-01-03
GOLDTECH,AION-TECH SOLUTIONS LIMITED,,EQ,NSE,Mainboard,2026-01-03
GOODLUCK,Goodluck India Limited,,EQ,NSE,Mainboard,2026-01-03
GOPAL,Gopal Snacks Limited,,EQ,NSE,Mainboard,2026-01-03
GOYALALUM,Goyal Aluminiums Limited,,EQ,NSE,Mainboard,2026-01-03
GOYALSALT,Goyal Salt Limited,INE0QFE01017,SM,NSE,SME,2026-01-03
GPECO,GP Eco Solutions India Limited,INE0S7E01015,SM,NSE,SME,2026-01-03
GPIL,Godawari Power And Ispat limited,,EQ,NSE,Mainboard,2026-01-03
GPPL,Gujarat Pipavav Port Limited,,EQ,NSE,Mainboard,2026-01-03
GPTHEALTH,GPT Healthcare Limited,,EQ,NSE,Mainboard,2026-01-03
GPTINFRA,GPT Infraprojects Limited,,EQ,NSE,Mainboard,2026-01-03
GRANULES,Granules India Limited,,EQ,NSE,Mainboard,2026-01-03
GRAPHISAD,Graphisads Limited,INE0POU01017,SM,NSE,SME,2026-01-03
GRAPHITE,Graphite India Limited,,EQ,NSE,Mainboard,2026-01-03
GRASIM,Grasim Industries Limited,,EQ,NSE,Mainboard,2026-01-03
GRAVITA,Gravita India Limited,,EQ,NSE,Mainboard,2026-01-03
GRCL,Gayatri Rubbers And Chemicals Limited,INE0LVM01018,SM,NSE,SME,2026-01-03
GREAVESCOT,Greaves Cotton Limited,,EQ,NSE,Mainboard,2026-01-03
GREENCHEF,Greenchef Appliances Limited,INE0O7P01015,SM,NSE,SME,2026-01-03
GREENLAM,Greenlam Industries Limited,,EQ,NSE,Mainboard,2026-01-03
GREENLEAF,Greenleaf Envirotech Limited,INE0PLX01017,SM,NSE,SME,2026-01-03
GREENPANEL,Greenpanel Industries Limited,,EQ,NSE,Mainboard,2026-01-03
GREENPLY,Greenply Industries Limited,,EQ,NSE,Mainboard,2026-01-03
GREENPOWER,Orient Green Power Company Limited,,EQ,NSE,Mainboard,2026-01-03
GRETEX,Gretex Industries Limited,INE985P01012,SM,NSE,SME,2026-01-03
GRINDWELL,Grindwell Norton Limited,,EQ,NSE,Mainboard,2026-01-03
GRINFRA,G R Infraprojects Limited,,EQ,NSE,Mainboard,2026-01-03
GRMOVER,GRM Overseas Limited,,EQ,NSE,Mainboard,2026-01-03
GROBTEA,The Grob Tea Company Limited,,EQ,NSE,Mainboard,2026-01-03
GROWW,Billionbrains Garage Ventures Limited,,EQ,NSE,Mainboard,2026-01-03
GRPLTD,GRP Limited,,EQ,NSE,Mainboard,2026-01-03
GRSE,Garden Reach Shipbuilders & Engineers Limited,,EQ,NSE,Mainboard,2026-01-03
GRWRHITECH,Garware Hi-Tech Films Limited,,EQ,NSE,Mainboard,2026-01-03
GSFC,Gujarat State Fertilizers & Chemicals Limited,,EQ,NSE,Mainboard,2026-01-03
GSLSU,Global Surfaces Limited,,BE,NSE,Mainboard,2026-01-03
GSMFOILS,GSM Foils Limited,INE0SQY01018,SM,NSE,SME,2026-01-03
GSPL,Gujarat State Petronet Limited,,EQ,NSE,Mainboard,2026-01-03
GSS,GSS Infotech Limited,,EQ,NSE,Mainboard,2026-01-03
GSTL,Globesecure Technologies Limited,INE00WS01056,ST,NSE,SME,2026-01-03
GTECJAINX,G-TEC JAINX EDUCATION LIMITED,,EQ,NSE,Mainboard,2026-01-03
GTL,GTL Limited,,EQ,NSE,Mainboard,2026-01-03
GTLINFRA,GTL Infrastructure Limited,,EQ,NSE,Mainboard,2026-01-03
GTPL,GTPL Hathway Limited,,EQ,NSE,Mainboard,2026-01-03
GUFICBIO,Gufic Biosciences Limited,,EQ,NSE,Mainboard,2026-01-03
GUJALKALI,Gujarat Alkalies and Chemicals Limited,,EQ,NSE,Mainboard,2026-01-03
GUJAPOLLO,Gujarat Apollo Industries Limited,,EQ,NSE,Mainboard,2026-01-03
GUJGASLTD,Gujarat Gas Limited,,EQ,NSE,Mainboard,2026-01-03
GUJRAFFIA,Gujarat Raffia Industries Limited,,BE,NSE,Mainboard,2026-01-03
GUJTHEM,Gujarat Themis Biosyn Limited,,EQ,NSE,Mainboard,2026-01-03
GULFOILLUB,Gulf Oil Lubricants India Limited,,EQ,NSE,Mainboard,2026-01-03
GULFPETRO,GP Petroleums Limited,,EQ,NSE,Mainboard,2026-01-03
GULPOLY,Gulshan Polyols Limited,,EQ,NSE,Mainboard,2026-01-03
GURUNANAK,Gurunanak Agriculture India Limited,INE1CCX01012,SM,NSE,SME,2026-01-03
GVKPIL,GVK Power & Infrastructure Limited,,BE,NSE,Mainboard,2026-01-03
GVPIL,GE Power India Limited,,EQ,NSE,Mainboard,2026-01-03
GVPTECH,GVP Infotech Limited,,EQ,NSE,Mainboard,2026-01-03
HAL,Hindustan Aeronautics Limited,,EQ,NSE,Mainboard,2026-01-03
HALEOSLABS,HALEOS LABS LIMITED,,BE,NSE,Mainboard,2026-01-03
HAPPSTMNDS,Happiest Minds Technologies Limited,,EQ,NSE,Mainboard,2026-01-03
HAPPYFORGE,Happy Forgings Limited,,EQ,NSE,Mainboard,2026-01-03
HARDWYN,Hardwyn India Limited,,EQ,NSE,Mainboard,2026-01-03
HARIOMPIPE,Hariom Pipe Industries Limited,,EQ,NSE,Mainboard,2026-01-03
HARRMALAYA,Harrisons  Malayalam Limited,,EQ,NSE,Mainboard,2026-01-03
HARSHA,Harsha Engineers International Limited,,EQ,NSE,Mainboard,2026-01-03
HATHWAY,Hathway Cable & Datacom Limited,,EQ,NSE,Mainboard,2026-01-03
HATSUN,Hatsun Agro Product Limited,,EQ,NSE,Mainboard,2026-01-03
HAVELLS,Havells India Limited,,EQ,NSE,Mainboard,2026-01-03
HAVISHA,Sri Havisha Hospitality and Infrastructure Limited,,EQ,NSE,Mainboard,2026-01-03
HBLENGINE,HBL Engineering Limited,,EQ,NSE,Mainboard,2026-01-03
HBSL,HB Stockholdings Limited,,BE,NSE,Mainboard,2026-01-03
HCC,Hindustan Construction Company Limited,,EQ,NSE,Mainboard,2026-01-03
HCG,Healthcare Global Enterprises Limited,,EQ,NSE,Mainboard,2026-01-03
HCL-INSYS,HCL Infosystems Limited,,EQ,NSE,Mainboard,2026-01-03
HCLTECH,HCL Technologies Limited,,EQ,NSE,Mainboard,2026-01-03
HDBFS,HDB Financial Services Limited,,EQ,NSE,Mainboard,2026-01-03
HDFCAMC,HDFC Asset Management Company Limited,,EQ,NSE,Mainboard,2026-01-03
HDFCBANK,HDFC Bank Limited,,EQ,NSE,Mainboard,2026-01-03
HDFCLIFE,HDFC Life Insurance Company Limited,,EQ,NSE,Mainboard,2026-01-03
HDIL,Housing Development and Infrastructure Limited,,BZ,NSE,Mainboard,2026-01-03
HEADSUP,Heads UP Ventures Limited,,EQ,NSE,Mainboard,2026-01-03
HECPROJECT,HEC Infra Projects Limited,,EQ,NSE,Mainboard,2026-01-03
HEG,HEG Limited,,EQ,NSE,Mainboard,2026-01-03
HEIDELBERG,HeidelbergCement India Limited,,EQ,NSE,Mainboard,2026-01-03
HEMIPROP,Hemisphere Properties India Limited,,EQ,NSE,Mainboard,2026-01-03
HERANBA,Heranba Industries Limited,,EQ,NSE,Mainboard,2026-01-03
HERITGFOOD,Heritage Foods Limited,,EQ,NSE,Mainboard,2026-01-03
HEROMOTOCO,Hero MotoCorp Limited,,EQ,NSE,Mainboard,2026-01-03
HESTERBIO,Hester Biosciences Limited,,EQ,NSE,Mainboard,2026-01-03
HEUBACHIND,Heubach Colorants India Limited,,EQ,NSE,Mainboard,2026-01-03
HEXATRADEX,Hexa Tradex Limited,,EQ,NSE,Mainboard,2026-01-03
HEXT,Hexaware Technologies Limited,,EQ,NSE,Mainboard,2026-01-03
HFCL,HFCL Limited,,EQ,NSE,Mainboard,2026-01-03
HGINFRA,H.G. Infra Engineering Limited,,EQ,NSE,Mainboard,2026-01-03
HGM,HandsOn Global Management (HGM) Limited,,EQ,NSE,Mainboard,2026-01-03
HGS,Hinduja Global Solutions Limited,,EQ,NSE,Mainboard,2026-01-03
HIGREEN,Hi-Green Carbon Limited,INE0PIC01017,SM,NSE,SME,2026-01-03
HIKAL,Hikal Limited,,EQ,NSE,Mainboard,2026-01-03
HILINFRA,Highway Infrastructure Limited,,EQ,NSE,Mainboard,2026-01-03
HILTON,Hilton Metal Forging Limited,,EQ,NSE,Mainboard,2026-01-03
HIMATSEIDE,Himatsingka Seide Limited,,EQ,NSE,Mainboard,2026-01-03
HINDALCO,Hindalco Industries Limited,,EQ,NSE,Mainboard,2026-01-03
HINDCOMPOS,Hindustan Composites Limited,,EQ,NSE,Mainboard,2026-01-03
HINDCON,Hindcon Chemicals Limited,,EQ,NSE,Mainboard,2026-01-03
HINDCOPPER,Hindustan Copper Limited,,EQ,NSE,Mainboard,2026-01-03
HINDOILEXP,Hindustan Oil Exploration Company Limited,,EQ,NSE,Mainboard,2026-01-03
HINDPETRO,Hindustan Petroleum Corporation Limited,,EQ,NSE,Mainboard,2026-01-03
HINDUNILVR,Hindustan Unilever Limited,,EQ,NSE,Mainboard,2026-01-03
HINDWAREAP,Hindware Home Innovation Limited,,EQ,NSE,Mainboard,2026-01-03
HINDZINC,Hindustan Zinc Limited,,EQ,NSE,Mainboard,2026-01-03
HIRECT,Hind Rectifiers Limited,,EQ,NSE,Mainboard,2026-01-03
HISARMETAL,Hisar Metal Industries Limited,,EQ,NSE,Mainboard,2026-01-03
HITECH,Hi-Tech Pipes Limited,,EQ,NSE,Mainboard,2026-01-03
HITECHCORP,Hitech Corporation Limited,,EQ,NSE,Mainboard,2026-01-03
HITECHGEAR,The Hi-Tech Gears Limited,,BE,NSE,Mainboard,2026-01-03
HLEGLAS,HLE Glascoat Limited,,EQ,NSE,Mainboard,2026-01-03
HLVLTD,HLV LIMITED,,EQ,NSE,Mainboard,2026-01-03
HMAAGRO,HMA Agro Industries Limited,,EQ,NSE,Mainboard,2026-01-03
HMT,HMT Limited,,BZ,NSE,Mainboard,2026-01-03
HMVL,Hindustan Media Ventures Limited,,EQ,NSE,Mainboard,2026-01-03
HNDFDS,Hindustan Foods Limited,,EQ,NSE,Mainboard,2026-01-03
HOACFOODS,Hoac Foods India Limited,INE0S6S01017,ST,NSE,SME,2026-01-03
HOLMARC,Holmarc Opto-Mechatronics Limited,INE0LXA01019,SM,NSE,SME,2026-01-03
HOMEFIRST,Home First Finance Company India Limited,,EQ,NSE,Mainboard,2026-01-03
HOMESFY,Homesfy Realty Limited,INE0N7F01017,SM,NSE,SME,2026-01-03
HONASA,Honasa Consumer Limited,,EQ,NSE,Mainboard,2026-01-03
HONAUT,Honeywell Automation India Limited,,EQ,NSE,Mainboard,2026-01-03
HONDAPOWER,Honda India Power Products Limited,,EQ,NSE,Mainboard,2026-01-03
HPAL,HP Adhesives Limited,,EQ,NSE,Mainboard,2026-01-03
HPIL,Hindprakash Industries Limited,,EQ,NSE,Mainboard,2026-01-03
HPL,HPL Electric & Power Limited,,EQ,NSE,Mainboard,2026-01-03
HPTL,HP Telecom India Limited,INE0VA601019,ST,NSE,SME,2026-01-03
HRHNEXT,HRH Next Services Limited,INE0R3501012,SM,NSE,SME,2026-01-03
HSCL,Himadri Speciality Chemical Limited,,EQ,NSE,Mainboard,2026-01-03
HTMEDIA,HT Media Limited,,EQ,NSE,Mainboard,2026-01-03
HUBTOWN,Hubtown Limited,,EQ,NSE,Mainboard,2026-01-03
HUDCO,Housing & Urban Development Corporation Limited,,EQ,NSE,Mainboard,2026-01-03
HUHTAMAKI,Huhtamaki India Limited,,EQ,NSE,Mainboard,2026-01-03
HVAX,HVAX Technologies Limited,INE0TO501019,SM,NSE,SME,2026-01-03
HYBRIDFIN,Hybrid Financial Services Limited,,BE,NSE,Mainboard,2026-01-03
HYUNDAI,Hyundai Motor India Limited,,EQ,NSE,Mainboard,2026-01-03
IBLFL,IBL Finance Limited,INE0O7401018,SM,NSE,SME,2026-01-03
IBULLSLTD,Indiabulls Limited,,EQ,NSE,Mainboard,2026-01-03
ICDSLTD,ICDS Limited,,EQ,NSE,Mainboard,2026-01-03
ICEMAKE,Ice Make Refrigeration Limited,,EQ,NSE,Mainboard,2026-01-03
ICICIAMC,ICICI Prudential Asset Management Company Limited,,EQ,NSE,Mainboard,2026-01-03
ICICIBANK,ICICI Bank Limited,,EQ,NSE,Mainboard,2026-01-03
ICICIGI,ICICI Lombard General Insurance Company Limited,,EQ,NSE,Mainboard,2026-01-03
ICICIPRULI,ICICI Prudential Life Insurance Company Limited,,EQ,NSE,Mainboard,2026-01-03
ICIL,Indo Count Industries Limited,,EQ,NSE,Mainboard,2026-01-03
ICRA,ICRA Limited,,EQ,NSE,Mainboard,2026-01-03
IDBI,IDBI Bank Limited,,EQ,NSE,Mainboard,2026-01-03
IDEA,Vodafone Idea Limited,,EQ,NSE,Mainboard,2026-01-03
IDEAFORGE,Ideaforge Technology Limited,,EQ,NSE,Mainboard,2026-01-03
IDEALTECHO,Ideal Technoplast Industries Limited,INE0T9I01011,SM,NSE,SME,2026-01-03
IDENTICAL,Identical Brains Studios Limited,INE0TD101011,SM,NSE,SME,2026-01-03
IDFCFIRSTB,IDFC First Bank Limited,,EQ,NSE,Mainboard,2026-01-03
IEML,Indian Emulsifiers Limited,INE0RRU01016,SM,NSE,SME,2026-01-03
IEX,Indian Energy Exchange Limited,,EQ,NSE,Mainboard,2026-01-03
IFBAGRO,IFB Agro Industries Limited,,EQ,NSE,Mainboard,2026-01-03
IFBIND,IFB Industries Limited,,EQ,NSE,Mainboard,2026-01-03
IFCI,IFCI Limited,,EQ,NSE,Mainboard,2026-01-03
IFGLEXPOR,IFGL Refractories Limited,,EQ,NSE,Mainboard,2026-01-03
IGARASHI,Igarashi Motors India Limited,,EQ,NSE,Mainboard,2026-01-03
IGCL,Indogulf Cropsciences Limited,,EQ,NSE,Mainboard,2026-01-03
IGIL,International Gemmological Institute (India) Limited,,EQ,NSE,Mainboard,2026-01-03
IGL,Indraprastha Gas Limited,,EQ,NSE,Mainboard,2026-01-03
IGPL,IG Petrochemicals Limited,,EQ,NSE,Mainboard,2026-01-03
IIFL,IIFL Finance Limited,,EQ,NSE,Mainboard,2026-01-03
IIFLCAPS,IIFL Capital Services Limited,,EQ,NSE,Mainboard,2026-01-03
IITL,Industrial Investment Trust Limited,,EQ,NSE,Mainboard,2026-01-03
IKIO,IKIO Technologies Limited,,EQ,NSE,Mainboard,2026-01-03
IKS,Inventurus Knowledge Solutions Limited,,EQ,NSE,Mainboard,2026-01-03
IMAGICAA,Imagicaaworld Entertainment Limited,,EQ,NSE,Mainboard,2026-01-03
IMFA,Indian Metals & Ferro Alloys Limited,,EQ,NSE,Mainboard,2026-01-03
IMPAL,India Motor Parts and Accessories Limited,,EQ,NSE,Mainboard,2026-01-03
IMPEXFERRO,Impex Ferro Tech Limited,,BZ,NSE,Mainboard,2026-01-03
IN9075K01011,10.0,,nan,BSE,SME,2026-01-03
IN9080I01015,1.0,,nan,BSE,SME,2026-01-03
IN9093R01019,1.0,,nan,BSE,SME,2026-01-03
IN90NN701011,2.0,,nan,BSE,SME,2026-01-03
IN9170U01027,10.0,,nan,BSE,SME,2026-01-03
IN9175A01010,2.0,,nan,BSE,SME,2026-01-03
IN9201F01013,10.0,,nan,BSE,SME,2026-01-03
IN9237C01014,10.0,,nan,BSE,SME,2026-01-03
IN9273A01047,10.0,,nan,BSE,SME,2026-01-03
IN9278G01019,10.0,,nan,BSE,SME,2026-01-03
IN9397D01014,5.0,,nan,BSE,SME,2026-01-03
IN9526B01012,10.0,,nan,BSE,SME,2026-01-03
IN9564C01011,10.0,,nan,BSE,SME,2026-01-03
IN9572J01019,10.0,,nan,BSE,SME,2026-01-03
IN9623B01058,2.0,,nan,BSE,SME,2026-01-03
IN9624Z01022,10.0,,nan,BSE,SME,2026-01-03
IN9638N01010,10.0,,nan,BSE,SME,2026-01-03
IN9849B01026,10.0,,nan,BSE,SME,2026-01-03
INCREDIBLE,INCREDIBLE INDUSTRIES LIMITED,,EQ,NSE,Mainboard,2026-01-03
INDBANK,Indbank Merchant Banking Services Limited,,EQ,NSE,Mainboard,2026-01-03
INDGN,Indegene Limited,,EQ,NSE,Mainboard,2026-01-03
INDHOTEL,The Indian Hotels Company Limited,,EQ,NSE,Mainboard,2026-01-03
INDIACEM,The India Cements Limited,,EQ,NSE,Mainboard,2026-01-03
INDIAGLYCO,India Glycols Limited,,EQ,NSE,Mainboard,2026-01-03
INDIAMART,Indiamart Intermesh Limited,,EQ,NSE,Mainboard,2026-01-03
INDIANB,Indian Bank,,EQ,NSE,Mainboard,2026-01-03
INDIANCARD,Indian Card Clothing Company Limited,,EQ,NSE,Mainboard,2026-01-03
INDIANHUME,Indian Hume Pipe Company Limited,,EQ,NSE,Mainboard,2026-01-03
INDIASHLTR,India Shelter Finance Corporation Limited,,EQ,NSE,Mainboard,2026-01-03
INDIFRA,Indifra Limited,INE0PS301014,SM,NSE,SME,2026-01-03
INDIGO,InterGlobe Aviation Limited,,EQ,NSE,Mainboard,2026-01-03
INDIGOPNTS,Indigo Paints Limited,,EQ,NSE,Mainboard,2026-01-03
INDIQUBE,Indiqube Spaces Limited,,EQ,NSE,Mainboard,2026-01-03
INDNIPPON,India Nippon Electricals Limited,,EQ,NSE,Mainboard,2026-01-03
INDOAMIN,Indo Amines Limited,,EQ,NSE,Mainboard,2026-01-03
INDOBORAX,Indo Borax & Chemicals Limited,,EQ,NSE,Mainboard,2026-01-03
INDOCO,Indoco Remedies Limited,,EQ,NSE,Mainboard,2026-01-03
INDOFARM,Indo Farm Equipment Limited,,EQ,NSE,Mainboard,2026-01-03
INDORAMA,Indo Rama Synthetics (India) Limited,,EQ,NSE,Mainboard,2026-01-03
INDOSTAR,IndoStar Capital Finance Limited,,EQ,NSE,Mainboard,2026-01-03
INDOTECH,Indo Tech Transformers Limited,,EQ,NSE,Mainboard,2026-01-03
INDOTHAI,Indo Thai Securities Limited,,EQ,NSE,Mainboard,2026-01-03
INDOUS,Indo Us Biotech Limited,,EQ,NSE,Mainboard,2026-01-03
INDOWIND,Indowind Energy Limited,,EQ,NSE,Mainboard,2026-01-03
INDRAMEDCO,Indraprastha Medical Corporation Limited,,EQ,NSE,Mainboard,2026-01-03
INDSWFTLAB,Ind-Swift Laboratories Limited,,EQ,NSE,Mainboard,2026-01-03
INDTERRAIN,Indian Terrain Fashions Limited,,EQ,NSE,Mainboard,2026-01-03
INDUSINDBK,IndusInd Bank Limited,,EQ,NSE,Mainboard,2026-01-03
INDUSTOWER,Indus Towers Limited,,EQ,NSE,Mainboard,2026-01-03
INE001B01026,1.0,,nan,BSE,SME,2026-01-03
INE001E01012,10.0,,nan,BSE,SME,2026-01-03
INE001F01019,10.0,,nan,BSE,SME,2026-01-03
INE001O01029,2.0,,nan,BSE,SME,2026-01-03
INE002A01018,10.0,,nan,BSE,SME,2026-01-03
INE002B01016,10.0,,nan,BSE,SME,2026-01-03
INE002E01010,10.0,,nan,BSE,SME,2026-01-03
INE002L01015,10.0,,nan,BSE,SME,2026-01-03
INE002S01010,10.0,,nan,BSE,SME,2026-01-03
INE003A01024,2.0,,nan,BSE,SME,2026-01-03
INE003B01014,10.0,,nan,BSE,SME,2026-01-03
INE003F01015,10.0,,nan,BSE,SME,2026-01-03
INE004A01022,10.0,,nan,BSE,SME,2026-01-03
INE004C01028,5.0,,nan,BSE,SME,2026-01-03
INE004Z01011,10.0,,nan,BSE,SME,2026-01-03
INE005B01027,2.0,,nan,BSE,SME,2026-01-03
INE005C01017,10.0,,nan,BSE,SME,2026-01-03
INE005E01013,10.0,,nan,BSE,SME,2026-01-03
INE005G01026,1.0,,nan,BSE,SME,2026-01-03
INE005I01014,10.0,,nan,BSE,SME,2026-01-03
INE006C01015,10.0,,nan,BSE,SME,2026-01-03
INE006F01018,10.0,,nan,BSE,SME,2026-01-03
INE006I01046,1.0,,nan,BSE,SME,2026-01-03
INE007A01025,1.0,,nan,BSE,SME,2026-01-03
INE007B01023,1.0,,nan,BSE,SME,2026-01-03
INE007C01021,10.0,,nan,BSE,SME,2026-01-03
INE007G01014,10.0,,nan,BSE,SME,2026-01-03
INE007N01010,10.0,,nan,BSE,SME,2026-01-03
INE008A01015,10.0,,nan,BSE,SME,2026-01-03
INE008B01013,10.0,,nan,BSE,SME,2026-01-03
INE008C01011,10.0,,nan,BSE,SME,2026-01-03
INE008N01018,10.0,,nan,BSE,SME,2026-01-03
INE009A01021,5.0,,nan,BSE,SME,2026-01-03
INE009C01019,10.0,,nan,BSE,SME,2026-01-03
INE009U01011,10.0,,nan,BSE,SME,2026-01-03
INE00CA01015,10.0,,nan,BSE,SME,2026-01-03
INE00CX01017,10.0,,nan,BSE,SME,2026-01-03
INE00E101023,1.0,,nan,BSE,SME,2026-01-03
INE00EM01016,10.0,,nan,BSE,SME,2026-01-03
INE00EV01017,10.0,,nan,BSE,SME,2026-01-03
INE00F201020,5.0,,nan,BSE,SME,2026-01-03
INE00FF01025,5.0,,nan,BSE,SME,2026-01-03
INE00FM01013,10.0,,nan,BSE,SME,2026-01-03
INE00GK01023,5.0,,nan,BSE,SME,2026-01-03
INE00H001014,1.0,,nan,BSE,SME,2026-01-03
INE00HZ01011,10.0,,nan,BSE,SME,2026-01-03
INE00IN01015,10.0,,nan,BSE,SME,2026-01-03
INE00IY01012,10.0,,nan,BSE,SME,2026-01-03
INE00LO01017,5.0,,nan,BSE,SME,2026-01-03
INE00M201021,1.0,,nan,BSE,SME,2026-01-03
INE00M901018,10.0,,nan,BSE,SME,2026-01-03
INE00OQ01016,10.0,,nan,BSE,SME,2026-01-03
INE00Q601028,5.0,,nan,BSE,SME,2026-01-03
INE00Q901014,10.0,,nan,BSE,SME,2026-01-03
INE00QT01015,10.0,,nan,BSE,SME,2026-01-03
INE00R701025,2.0,,nan,BSE,SME,2026-01-03
INE00RL01028,5.0,,nan,BSE,SME,2026-01-03
INE00S901012,1.0,,nan,BSE,SME,2026-01-03
INE00ST01011,10.0,,nan,BSE,SME,2026-01-03
INE00SW01015,10.0,,nan,BSE,SME,2026-01-03
INE00SY01011,10.0,,nan,BSE,SME,2026-01-03
INE00TV01023,1.0,,nan,BSE,SME,2026-01-03
INE00U401027,1.0,,nan,BSE,SME,2026-01-03
INE00VM01036,2.0,,nan,BSE,SME,2026-01-03
INE00WC01027,2.0,,nan,BSE,SME,2026-01-03
INE00WY01013,10.0,,nan,BSE,SME,2026-01-03
INE00Y201027,5.0,,nan,BSE,SME,2026-01-03
INE00YB01025,1.0,,nan,BSE,SME,2026-01-03
INE00YJ01010,10.0,,nan,BSE,SME,2026-01-03
INE00ZE01026,2.0,,nan,BSE,SME,2026-01-03
INE010601016,10.0,,nan,BSE,SME,2026-01-03
INE010A01011,10.0,,nan,BSE,SME,2026-01-03
INE010B01027,1.0,,nan,BSE,SME,2026-01-03
INE010C01025,2.0,,nan,BSE,SME,2026-01-03
INE010J01012,10.0,,nan,BSE,SME,2026-01-03
INE010R01023,2.0,,nan,BSE,SME,2026-01-03
INE010V01017,2.0,,nan,BSE,SME,2026-01-03
INE011B01017,10.0,,nan,BSE,SME,2026-01-03
INE011D01013,10.0,,nan,BSE,SME,2026-01-03
INE011E01029,10.0,,nan,BSE,SME,2026-01-03
INE011K01018,10.0,,nan,BSE,SME,2026-01-03
INE011R01013,10.0,,nan,BSE,SME,2026-01-03
INE012A01025,10.0,,nan,BSE,SME,2026-01-03
INE012E01035,5.0,,nan,BSE,SME,2026-01-03
INE012Q01021,2.0,,nan,BSE,SME,2026-01-03
INE013E01017,10.0,,nan,BSE,SME,2026-01-03
INE013J01016,10.0,,nan,BSE,SME,2026-01-03
INE013P01021,1.0,,nan,BSE,SME,2026-01-03
INE013V01011,10.0,,nan,BSE,SME,2026-01-03
INE014B01011,10.0,,nan,BSE,SME,2026-01-03
INE014E01015,10.0,,nan,BSE,SME,2026-01-03
INE015B01018,10.0,,nan,BSE,SME,2026-01-03
INE015C01016,10.0,,nan,BSE,SME,2026-01-03
INE015D01022,2.0,,nan,BSE,SME,2026-01-03
INE015E01012,10.0,,nan,BSE,SME,2026-01-03
INE015F01019,10.0,,nan,BSE,SME,2026-01-03
INE016A01026,1.0,,nan,BSE,SME,2026-01-03
INE016C01014,10.0,,nan,BSE,SME,2026-01-03
INE016M01021,1.0,,nan,BSE,SME,2026-01-03
INE016Q01014,10.0,,nan,BSE,SME,2026-01-03
INE016X01010,10.0,,nan,BSE,SME,2026-01-03
INE017A01032,10.0,,nan,BSE,SME,2026-01-03
INE017C01012,10.0,,nan,BSE,SME,2026-01-03
INE017E01018,10.0,,nan,BSE,SME,2026-01-03
INE017I01027,2.0,,nan,BSE,SME,2026-01-03
INE017P01014,10.0,,nan,BSE,SME,2026-01-03
INE017W01010,10.0,,nan,BSE,SME,2026-01-03
INE018401013,1.0,,nan,BSE,SME,2026-01-03
INE018A01030,2.0,,nan,BSE,SME,2026-01-03
INE018E01016,10.0,,nan,BSE,SME,2026-01-03
INE018S01016,10.0,,nan,BSE,SME,2026-01-03
INE019A01038,1.0,,nan,BSE,SME,2026-01-03
INE019B01010,10.0,,nan,BSE,SME,2026-01-03
INE019C01026,1.0,,nan,BSE,SME,2026-01-03
INE019D01016,10.0,,nan,BSE,SME,2026-01-03
INE019J01013,10.0,,nan,BSE,SME,2026-01-03
INE01A001028,2.0,,nan,BSE,SME,2026-01-03
INE01A501027,5.0,,nan,BSE,SME,2026-01-03
INE01B501018,10.0,,nan,BSE,SME,2026-01-03
INE01BK01022,5.0,,nan,BSE,SME,2026-01-03
INE01BL01012,10.0,,nan,BSE,SME,2026-01-03
INE01BT01015,10.0,,nan,BSE,SME,2026-01-03
INE01C001026,5.0,,nan,BSE,SME,2026-01-03
INE01EA01019,10.0,,nan,BSE,SME,2026-01-03
INE01EE01011,10.0,,nan,BSE,SME,2026-01-03
INE01EG01016,10.0,,nan,BSE,SME,2026-01-03
INE01EO01010,10.0,,nan,BSE,SME,2026-01-03
INE01FR01028,5.0,,nan,BSE,SME,2026-01-03
INE01GR01018,10.0,,nan,BSE,SME,2026-01-03
INE01GZ01011,10.0,,nan,BSE,SME,2026-01-03
INE01IU01018,10.0,,nan,BSE,SME,2026-01-03
INE01J501010,10.0,,nan,BSE,SME,2026-01-03
INE01K301012,10.0,,nan,BSE,SME,2026-01-03
INE01KI01027,1.0,,nan,BSE,SME,2026-01-03
INE01NE01012,10.0,,nan,BSE,SME,2026-01-03
INE01P501012,10.0,,nan,BSE,SME,2026-01-03
INE01QM01018,5.0,,nan,BSE,SME,2026-01-03
INE01R501028,1.0,,nan,BSE,SME,2026-01-03
INE01TL01014,100.0,,nan,BSE,SME,2026-01-03
INE01TY01017,10.0,,nan,BSE,SME,2026-01-03
INE020801028,5.0,,nan,BSE,SME,2026-01-03
INE020B01018,10.0,,nan,BSE,SME,2026-01-03
INE020D01022,2.0,,nan,BSE,SME,2026-01-03
INE020G01017,10.0,,nan,BSE,SME,2026-01-03
INE020J01029,2.0,,nan,BSE,SME,2026-01-03
INE020S01012,10.0,,nan,BSE,SME,2026-01-03
INE021A01026,1.0,,nan,BSE,SME,2026-01-03
INE021N01011,10.0,,nan,BSE,SME,2026-01-03
INE021O01019,10.0,,nan,BSE,SME,2026-01-03
INE022C01012,10.0,,nan,BSE,SME,2026-01-03
INE022I01019,10.0,,nan,BSE,SME,2026-01-03
INE022Q01020,1.0,,nan,BSE,SME,2026-01-03
INE023A01030,10.0,,nan,BSE,SME,2026-01-03
INE023H01027,1.0,,nan,BSE,SME,2026-01-03
INE023M01027,1.0,,nan,BSE,SME,2026-01-03
INE023R01018,10.0,,nan,BSE,SME,2026-01-03
INE024001021,2.0,,nan,BSE,SME,2026-01-03
INE024B01010,10.0,,nan,BSE,SME,2026-01-03
INE024D01016,10.0,,nan,BSE,SME,2026-01-03
INE024F01011,10.0,,nan,BSE,SME,2026-01-03
INE024L01027,2.0,,nan,BSE,SME,2026-01-03
INE025B01025,2.0,,nan,BSE,SME,2026-01-03
INE025D01013,10.0,,nan,BSE,SME,2026-01-03
INE025R01021,1.0,,nan,BSE,SME,2026-01-03
INE026A01025,2.0,,nan,BSE,SME,2026-01-03
INE026C01013,10.0,,nan,BSE,SME,2026-01-03
INE026D01011,10.0,,nan,BSE,SME,2026-01-03
INE026I01010,10.0,,nan,BSE,SME,2026-01-03
INE026L01022,1.0,,nan,BSE,SME,2026-01-03
INE026L20048,0.05,,nan,BSE,SME,2026-01-03
INE027A01015,10.0,,nan,BSE,SME,2026-01-03
INE027D01019,10.0,,nan,BSE,SME,2026-01-03
INE027F01014,10.0,,nan,BSE,SME,2026-01-03
INE027H01010,10.0,,nan,BSE,SME,2026-01-03
INE027S01017,10.0,,nan,BSE,SME,2026-01-03
INE027T01023,5.0,,nan,BSE,SME,2026-01-03
INE028A01039,2.0,,nan,BSE,SME,2026-01-03
INE029A01011,10.0,,nan,BSE,SME,2026-01-03
INE029B01019,10.0,,nan,BSE,SME,2026-01-03
INE029H01016,10.0,,nan,BSE,SME,2026-01-03
INE029L01018,10.0,,nan,BSE,SME,2026-01-03
INE02A801020,2.0,,nan,BSE,SME,2026-01-03
INE02AP01013,10.0,,nan,BSE,SME,2026-01-03
INE02AR01019,10.0,,nan,BSE,SME,2026-01-03
INE02BR01017,10.0,,nan,BSE,SME,2026-01-03
INE02BV01019,10.0,,nan,BSE,SME,2026-01-03
INE02C301011,100.0,,nan,BSE,SME,2026-01-03
INE02EZ01022,1.0,,nan,BSE,SME,2026-01-03
INE02GA01012,10.0,,nan,BSE,SME,2026-01-03
INE02H701025,2.0,,nan,BSE,SME,2026-01-03
INE02ID01020,2.0,,nan,BSE,SME,2026-01-03
INE02IJ01035,2.0,,nan,BSE,SME,2026-01-03
INE02L001032,1.0,,nan,BSE,SME,2026-01-03
INE02NC01014,10.0,,nan,BSE,SME,2026-01-03
INE02PC01027,1.0,,nan,BSE,SME,2026-01-03
INE02PY01013,1.0,,nan,BSE,SME,2026-01-03
INE02RE01045,2.0,,nan,BSE,SME,2026-01-03
INE02WG01024,1.0,,nan,BSE,SME,2026-01-03
INE02XD01011,10.0,,nan,BSE,SME,2026-01-03
INE02YR01019,10.0,,nan,BSE,SME,2026-01-03
INE02Z901011,10.0,,nan,BSE,SME,2026-01-03
INE02ZA01012,10.0,,nan,BSE,SME,2026-01-03
INE02ZQ01018,10.0,,nan,BSE,SME,2026-01-03
INE030A01027,1.0,,nan,BSE,SME,2026-01-03
INE030C01015,10.0,,nan,BSE,SME,2026-01-03
INE030P01017,10.0,,nan,BSE,SME,2026-01-03
INE030Q01015,10.0,,nan,BSE,SME,2026-01-03
INE030T01027,5.0,,nan,BSE,SME,2026-01-03
INE030U01025,5.0,,nan,BSE,SME,2026-01-03
INE031A01017,10.0,,nan,BSE,SME,2026-01-03
INE031B01049,2.0,,nan,BSE,SME,2026-01-03
INE031G01022,1.0,,nan,BSE,SME,2026-01-03
INE032A01023,2.0,,nan,BSE,SME,2026-01-03
INE032B01021,5.0,,nan,BSE,SME,2026-01-03
INE032E01017,10.0,,nan,BSE,SME,2026-01-03
INE033C01019,10.0,,nan,BSE,SME,2026-01-03
INE033E01015,10.0,,nan,BSE,SME,2026-01-03
INE034A01011,10.0,,nan,BSE,SME,2026-01-03
INE034B01019,10.0,,nan,BSE,SME,2026-01-03
INE034D01049,1.0,,nan,BSE,SME,2026-01-03
INE034F01010,10.0,,nan,BSE,SME,2026-01-03
INE034S01021,10.0,,nan,BSE,SME,2026-01-03
INE035801013,10.0,,nan,BSE,SME,2026-01-03
INE035D01020,2.0,,nan,BSE,SME,2026-01-03
INE035S01028,2.0,,nan,BSE,SME,2026-01-03
INE036B01030,1.0,,nan,BSE,SME,2026-01-03
INE036D01028,2.0,,nan,BSE,SME,2026-01-03
INE037A01022,2.0,,nan,BSE,SME,2026-01-03
INE037B01020,2.0,,nan,BSE,SME,2026-01-03
INE037C01010,10.0,,nan,BSE,SME,2026-01-03
INE037Z01029,5.0,,nan,BSE,SME,2026-01-03
INE038A01020,1.0,,nan,BSE,SME,2026-01-03
INE038B01010,10.0,,nan,BSE,SME,2026-01-03
INE038F01029,5.0,,nan,BSE,SME,2026-01-03
INE038N01015,10.0,,nan,BSE,SME,2026-01-03
INE039A01010,10.0,,nan,BSE,SME,2026-01-03
INE039B01026,2.0,,nan,BSE,SME,2026-01-03
INE039C01032,1.0,,nan,BSE,SME,2026-01-03
INE039D01014,10.0,,nan,BSE,SME,2026-01-03
INE039O01029,2.0,,nan,BSE,SME,2026-01-03
INE03CC01015,10.0,,nan,BSE,SME,2026-01-03
INE03CM01014,10.0,,nan,BSE,SME,2026-01-03
INE03DD01011,10.0,,nan,BSE,SME,2026-01-03
INE03EI01018,10.0,,nan,BSE,SME,2026-01-03
INE03HW01020,10.0,,nan,BSE,SME,2026-01-03
INE03JI01017,2.0,,nan,BSE,SME,2026-01-03
INE03JT01014,10.0,,nan,BSE,SME,2026-01-03
INE03NU01014,10.0,,nan,BSE,SME,2026-01-03
INE03Q201024,2.0,,nan,BSE,SME,2026-01-03
INE03QK01018,1.0,,nan,BSE,SME,2026-01-03
INE03RS01027,1.0,,nan,BSE,SME,2026-01-03
INE03V001013,10.0,,nan,BSE,SME,2026-01-03
INE03WT01017,10.0,,nan,BSE,SME,2026-01-03
INE03YM01018,10.0,,nan,BSE,SME,2026-01-03
INE040A01034,1.0,,nan,BSE,SME,2026-01-03
INE040D01038,5.0,,nan,BSE,SME,2026-01-03
INE040F01033,10.0,,nan,BSE,SME,2026-01-03
INE040H01021,2.0,,nan,BSE,SME,2026-01-03
INE040M01013,10.0,,nan,BSE,SME,2026-01-03
INE041A01016,10.0,,nan,BSE,SME,2026-01-03
INE041B01014,10.0,,nan,BSE,SME,2026-01-03
INE042A01014,10.0,,nan,BSE,SME,2026-01-03
INE042B01012,10.0,,nan,BSE,SME,2026-01-03
INE042C01010,10.0,,nan,BSE,SME,2026-01-03
INE043A01012,10.0,,nan,BSE,SME,2026-01-03
INE043B01028,1.0,,nan,BSE,SME,2026-01-03
INE043C01018,10.0,,nan,BSE,SME,2026-01-03
INE043R01016,10.0,,nan,BSE,SME,2026-01-03
INE043U01010,10.0,,nan,BSE,SME,2026-01-03
INE043W01024,1.0,,nan,BSE,SME,2026-01-03
INE044A01036,1.0,,nan,BSE,SME,2026-01-03
INE044N01021,5.0,,nan,BSE,SME,2026-01-03
INE045601023,5.0,,nan,BSE,SME,2026-01-03
INE045A01017,10.0,,nan,BSE,SME,2026-01-03
INE045B01015,10.0,,nan,BSE,SME,2026-01-03
INE045J01034,1.0,,nan,BSE,SME,2026-01-03
INE046A01015,10.0,,nan,BSE,SME,2026-01-03
INE046E01025,10.0,,nan,BSE,SME,2026-01-03
INE046M01036,10.0,,nan,BSE,SME,2026-01-03
INE046W01019,10.0,,nan,BSE,SME,2026-01-03
INE047A01021,2.0,,nan,BSE,SME,2026-01-03
INE047B01011,10.0,,nan,BSE,SME,2026-01-03
INE047E01031,10.0,,nan,BSE,SME,2026-01-03
INE047O01014,2.0,,nan,BSE,SME,2026-01-03
INE048A01011,10.0,,nan,BSE,SME,2026-01-03
INE048B01035,2.0,,nan,BSE,SME,2026-01-03
INE048C01025,10.0,,nan,BSE,SME,2026-01-03
INE048G01026,2.0,,nan,BSE,SME,2026-01-03
INE049A01027,5.0,,nan,BSE,SME,2026-01-03
INE049B01025,5.0,,nan,BSE,SME,2026-01-03
INE049I01012,5.0,,nan,BSE,SME,2026-01-03
INE04AK01028,1.0,,nan,BSE,SME,2026-01-03
INE04CO01018,10.0,,nan,BSE,SME,2026-01-03
INE04I401011,10.0,,nan,BSE,SME,2026-01-03
INE04ST01013,10.0,,nan,BSE,SME,2026-01-03
INE04T901017,10.0,,nan,BSE,SME,2026-01-03
INE04TZ01018,10.0,,nan,BSE,SME,2026-01-03
INE04VT01017,10.0,,nan,BSE,SME,2026-01-03
INE04VU01023,10.0,,nan,BSE,SME,2026-01-03
INE04Z101016,10.0,,nan,BSE,SME,2026-01-03
INE050001010,10.0,,nan,BSE,SME,2026-01-03
INE050401020,5.0,,nan,BSE,SME,2026-01-03
INE050A01025,2.0,,nan,BSE,SME,2026-01-03
INE050B01023,2.0,,nan,BSE,SME,2026-01-03
INE050E01027,2.0,,nan,BSE,SME,2026-01-03
INE050H01012,10.0,,nan,BSE,SME,2026-01-03
INE050L01048,1.0,,nan,BSE,SME,2026-01-03
INE050M01012,10.0,,nan,BSE,SME,2026-01-03
INE050N01010,10.0,,nan,BSE,SME,2026-01-03
INE051B01021,1.0,,nan,BSE,SME,2026-01-03
INE051G01012,10.0,,nan,BSE,SME,2026-01-03
INE051N01026,1.0,,nan,BSE,SME,2026-01-03
INE052001026,2.0,,nan,BSE,SME,2026-01-03
INE052A01021,2.0,,nan,BSE,SME,2026-01-03
INE052B01011,10.0,,nan,BSE,SME,2026-01-03
INE052E01015,10.0,,nan,BSE,SME,2026-01-03
INE052I01032,1.0,,nan,BSE,SME,2026-01-03
INE052T01013,10.0,,nan,BSE,SME,2026-01-03
INE052V01019,10.0,,nan,BSE,SME,2026-01-03
INE053A01029,1.0,,nan,BSE,SME,2026-01-03
INE053D01015,10.0,,nan,BSE,SME,2026-01-03
INE053F01010,10.0,,nan,BSE,SME,2026-01-03
INE054301028,1.0,,nan,BSE,SME,2026-01-03
INE054A01027,2.0,,nan,BSE,SME,2026-01-03
INE054C01015,10.0,,nan,BSE,SME,2026-01-03
INE055A01016,10.0,,nan,BSE,SME,2026-01-03
INE055C01020,1.0,,nan,BSE,SME,2026-01-03
INE055E01034,2.0,,nan,BSE,SME,2026-01-03
INE055O01033,10.0,,nan,BSE,SME,2026-01-03
INE055Q01012,10.0,,nan,BSE,SME,2026-01-03
INE055S01018,10.0,,nan,BSE,SME,2026-01-03
INE056001014,10.0,,nan,BSE,SME,2026-01-03
INE056801025,2.0,,nan,BSE,SME,2026-01-03
INE056E01024,1.0,,nan,BSE,SME,2026-01-03
INE056I01025,2.0,,nan,BSE,SME,2026-01-03
INE056J01015,10.0,,nan,BSE,SME,2026-01-03
INE057Q01018,10.0,,nan,BSE,SME,2026-01-03
INE058A01010,10.0,,nan,BSE,SME,2026-01-03
INE058B01018,10.0,,nan,BSE,SME,2026-01-03
INE058D01030,10.0,,nan,BSE,SME,2026-01-03
INE058F01019,10.0,,nan,BSE,SME,2026-01-03
INE058I01013,10.0,,nan,BSE,SME,2026-01-03
INE059A01026,2.0,,nan,BSE,SME,2026-01-03
INE059B01024,2.0,,nan,BSE,SME,2026-01-03
INE059D01020,2.0,,nan,BSE,SME,2026-01-03
INE059E01010,10.0,,nan,BSE,SME,2026-01-03
INE059Q01014,10.0,,nan,BSE,SME,2026-01-03
INE05AN01011,2.0,,nan,BSE,SME,2026-01-03
INE05BN01019,10.0,,nan,BSE,SME,2026-01-03
INE05CY01014,10.0,,nan,BSE,SME,2026-01-03
INE05CZ01011,10.0,,nan,BSE,SME,2026-01-03
INE05FR01029,1.0,,nan,BSE,SME,2026-01-03
INE05J901018,10.0,,nan,BSE,SME,2026-01-03
INE05MV01019,10.0,,nan,BSE,SME,2026-01-03
INE05QJ01015,10.0,,nan,BSE,SME,2026-01-03
INE05ST01028,1.0,,nan,BSE,SME,2026-01-03
INE05X901010,10.0,,nan,BSE,SME,2026-01-03
INE060601031,1.0,,nan,BSE,SME,2026-01-03
INE060901027,5.0,,nan,BSE,SME,2026-01-03
INE060A01024,2.0,,nan,BSE,SME,2026-01-03
INE060B01014,10.0,,nan,BSE,SME,2026-01-03
INE060D01028,2.0,,nan,BSE,SME,2026-01-03
INE060E01018,10.0,,nan,BSE,SME,2026-01-03
INE060J01017,10.0,,nan,BSE,SME,2026-01-03
INE060N01019,10.0,,nan,BSE,SME,2026-01-03
INE060T01024,10.0,,nan,BSE,SME,2026-01-03
INE060X01034,2.0,,nan,BSE,SME,2026-01-03
INE061A01014,10.0,,nan,BSE,SME,2026-01-03
INE061F01013,10.0,,nan,BSE,SME,2026-01-03
INE062A01020,1.0,,nan,BSE,SME,2026-01-03
INE062C01042,1.0,,nan,BSE,SME,2026-01-03
INE062D01024,5.0,,nan,BSE,SME,2026-01-03
INE062Y01020,1.0,,nan,BSE,SME,2026-01-03
INE063601012,10.0,,nan,BSE,SME,2026-01-03
INE063E01053,5.0,,nan,BSE,SME,2026-01-03
INE063P01018,10.0,,nan,BSE,SME,2026-01-03
INE063Z01017,10.0,,nan,BSE,SME,2026-01-03
INE064A01026,1.0,,nan,BSE,SME,2026-01-03
INE064C01022,1.0,,nan,BSE,SME,2026-01-03
INE064H01021,2.0,,nan,BSE,SME,2026-01-03
INE064L01015,10.0,,nan,BSE,SME,2026-01-03
INE064R01012,10.0,,nan,BSE,SME,2026-01-03
INE064T01018,10.0,,nan,BSE,SME,2026-01-03
INE065D01027,2.0,,nan,BSE,SME,2026-01-03
INE065E01017,10.0,,nan,BSE,SME,2026-01-03
INE065J01024,1.0,,nan,BSE,SME,2026-01-03
INE065X01017,2.0,,nan,BSE,SME,2026-01-03
INE066A01021,1.0,,nan,BSE,SME,2026-01-03
INE066F01020,5.0,,nan,BSE,SME,2026-01-03
INE066O01014,10.0,,nan,BSE,SME,2026-01-03
INE066P01011,10.0,,nan,BSE,SME,2026-01-03
INE067A01029,2.0,,nan,BSE,SME,2026-01-03
INE067C01025,10.0,,nan,BSE,SME,2026-01-03
INE067E01013,10.0,,nan,BSE,SME,2026-01-03
INE067R01015,10.0,,nan,BSE,SME,2026-01-03
INE068B01017,10.0,,nan,BSE,SME,2026-01-03
INE068C01015,10.0,,nan,BSE,SME,2026-01-03
INE068L01024,2.0,,nan,BSE,SME,2026-01-03
INE068V01023,1.0,,nan,BSE,SME,2026-01-03
INE069B01023,1.0,,nan,BSE,SME,2026-01-03
INE069E01019,10.0,,nan,BSE,SME,2026-01-03
INE069I01010,2.0,,nan,BSE,SME,2026-01-03
INE06H201014,10.0,,nan,BSE,SME,2026-01-03
INE06HJ01020,2.0,,nan,BSE,SME,2026-01-03
INE06LG01010,10.0,,nan,BSE,SME,2026-01-03
INE06MM01016,10.0,,nan,BSE,SME,2026-01-03
INE06ST01018,1.0,,nan,BSE,SME,2026-01-03
INE06TD01010,10.0,,nan,BSE,SME,2026-01-03
INE06WU01026,5.0,,nan,BSE,SME,2026-01-03
INE06XZ01023,2.0,,nan,BSE,SME,2026-01-03
INE06YD01010,10.0,,nan,BSE,SME,2026-01-03
INE06ZD01017,10.0,,nan,BSE,SME,2026-01-03
INE070A01015,10.0,,nan,BSE,SME,2026-01-03
INE070C01037,2.0,,nan,BSE,SME,2026-01-03
INE070D01027,1.0,,nan,BSE,SME,2026-01-03
INE070I01018,10.0,,nan,BSE,SME,2026-01-03
INE070K01014,10.0,,nan,BSE,SME,2026-01-03
INE071A01013,10.0,,nan,BSE,SME,2026-01-03
INE071D01033,1.0,,nan,BSE,SME,2026-01-03
INE071E01023,1.0,,nan,BSE,SME,2026-01-03
INE071F01012,10.0,,nan,BSE,SME,2026-01-03
INE071N01016,10.0,,nan,BSE,SME,2026-01-03
INE071Y01013,10.0,,nan,BSE,SME,2026-01-03
INE072A01029,1.0,,nan,BSE,SME,2026-01-03
INE072B01027,10.0,,nan,BSE,SME,2026-01-03
INE072V01017,10.0,,nan,BSE,SME,2026-01-03
INE073A01019,10.0,,nan,BSE,SME,2026-01-03
INE073D01013,10.0,,nan,BSE,SME,2026-01-03
INE073G01016,10.0,,nan,BSE,SME,2026-01-03
INE073I01012,10.0,,nan,BSE,SME,2026-01-03
INE073K01018,10.0,,nan,BSE,SME,2026-01-03
INE073V01015,10.0,,nan,BSE,SME,2026-01-03
INE074A01025,2.0,,nan,BSE,SME,2026-01-03
INE074B01023,2.0,,nan,BSE,SME,2026-01-03
INE074C01013,10.0,,nan,BSE,SME,2026-01-03
INE074H01012,10.0,,nan,BSE,SME,2026-01-03
INE074J01018,10.0,,nan,BSE,SME,2026-01-03
INE075A01022,2.0,,nan,BSE,SME,2026-01-03
INE075B01020,10.0,,nan,BSE,SME,2026-01-03
INE075D01018,10.0,,nan,BSE,SME,2026-01-03
INE075H01019,10.0,,nan,BSE,SME,2026-01-03
INE075I01017,10.0,,nan,BSE,SME,2026-01-03
INE075K01013,10.0,,nan,BSE,SME,2026-01-03
INE076B01028,2.0,,nan,BSE,SME,2026-01-03
INE076C01018,10.0,,nan,BSE,SME,2026-01-03
INE076D01016,10.0,,nan,BSE,SME,2026-01-03
INE077B01018,10.0,,nan,BSE,SME,2026-01-03
INE077F01035,2.0,,nan,BSE,SME,2026-01-03
INE077P01034,1.0,,nan,BSE,SME,2026-01-03
INE078D01012,10.0,,nan,BSE,SME,2026-01-03
INE078I01011,10.0,,nan,BSE,SME,2026-01-03
INE078T01026,10.0,,nan,BSE,SME,2026-01-03
INE078V01014,10.0,,nan,BSE,SME,2026-01-03
INE079A01024,2.0,,nan,BSE,SME,2026-01-03
INE079C01012,10.0,,nan,BSE,SME,2026-01-03
INE079J01017,10.0,,nan,BSE,SME,2026-01-03
INE079L01013,5.0,,nan,BSE,SME,2026-01-03
INE079N01019,10.0,,nan,BSE,SME,2026-01-03
INE07G501017,10.0,,nan,BSE,SME,2026-01-03
INE07GA01011,10.0,,nan,BSE,SME,2026-01-03
INE07I701011,10.0,,nan,BSE,SME,2026-01-03
INE07K301024,1.0,,nan,BSE,SME,2026-01-03
INE07L501010,10.0,,nan,BSE,SME,2026-01-03
INE07LH01016,10.0,,nan,BSE,SME,2026-01-03
INE07LK01010,10.0,,nan,BSE,SME,2026-01-03
INE07MC01015,10.0,,nan,BSE,SME,2026-01-03
INE07NX01019,10.0,,nan,BSE,SME,2026-01-03
INE07O001026,1.0,,nan,BSE,SME,2026-01-03
INE07OG01012,10.0,,nan,BSE,SME,2026-01-03
INE07P301011,10.0,,nan,BSE,SME,2026-01-03
INE07QQ01016,10.0,,nan,BSE,SME,2026-01-03
INE07RO01027,2.0,,nan,BSE,SME,2026-01-03
INE07S101038,1.0,,nan,BSE,SME,2026-01-03
INE07T201019,10.0,,nan,BSE,SME,2026-01-03
INE07U701015,10.0,,nan,BSE,SME,2026-01-03
INE07Y701011,2.0,,nan,BSE,SME,2026-01-03
INE080A01014,10.0,,nan,BSE,SME,2026-01-03
INE080B01012,10.0,,nan,BSE,SME,2026-01-03
INE080D01042,10.0,,nan,BSE,SME,2026-01-03
INE080G01029,2.0,,nan,BSE,SME,2026-01-03
INE080I01025,1.0,,nan,BSE,SME,2026-01-03
INE081A01020,1.0,,nan,BSE,SME,2026-01-03
INE081G01019,10.0,,nan,BSE,SME,2026-01-03
INE082A01010,10.0,,nan,BSE,SME,2026-01-03
INE082B01018,10.0,,nan,BSE,SME,2026-01-03
INE082C01024,10.0,,nan,BSE,SME,2026-01-03
INE082W01014,10.0,,nan,BSE,SME,2026-01-03
INE083A01026,2.0,,nan,BSE,SME,2026-01-03
INE083B01024,1.0,,nan,BSE,SME,2026-01-03
INE083C01022,5.0,,nan,BSE,SME,2026-01-03
INE083D01012,10.0,,nan,BSE,SME,2026-01-03
INE083E01010,10.0,,nan,BSE,SME,2026-01-03
INE083G01031,1.0,,nan,BSE,SME,2026-01-03
INE083K01017,10.0,,nan,BSE,SME,2026-01-03
INE083O01019,25.0,,nan,BSE,SME,2026-01-03
INE084A01016,10.0,,nan,BSE,SME,2026-01-03
INE084C01012,10.0,,nan,BSE,SME,2026-01-03
INE084D01010,10.0,,nan,BSE,SME,2026-01-03
INE084K01015,10.0,,nan,BSE,SME,2026-01-03
INE084Q01012,10.0,,nan,BSE,SME,2026-01-03
INE085001019,10.0,,nan,BSE,SME,2026-01-03
INE085A01013,10.0,,nan,BSE,SME,2026-01-03
INE085D01033,10.0,,nan,BSE,SME,2026-01-03
INE085J01014,10.0,,nan,BSE,SME,2026-01-03
INE086A01029,1.0,,nan,BSE,SME,2026-01-03
INE087A01019,10.0,,nan,BSE,SME,2026-01-03
INE087B01017,10.0,,nan,BSE,SME,2026-01-03
INE087E01011,10.0,,nan,BSE,SME,2026-01-03
INE087H01022,1.0,,nan,BSE,SME,2026-01-03
INE088D01011,10.0,,nan,BSE,SME,2026-01-03
INE088E01019,10.0,,nan,BSE,SME,2026-01-03
INE088F01024,10.0,,nan,BSE,SME,2026-01-03
INE088G01014,10.0,,nan,BSE,SME,2026-01-03
INE088P01015,10.0,,nan,BSE,SME,2026-01-03
INE089A01031,1.0,,nan,BSE,SME,2026-01-03
INE089C01029,2.0,,nan,BSE,SME,2026-01-03
INE089T01023,1.0,,nan,BSE,SME,2026-01-03
INE08E401029,5.0,,nan,BSE,SME,2026-01-03
INE08JY01013,10.0,,nan,BSE,SME,2026-01-03
INE08KJ01020,1.0,,nan,BSE,SME,2026-01-03
INE08KP01019,10.0,,nan,BSE,SME,2026-01-03
INE08LI01020,5.0,,nan,BSE,SME,2026-01-03
INE08N601015,10.0,,nan,BSE,SME,2026-01-03
INE08NE01025,2.0,,nan,BSE,SME,2026-01-03
INE08PH01015,10.0,,nan,BSE,SME,2026-01-03
INE08RT01016,10.0,,nan,BSE,SME,2026-01-03
INE08U801020,1.0,,nan,BSE,SME,2026-01-03
INE08ZM01014,1.0,,nan,BSE,SME,2026-01-03
INE090501011,10.0,,nan,BSE,SME,2026-01-03
INE090A01021,2.0,,nan,BSE,SME,2026-01-03
INE090B01011,10.0,,nan,BSE,SME,2026-01-03
INE090D01017,10.0,,nan,BSE,SME,2026-01-03
INE091C01017,10.0,,nan,BSE,SME,2026-01-03
INE091G01026,2.0,,nan,BSE,SME,2026-01-03
INE091N01014,10.0,,nan,BSE,SME,2026-01-03
INE092301014,10.0,,nan,BSE,SME,2026-01-03
INE092A01019,10.0,,nan,BSE,SME,2026-01-03
INE092B01025,5.0,,nan,BSE,SME,2026-01-03
INE092D01013,10.0,,nan,BSE,SME,2026-01-03
INE092E01011,10.0,,nan,BSE,SME,2026-01-03
INE092G01024,1.0,,nan,BSE,SME,2026-01-03
INE092H01014,10.0,,nan,BSE,SME,2026-01-03
INE092P01017,10.0,,nan,BSE,SME,2026-01-03
INE092T01019,10.0,,nan,BSE,SME,2026-01-03
INE093A01041,1.0,,nan,BSE,SME,2026-01-03
INE093I01010,10.0,,nan,BSE,SME,2026-01-03
INE093R01011,1.0,,nan,BSE,SME,2026-01-03
INE094A01015,10.0,,nan,BSE,SME,2026-01-03
INE094B01013,10.0,,nan,BSE,SME,2026-01-03
INE094C01011,10.0,,nan,BSE,SME,2026-01-03
INE094E01017,10.0,,nan,BSE,SME,2026-01-03
INE094I01018,10.0,,nan,BSE,SME,2026-01-03
INE094J01016,10.0,,nan,BSE,SME,2026-01-03
INE094R01019,10.0,,nan,BSE,SME,2026-01-03
INE094S01041,1.0,,nan,BSE,SME,2026-01-03
INE095A01012,10.0,,nan,BSE,SME,2026-01-03
INE095B01010,10.0,,nan,BSE,SME,2026-01-03
INE095C01018,10.0,,nan,BSE,SME,2026-01-03
INE095I01015,10.0,,nan,BSE,SME,2026-01-03
INE095N01031,1.0,,nan,BSE,SME,2026-01-03
INE096A01010,10.0,,nan,BSE,SME,2026-01-03
INE096B01018,10.0,,nan,BSE,SME,2026-01-03
INE096I01021,2.0,,nan,BSE,SME,2026-01-03
INE096L01025,5.0,,nan,BSE,SME,2026-01-03
INE097E01028,2.0,,nan,BSE,SME,2026-01-03
INE098E01026,1.0,,nan,BSE,SME,2026-01-03
INE098F01031,1.0,,nan,BSE,SME,2026-01-03
INE099D01026,1.0,,nan,BSE,SME,2026-01-03
INE099E01016,10.0,,nan,BSE,SME,2026-01-03
INE099F01013,10.0,,nan,BSE,SME,2026-01-03
INE099G01011,10.0,,nan,BSE,SME,2026-01-03
INE099S01016,10.0,,nan,BSE,SME,2026-01-03
INE099Z01011,10.0,,nan,BSE,SME,2026-01-03
INE09BN01011,10.0,,nan,BSE,SME,2026-01-03
INE09E501017,1.0,,nan,BSE,SME,2026-01-03
INE09EO01013,10.0,,nan,BSE,SME,2026-01-03
INE09KD01013,10.0,,nan,BSE,SME,2026-01-03
INE09N301011,1.0,,nan,BSE,SME,2026-01-03
INE09VQ01012,10.0,,nan,BSE,SME,2026-01-03
INE09XN01023,2.0,,nan,BSE,SME,2026-01-03
INE0A0S01028,1.0,,nan,BSE,SME,2026-01-03
INE0A1101019,10.0,,nan,BSE,SME,2026-01-03
INE0A6N01026,10.0,,nan,BSE,SME,2026-01-03
INE0A8401016,10.0,,nan,BSE,SME,2026-01-03
INE0ABU01016,10.0,,nan,BSE,SME,2026-01-03
INE0AE001013,10.0,,nan,BSE,SME,2026-01-03
INE0AG901020,5.0,,nan,BSE,SME,2026-01-03
INE0AH901011,10.0,,nan,BSE,SME,2026-01-03
INE0AJG01018,10.0,,nan,BSE,SME,2026-01-03
INE0AK901016,10.0,,nan,BSE,SME,2026-01-03
INE0ALI01010,10.0,,nan,BSE,SME,2026-01-03
INE0ALR01029,2.0,,nan,BSE,SME,2026-01-03
INE0AOG01018,10.0,,nan,BSE,SME,2026-01-03
INE0APB01032,1.0,,nan,BSE,SME,2026-01-03
INE0AQ201015,10.0,,nan,BSE,SME,2026-01-03
INE0ATZ01017,10.0,,nan,BSE,SME,2026-01-03
INE0B1K01014,10.0,,nan,BSE,SME,2026-01-03
INE0B6101012,10.0,,nan,BSE,SME,2026-01-03
INE0B9A01018,10.0,,nan,BSE,SME,2026-01-03
INE0B9K01025,5.0,,nan,BSE,SME,2026-01-03
INE0BDU01028,2.0,,nan,BSE,SME,2026-01-03
INE0BIW01023,10.0,,nan,BSE,SME,2026-01-03
INE0BJS01011,10.0,,nan,BSE,SME,2026-01-03
INE0BLY01023,5.0,,nan,BSE,SME,2026-01-03
INE0BS701011,1.0,,nan,BSE,SME,2026-01-03
INE0BSU01018,10.0,,nan,BSE,SME,2026-01-03
INE0BTI01037,1.0,,nan,BSE,SME,2026-01-03
INE0BTM01013,10.0,,nan,BSE,SME,2026-01-03
INE0BUQ01012,10.0,,nan,BSE,SME,2026-01-03
INE0BV301023,2.0,,nan,BSE,SME,2026-01-03
INE0BWX01014,10.0,,nan,BSE,SME,2026-01-03
INE0BX301013,10.0,,nan,BSE,SME,2026-01-03
INE0BY001018,1.0,,nan,BSE,SME,2026-01-03
INE0BYP01024,1.0,,nan,BSE,SME,2026-01-03
INE0C4I01011,10.0,,nan,BSE,SME,2026-01-03
INE0C5901022,1.0,,nan,BSE,SME,2026-01-03
INE0CAZ01013,1.0,,nan,BSE,SME,2026-01-03
INE0CFH01028,5.0,,nan,BSE,SME,2026-01-03
INE0CG401037,1.0,,nan,BSE,SME,2026-01-03
INE0CG601016,10.0,,nan,BSE,SME,2026-01-03
INE0CHO01012,10.0,,nan,BSE,SME,2026-01-03
INE0CJD01029,5.0,,nan,BSE,SME,2026-01-03
INE0CJF01024,5.0,,nan,BSE,SME,2026-01-03
INE0CLI01024,1.0,,nan,BSE,SME,2026-01-03
INE0CPQ01010,10.0,,nan,BSE,SME,2026-01-03
INE0CPR01018,10.0,,nan,BSE,SME,2026-01-03
INE0CQ101015,10.0,,nan,BSE,SME,2026-01-03
INE0CQB01010,10.0,,nan,BSE,SME,2026-01-03
INE0CRS01012,10.0,,nan,BSE,SME,2026-01-03
INE0CT101020,1.0,,nan,BSE,SME,2026-01-03
INE0CU601026,5.0,,nan,BSE,SME,2026-01-03
INE0CWK01019,10.0,,nan,BSE,SME,2026-01-03
INE0CYK01015,10.0,,nan,BSE,SME,2026-01-03
INE0CZ201020,2.0,,nan,BSE,SME,2026-01-03
INE0D0K01022,1.0,,nan,BSE,SME,2026-01-03
INE0D0U01013,10.0,,nan,BSE,SME,2026-01-03
INE0D2I01014,10.0,,nan,BSE,SME,2026-01-03
INE0D5F01013,10.0,,nan,BSE,SME,2026-01-03
INE0D6701023,1.0,,nan,BSE,SME,2026-01-03
INE0D6I01023,5.0,,nan,BSE,SME,2026-01-03
INE0D7801012,10.0,,nan,BSE,SME,2026-01-03
INE0D8001018,10.0,,nan,BSE,SME,2026-01-03
INE0D9X01018,10.0,,nan,BSE,SME,2026-01-03
INE0DAB01012,10.0,,nan,BSE,SME,2026-01-03
INE0DD101019,10.0,,nan,BSE,SME,2026-01-03
INE0DK501011,10.0,,nan,BSE,SME,2026-01-03
INE0DLM01024,10.0,,nan,BSE,SME,2026-01-03
INE0DN001027,10.0,,nan,BSE,SME,2026-01-03
INE0DNW01011,10.0,,nan,BSE,SME,2026-01-03
INE0DQN01013,10.0,,nan,BSE,SME,2026-01-03
INE0DRT01018,10.0,,nan,BSE,SME,2026-01-03
INE0DSF01015,10.0,,nan,BSE,SME,2026-01-03
INE0DTJ01015,10.0,,nan,BSE,SME,2026-01-03
INE0DUT01020,10.0,,nan,BSE,SME,2026-01-03
INE0DXR01010,10.0,,nan,BSE,SME,2026-01-03
INE0DYJ01015,10.0,,nan,BSE,SME,2026-01-03
INE0DZD01015,10.0,,nan,BSE,SME,2026-01-03
INE0E2801015,10.0,,nan,BSE,SME,2026-01-03
INE0E4I01027,1.0,,nan,BSE,SME,2026-01-03
INE0E5R01017,10.0,,nan,BSE,SME,2026-01-03
INE0E7301029,1.0,,nan,BSE,SME,2026-01-03
INE0EAX01014,10.0,,nan,BSE,SME,2026-01-03
INE0ECP01024,1.0,,nan,BSE,SME,2026-01-03
INE0EEJ01023,1.0,,nan,BSE,SME,2026-01-03
INE0EK901012,2.0,,nan,BSE,SME,2026-01-03
INE0EOJ01014,10.0,,nan,BSE,SME,2026-01-03
INE0FFF01017,10.0,,nan,BSE,SME,2026-01-03
INE0FFK01017,10.0,,nan,BSE,SME,2026-01-03
INE0FHS01024,5.0,,nan,BSE,SME,2026-01-03
INE0FK501019,10.0,,nan,BSE,SME,2026-01-03
INE0FMZ01045,2.0,,nan,BSE,SME,2026-01-03
INE0FRK01020,1.0,,nan,BSE,SME,2026-01-03
INE0FS801015,1.0,,nan,BSE,SME,2026-01-03
INE0FW001016,10.0,,nan,BSE,SME,2026-01-03
INE0G1V01016,10.0,,nan,BSE,SME,2026-01-03
INE0G5901015,10.0,,nan,BSE,SME,2026-01-03
INE0GAO01018,10.0,,nan,BSE,SME,2026-01-03
INE0GD201014,10.0,,nan,BSE,SME,2026-01-03
INE0GEN01012,10.0,,nan,BSE,SME,2026-01-03
INE0GFE01026,1.0,,nan,BSE,SME,2026-01-03
INE0GGO01015,10.0,,nan,BSE,SME,2026-01-03
INE0GIU01018,10.0,,nan,BSE,SME,2026-01-03
INE0GK401011,10.0,,nan,BSE,SME,2026-01-03
INE0GOA01018,10.0,,nan,BSE,SME,2026-01-03
INE0GSL01024,2.0,,nan,BSE,SME,2026-01-03
INE0GTX01019,10.0,,nan,BSE,SME,2026-01-03
INE0GV601021,2.0,,nan,BSE,SME,2026-01-03
INE0GX601011,10.0,,nan,BSE,SME,2026-01-03
INE0GYI01028,10.0,,nan,BSE,SME,2026-01-03
INE0H1201020,1.0,,nan,BSE,SME,2026-01-03
INE0H5O01029,5.0,,nan,BSE,SME,2026-01-03
INE0H8H01019,10.0,,nan,BSE,SME,2026-01-03
INE0H8J01015,10.0,,nan,BSE,SME,2026-01-03
INE0H9P01028,2.0,,nan,BSE,SME,2026-01-03
INE0HF201011,10.0,,nan,BSE,SME,2026-01-03
INE0HLJ01013,10.0,,nan,BSE,SME,2026-01-03
INE0HLU01028,2.0,,nan,BSE,SME,2026-01-03
INE0HMF01019,1.0,,nan,BSE,SME,2026-01-03
INE0HMN01013,10.0,,nan,BSE,SME,2026-01-03
INE0HOQ01053,2.0,,nan,BSE,SME,2026-01-03
INE0HR601026,1.0,,nan,BSE,SME,2026-01-03
INE0HSD01011,10.0,,nan,BSE,SME,2026-01-03
INE0HV901016,1.0,,nan,BSE,SME,2026-01-03
INE0I0M01023,1.0,,nan,BSE,SME,2026-01-03
INE0I0T01010,10.0,,nan,BSE,SME,2026-01-03
INE0I2F01015,10.0,,nan,BSE,SME,2026-01-03
INE0I3401014,10.0,,nan,BSE,SME,2026-01-03
INE0I7C01011,1.0,,nan,BSE,SME,2026-01-03
INE0ID001024,1.0,,nan,BSE,SME,2026-01-03
INE0ILV01024,2.0,,nan,BSE,SME,2026-01-03
INE0IM001015,10.0,,nan,BSE,SME,2026-01-03
INE0INJ01017,10.0,,nan,BSE,SME,2026-01-03
INE0INX01018,10.0,,nan,BSE,SME,2026-01-03
INE0IQ001011,10.0,,nan,BSE,SME,2026-01-03
INE0IX101010,2.0,,nan,BSE,SME,2026-01-03
INE0IXR01019,10.0,,nan,BSE,SME,2026-01-03
INE0IZQ01016,10.0,,nan,BSE,SME,2026-01-03
INE0J1F01024,5.0,,nan,BSE,SME,2026-01-03
INE0J1Y01017,10.0,,nan,BSE,SME,2026-01-03
INE0J2K01014,10.0,,nan,BSE,SME,2026-01-03
INE0J5401028,10.0,,nan,BSE,SME,2026-01-03
INE0J5801029,2.0,,nan,BSE,SME,2026-01-03
INE0JA001018,10.0,,nan,BSE,SME,2026-01-03
INE0JFE01012,10.0,,nan,BSE,SME,2026-01-03
INE0JJS01014,10.0,,nan,BSE,SME,2026-01-03
INE0JMN01019,10.0,,nan,BSE,SME,2026-01-03
INE0JNA01014,10.0,,nan,BSE,SME,2026-01-03
INE0JNB01012,10.0,,nan,BSE,SME,2026-01-03
INE0JO301016,10.0,,nan,BSE,SME,2026-01-03
INE0JPD01013,10.0,,nan,BSE,SME,2026-01-03
INE0JR601024,1.0,,nan,BSE,SME,2026-01-03
INE0JS101016,2.0,,nan,BSE,SME,2026-01-03
INE0JSJ01014,10.0,,nan,BSE,SME,2026-01-03
INE0JSX01015,10.0,,nan,BSE,SME,2026-01-03
INE0JUS01029,10.0,,nan,BSE,SME,2026-01-03
INE0JVD01011,10.0,,nan,BSE,SME,2026-01-03
INE0JVO01026,5.0,,nan,BSE,SME,2026-01-03
INE0JWS01017,10.0,,nan,BSE,SME,2026-01-03
INE0JZS01010,10.0,,nan,BSE,SME,2026-01-03
INE0K1401020,1.0,,nan,BSE,SME,2026-01-03
INE0K5F01014,10.0,,nan,BSE,SME,2026-01-03
INE0K6L01010,10.0,,nan,BSE,SME,2026-01-03
INE0KA601012,10.0,,nan,BSE,SME,2026-01-03
INE0KAF01018,10.0,,nan,BSE,SME,2026-01-03
INE0KBH01020,2.0,,nan,BSE,SME,2026-01-03
INE0KCE01017,10.0,,nan,BSE,SME,2026-01-03
INE0KCM01010,10.0,,nan,BSE,SME,2026-01-03
INE0KGZ01021,2.0,,nan,BSE,SME,2026-01-03
INE0KHQ01010,10.0,,nan,BSE,SME,2026-01-03
INE0KKN01029,1.0,,nan,BSE,SME,2026-01-03
INE0KL801015,2.0,,nan,BSE,SME,2026-01-03
INE0KN201016,10.0,,nan,BSE,SME,2026-01-03
INE0KNT01012,10.0,,nan,BSE,SME,2026-01-03
INE0KPY01017,10.0,,nan,BSE,SME,2026-01-03
INE0KQ001017,10.0,,nan,BSE,SME,2026-01-03
INE0KQN01018,2.0,,nan,BSE,SME,2026-01-03
INE0KQQ01011,10.0,,nan,BSE,SME,2026-01-03
INE0KR801019,10.0,,nan,BSE,SME,2026-01-03
INE0KSN01014,10.0,,nan,BSE,SME,2026-01-03
INE0KWJ01014,10.0,,nan,BSE,SME,2026-01-03
INE0KXN01014,10.0,,nan,BSE,SME,2026-01-03
INE0KZM01011,10.0,,nan,BSE,SME,2026-01-03
INE0L0L01012,10.0,,nan,BSE,SME,2026-01-03
INE0L1C01019,10.0,,nan,BSE,SME,2026-01-03
INE0L3501015,10.0,,nan,BSE,SME,2026-01-03
INE0L3H01014,10.0,,nan,BSE,SME,2026-01-03
INE0L9R01028,1.0,,nan,BSE,SME,2026-01-03
INE0LB101011,10.0,,nan,BSE,SME,2026-01-03
INE0LCG01010,10.0,,nan,BSE,SME,2026-01-03
INE0LCL01028,2.0,,nan,BSE,SME,2026-01-03
INE0LDI01022,10.0,,nan,BSE,SME,2026-01-03
INE0LEZ01016,1.0,,nan,BSE,SME,2026-01-03
INE0LGX01024,1.0,,nan,BSE,SME,2026-01-03
INE0LKP01014,10.0,,nan,BSE,SME,2026-01-03
INE0LKQ01012,10.0,,nan,BSE,SME,2026-01-03
INE0LLY01014,10.0,,nan,BSE,SME,2026-01-03
INE0LMW01024,5.0,,nan,BSE,SME,2026-01-03
INE0LOJ01019,10.0,,nan,BSE,SME,2026-01-03
INE0LP301011,1.0,,nan,BSE,SME,2026-01-03
INE0LQS01015,10.0,,nan,BSE,SME,2026-01-03
INE0LRU01027,5.0,,nan,BSE,SME,2026-01-03
INE0LRY01011,10.0,,nan,BSE,SME,2026-01-03
INE0LU301014,10.0,,nan,BSE,SME,2026-01-03
INE0LXG01040,10.0,,nan,BSE,SME,2026-01-03
INE0LXT01019,2.0,,nan,BSE,SME,2026-01-03
INE0LY301010,10.0,,nan,BSE,SME,2026-01-03
INE0M3901015,10.0,,nan,BSE,SME,2026-01-03
INE0M3X01010,10.0,,nan,BSE,SME,2026-01-03
INE0M4D01010,10.0,,nan,BSE,SME,2026-01-03
INE0M4L01013,10.0,,nan,BSE,SME,2026-01-03
INE0M7501019,10.0,,nan,BSE,SME,2026-01-03
INE0M8901010,10.0,,nan,BSE,SME,2026-01-03
INE0M8R01011,10.0,,nan,BSE,SME,2026-01-03
INE0M9Q01011,1.0,,nan,BSE,SME,2026-01-03
INE0MB501011,10.0,,nan,BSE,SME,2026-01-03
INE0MC401013,10.0,,nan,BSE,SME,2026-01-03
INE0MFT01014,10.0,,nan,BSE,SME,2026-01-03
INE0MGS01014,10.0,,nan,BSE,SME,2026-01-03
INE0MHO01029,5.0,,nan,BSE,SME,2026-01-03
INE0MID01012,10.0,,nan,BSE,SME,2026-01-03
INE0MIO01019,10.0,,nan,BSE,SME,2026-01-03
INE0MIS01010,10.0,,nan,BSE,SME,2026-01-03
INE0MKA01014,10.0,,nan,BSE,SME,2026-01-03
INE0MKO01015,10.0,,nan,BSE,SME,2026-01-03
INE0MLS01022,2.0,,nan,BSE,SME,2026-01-03
INE0MNP01016,10.0,,nan,BSE,SME,2026-01-03
INE0MNV01014,10.0,,nan,BSE,SME,2026-01-03
INE0MPU01011,10.0,,nan,BSE,SME,2026-01-03
INE0MQD01015,10.0,,nan,BSE,SME,2026-01-03
INE0MSK01016,10.0,,nan,BSE,SME,2026-01-03
INE0MSS01019,10.0,,nan,BSE,SME,2026-01-03
INE0MV001018,10.0,,nan,BSE,SME,2026-01-03
INE0MWH01014,10.0,,nan,BSE,SME,2026-01-03
INE0MXP01015,10.0,,nan,BSE,SME,2026-01-03
INE0N0J01014,10.0,,nan,BSE,SME,2026-01-03
INE0N0Y01013,10.0,,nan,BSE,SME,2026-01-03
INE0N1L01018,10.0,,nan,BSE,SME,2026-01-03
INE0N2P01017,10.0,,nan,BSE,SME,2026-01-03
INE0N4701016,10.0,,nan,BSE,SME,2026-01-03
INE0N5O01013,10.0,,nan,BSE,SME,2026-01-03
INE0N6U01018,10.0,,nan,BSE,SME,2026-01-03
INE0N6V01016,10.0,,nan,BSE,SME,2026-01-03
INE0N7W01012,10.0,,nan,BSE,SME,2026-01-03
INE0NAZ01010,10.0,,nan,BSE,SME,2026-01-03
INE0NC801013,10.0,,nan,BSE,SME,2026-01-03
INE0NEV01011,10.0,,nan,BSE,SME,2026-01-03
INE0NIJ01017,10.0,,nan,BSE,SME,2026-01-03
INE0NJ001013,10.0,,nan,BSE,SME,2026-01-03
INE0NLJ01011,10.0,,nan,BSE,SME,2026-01-03
INE0NLT01010,10.0,,nan,BSE,SME,2026-01-03
INE0NN701020,2.0,,nan,BSE,SME,2026-01-03
INE0NNS01018,10.0,,nan,BSE,SME,2026-01-03
INE0NPA01011,10.0,,nan,BSE,SME,2026-01-03
INE0NQ401016,10.0,,nan,BSE,SME,2026-01-03
INE0NQ801033,5.0,,nan,BSE,SME,2026-01-03
INE0NR501012,10.0,,nan,BSE,SME,2026-01-03
INE0NT601018,10.0,,nan,BSE,SME,2026-01-03
INE0NT901020,2.0,,nan,BSE,SME,2026-01-03
INE0NTC01019,10.0,,nan,BSE,SME,2026-01-03
INE0NXA01015,10.0,,nan,BSE,SME,2026-01-03
INE0NY101012,1.0,,nan,BSE,SME,2026-01-03
INE0NYN01016,10.0,,nan,BSE,SME,2026-01-03
INE0NZF01019,10.0,,nan,BSE,SME,2026-01-03
INE0O1T01010,10.0,,nan,BSE,SME,2026-01-03
INE0O3901029,2.0,,nan,BSE,SME,2026-01-03
INE0O4601016,10.0,,nan,BSE,SME,2026-01-03
INE0O4V01010,10.0,,nan,BSE,SME,2026-01-03
INE0O6601022,5.0,,nan,BSE,SME,2026-01-03
INE0O6A01019,10.0,,nan,BSE,SME,2026-01-03
INE0O8901016,10.0,,nan,BSE,SME,2026-01-03
INE0O9L01010,1.0,,nan,BSE,SME,2026-01-03
INE0O9T01021,1.0,,nan,BSE,SME,2026-01-03
INE0OAF01028,2.0,,nan,BSE,SME,2026-01-03
INE0OH401016,10.0,,nan,BSE,SME,2026-01-03
INE0OJ401014,10.0,,nan,BSE,SME,2026-01-03
INE0OJW01016,2.0,,nan,BSE,SME,2026-01-03
INE0OJZ01019,10.0,,nan,BSE,SME,2026-01-03
INE0OKG01017,10.0,,nan,BSE,SME,2026-01-03
INE0OLH01013,10.0,,nan,BSE,SME,2026-01-03
INE0OLZ01015,10.0,,nan,BSE,SME,2026-01-03
INE0OMI01019,10.0,,nan,BSE,SME,2026-01-03
INE0OMZ01013,10.0,,nan,BSE,SME,2026-01-03
INE0ONG01011,10.0,,nan,BSE,SME,2026-01-03
INE0OPA01019,10.0,,nan,BSE,SME,2026-01-03
INE0ORA01015,10.0,,nan,BSE,SME,2026-01-03
INE0OUS01011,10.0,,nan,BSE,SME,2026-01-03
INE0OV601013,10.0,,nan,BSE,SME,2026-01-03
INE0OWC01011,10.0,,nan,BSE,SME,2026-01-03
INE0OXY01013,10.0,,nan,BSE,SME,2026-01-03
INE0OYE01013,10.0,,nan,BSE,SME,2026-01-03
INE0OYK01010,10.0,,nan,BSE,SME,2026-01-03
INE0P3N01018,10.0,,nan,BSE,SME,2026-01-03
INE0P4P01011,10.0,,nan,BSE,SME,2026-01-03
INE0P6P01016,10.0,,nan,BSE,SME,2026-01-03
INE0P7001013,10.0,,nan,BSE,SME,2026-01-03
INE0P9J01013,10.0,,nan,BSE,SME,2026-01-03
INE0PA401012,10.0,,nan,BSE,SME,2026-01-03
INE0PA601017,10.0,,nan,BSE,SME,2026-01-03
INE0PA801013,2.0,,nan,BSE,SME,2026-01-03
INE0PB301013,10.0,,nan,BSE,SME,2026-01-03
INE0PEQ01016,10.0,,nan,BSE,SME,2026-01-03
INE0PK601023,2.0,,nan,BSE,SME,2026-01-03
INE0PKD01011,10.0,,nan,BSE,SME,2026-01-03
INE0PO601011,10.0,,nan,BSE,SME,2026-01-03
INE0POP01017,10.0,,nan,BSE,SME,2026-01-03
INE0PP401015,10.0,,nan,BSE,SME,2026-01-03
INE0PPK01015,10.0,,nan,BSE,SME,2026-01-03
INE0PQ101010,10.0,,nan,BSE,SME,2026-01-03
INE0PSC01024,10.0,,nan,BSE,SME,2026-01-03
INE0PSJ01011,10.0,,nan,BSE,SME,2026-01-03
INE0PT501018,10.0,,nan,BSE,SME,2026-01-03
INE0PTF01017,10.0,,nan,BSE,SME,2026-01-03
INE0PYT01018,10.0,,nan,BSE,SME,2026-01-03
INE0PZB01013,10.0,,nan,BSE,SME,2026-01-03
INE0Q0M01015,10.0,,nan,BSE,SME,2026-01-03
INE0Q1R01012,10.0,,nan,BSE,SME,2026-01-03
INE0Q1S01010,10.0,,nan,BSE,SME,2026-01-03
INE0Q2L01013,10.0,,nan,BSE,SME,2026-01-03
INE0Q2Z01013,10.0,,nan,BSE,SME,2026-01-03
INE0Q3401017,10.0,,nan,BSE,SME,2026-01-03
INE0Q3J01015,10.0,,nan,BSE,SME,2026-01-03
INE0Q3R01026,5.0,,nan,BSE,SME,2026-01-03
INE0Q6901013,10.0,,nan,BSE,SME,2026-01-03
INE0Q6L01014,10.0,,nan,BSE,SME,2026-01-03
INE0Q8P01029,2.0,,nan,BSE,SME,2026-01-03
INE0Q9301021,2.0,,nan,BSE,SME,2026-01-03
INE0Q9W01015,10.0,,nan,BSE,SME,2026-01-03
INE0QA901010,10.0,,nan,BSE,SME,2026-01-03
INE0QBD01018,10.0,,nan,BSE,SME,2026-01-03
INE0QFT01015,10.0,,nan,BSE,SME,2026-01-03
INE0QHY01011,10.0,,nan,BSE,SME,2026-01-03
INE0QI101019,10.0,,nan,BSE,SME,2026-01-03
INE0QIS01011,10.0,,nan,BSE,SME,2026-01-03
INE0QMR01015,10.0,,nan,BSE,SME,2026-01-03
INE0QMV01017,10.0,,nan,BSE,SME,2026-01-03
INE0QN801017,10.0,,nan,BSE,SME,2026-01-03
INE0QOQ01013,10.0,,nan,BSE,SME,2026-01-03
INE0QP701017,10.0,,nan,BSE,SME,2026-01-03
INE0QPI01025,1.0,,nan,BSE,SME,2026-01-03
INE0QQG01019,10.0,,nan,BSE,SME,2026-01-03
INE0QQJ01021,10.0,,nan,BSE,SME,2026-01-03
INE0QRL01017,10.0,,nan,BSE,SME,2026-01-03
INE0QSB01016,10.0,,nan,BSE,SME,2026-01-03
INE0QSK01017,10.0,,nan,BSE,SME,2026-01-03
INE0QTF01015,10.0,,nan,BSE,SME,2026-01-03
INE0QU501030,10.0,,nan,BSE,SME,2026-01-03
INE0QUL01011,10.0,,nan,BSE,SME,2026-01-03
INE0QUV01010,10.0,,nan,BSE,SME,2026-01-03
INE0QVH01025,5.0,,nan,BSE,SME,2026-01-03
INE0QXT01018,10.0,,nan,BSE,SME,2026-01-03
INE0QXV01014,10.0,,nan,BSE,SME,2026-01-03
INE0QZ901011,10.0,,nan,BSE,SME,2026-01-03
INE0QZF01012,10.0,,nan,BSE,SME,2026-01-03
INE0QZQ01019,10.0,,nan,BSE,SME,2026-01-03
INE0QZR01017,10.0,,nan,BSE,SME,2026-01-03
INE0R4L01018,10.0,,nan,BSE,SME,2026-01-03
INE0R4W01015,10.0,,nan,BSE,SME,2026-01-03
INE0R5Z01015,10.0,,nan,BSE,SME,2026-01-03
INE0R6801013,10.0,,nan,BSE,SME,2026-01-03
INE0R6Z01013,10.0,,nan,BSE,SME,2026-01-03
INE0R7D01018,5.0,,nan,BSE,SME,2026-01-03
INE0R8101016,10.0,,nan,BSE,SME,2026-01-03
INE0R8B01010,10.0,,nan,BSE,SME,2026-01-03
INE0R8Q01018,10.0,,nan,BSE,SME,2026-01-03
INE0RB801010,10.0,,nan,BSE,SME,2026-01-03
INE0RDJ01019,10.0,,nan,BSE,SME,2026-01-03
INE0RDM01013,10.0,,nan,BSE,SME,2026-01-03
INE0RDR01012,10.0,,nan,BSE,SME,2026-01-03
INE0RE001014,10.0,,nan,BSE,SME,2026-01-03
INE0RGM01016,10.0,,nan,BSE,SME,2026-01-03
INE0RH001011,10.0,,nan,BSE,SME,2026-01-03
INE0RIQ01013,10.0,,nan,BSE,SME,2026-01-03
INE0RJ901010,10.0,,nan,BSE,SME,2026-01-03
INE0RMR01013,10.0,,nan,BSE,SME,2026-01-03
INE0RNZ01014,10.0,,nan,BSE,SME,2026-01-03
INE0RTI01017,10.0,,nan,BSE,SME,2026-01-03
INE0RU901015,10.0,,nan,BSE,SME,2026-01-03
INE0RUJ01013,5.0,,nan,BSE,SME,2026-01-03
INE0RUY01012,10.0,,nan,BSE,SME,2026-01-03
INE0RWQ01014,5.0,,nan,BSE,SME,2026-01-03
INE0RWU01016,10.0,,nan,BSE,SME,2026-01-03
INE0RXS01018,10.0,,nan,BSE,SME,2026-01-03
INE0RYC01010,10.0,,nan,BSE,SME,2026-01-03
INE0S0701019,10.0,,nan,BSE,SME,2026-01-03
INE0S0I01011,10.0,,nan,BSE,SME,2026-01-03
INE0S2G01011,10.0,,nan,BSE,SME,2026-01-03
INE0S2V01010,10.0,,nan,BSE,SME,2026-01-03
INE0S3G01027,2.0,,nan,BSE,SME,2026-01-03
INE0S4R01014,2.0,,nan,BSE,SME,2026-01-03
INE0S5T01017,10.0,,nan,BSE,SME,2026-01-03
INE0S6R01027,10.0,,nan,BSE,SME,2026-01-03
INE0S9501014,10.0,,nan,BSE,SME,2026-01-03
INE0S9X01011,10.0,,nan,BSE,SME,2026-01-03
INE0SC101013,10.0,,nan,BSE,SME,2026-01-03
INE0SCB01016,10.0,,nan,BSE,SME,2026-01-03
INE0SDC01012,10.0,,nan,BSE,SME,2026-01-03
INE0SFA01011,10.0,,nan,BSE,SME,2026-01-03
INE0SFZ01018,10.0,,nan,BSE,SME,2026-01-03
INE0SG001011,10.0,,nan,BSE,SME,2026-01-03
INE0SGR01013,10.0,,nan,BSE,SME,2026-01-03
INE0SII01026,10.0,,nan,BSE,SME,2026-01-03
INE0SIK01014,10.0,,nan,BSE,SME,2026-01-03
INE0SJA01013,10.0,,nan,BSE,SME,2026-01-03
INE0SJX01015,10.0,,nan,BSE,SME,2026-01-03
INE0SK201011,10.0,,nan,BSE,SME,2026-01-03
INE0SLP01017,10.0,,nan,BSE,SME,2026-01-03
INE0SMU01015,10.0,,nan,BSE,SME,2026-01-03
INE0SMW01011,10.0,,nan,BSE,SME,2026-01-03
INE0SPJ01011,10.0,,nan,BSE,SME,2026-01-03
INE0SRP01014,10.0,,nan,BSE,SME,2026-01-03
INE0SUM01015,10.0,,nan,BSE,SME,2026-01-03
INE0SVZ01015,10.0,,nan,BSE,SME,2026-01-03
INE0T3401029,10.0,,nan,BSE,SME,2026-01-03
INE0TBQ01014,10.0,,nan,BSE,SME,2026-01-03
INE0TD301017,10.0,,nan,BSE,SME,2026-01-03
INE0TE101010,10.0,,nan,BSE,SME,2026-01-03
INE0TG901011,10.0,,nan,BSE,SME,2026-01-03
INE0TGG01014,10.0,,nan,BSE,SME,2026-01-03
INE0TGX01019,5.0,,nan,BSE,SME,2026-01-03
INE0TI501017,10.0,,nan,BSE,SME,2026-01-03
INE0TIR01017,10.0,,nan,BSE,SME,2026-01-03
INE0TJ801010,10.0,,nan,BSE,SME,2026-01-03
INE0TL001013,10.0,,nan,BSE,SME,2026-01-03
INE0TO701015,10.0,,nan,BSE,SME,2026-01-03
INE0TQE01026,2.0,,nan,BSE,SME,2026-01-03
INE0TT901016,10.0,,nan,BSE,SME,2026-01-03
INE0TY101024,5.0,,nan,BSE,SME,2026-01-03
INE0U2L01017,10.0,,nan,BSE,SME,2026-01-03
INE0U3I01011,5.0,,nan,BSE,SME,2026-01-03
INE0U4101014,10.0,,nan,BSE,SME,2026-01-03
INE0U4701011,10.0,,nan,BSE,SME,2026-01-03
INE0U6201010,10.0,,nan,BSE,SME,2026-01-03
INE0U9D01019,10.0,,nan,BSE,SME,2026-01-03
INE0UH001016,10.0,,nan,BSE,SME,2026-01-03
INE0UIZ01018,1.0,,nan,BSE,SME,2026-01-03
INE0UJF01018,10.0,,nan,BSE,SME,2026-01-03
INE0UK501010,10.0,,nan,BSE,SME,2026-01-03
INE0UMC01019,10.0,,nan,BSE,SME,2026-01-03
INE0UOS01011,10.0,,nan,BSE,SME,2026-01-03
INE0URU01010,10.0,,nan,BSE,SME,2026-01-03
INE0US801024,10.0,,nan,BSE,SME,2026-01-03
INE0UYT01018,10.0,,nan,BSE,SME,2026-01-03
INE0UZO01024,5.0,,nan,BSE,SME,2026-01-03
INE0V0L01028,10.0,,nan,BSE,SME,2026-01-03
INE0V0W01025,2.0,,nan,BSE,SME,2026-01-03
INE0V3U01015,10.0,,nan,BSE,SME,2026-01-03
INE0V6F01027,10.0,,nan,BSE,SME,2026-01-03
INE0V7W01012,10.0,,nan,BSE,SME,2026-01-03
INE0V8A01016,10.0,,nan,BSE,SME,2026-01-03
INE0V9Q01010,1.0,,nan,BSE,SME,2026-01-03
INE0VDK01019,10.0,,nan,BSE,SME,2026-01-03
INE0VDM01015,1.0,,nan,BSE,SME,2026-01-03
INE0VI201010,10.0,,nan,BSE,SME,2026-01-03
INE0VN801010,10.0,,nan,BSE,SME,2026-01-03
INE0VNH01014,10.0,,nan,BSE,SME,2026-01-03
INE0VOV01021,2.0,,nan,BSE,SME,2026-01-03
INE0VWL01017,10.0,,nan,BSE,SME,2026-01-03
INE0VYX01018,10.0,,nan,BSE,SME,2026-01-03
INE0W0H01017,10.0,,nan,BSE,SME,2026-01-03
INE0W1601012,10.0,,nan,BSE,SME,2026-01-03
INE0W2G01015,10.0,,nan,BSE,SME,2026-01-03
INE0W4D01018,10.0,,nan,BSE,SME,2026-01-03
INE0W4K01013,10.0,,nan,BSE,SME,2026-01-03
INE0W5Q01017,10.0,,nan,BSE,SME,2026-01-03
INE0WCH01015,10.0,,nan,BSE,SME,2026-01-03
INE0WDX01010,10.0,,nan,BSE,SME,2026-01-03
INE0WO601020,2.0,,nan,BSE,SME,2026-01-03
INE0WRP01016,10.0,,nan,BSE,SME,2026-01-03
INE0WXM01011,10.0,,nan,BSE,SME,2026-01-03
INE0X4A01013,10.0,,nan,BSE,SME,2026-01-03
INE0XAD01024,5.0,,nan,BSE,SME,2026-01-03
INE0XAY01012,10.0,,nan,BSE,SME,2026-01-03
INE0XBS01012,10.0,,nan,BSE,SME,2026-01-03
INE0XCV01014,10.0,,nan,BSE,SME,2026-01-03
INE0XLO01010,10.0,,nan,BSE,SME,2026-01-03
INE0XRR01010,10.0,,nan,BSE,SME,2026-01-03
INE0XX801016,10.0,,nan,BSE,SME,2026-01-03
INE0XZB01017,10.0,,nan,BSE,SME,2026-01-03
INE0Y0E01012,10.0,,nan,BSE,SME,2026-01-03
INE0Y8W01017,10.0,,nan,BSE,SME,2026-01-03
INE0YD401026,2.0,,nan,BSE,SME,2026-01-03
INE0YG001013,10.0,,nan,BSE,SME,2026-01-03
INE0YJA01011,10.0,,nan,BSE,SME,2026-01-03
INE0YON01014,10.0,,nan,BSE,SME,2026-01-03
INE0YRO01015,10.0,,nan,BSE,SME,2026-01-03
INE0Z4F01028,2.0,,nan,BSE,SME,2026-01-03
INE0ZDY01011,10.0,,nan,BSE,SME,2026-01-03
INE0ZHT01012,10.0,,nan,BSE,SME,2026-01-03
INE0ZN101029,10.0,,nan,BSE,SME,2026-01-03
INE0ZOM01013,10.0,,nan,BSE,SME,2026-01-03
INE100A01010,10.0,,nan,BSE,SME,2026-01-03
INE100C01024,3.0,,nan,BSE,SME,2026-01-03
INE100D01014,10.0,,nan,BSE,SME,2026-01-03
INE100E01012,10.0,,nan,BSE,SME,2026-01-03
INE100F01019,10.0,,nan,BSE,SME,2026-01-03
INE101A01026,5.0,,nan,BSE,SME,2026-01-03
INE101D01020,1.0,,nan,BSE,SME,2026-01-03
INE101E01010,10.0,,nan,BSE,SME,2026-01-03
INE101H01013,10.0,,nan,BSE,SME,2026-01-03
INE101I01011,10.0,,nan,BSE,SME,2026-01-03
INE102A01024,2.0,,nan,BSE,SME,2026-01-03
INE102B01014,10.0,,nan,BSE,SME,2026-01-03
INE102C01020,5.0,,nan,BSE,SME,2026-01-03
INE102D01028,1.0,,nan,BSE,SME,2026-01-03
INE102E01018,10.0,,nan,BSE,SME,2026-01-03
INE102F01015,10.0,,nan,BSE,SME,2026-01-03
INE102I01027,5.0,,nan,BSE,SME,2026-01-03
INE103A01014,10.0,,nan,BSE,SME,2026-01-03
INE103C01036,2.0,,nan,BSE,SME,2026-01-03
INE103E01016,10.0,,nan,BSE,SME,2026-01-03
INE103V01028,1.0,,nan,BSE,SME,2026-01-03
INE104201012,10.0,,nan,BSE,SME,2026-01-03
INE104A01012,10.0,,nan,BSE,SME,2026-01-03
INE104E01014,10.0,,nan,BSE,SME,2026-01-03
INE104F01029,10.0,,nan,BSE,SME,2026-01-03
INE104S01022,1.0,,nan,BSE,SME,2026-01-03
INE105A01035,5.0,,nan,BSE,SME,2026-01-03
INE105C01023,2.0,,nan,BSE,SME,2026-01-03
INE105D01013,10.0,,nan,BSE,SME,2026-01-03
INE105I01020,10.0,,nan,BSE,SME,2026-01-03
INE105J01010,8.0,,nan,BSE,SME,2026-01-03
INE106C01013,10.0,,nan,BSE,SME,2026-01-03
INE106G01014,10.0,,nan,BSE,SME,2026-01-03
INE106I01010,10.0,,nan,BSE,SME,2026-01-03
INE106T01025,1.0,,nan,BSE,SME,2026-01-03
INE107A01015,10.0,,nan,BSE,SME,2026-01-03
INE107F01022,10.0,,nan,BSE,SME,2026-01-03
INE107J01016,10.0,,nan,BSE,SME,2026-01-03
INE108C01019,10.0,,nan,BSE,SME,2026-01-03
INE108E01023,1.0,,nan,BSE,SME,2026-01-03
INE108G01010,10.0,,nan,BSE,SME,2026-01-03
INE108T01013,10.0,,nan,BSE,SME,2026-01-03
INE108V01019,10.0,,nan,BSE,SME,2026-01-03
INE109A01011,10.0,,nan,BSE,SME,2026-01-03
INE109B01019,10.0,,nan,BSE,SME,2026-01-03
INE109C01017,10.0,,nan,BSE,SME,2026-01-03
INE10CM01027,2.0,,nan,BSE,SME,2026-01-03
INE10XK01019,10.0,,nan,BSE,SME,2026-01-03
INE10XS01012,10.0,,nan,BSE,SME,2026-01-03
INE10XX01012,10.0,,nan,BSE,SME,2026-01-03
INE110A01019,10.0,,nan,BSE,SME,2026-01-03
INE110B01017,10.0,,nan,BSE,SME,2026-01-03
INE110Q01023,2.0,,nan,BSE,SME,2026-01-03
INE111601014,10.0,,nan,BSE,SME,2026-01-03
INE111A01025,5.0,,nan,BSE,SME,2026-01-03
INE111B01023,2.0,,nan,BSE,SME,2026-01-03
INE111F01024,5.0,,nan,BSE,SME,2026-01-03
INE111Q01021,2.0,,nan,BSE,SME,2026-01-03
INE112B01013,10.0,,nan,BSE,SME,2026-01-03
INE112C01011,10.0,,nan,BSE,SME,2026-01-03
INE112D01035,10.0,,nan,BSE,SME,2026-01-03
INE112F01022,5.0,,nan,BSE,SME,2026-01-03
INE112L01020,2.0,,nan,BSE,SME,2026-01-03
INE113A01013,10.0,,nan,BSE,SME,2026-01-03
INE113B01029,10.0,,nan,BSE,SME,2026-01-03
INE113E01015,10.0,,nan,BSE,SME,2026-01-03
INE114A01011,10.0,,nan,BSE,SME,2026-01-03
INE114D01015,10.0,,nan,BSE,SME,2026-01-03
INE114E01013,10.0,,nan,BSE,SME,2026-01-03
INE114O01020,1.0,,nan,BSE,SME,2026-01-03
INE115A01026,2.0,,nan,BSE,SME,2026-01-03
INE115C01014,10.0,,nan,BSE,SME,2026-01-03
INE115E01010,10.0,,nan,BSE,SME,2026-01-03
INE115F01017,10.0,,nan,BSE,SME,2026-01-03
INE115G01015,10.0,,nan,BSE,SME,2026-01-03
INE115Q01022,1.0,,nan,BSE,SME,2026-01-03
INE115S01010,10.0,,nan,BSE,SME,2026-01-03
INE116A01032,2.0,,nan,BSE,SME,2026-01-03
INE116C01012,10.0,,nan,BSE,SME,2026-01-03
INE116D01028,2.0,,nan,BSE,SME,2026-01-03
INE116E01018,10.0,,nan,BSE,SME,2026-01-03
INE117A01022,2.0,,nan,BSE,SME,2026-01-03
INE117B01020,10.0,,nan,BSE,SME,2026-01-03
INE117C01010,10.0,,nan,BSE,SME,2026-01-03
INE117D01018,10.0,,nan,BSE,SME,2026-01-03
INE117F01013,10.0,,nan,BSE,SME,2026-01-03
INE117H01019,10.0,,nan,BSE,SME,2026-01-03
INE117K01013,10.0,,nan,BSE,SME,2026-01-03
INE117S01016,10.0,,nan,BSE,SME,2026-01-03
INE117Z01011,10.0,,nan,BSE,SME,2026-01-03
INE118A01012,10.0,,nan,BSE,SME,2026-01-03
INE118C01018,10.0,,nan,BSE,SME,2026-01-03
INE118D01016,10.0,,nan,BSE,SME,2026-01-03
INE118Q01018,10.0,,nan,BSE,SME,2026-01-03
INE118R01032,1.0,,nan,BSE,SME,2026-01-03
INE119201023,2.0,,nan,BSE,SME,2026-01-03
INE119A01028,1.0,,nan,BSE,SME,2026-01-03
INE119B01018,10.0,,nan,BSE,SME,2026-01-03
INE119R01014,10.0,,nan,BSE,SME,2026-01-03
INE120A01034,1.0,,nan,BSE,SME,2026-01-03
INE120D01012,10.0,,nan,BSE,SME,2026-01-03
INE120V01014,10.0,,nan,BSE,SME,2026-01-03
INE121A01024,2.0,,nan,BSE,SME,2026-01-03
INE121B01014,10.0,,nan,BSE,SME,2026-01-03
INE121D01036,10.0,,nan,BSE,SME,2026-01-03
INE121E01018,10.0,,nan,BSE,SME,2026-01-03
INE121J01017,10.0,,nan,BSE,SME,2026-01-03
INE122D01026,10.0,,nan,BSE,SME,2026-01-03
INE122M01019,10.0,,nan,BSE,SME,2026-01-03
INE122N01017,10.0,,nan,BSE,SME,2026-01-03
INE122V01010,10.0,,nan,BSE,SME,2026-01-03
INE123B01028,5.0,,nan,BSE,SME,2026-01-03
INE123C01018,10.0,,nan,BSE,SME,2026-01-03
INE123D01024,1.0,,nan,BSE,SME,2026-01-03
INE123E01014,10.0,,nan,BSE,SME,2026-01-03
INE123F01029,1.0,,nan,BSE,SME,2026-01-03
INE123M01017,10.0,,nan,BSE,SME,2026-01-03
INE123V01018,10.0,,nan,BSE,SME,2026-01-03
INE123W01016,10.0,,nan,BSE,SME,2026-01-03
INE124B01018,10.0,,nan,BSE,SME,2026-01-03
INE124E01038,1.0,,nan,BSE,SME,2026-01-03
INE124G01033,1.0,,nan,BSE,SME,2026-01-03
INE124M01015,10.0,,nan,BSE,SME,2026-01-03
INE124Y01010,10.0,,nan,BSE,SME,2026-01-03
INE125D01011,10.0,,nan,BSE,SME,2026-01-03
INE125F01032,1.0,,nan,BSE,SME,2026-01-03
INE125G01014,10.0,,nan,BSE,SME,2026-01-03
INE126A01031,1.0,,nan,BSE,SME,2026-01-03
INE126J01016,10.0,,nan,BSE,SME,2026-01-03
INE126M01010,2.0,,nan,BSE,SME,2026-01-03
INE127B01011,10.0,,nan,BSE,SME,2026-01-03
INE127D01025,5.0,,nan,BSE,SME,2026-01-03
INE127I01024,2.0,,nan,BSE,SME,2026-01-03
INE127T01021,5.0,,nan,BSE,SME,2026-01-03
INE128A01029,5.0,,nan,BSE,SME,2026-01-03
INE128G01018,10.0,,nan,BSE,SME,2026-01-03
INE128R01023,1.0,,nan,BSE,SME,2026-01-03
INE128S01021,1.0,,nan,BSE,SME,2026-01-03
INE128X01021,2.0,,nan,BSE,SME,2026-01-03
INE129A01019,10.0,,nan,BSE,SME,2026-01-03
INE12IB01015,1.0,,nan,BSE,SME,2026-01-03
INE12NJ01018,10.0,,nan,BSE,SME,2026-01-03
INE12P101018,1.0,,nan,BSE,SME,2026-01-03
INE12P601017,10.0,,nan,BSE,SME,2026-01-03
INE12QA01010,10.0,,nan,BSE,SME,2026-01-03
INE12UR01024,1.0,,nan,BSE,SME,2026-01-03
INE130701019,10.0,,nan,BSE,SME,2026-01-03
INE130B01031,1.0,,nan,BSE,SME,2026-01-03
INE130F01016,10.0,,nan,BSE,SME,2026-01-03
INE130L01014,5.0,,nan,BSE,SME,2026-01-03
INE130N01010,10.0,,nan,BSE,SME,2026-01-03
INE131A01031,2.0,,nan,BSE,SME,2026-01-03
INE131B01039,1.0,,nan,BSE,SME,2026-01-03
INE131C01011,10.0,,nan,BSE,SME,2026-01-03
INE131D01019,10.0,,nan,BSE,SME,2026-01-03
INE131H01028,1.0,,nan,BSE,SME,2026-01-03
INE131N01018,10.0,,nan,BSE,SME,2026-01-03
INE131O01024,10.0,,nan,BSE,SME,2026-01-03
INE131Q01011,10.0,,nan,BSE,SME,2026-01-03
INE132C01027,10.0,,nan,BSE,SME,2026-01-03
INE132E01015,10.0,,nan,BSE,SME,2026-01-03
INE132F01038,1.0,,nan,BSE,SME,2026-01-03
INE132H01018,10.0,,nan,BSE,SME,2026-01-03
INE132V01019,10.0,,nan,BSE,SME,2026-01-03
INE133A01011,10.0,,nan,BSE,SME,2026-01-03
INE133B01027,1.0,,nan,BSE,SME,2026-01-03
INE133C01033,1.0,,nan,BSE,SME,2026-01-03
INE133D01023,1.0,,nan,BSE,SME,2026-01-03
INE133E01013,10.0,,nan,BSE,SME,2026-01-03
INE133Y01011,10.0,,nan,BSE,SME,2026-01-03
INE134B01017,10.0,,nan,BSE,SME,2026-01-03
INE134E01011,10.0,,nan,BSE,SME,2026-01-03
INE134R01013,10.0,,nan,BSE,SME,2026-01-03
INE135C01012,10.0,,nan,BSE,SME,2026-01-03
INE135H01029,1.0,,nan,BSE,SME,2026-01-03
INE136B01020,5.0,,nan,BSE,SME,2026-01-03
INE136C01044,10.0,,nan,BSE,SME,2026-01-03
INE136S01016,10.0,,nan,BSE,SME,2026-01-03
INE137C01018,10.0,,nan,BSE,SME,2026-01-03
INE137E01014,10.0,,nan,BSE,SME,2026-01-03
INE137I01015,10.0,,nan,BSE,SME,2026-01-03
INE137M01017,10.0,,nan,BSE,SME,2026-01-03
INE138A01028,2.0,,nan,BSE,SME,2026-01-03
INE138B01018,10.0,,nan,BSE,SME,2026-01-03
INE138C01024,5.0,,nan,BSE,SME,2026-01-03
INE138O01029,10.0,,nan,BSE,SME,2026-01-03
INE138Y01010,10.0,,nan,BSE,SME,2026-01-03
INE139A01034,5.0,,nan,BSE,SME,2026-01-03
INE139B01016,10.0,,nan,BSE,SME,2026-01-03
INE139D01020,1.0,,nan,BSE,SME,2026-01-03
INE139E01028,1.0,,nan,BSE,SME,2026-01-03
INE139I01011,10.0,,nan,BSE,SME,2026-01-03
INE139J01019,10.0,,nan,BSE,SME,2026-01-03
INE139R01012,10.0,,nan,BSE,SME,2026-01-03
INE13B501022,2.0,,nan,BSE,SME,2026-01-03
INE13VU01016,10.0,,nan,BSE,SME,2026-01-03
INE13YH01017,10.0,,nan,BSE,SME,2026-01-03
INE140C01012,10.0,,nan,BSE,SME,2026-01-03
INE141C01036,1.0,,nan,BSE,SME,2026-01-03
INE141D01018,10.0,,nan,BSE,SME,2026-01-03
INE141K01013,10.0,,nan,BSE,SME,2026-01-03
INE142A01012,10.0,,nan,BSE,SME,2026-01-03
INE142E01022,1.0,,nan,BSE,SME,2026-01-03
INE142I01023,1.0,,nan,BSE,SME,2026-01-03
INE142K01011,10.0,,nan,BSE,SME,2026-01-03
INE142M01025,2.0,,nan,BSE,SME,2026-01-03
INE142Q01026,2.0,,nan,BSE,SME,2026-01-03
INE142Z01019,1.0,,nan,BSE,SME,2026-01-03
INE143A01010,10.0,,nan,BSE,SME,2026-01-03
INE143C01024,10.0,,nan,BSE,SME,2026-01-03
INE143I01013,10.0,,nan,BSE,SME,2026-01-03
INE143K01019,10.0,,nan,BSE,SME,2026-01-03
INE144C01014,10.0,,nan,BSE,SME,2026-01-03
INE144D01012,10.0,,nan,BSE,SME,2026-01-03
INE144J01027,5.0,,nan,BSE,SME,2026-01-03
INE144Z01023,2.0,,nan,BSE,SME,2026-01-03
INE145E01017,10.0,,nan,BSE,SME,2026-01-03
INE145J01032,1.0,,nan,BSE,SME,2026-01-03
INE145L01012,10.0,,nan,BSE,SME,2026-01-03
INE145Y01023,1.0,,nan,BSE,SME,2026-01-03
INE146C01019,10.0,,nan,BSE,SME,2026-01-03
INE146E01015,10.0,,nan,BSE,SME,2026-01-03
INE146H01018,10.0,,nan,BSE,SME,2026-01-03
INE146L01010,2.0,,nan,BSE,SME,2026-01-03
INE146N01016,10.0,,nan,BSE,SME,2026-01-03
INE147A01011,10.0,,nan,BSE,SME,2026-01-03
INE147C01017,10.0,,nan,BSE,SME,2026-01-03
INE147J01012,10.0,,nan,BSE,SME,2026-01-03
INE147P01019,10.0,,nan,BSE,SME,2026-01-03
INE148A01019,10.0,,nan,BSE,SME,2026-01-03
INE148B01033,1.0,,nan,BSE,SME,2026-01-03
INE148I01020,2.0,,nan,BSE,SME,2026-01-03
INE148O01028,1.0,,nan,BSE,SME,2026-01-03
INE149A01033,1.0,,nan,BSE,SME,2026-01-03
INE149K01016,10.0,,nan,BSE,SME,2026-01-03
INE149O01018,10.0,,nan,BSE,SME,2026-01-03
INE149Q01021,2.0,,nan,BSE,SME,2026-01-03
INE14LE01019,10.0,,nan,BSE,SME,2026-01-03
INE14LM01012,10.0,,nan,BSE,SME,2026-01-03
INE14OX01013,10.0,,nan,BSE,SME,2026-01-03
INE14QA01016,10.0,,nan,BSE,SME,2026-01-03
INE14UN01029,1.0,,nan,BSE,SME,2026-01-03
INE14VP01014,10.0,,nan,BSE,SME,2026-01-03
INE150B01039,2.0,,nan,BSE,SME,2026-01-03
INE150C01011,10.0,,nan,BSE,SME,2026-01-03
INE150D01027,1.0,,nan,BSE,SME,2026-01-03
INE150G01020,2.0,,nan,BSE,SME,2026-01-03
INE150R01019,10.0,,nan,BSE,SME,2026-01-03
INE151A01013,10.0,,nan,BSE,SME,2026-01-03
INE151B01011,10.0,,nan,BSE,SME,2026-01-03
INE151G01028,2.0,,nan,BSE,SME,2026-01-03
INE151H01018,10.0,,nan,BSE,SME,2026-01-03
INE152A01029,2.0,,nan,BSE,SME,2026-01-03
INE152C01025,5.0,,nan,BSE,SME,2026-01-03
INE152E01013,10.0,,nan,BSE,SME,2026-01-03
INE152M01016,1.0,,nan,BSE,SME,2026-01-03
INE153A01019,10.0,,nan,BSE,SME,2026-01-03
INE153C01015,10.0,,nan,BSE,SME,2026-01-03
INE153K01018,10.0,,nan,BSE,SME,2026-01-03
INE153T01027,1.0,,nan,BSE,SME,2026-01-03
INE154A01025,1.0,,nan,BSE,SME,2026-01-03
INE154B01023,1.0,,nan,BSE,SME,2026-01-03
INE154G01022,10.0,,nan,BSE,SME,2026-01-03
INE154M01012,10.0,,nan,BSE,SME,2026-01-03
INE155A01022,2.0,,nan,BSE,SME,2026-01-03
INE155C01010,10.0,,nan,BSE,SME,2026-01-03
INE155E01016,10.0,,nan,BSE,SME,2026-01-03
INE155G01029,4.0,,nan,BSE,SME,2026-01-03
INE155R01018,10.0,,nan,BSE,SME,2026-01-03
INE156A01020,10.0,,nan,BSE,SME,2026-01-03
INE156C01018,10.0,,nan,BSE,SME,2026-01-03
INE156E01014,10.0,,nan,BSE,SME,2026-01-03
INE156M01017,10.0,,nan,BSE,SME,2026-01-03
INE157H01023,2.0,,nan,BSE,SME,2026-01-03
INE158A01026,2.0,,nan,BSE,SME,2026-01-03
INE158B01016,10.0,,nan,BSE,SME,2026-01-03
INE158C01014,10.0,,nan,BSE,SME,2026-01-03
INE158F01017,10.0,,nan,BSE,SME,2026-01-03
INE158G01015,10.0,,nan,BSE,SME,2026-01-03
INE158R01012,10.0,,nan,BSE,SME,2026-01-03
INE159A01016,10.0,,nan,BSE,SME,2026-01-03
INE159C01012,10.0,,nan,BSE,SME,2026-01-03
INE159E01026,2.0,,nan,BSE,SME,2026-01-03
INE159L01013,5.0,,nan,BSE,SME,2026-01-03
INE159N01027,1.0,,nan,BSE,SME,2026-01-03
INE159O01033,10.0,,nan,BSE,SME,2026-01-03
INE15B701018,1.0,,nan,BSE,SME,2026-01-03
INE15MX01014,10.0,,nan,BSE,SME,2026-01-03
INE15WN01014,10.0,,nan,BSE,SME,2026-01-03
INE15XJ01010,10.0,,nan,BSE,SME,2026-01-03
INE160A01022,2.0,,nan,BSE,SME,2026-01-03
INE160F01013,10.0,,nan,BSE,SME,2026-01-03
INE160H01019,10.0,,nan,BSE,SME,2026-01-03
INE160L01011,10.0,,nan,BSE,SME,2026-01-03
INE160N01017,10.0,,nan,BSE,SME,2026-01-03
INE160O01031,10.0,,nan,BSE,SME,2026-01-03
INE161701011,10.0,,nan,BSE,SME,2026-01-03
INE161A01038,2.0,,nan,BSE,SME,2026-01-03
INE161E01014,10.0,,nan,BSE,SME,2026-01-03
INE161F01011,10.0,,nan,BSE,SME,2026-01-03
INE161L01027,1.0,,nan,BSE,SME,2026-01-03
INE162901016,10.0,,nan,BSE,SME,2026-01-03
INE162A01010,10.0,,nan,BSE,SME,2026-01-03
INE162B01018,10.0,,nan,BSE,SME,2026-01-03
INE162C01024,1.0,,nan,BSE,SME,2026-01-03
INE162L01017,10.0,,nan,BSE,SME,2026-01-03
INE163701019,10.0,,nan,BSE,SME,2026-01-03
INE163A01018,10.0,,nan,BSE,SME,2026-01-03
INE164A01016,10.0,,nan,BSE,SME,2026-01-03
INE164B01030,1.0,,nan,BSE,SME,2026-01-03
INE164D01010,10.0,,nan,BSE,SME,2026-01-03
INE165B01029,5.0,,nan,BSE,SME,2026-01-03
INE165F01020,5.0,,nan,BSE,SME,2026-01-03
INE165G01010,10.0,,nan,BSE,SME,2026-01-03
INE166R01015,10.0,,nan,BSE,SME,2026-01-03
INE167B01025,1.0,,nan,BSE,SME,2026-01-03
INE167E01037,10.0,,nan,BSE,SME,2026-01-03
INE167F01018,10.0,,nan,BSE,SME,2026-01-03
INE167H01014,10.0,,nan,BSE,SME,2026-01-03
INE168A01041,1.0,,nan,BSE,SME,2026-01-03
INE168C01013,10.0,,nan,BSE,SME,2026-01-03
INE168O01026,1.0,,nan,BSE,SME,2026-01-03
INE168P01015,10.0,,nan,BSE,SME,2026-01-03
INE169A01031,1.0,,nan,BSE,SME,2026-01-03
INE169F01014,10.0,,nan,BSE,SME,2026-01-03
INE16IQ01014,10.0,,nan,BSE,SME,2026-01-03
INE16NZ01023,1.0,,nan,BSE,SME,2026-01-03
INE16QA01011,10.0,,nan,BSE,SME,2026-01-03
INE16SF01016,10.0,,nan,BSE,SME,2026-01-03
INE16XA01017,10.0,,nan,BSE,SME,2026-01-03
INE170C01019,10.0,,nan,BSE,SME,2026-01-03
INE170D01025,2.0,,nan,BSE,SME,2026-01-03
INE170E01023,1.0,,nan,BSE,SME,2026-01-03
INE170I01016,10.0,,nan,BSE,SME,2026-01-03
INE170U01011,10.0,,nan,BSE,SME,2026-01-03
INE170V01027,1.0,,nan,BSE,SME,2026-01-03
INE171A01029,2.0,,nan,BSE,SME,2026-01-03
INE171Z01026,5.0,,nan,BSE,SME,2026-01-03
INE172A01027,5.0,,nan,BSE,SME,2026-01-03
INE172B01017,10.0,,nan,BSE,SME,2026-01-03
INE172D01021,1.0,,nan,BSE,SME,2026-01-03
INE172E01011,10.0,,nan,BSE,SME,2026-01-03
INE172N01012,10.0,,nan,BSE,SME,2026-01-03
INE173A01025,5.0,,nan,BSE,SME,2026-01-03
INE173E01019,10.0,,nan,BSE,SME,2026-01-03
INE173J01018,10.0,,nan,BSE,SME,2026-01-03
INE173M01012,10.0,,nan,BSE,SME,2026-01-03
INE173U01015,10.0,,nan,BSE,SME,2026-01-03
INE173V01013,10.0,,nan,BSE,SME,2026-01-03
INE175A01038,2.0,,nan,BSE,SME,2026-01-03
INE175C01018,10.0,,nan,BSE,SME,2026-01-03
INE175N01023,1.0,,nan,BSE,SME,2026-01-03
INE175Q01018,10.0,,nan,BSE,SME,2026-01-03
INE176A01028,5.0,,nan,BSE,SME,2026-01-03
INE176B01034,1.0,,nan,BSE,SME,2026-01-03
INE176E01012,10.0,,nan,BSE,SME,2026-01-03
INE176J01011,10.0,,nan,BSE,SME,2026-01-03
INE176L01017,10.0,,nan,BSE,SME,2026-01-03
INE176O01011,10.0,,nan,BSE,SME,2026-01-03
INE176R01014,10.0,,nan,BSE,SME,2026-01-03
INE177A01018,10.0,,nan,BSE,SME,2026-01-03
INE177C01022,5.0,,nan,BSE,SME,2026-01-03
INE177E01010,10.0,,nan,BSE,SME,2026-01-03
INE177F01017,10.0,,nan,BSE,SME,2026-01-03
INE177H01039,1.0,,nan,BSE,SME,2026-01-03
INE177M01013,10.0,,nan,BSE,SME,2026-01-03
INE178A01016,10.0,,nan,BSE,SME,2026-01-03
INE178C01020,2.0,,nan,BSE,SME,2026-01-03
INE178E01026,1.0,,nan,BSE,SME,2026-01-03
INE178T01024,1.0,,nan,BSE,SME,2026-01-03
INE179A01014,10.0,,nan,BSE,SME,2026-01-03
INE179G01029,1.0,,nan,BSE,SME,2026-01-03
INE179O01031,1.0,,nan,BSE,SME,2026-01-03
INE180A01020,2.0,,nan,BSE,SME,2026-01-03
INE180C01042,1.0,,nan,BSE,SME,2026-01-03
INE180M01033,10.0,,nan,BSE,SME,2026-01-03
INE181D01014,10.0,,nan,BSE,SME,2026-01-03
INE181U01018,10.0,,nan,BSE,SME,2026-01-03
INE182A01018,10.0,,nan,BSE,SME,2026-01-03
INE182D01020,5.0,,nan,BSE,SME,2026-01-03
INE183A01024,2.0,,nan,BSE,SME,2026-01-03
INE183D01010,10.0,,nan,BSE,SME,2026-01-03
INE183Q01020,2.0,,nan,BSE,SME,2026-01-03
INE183U01022,1.0,,nan,BSE,SME,2026-01-03
INE183U20014,0.05,,nan,BSE,SME,2026-01-03
INE184B01012,10.0,,nan,BSE,SME,2026-01-03
INE184D01026,3.0,,nan,BSE,SME,2026-01-03
INE184E01024,1.0,,nan,BSE,SME,2026-01-03
INE184H01027,2.0,,nan,BSE,SME,2026-01-03
INE184O01015,10.0,,nan,BSE,SME,2026-01-03
INE184Q01010,10.0,,nan,BSE,SME,2026-01-03
INE184S01024,1.0,,nan,BSE,SME,2026-01-03
INE185C01017,10.0,,nan,BSE,SME,2026-01-03
INE185D01015,10.0,,nan,BSE,SME,2026-01-03
INE185E01021,1.0,,nan,BSE,SME,2026-01-03
INE185H01016,10.0,,nan,BSE,SME,2026-01-03
INE185K01036,10.0,,nan,BSE,SME,2026-01-03
INE185U01035,1.0,,nan,BSE,SME,2026-01-03
INE186A01019,10.0,,nan,BSE,SME,2026-01-03
INE186C01023,2.0,,nan,BSE,SME,2026-01-03
INE186E01011,10.0,,nan,BSE,SME,2026-01-03
INE186H01022,5.0,,nan,BSE,SME,2026-01-03
INE186R01013,10.0,,nan,BSE,SME,2026-01-03
INE187D01029,2.0,,nan,BSE,SME,2026-01-03
INE187R01029,1.0,,nan,BSE,SME,2026-01-03
INE187U01015,10.0,,nan,BSE,SME,2026-01-03
INE188A01015,10.0,,nan,BSE,SME,2026-01-03
INE188B01013,10.0,,nan,BSE,SME,2026-01-03
INE188E01017,10.0,,nan,BSE,SME,2026-01-03
INE189B01011,10.0,,nan,BSE,SME,2026-01-03
INE189I01024,2.0,,nan,BSE,SME,2026-01-03
INE18JU01028,2.0,,nan,BSE,SME,2026-01-03
INE18PB01017,10.0,,nan,BSE,SME,2026-01-03
INE190D01015,10.0,,nan,BSE,SME,2026-01-03
INE190F01028,3.0,,nan,BSE,SME,2026-01-03
INE190H01024,1.0,,nan,BSE,SME,2026-01-03
INE191201016,10.0,,nan,BSE,SME,2026-01-03
INE191A01027,10.0,,nan,BSE,SME,2026-01-03
INE191B01025,5.0,,nan,BSE,SME,2026-01-03
INE191C01023,10.0,,nan,BSE,SME,2026-01-03
INE191H01014,10.0,,nan,BSE,SME,2026-01-03
INE191I01012,10.0,,nan,BSE,SME,2026-01-03
INE191N01012,10.0,,nan,BSE,SME,2026-01-03
INE191O01010,10.0,,nan,BSE,SME,2026-01-03
INE191P01017,10.0,,nan,BSE,SME,2026-01-03
INE191V01015,10.0,,nan,BSE,SME,2026-01-03
INE192A01025,1.0,,nan,BSE,SME,2026-01-03
INE192B01031,1.0,,nan,BSE,SME,2026-01-03
INE192C01013,10.0,,nan,BSE,SME,2026-01-03
INE192H01020,2.0,,nan,BSE,SME,2026-01-03
INE192R01011,10.0,,nan,BSE,SME,2026-01-03
INE193B01039,10.0,,nan,BSE,SME,2026-01-03
INE193D01019,10.0,,nan,BSE,SME,2026-01-03
INE193E01025,2.0,,nan,BSE,SME,2026-01-03
INE193R01019,10.0,,nan,BSE,SME,2026-01-03
INE194D01017,10.0,,nan,BSE,SME,2026-01-03
INE194E01015,10.0,,nan,BSE,SME,2026-01-03
INE194N01016,10.0,,nan,BSE,SME,2026-01-03
INE194R01017,10.0,,nan,BSE,SME,2026-01-03
INE195A01028,2.0,,nan,BSE,SME,2026-01-03
INE195E01020,1.0,,nan,BSE,SME,2026-01-03
INE195F01027,2.0,,nan,BSE,SME,2026-01-03
INE195I01013,10.0,,nan,BSE,SME,2026-01-03
INE195J01029,2.0,,nan,BSE,SME,2026-01-03
INE195N01013,2.0,,nan,BSE,SME,2026-01-03
INE196A01026,1.0,,nan,BSE,SME,2026-01-03
INE196Y01018,10.0,,nan,BSE,SME,2026-01-03
INE197A01024,2.0,,nan,BSE,SME,2026-01-03
INE197C01012,10.0,,nan,BSE,SME,2026-01-03
INE197D01010,10.0,,nan,BSE,SME,2026-01-03
INE197J01017,1.0,,nan,BSE,SME,2026-01-03
INE198501012,1.0,,nan,BSE,SME,2026-01-03
INE198C01010,10.0,,nan,BSE,SME,2026-01-03
INE198H01019,10.0,,nan,BSE,SME,2026-01-03
INE198N01017,10.0,,nan,BSE,SME,2026-01-03
INE199A01012,10.0,,nan,BSE,SME,2026-01-03
INE199C01026,2.0,,nan,BSE,SME,2026-01-03
INE199D01016,10.0,,nan,BSE,SME,2026-01-03
INE199E01014,10.0,,nan,BSE,SME,2026-01-03
INE199G01027,2.0,,nan,BSE,SME,2026-01-03
INE199P01028,10.0,,nan,BSE,SME,2026-01-03
INE19RI01016,10.0,,nan,BSE,SME,2026-01-03
INE1A8F01035,10.0,,nan,BSE,SME,2026-01-03
INE1ABX01018,10.0,,nan,BSE,SME,2026-01-03
INE1AG301022,2.0,,nan,BSE,SME,2026-01-03
INE1B0W01010,10.0,,nan,BSE,SME,2026-01-03
INE1B3501014,10.0,,nan,BSE,SME,2026-01-03
INE1B3L01017,10.0,,nan,BSE,SME,2026-01-03
INE1B4801017,10.0,,nan,BSE,SME,2026-01-03
INE1B6101010,10.0,,nan,BSE,SME,2026-01-03
INE1BA901016,10.0,,nan,BSE,SME,2026-01-03
INE1BZC01019,10.0,,nan,BSE,SME,2026-01-03
INE1C6T01020,2.0,,nan,BSE,SME,2026-01-03
INE1CJB01013,10.0,,nan,BSE,SME,2026-01-03
INE1DKT01011,10.0,,nan,BSE,SME,2026-01-03
INE1DRH01011,10.0,,nan,BSE,SME,2026-01-03
INE1E1V01017,10.0,,nan,BSE,SME,2026-01-03
INE1E4401010,10.0,,nan,BSE,SME,2026-01-03
INE1EUB01016,10.0,,nan,BSE,SME,2026-01-03
INE1F9M01018,10.0,,nan,BSE,SME,2026-01-03
INE1FF001016,10.0,,nan,BSE,SME,2026-01-03
INE1FHV01026,5.0,,nan,BSE,SME,2026-01-03
INE1FJE01010,10.0,,nan,BSE,SME,2026-01-03
INE1GUJ01014,10.0,,nan,BSE,SME,2026-01-03
INE1I1301016,10.0,,nan,BSE,SME,2026-01-03
INE1IBY01019,10.0,,nan,BSE,SME,2026-01-03
INE1IE301018,10.0,,nan,BSE,SME,2026-01-03
INE1IIQ01028,10.0,,nan,BSE,SME,2026-01-03
INE1IJQ01026,10.0,,nan,BSE,SME,2026-01-03
INE1ITY01011,10.0,,nan,BSE,SME,2026-01-03
INE1KH601014,10.0,,nan,BSE,SME,2026-01-03
INE1KLZ01011,10.0,,nan,BSE,SME,2026-01-03
INE1LDV01015,10.0,,nan,BSE,SME,2026-01-03
INE1LJ801017,10.0,,nan,BSE,SME,2026-01-03
INE1MF401019,10.0,,nan,BSE,SME,2026-01-03
INE1NPP01017,2.0,,nan,BSE,SME,2026-01-03
INE1NQ501012,10.0,,nan,BSE,SME,2026-01-03
INE1P1A01018,10.0,,nan,BSE,SME,2026-01-03
INE1PJP01015,10.0,,nan,BSE,SME,2026-01-03
INE1SPP01016,10.0,,nan,BSE,SME,2026-01-03
INE1SY401010,10.0,,nan,BSE,SME,2026-01-03
INE1TAE01010,2.0,,nan,BSE,SME,2026-01-03
INE1U2R01013,10.0,,nan,BSE,SME,2026-01-03
INE1VXE01018,2.0,,nan,BSE,SME,2026-01-03
INE200A01026,2.0,,nan,BSE,SME,2026-01-03
INE200D01020,1.0,,nan,BSE,SME,2026-01-03
INE200M01039,2.0,,nan,BSE,SME,2026-01-03
INE200P01016,10.0,,nan,BSE,SME,2026-01-03
INE201A01024,5.0,,nan,BSE,SME,2026-01-03
INE201B01022,10.0,,nan,BSE,SME,2026-01-03
INE201C01012,10.0,,nan,BSE,SME,2026-01-03
INE201J01017,1.0,,nan,BSE,SME,2026-01-03
INE201K01015,10.0,,nan,BSE,SME,2026-01-03
INE201M01029,5.0,,nan,BSE,SME,2026-01-03
INE201P01022,5.0,,nan,BSE,SME,2026-01-03
INE202B01038,2.0,,nan,BSE,SME,2026-01-03
INE202E01016,10.0,,nan,BSE,SME,2026-01-03
INE202H01019,10.0,,nan,BSE,SME,2026-01-03
INE202R01026,1.0,,nan,BSE,SME,2026-01-03
INE203A01020,2.0,,nan,BSE,SME,2026-01-03
INE203D01016,100.0,,nan,BSE,SME,2026-01-03
INE203G01027,2.0,,nan,BSE,SME,2026-01-03
INE203N01015,10.0,,nan,BSE,SME,2026-01-03
INE203T01012,10.0,,nan,BSE,SME,2026-01-03
INE204A01010,10.0,,nan,BSE,SME,2026-01-03
INE204C01024,10.0,,nan,BSE,SME,2026-01-03
INE204D01022,5.0,,nan,BSE,SME,2026-01-03
INE204E01012,10.0,,nan,BSE,SME,2026-01-03
INE204N01013,10.0,,nan,BSE,SME,2026-01-03
INE204S01012,10.0,,nan,BSE,SME,2026-01-03
INE204Y01010,10.0,,nan,BSE,SME,2026-01-03
INE205A01025,1.0,,nan,BSE,SME,2026-01-03
INE205B01031,1.0,,nan,BSE,SME,2026-01-03
INE205C01021,5.0,,nan,BSE,SME,2026-01-03
INE205F01016,10.0,,nan,BSE,SME,2026-01-03
INE206B01013,10.0,,nan,BSE,SME,2026-01-03
INE206C01029,1.0,,nan,BSE,SME,2026-01-03
INE206F01022,1.0,,nan,BSE,SME,2026-01-03
INE206N01018,10.0,,nan,BSE,SME,2026-01-03
INE206Z01020,1.0,,nan,BSE,SME,2026-01-03
INE207B01011,10.0,,nan,BSE,SME,2026-01-03
INE207C01019,10.0,,nan,BSE,SME,2026-01-03
INE207E01023,5.0,,nan,BSE,SME,2026-01-03
INE207H01018,10.0,,nan,BSE,SME,2026-01-03
INE208A01029,1.0,,nan,BSE,SME,2026-01-03
INE208C01025,1.0,,nan,BSE,SME,2026-01-03
INE208U01019,10.0,,nan,BSE,SME,2026-01-03
INE209A01019,10.0,,nan,BSE,SME,2026-01-03
INE209B01025,1.0,,nan,BSE,SME,2026-01-03
INE209C01015,10.0,,nan,BSE,SME,2026-01-03
INE209L01016,10.0,,nan,BSE,SME,2026-01-03
INE210A01017,10.0,,nan,BSE,SME,2026-01-03
INE210C01013,10.0,,nan,BSE,SME,2026-01-03
INE210F01016,10.0,,nan,BSE,SME,2026-01-03
INE210P01015,10.0,,nan,BSE,SME,2026-01-03
INE211B01039,2.0,,nan,BSE,SME,2026-01-03
INE211D01027,1.0,,nan,BSE,SME,2026-01-03
INE211R01019,10.0,,nan,BSE,SME,2026-01-03
INE212B01011,10.0,,nan,BSE,SME,2026-01-03
INE212H01026,2.0,,nan,BSE,SME,2026-01-03
INE212I01016,10.0,,nan,BSE,SME,2026-01-03
INE212P01011,10.0,,nan,BSE,SME,2026-01-03
INE212Q01019,10.0,,nan,BSE,SME,2026-01-03
INE213A01029,5.0,,nan,BSE,SME,2026-01-03
INE213B01019,10.0,,nan,BSE,SME,2026-01-03
INE213C01025,2.0,,nan,BSE,SME,2026-01-03
INE213D01015,10.0,,nan,BSE,SME,2026-01-03
INE213P01027,10.0,,nan,BSE,SME,2026-01-03
INE213U01019,5.0,,nan,BSE,SME,2026-01-03
INE214A01019,10.0,,nan,BSE,SME,2026-01-03
INE214D01021,1.0,,nan,BSE,SME,2026-01-03
INE214F01026,2.0,,nan,BSE,SME,2026-01-03
INE214T01019,1.0,,nan,BSE,SME,2026-01-03
INE215B01022,2.0,,nan,BSE,SME,2026-01-03
INE215D01010,10.0,,nan,BSE,SME,2026-01-03
INE215I01027,5.0,,nan,BSE,SME,2026-01-03
INE216A01030,1.0,,nan,BSE,SME,2026-01-03
INE216B01012,10.0,,nan,BSE,SME,2026-01-03
INE216C01010,10.0,,nan,BSE,SME,2026-01-03
INE216I01017,10.0,,nan,BSE,SME,2026-01-03
INE216P01012,10.0,,nan,BSE,SME,2026-01-03
INE216Q01010,10.0,,nan,BSE,SME,2026-01-03
INE217A01012,10.0,,nan,BSE,SME,2026-01-03
INE217B01036,1.0,,nan,BSE,SME,2026-01-03
INE217E01014,10.0,,nan,BSE,SME,2026-01-03
INE217G01035,1.0,,nan,BSE,SME,2026-01-03
INE217K01011,10.0,,nan,BSE,SME,2026-01-03
INE217L01019,10.0,,nan,BSE,SME,2026-01-03
INE217S01014,10.0,,nan,BSE,SME,2026-01-03
INE218C01016,10.0,,nan,BSE,SME,2026-01-03
INE218G01033,10.0,,nan,BSE,SME,2026-01-03
INE218I01013,10.0,,nan,BSE,SME,2026-01-03
INE218N01021,1.0,,nan,BSE,SME,2026-01-03
INE218P01018,10.0,,nan,BSE,SME,2026-01-03
INE218T01010,10.0,,nan,BSE,SME,2026-01-03
INE219D01012,10.0,,nan,BSE,SME,2026-01-03
INE219M01021,1.0,,nan,BSE,SME,2026-01-03
INE219W01012,10.0,,nan,BSE,SME,2026-01-03
INE219Y01026,1.0,,nan,BSE,SME,2026-01-03
INE220B01022,2.0,,nan,BSE,SME,2026-01-03
INE220C01012,10.0,,nan,BSE,SME,2026-01-03
INE220G01021,2.0,,nan,BSE,SME,2026-01-03
INE220Q01020,2.0,,nan,BSE,SME,2026-01-03
INE220Z01013,10.0,,nan,BSE,SME,2026-01-03
INE221B01012,10.0,,nan,BSE,SME,2026-01-03
INE221H01019,10.0,,nan,BSE,SME,2026-01-03
INE221J01015,10.0,,nan,BSE,SME,2026-01-03
INE222B01028,10.0,,nan,BSE,SME,2026-01-03
INE222F01029,1.0,,nan,BSE,SME,2026-01-03
INE222U01010,10.0,,nan,BSE,SME,2026-01-03
INE223R01014,10.0,,nan,BSE,SME,2026-01-03
INE224A01026,2.0,,nan,BSE,SME,2026-01-03
INE224C01014,10.0,,nan,BSE,SME,2026-01-03
INE224D01012,10.0,,nan,BSE,SME,2026-01-03
INE224E01028,1.0,,nan,BSE,SME,2026-01-03
INE224E01036,1.0,,nan,BSE,SME,2026-01-03
INE225B01021,5.0,,nan,BSE,SME,2026-01-03
INE225D01027,2.0,,nan,BSE,SME,2026-01-03
INE225G01012,10.0,,nan,BSE,SME,2026-01-03
INE226A01021,1.0,,nan,BSE,SME,2026-01-03
INE226H01026,1.0,,nan,BSE,SME,2026-01-03
INE227B01019,10.0,,nan,BSE,SME,2026-01-03
INE227C01017,10.0,,nan,BSE,SME,2026-01-03
INE227F01010,10.0,,nan,BSE,SME,2026-01-03
INE227G01018,10.0,,nan,BSE,SME,2026-01-03
INE227J01012,10.0,,nan,BSE,SME,2026-01-03
INE227W01023,1.0,,nan,BSE,SME,2026-01-03
INE228A01035,1.0,,nan,BSE,SME,2026-01-03
INE228I01012,10.0,,nan,BSE,SME,2026-01-03
INE229A01017,10.0,,nan,BSE,SME,2026-01-03
INE229C01021,2.0,,nan,BSE,SME,2026-01-03
INE229D01011,10.0,,nan,BSE,SME,2026-01-03
INE229E01019,10.0,,nan,BSE,SME,2026-01-03
INE229G01022,1.0,,nan,BSE,SME,2026-01-03
INE229H01012,10.0,,nan,BSE,SME,2026-01-03
INE229N01010,10.0,,nan,BSE,SME,2026-01-03
INE229R01011,10.0,,nan,BSE,SME,2026-01-03
INE230A01023,2.0,,nan,BSE,SME,2026-01-03
INE230B01021,5.0,,nan,BSE,SME,2026-01-03
INE230F01014,10.0,,nan,BSE,SME,2026-01-03
INE230I01018,10.0,,nan,BSE,SME,2026-01-03
INE230R01035,1.0,,nan,BSE,SME,2026-01-03
INE231C01019,10.0,,nan,BSE,SME,2026-01-03
INE231F01020,10.0,,nan,BSE,SME,2026-01-03
INE231G01010,10.0,,nan,BSE,SME,2026-01-03
INE232A01011,10.0,,nan,BSE,SME,2026-01-03
INE232E01013,10.0,,nan,BSE,SME,2026-01-03
INE232I01014,1.0,,nan,BSE,SME,2026-01-03
INE232L01018,10.0,,nan,BSE,SME,2026-01-03
INE233A01035,1.0,,nan,BSE,SME,2026-01-03
INE233B01017,10.0,,nan,BSE,SME,2026-01-03
INE233C01023,5.0,,nan,BSE,SME,2026-01-03
INE233D01013,10.0,,nan,BSE,SME,2026-01-03
INE233P01017,10.0,,nan,BSE,SME,2026-01-03
INE234A01025,5.0,,nan,BSE,SME,2026-01-03
INE234B01023,2.0,,nan,BSE,SME,2026-01-03
INE234E01027,1.0,,nan,BSE,SME,2026-01-03
INE234G01022,2.0,,nan,BSE,SME,2026-01-03
INE234I01028,1000.0,,nan,BSE,SME,2026-01-03
INE234J01018,10.0,,nan,BSE,SME,2026-01-03
INE235A01022,2.0,,nan,BSE,SME,2026-01-03
INE235C01036,2.0,,nan,BSE,SME,2026-01-03
INE235U01012,10.0,,nan,BSE,SME,2026-01-03
INE236A01020,2.0,,nan,BSE,SME,2026-01-03
INE236E01022,2.0,,nan,BSE,SME,2026-01-03
INE236G01019,10.0,,nan,BSE,SME,2026-01-03
INE236W01016,10.0,,nan,BSE,SME,2026-01-03
INE236Y01012,10.0,,nan,BSE,SME,2026-01-03
INE237A01028,5.0,,nan,BSE,SME,2026-01-03
INE237B01018,10.0,,nan,BSE,SME,2026-01-03
INE237C01016,10.0,,nan,BSE,SME,2026-01-03
INE238A01034,2.0,,nan,BSE,SME,2026-01-03
INE238C01022,2.0,,nan,BSE,SME,2026-01-03
INE239A01024,1.0,,nan,BSE,SME,2026-01-03
INE239B01014,10.0,,nan,BSE,SME,2026-01-03
INE239C01020,5.0,,nan,BSE,SME,2026-01-03
INE239D01028,1.0,,nan,BSE,SME,2026-01-03
INE239F01015,10.0,,nan,BSE,SME,2026-01-03
INE239L01013,10.0,,nan,BSE,SME,2026-01-03
INE240B01012,10.0,,nan,BSE,SME,2026-01-03
INE240C01028,1.0,,nan,BSE,SME,2026-01-03
INE240T01014,10.0,,nan,BSE,SME,2026-01-03
INE241F01011,10.0,,nan,BSE,SME,2026-01-03
INE241V01018,10.0,,nan,BSE,SME,2026-01-03
INE242A01010,10.0,,nan,BSE,SME,2026-01-03
INE242B01018,10.0,,nan,BSE,SME,2026-01-03
INE242C01024,2.0,,nan,BSE,SME,2026-01-03
INE242Q01016,10.0,,nan,BSE,SME,2026-01-03
INE243B01016,10.0,,nan,BSE,SME,2026-01-03
INE243D01012,5.0,,nan,BSE,SME,2026-01-03
INE243E01010,10.0,,nan,BSE,SME,2026-01-03
INE243N01029,1.0,,nan,BSE,SME,2026-01-03
INE244A01016,10.0,,nan,BSE,SME,2026-01-03
INE244B01030,1.0,,nan,BSE,SME,2026-01-03
INE244C01020,1.0,,nan,BSE,SME,2026-01-03
INE244O01017,10.0,,nan,BSE,SME,2026-01-03
INE244W01010,10.0,,nan,BSE,SME,2026-01-03
INE245A01021,1.0,,nan,BSE,SME,2026-01-03
INE245B01011,10.0,,nan,BSE,SME,2026-01-03
INE245H01018,10.0,,nan,BSE,SME,2026-01-03
INE245I01016,5.0,,nan,BSE,SME,2026-01-03
INE245L01028,1.0,,nan,BSE,SME,2026-01-03
INE246B01019,10.0,,nan,BSE,SME,2026-01-03
INE246D01015,10.0,,nan,BSE,SME,2026-01-03
INE246F01010,10.0,,nan,BSE,SME,2026-01-03
INE247C01023,1.0,,nan,BSE,SME,2026-01-03
INE247D01039,1.0,,nan,BSE,SME,2026-01-03
INE247F01018,10.0,,nan,BSE,SME,2026-01-03
INE247M01014,10.0,,nan,BSE,SME,2026-01-03
INE248A01017,10.0,,nan,BSE,SME,2026-01-03
INE248B01023,1.0,,nan,BSE,SME,2026-01-03
INE249D01019,10.0,,nan,BSE,SME,2026-01-03
INE249U01013,10.0,,nan,BSE,SME,2026-01-03
INE249Z01020,5.0,,nan,BSE,SME,2026-01-03
INE250A01039,10.0,,nan,BSE,SME,2026-01-03
INE250B01029,1.0,,nan,BSE,SME,2026-01-03
INE250C01027,1.0,,nan,BSE,SME,2026-01-03
INE250D01017,10.0,,nan,BSE,SME,2026-01-03
INE250G01010,10.0,,nan,BSE,SME,2026-01-03
INE250K01012,2.0,,nan,BSE,SME,2026-01-03
INE250S01015,10.0,,nan,BSE,SME,2026-01-03
INE250Z01010,10.0,,nan,BSE,SME,2026-01-03
INE251B01027,1.0,,nan,BSE,SME,2026-01-03
INE251H01024,1.0,,nan,BSE,SME,2026-01-03
INE252A01019,10.0,,nan,BSE,SME,2026-01-03
INE253A01025,5.0,,nan,BSE,SME,2026-01-03
INE253B01015,10.0,,nan,BSE,SME,2026-01-03
INE253C01013,10.0,,nan,BSE,SME,2026-01-03
INE254N01026,2.0,,nan,BSE,SME,2026-01-03
INE255A01020,2.0,,nan,BSE,SME,2026-01-03
INE255C01026,10.0,,nan,BSE,SME,2026-01-03
INE255D01024,1.0,,nan,BSE,SME,2026-01-03
INE255E01030,10.0,,nan,BSE,SME,2026-01-03
INE255X01014,10.0,,nan,BSE,SME,2026-01-03
INE256A01028,1.0,,nan,BSE,SME,2026-01-03
INE256C01024,1.0,,nan,BSE,SME,2026-01-03
INE256D01014,2.0,,nan,BSE,SME,2026-01-03
INE256H01015,10.0,,nan,BSE,SME,2026-01-03
INE256S01012,10.0,,nan,BSE,SME,2026-01-03
INE256Z01025,1.0,,nan,BSE,SME,2026-01-03
INE257A01026,2.0,,nan,BSE,SME,2026-01-03
INE257C01014,10.0,,nan,BSE,SME,2026-01-03
INE257F01017,10.0,,nan,BSE,SME,2026-01-03
INE258A01024,5.0,,nan,BSE,SME,2026-01-03
INE258B01022,1.0,,nan,BSE,SME,2026-01-03
INE258C01038,2.0,,nan,BSE,SME,2026-01-03
INE258G01013,10.0,,nan,BSE,SME,2026-01-03
INE258M01011,10.0,,nan,BSE,SME,2026-01-03
INE258R01028,2.0,,nan,BSE,SME,2026-01-03
INE258Z01013,10.0,,nan,BSE,SME,2026-01-03
INE259A01022,1.0,,nan,BSE,SME,2026-01-03
INE260B01028,2.0,,nan,BSE,SME,2026-01-03
INE260D01016,4.0,,nan,BSE,SME,2026-01-03
INE260E01014,10.0,,nan,BSE,SME,2026-01-03
INE260R01016,10.0,,nan,BSE,SME,2026-01-03
INE262A01018,10.0,,nan,BSE,SME,2026-01-03
INE262B01016,10.0,,nan,BSE,SME,2026-01-03
INE262C01014,10.0,,nan,BSE,SME,2026-01-03
INE262H01021,5.0,,nan,BSE,SME,2026-01-03
INE262W01012,10.0,,nan,BSE,SME,2026-01-03
INE263A01024,1.0,,nan,BSE,SME,2026-01-03
INE263B01022,1.0,,nan,BSE,SME,2026-01-03
INE263M01029,10.0,,nan,BSE,SME,2026-01-03
INE264T01014,10.0,,nan,BSE,SME,2026-01-03
INE265B01019,10.0,,nan,BSE,SME,2026-01-03
INE265D01015,10.0,,nan,BSE,SME,2026-01-03
INE265F01028,10.0,,nan,BSE,SME,2026-01-03
INE266B01017,10.0,,nan,BSE,SME,2026-01-03
INE266C01023,1.0,,nan,BSE,SME,2026-01-03
INE266D01021,1.0,,nan,BSE,SME,2026-01-03
INE266F01018,10.0,,nan,BSE,SME,2026-01-03
INE266H01014,10.0,,nan,BSE,SME,2026-01-03
INE266P01017,10.0,,nan,BSE,SME,2026-01-03
INE266S01011,10.0,,nan,BSE,SME,2026-01-03
INE266Y01019,10.0,,nan,BSE,SME,2026-01-03
INE267A01025,2.0,,nan,BSE,SME,2026-01-03
INE267C01013,10.0,,nan,BSE,SME,2026-01-03
INE267E01019,10.0,,nan,BSE,SME,2026-01-03
INE268B01013,10.0,,nan,BSE,SME,2026-01-03
INE268H01044,1.0,,nan,BSE,SME,2026-01-03
INE268L01046,10.0,,nan,BSE,SME,2026-01-03
INE268T01015,10.0,,nan,BSE,SME,2026-01-03
INE268X01017,10.0,,nan,BSE,SME,2026-01-03
INE269A01021,1.0,,nan,BSE,SME,2026-01-03
INE269B01029,10.0,,nan,BSE,SME,2026-01-03
INE270A01029,1.0,,nan,BSE,SME,2026-01-03
INE270B01035,2.0,,nan,BSE,SME,2026-01-03
INE270I01022,2.0,,nan,BSE,SME,2026-01-03
INE271B01025,5.0,,nan,BSE,SME,2026-01-03
INE271C01023,2.0,,nan,BSE,SME,2026-01-03
INE271D01013,10.0,,nan,BSE,SME,2026-01-03
INE272C01013,10.0,,nan,BSE,SME,2026-01-03
INE272E01027,1.0,,nan,BSE,SME,2026-01-03
INE272G01014,10.0,,nan,BSE,SME,2026-01-03
INE272L01022,5.0,,nan,BSE,SME,2026-01-03
INE273A01015,10.0,,nan,BSE,SME,2026-01-03
INE273D01019,10.0,,nan,BSE,SME,2026-01-03
INE273F01022,10.0,,nan,BSE,SME,2026-01-03
INE274C01019,10.0,,nan,BSE,SME,2026-01-03
INE274E01015,10.0,,nan,BSE,SME,2026-01-03
INE274F01020,2.0,,nan,BSE,SME,2026-01-03
INE274J01014,10.0,,nan,BSE,SME,2026-01-03
INE274K01012,1.0,,nan,BSE,SME,2026-01-03
INE274M01026,2.0,,nan,BSE,SME,2026-01-03
INE274V01019,10.0,,nan,BSE,SME,2026-01-03
INE274Y01021,1.0,,nan,BSE,SME,2026-01-03
INE275B01026,2.0,,nan,BSE,SME,2026-01-03
INE275D01022,2.0,,nan,BSE,SME,2026-01-03
INE276A01018,10.0,,nan,BSE,SME,2026-01-03
INE276C01014,10.0,,nan,BSE,SME,2026-01-03
INE276D01012,10.0,,nan,BSE,SME,2026-01-03
INE276G01015,10.0,,nan,BSE,SME,2026-01-03
INE276H01013,10.0,,nan,BSE,SME,2026-01-03
INE276I01011,10.0,,nan,BSE,SME,2026-01-03
INE276N01011,10.0,,nan,BSE,SME,2026-01-03
INE276T01018,10.0,,nan,BSE,SME,2026-01-03
INE277A01016,10.0,,nan,BSE,SME,2026-01-03
INE277B01014,10.0,,nan,BSE,SME,2026-01-03
INE277C01012,10.0,,nan,BSE,SME,2026-01-03
INE278B01020,10.0,,nan,BSE,SME,2026-01-03
INE278C01010,10.0,,nan,BSE,SME,2026-01-03
INE278D01018,10.0,,nan,BSE,SME,2026-01-03
INE278G01037,10.0,,nan,BSE,SME,2026-01-03
INE278H01035,10.0,,nan,BSE,SME,2026-01-03
INE278M01019,10.0,,nan,BSE,SME,2026-01-03
INE278O01015,10.0,,nan,BSE,SME,2026-01-03
INE278R01034,1.0,,nan,BSE,SME,2026-01-03
INE278Y01022,5.0,,nan,BSE,SME,2026-01-03
INE279A01012,10.0,,nan,BSE,SME,2026-01-03
INE280A01028,1.0,,nan,BSE,SME,2026-01-03
INE280B01018,10.0,,nan,BSE,SME,2026-01-03
INE280E01038,1.0,,nan,BSE,SME,2026-01-03
INE280F01019,10.0,,nan,BSE,SME,2026-01-03
INE280H01015,10.0,,nan,BSE,SME,2026-01-03
INE281A01026,1.0,,nan,BSE,SME,2026-01-03
INE281B01032,1.0,,nan,BSE,SME,2026-01-03
INE281E01028,2.0,,nan,BSE,SME,2026-01-03
INE281M01013,10.0,,nan,BSE,SME,2026-01-03
INE281P01016,10.0,,nan,BSE,SME,2026-01-03
INE282Y01016,10.0,,nan,BSE,SME,2026-01-03
INE283D01018,10.0,,nan,BSE,SME,2026-01-03
INE283H01019,10.0,,nan,BSE,SME,2026-01-03
INE284A01012,10.0,,nan,BSE,SME,2026-01-03
INE284B01028,10.0,,nan,BSE,SME,2026-01-03
INE284C01018,10.0,,nan,BSE,SME,2026-01-03
INE284H01025,2.0,,nan,BSE,SME,2026-01-03
INE284S01014,10.0,,nan,BSE,SME,2026-01-03
INE285A01027,1.0,,nan,BSE,SME,2026-01-03
INE285B01017,10.0,,nan,BSE,SME,2026-01-03
INE285C01015,10.0,,nan,BSE,SME,2026-01-03
INE285H01022,2.0,,nan,BSE,SME,2026-01-03
INE285J01028,5.0,,nan,BSE,SME,2026-01-03
INE285K01026,2.0,,nan,BSE,SME,2026-01-03
INE285U01025,1.0,,nan,BSE,SME,2026-01-03
INE286E01019,10.0,,nan,BSE,SME,2026-01-03
INE286H01012,10.0,,nan,BSE,SME,2026-01-03
INE286N01028,1.0,,nan,BSE,SME,2026-01-03
INE287B01021,2.0,,nan,BSE,SME,2026-01-03
INE287C01037,2.0,,nan,BSE,SME,2026-01-03
INE287Z01012,2.0,,nan,BSE,SME,2026-01-03
INE288A01013,10.0,,nan,BSE,SME,2026-01-03
INE288B01029,2.0,,nan,BSE,SME,2026-01-03
INE289A01011,10.0,,nan,BSE,SME,2026-01-03
INE289B01019,10.0,,nan,BSE,SME,2026-01-03
INE289C01025,10.0,,nan,BSE,SME,2026-01-03
INE289D01015,10.0,,nan,BSE,SME,2026-01-03
INE289M01016,10.0,,nan,BSE,SME,2026-01-03
INE28GN01010,10.0,,nan,BSE,SME,2026-01-03
INE290A01027,5.0,,nan,BSE,SME,2026-01-03
INE290E01011,10.0,,nan,BSE,SME,2026-01-03
INE290S01011,10.0,,nan,BSE,SME,2026-01-03
INE291A01017,10.0,,nan,BSE,SME,2026-01-03
INE291D01011,10.0,,nan,BSE,SME,2026-01-03
INE291E01019,10.0,,nan,BSE,SME,2026-01-03
INE291R01011,10.0,,nan,BSE,SME,2026-01-03
INE292B01021,1.0,,nan,BSE,SME,2026-01-03
INE292C01011,10.0,,nan,BSE,SME,2026-01-03
INE293B01029,2.0,,nan,BSE,SME,2026-01-03
INE293C01019,10.0,,nan,BSE,SME,2026-01-03
INE293D01017,10.0,,nan,BSE,SME,2026-01-03
INE293E01031,1.0,,nan,BSE,SME,2026-01-03
INE293N01016,10.0,,nan,BSE,SME,2026-01-03
INE294B01019,10.0,,nan,BSE,SME,2026-01-03
INE294G01026,10.0,,nan,BSE,SME,2026-01-03
INE294Z01018,10.0,,nan,BSE,SME,2026-01-03
INE295A01018,10.0,,nan,BSE,SME,2026-01-03
INE295B01016,10.0,,nan,BSE,SME,2026-01-03
INE295C01014,10.0,,nan,BSE,SME,2026-01-03
INE295D01020,1.0,,nan,BSE,SME,2026-01-03
INE295F01017,10.0,,nan,BSE,SME,2026-01-03
INE295Z01015,5.0,,nan,BSE,SME,2026-01-03
INE296A01032,1.0,,nan,BSE,SME,2026-01-03
INE296C01020,10.0,,nan,BSE,SME,2026-01-03
INE296D01010,10.0,,nan,BSE,SME,2026-01-03
INE296E01026,10.0,,nan,BSE,SME,2026-01-03
INE296G01013,10.0,,nan,BSE,SME,2026-01-03
INE296H01011,10.0,,nan,BSE,SME,2026-01-03
INE296Q01012,10.0,,nan,BSE,SME,2026-01-03
INE297D01018,10.0,,nan,BSE,SME,2026-01-03
INE297H01019,10.0,,nan,BSE,SME,2026-01-03
INE297J01023,5.0,,nan,BSE,SME,2026-01-03
INE298A01020,2.0,,nan,BSE,SME,2026-01-03
INE298B01010,10.0,,nan,BSE,SME,2026-01-03
INE298E01022,10.0,,nan,BSE,SME,2026-01-03
INE298G01027,10.0,,nan,BSE,SME,2026-01-03
INE298I01015,10.0,,nan,BSE,SME,2026-01-03
INE298J01013,10.0,,nan,BSE,SME,2026-01-03
INE298W01016,10.0,,nan,BSE,SME,2026-01-03
INE299D01022,1.0,,nan,BSE,SME,2026-01-03
INE299N01021,2.0,,nan,BSE,SME,2026-01-03
INE299U01018,2.0,,nan,BSE,SME,2026-01-03
INE299W01022,1.0,,nan,BSE,SME,2026-01-03
INE2J8701016,10.0,,nan,BSE,SME,2026-01-03
INE300A01016,10.0,,nan,BSE,SME,2026-01-03
INE300B01022,1.0,,nan,BSE,SME,2026-01-03
INE301A01014,10.0,,nan,BSE,SME,2026-01-03
INE301C01028,2.0,,nan,BSE,SME,2026-01-03
INE301D01026,5.0,,nan,BSE,SME,2026-01-03
INE301O01023,2.0,,nan,BSE,SME,2026-01-03
INE302A01020,1.0,,nan,BSE,SME,2026-01-03
INE302C01018,10.0,,nan,BSE,SME,2026-01-03
INE302D01024,2.0,,nan,BSE,SME,2026-01-03
INE302E01014,10.0,,nan,BSE,SME,2026-01-03
INE302F01011,10.0,,nan,BSE,SME,2026-01-03
INE302H01017,10.0,,nan,BSE,SME,2026-01-03
INE302R01024,5.0,,nan,BSE,SME,2026-01-03
INE303A01010,10.0,,nan,BSE,SME,2026-01-03
INE303R01014,10.0,,nan,BSE,SME,2026-01-03
INE304A01026,10.0,,nan,BSE,SME,2026-01-03
INE304D01012,10.0,,nan,BSE,SME,2026-01-03
INE304E01010,10.0,,nan,BSE,SME,2026-01-03
INE304W01038,1.0,,nan,BSE,SME,2026-01-03
INE305A01023,2.0,,nan,BSE,SME,2026-01-03
INE305C01029,2.0,,nan,BSE,SME,2026-01-03
INE305D01019,10.0,,nan,BSE,SME,2026-01-03
INE306A01021,1.0,,nan,BSE,SME,2026-01-03
INE306C01019,10.0,,nan,BSE,SME,2026-01-03
INE306D01017,10.0,,nan,BSE,SME,2026-01-03
INE306L01010,10.0,,nan,BSE,SME,2026-01-03
INE306R01017,5.0,,nan,BSE,SME,2026-01-03
INE307D01015,10.0,,nan,BSE,SME,2026-01-03
INE307N01014,10.0,,nan,BSE,SME,2026-01-03
INE308A01027,5.0,,nan,BSE,SME,2026-01-03
INE308B01017,10.0,,nan,BSE,SME,2026-01-03
INE308E01029,1.0,,nan,BSE,SME,2026-01-03
INE308N01012,10.0,,nan,BSE,SME,2026-01-03
INE309B01023,2.0,,nan,BSE,SME,2026-01-03
INE309D01011,10.0,,nan,BSE,SME,2026-01-03
INE309H01038,1.0,,nan,BSE,SME,2026-01-03
INE309M01020,1.0,,nan,BSE,SME,2026-01-03
INE310A01015,10.0,,nan,BSE,SME,2026-01-03
INE310B01013,10.0,,nan,BSE,SME,2026-01-03
INE310C01029,5.0,,nan,BSE,SME,2026-01-03
INE311D01017,10.0,,nan,BSE,SME,2026-01-03
INE311H01018,10.0,,nan,BSE,SME,2026-01-03
INE311M01018,10.0,,nan,BSE,SME,2026-01-03
INE311N01016,10.0,,nan,BSE,SME,2026-01-03
INE312C01025,1.0,,nan,BSE,SME,2026-01-03
INE312J01012,10.0,,nan,BSE,SME,2026-01-03
INE312M01016,10.0,,nan,BSE,SME,2026-01-03
INE313G01016,10.0,,nan,BSE,SME,2026-01-03
INE313M01030,1.0,,nan,BSE,SME,2026-01-03
INE314C01013,10.0,,nan,BSE,SME,2026-01-03
INE314D01011,10.0,,nan,BSE,SME,2026-01-03
INE314G01014,10.0,,nan,BSE,SME,2026-01-03
INE314H01012,10.0,,nan,BSE,SME,2026-01-03
INE314I01036,10.0,,nan,BSE,SME,2026-01-03
INE314N01028,5.0,,nan,BSE,SME,2026-01-03
INE314T01033,1.0,,nan,BSE,SME,2026-01-03
INE315F01013,10.0,,nan,BSE,SME,2026-01-03
INE315N01017,10.0,,nan,BSE,SME,2026-01-03
INE316A01038,10.0,,nan,BSE,SME,2026-01-03
INE316D01024,2.0,,nan,BSE,SME,2026-01-03
INE316G01019,10.0,,nan,BSE,SME,2026-01-03
INE316L01019,10.0,,nan,BSE,SME,2026-01-03
INE316O01021,10.0,,nan,BSE,SME,2026-01-03
INE317B01042,1.0,,nan,BSE,SME,2026-01-03
INE317D01014,10.0,,nan,BSE,SME,2026-01-03
INE317F01035,2.0,,nan,BSE,SME,2026-01-03
INE317I01021,5.0,,nan,BSE,SME,2026-01-03
INE317V01016,10.0,,nan,BSE,SME,2026-01-03
INE318A01026,1.0,,nan,BSE,SME,2026-01-03
INE318C01014,10.0,,nan,BSE,SME,2026-01-03
INE318D01020,10.0,,nan,BSE,SME,2026-01-03
INE318K01025,10.0,,nan,BSE,SME,2026-01-03
INE318N01011,10.0,,nan,BSE,SME,2026-01-03
INE318P01016,10.0,,nan,BSE,SME,2026-01-03
INE318U01016,10.0,,nan,BSE,SME,2026-01-03
INE319B01014,10.0,,nan,BSE,SME,2026-01-03
INE319M01011,10.0,,nan,BSE,SME,2026-01-03
INE319N01019,10.0,,nan,BSE,SME,2026-01-03
INE319Q01012,10.0,,nan,BSE,SME,2026-01-03
INE319T01016,10.0,,nan,BSE,SME,2026-01-03
INE319U01022,5.0,,nan,BSE,SME,2026-01-03
INE320B01020,10.0,,nan,BSE,SME,2026-01-03
INE320I01017,10.0,,nan,BSE,SME,2026-01-03
INE320J01015,10.0,,nan,BSE,SME,2026-01-03
INE320L01011,10.0,,nan,BSE,SME,2026-01-03
INE320M01019,10.0,,nan,BSE,SME,2026-01-03
INE320X01016,10.0,,nan,BSE,SME,2026-01-03
INE321D01016,10.0,,nan,BSE,SME,2026-01-03
INE321M01017,10.0,,nan,BSE,SME,2026-01-03
INE321T01012,10.0,,nan,BSE,SME,2026-01-03
INE322A01010,10.0,,nan,BSE,SME,2026-01-03
INE323A01026,10.0,,nan,BSE,SME,2026-01-03
INE323B01024,1.0,,nan,BSE,SME,2026-01-03
INE323C01030,2.0,,nan,BSE,SME,2026-01-03
INE323D01020,5.0,,nan,BSE,SME,2026-01-03
INE323I01011,5.0,,nan,BSE,SME,2026-01-03
INE323J01019,10.0,,nan,BSE,SME,2026-01-03
INE323K01017,10.0,,nan,BSE,SME,2026-01-03
INE324A01032,1.0,,nan,BSE,SME,2026-01-03
INE324D01010,10.0,,nan,BSE,SME,2026-01-03
INE324L01013,10.0,,nan,BSE,SME,2026-01-03
INE324X01026,1.0,,nan,BSE,SME,2026-01-03
INE325A01013,10.0,,nan,BSE,SME,2026-01-03
INE325C01035,2.0,,nan,BSE,SME,2026-01-03
INE325D01025,1.0,,nan,BSE,SME,2026-01-03
INE325G01010,10.0,,nan,BSE,SME,2026-01-03
INE325P01011,10.0,,nan,BSE,SME,2026-01-03
INE325X01015,10.0,,nan,BSE,SME,2026-01-03
INE326A01037,2.0,,nan,BSE,SME,2026-01-03
INE326B01035,1.0,,nan,BSE,SME,2026-01-03
INE326C01017,10.0,,nan,BSE,SME,2026-01-03
INE326P01019,10.0,,nan,BSE,SME,2026-01-03
INE327C01031,10.0,,nan,BSE,SME,2026-01-03
INE327D01013,10.0,,nan,BSE,SME,2026-01-03
INE327G01032,5.0,,nan,BSE,SME,2026-01-03
INE328D01011,10.0,,nan,BSE,SME,2026-01-03
INE328F01016,10.0,,nan,BSE,SME,2026-01-03
INE330E01023,2.0,,nan,BSE,SME,2026-01-03
INE330H01018,5.0,,nan,BSE,SME,2026-01-03
INE330T01021,2.0,,nan,BSE,SME,2026-01-03
INE331A01037,1.0,,nan,BSE,SME,2026-01-03
INE331C01025,1.0,,nan,BSE,SME,2026-01-03
INE331E01013,10.0,,nan,BSE,SME,2026-01-03
INE331F01028,10.0,,nan,BSE,SME,2026-01-03
INE331L01026,5.0,,nan,BSE,SME,2026-01-03
INE332A01027,1.0,,nan,BSE,SME,2026-01-03
INE332F01018,10.0,,nan,BSE,SME,2026-01-03
INE332H01014,10.0,,nan,BSE,SME,2026-01-03
INE332Q01023,1.0,,nan,BSE,SME,2026-01-03
INE333C01013,10.0,,nan,BSE,SME,2026-01-03
INE333E01019,10.0,,nan,BSE,SME,2026-01-03
INE333Y01017,10.0,,nan,BSE,SME,2026-01-03
INE334A01023,2.0,,nan,BSE,SME,2026-01-03
INE334C01029,10.0,,nan,BSE,SME,2026-01-03
INE334E01017,10.0,,nan,BSE,SME,2026-01-03
INE334N01018,10.0,,nan,BSE,SME,2026-01-03
INE335A01020,5.0,,nan,BSE,SME,2026-01-03
INE335G01019,10.0,,nan,BSE,SME,2026-01-03
INE335K01011,10.0,,nan,BSE,SME,2026-01-03
INE335Q01026,10.0,,nan,BSE,SME,2026-01-03
INE335W01016,10.0,,nan,BSE,SME,2026-01-03
INE335Y01020,2.0,,nan,BSE,SME,2026-01-03
INE336C01016,10.0,,nan,BSE,SME,2026-01-03
INE336D01014,10.0,,nan,BSE,SME,2026-01-03
INE336Q01016,10.0,,nan,BSE,SME,2026-01-03
INE337A01034,10.0,,nan,BSE,SME,2026-01-03
INE337E01010,10.0,,nan,BSE,SME,2026-01-03
INE337M01021,1.0,,nan,BSE,SME,2026-01-03
INE338A01024,1.0,,nan,BSE,SME,2026-01-03
INE338C01012,10.0,,nan,BSE,SME,2026-01-03
INE338D01028,2.0,,nan,BSE,SME,2026-01-03
INE338F01015,10.0,,nan,BSE,SME,2026-01-03
INE338H01029,1.0,,nan,BSE,SME,2026-01-03
INE338I01027,1.0,,nan,BSE,SME,2026-01-03
INE338P01014,10.0,,nan,BSE,SME,2026-01-03
INE339D01034,10.0,,nan,BSE,SME,2026-01-03
INE339F01021,50.0,,nan,BSE,SME,2026-01-03
INE339Z01011,10.0,,nan,BSE,SME,2026-01-03
INE340A01012,10.0,,nan,BSE,SME,2026-01-03
INE340D01016,10.0,,nan,BSE,SME,2026-01-03
INE340F01011,10.0,,nan,BSE,SME,2026-01-03
INE340O01021,1.0,,nan,BSE,SME,2026-01-03
INE340U01010,10.0,,nan,BSE,SME,2026-01-03
INE341H01023,2.0,,nan,BSE,SME,2026-01-03
INE341R01014,10.0,,nan,BSE,SME,2026-01-03
INE341Z01025,1.0,,nan,BSE,SME,2026-01-03
INE342A01018,10.0,,nan,BSE,SME,2026-01-03
INE342D01012,10.0,,nan,BSE,SME,2026-01-03
INE342G01023,2.0,,nan,BSE,SME,2026-01-03
INE342J01019,5.0,,nan,BSE,SME,2026-01-03
INE342U01016,10.0,,nan,BSE,SME,2026-01-03
INE343A01016,10.0,,nan,BSE,SME,2026-01-03
INE343B01030,1.0,,nan,BSE,SME,2026-01-03
INE343C01012,10.0,,nan,BSE,SME,2026-01-03
INE343G01021,5.0,,nan,BSE,SME,2026-01-03
INE343H01029,2.0,,nan,BSE,SME,2026-01-03
INE343X01018,10.0,,nan,BSE,SME,2026-01-03
INE344D01018,10.0,,nan,BSE,SME,2026-01-03
INE344E01016,10.0,,nan,BSE,SME,2026-01-03
INE344I01017,10.0,,nan,BSE,SME,2026-01-03
INE344S01016,10.0,,nan,BSE,SME,2026-01-03
INE344T01014,10.0,,nan,BSE,SME,2026-01-03
INE344X01016,10.0,,nan,BSE,SME,2026-01-03
INE345A01011,10.0,,nan,BSE,SME,2026-01-03
INE345B01019,10.0,,nan,BSE,SME,2026-01-03
INE345H01024,2.0,,nan,BSE,SME,2026-01-03
INE345Q01017,10.0,,nan,BSE,SME,2026-01-03
INE345U01019,10.0,,nan,BSE,SME,2026-01-03
INE346A01027,1.0,,nan,BSE,SME,2026-01-03
INE346R01013,10.0,,nan,BSE,SME,2026-01-03
INE346W01013,10.0,,nan,BSE,SME,2026-01-03
INE347A01017,10.0,,nan,BSE,SME,2026-01-03
INE347C01013,10.0,,nan,BSE,SME,2026-01-03
INE347D01011,10.0,,nan,BSE,SME,2026-01-03
INE347G01014,10.0,,nan,BSE,SME,2026-01-03
INE347H01012,10.0,,nan,BSE,SME,2026-01-03
INE347I01010,10.0,,nan,BSE,SME,2026-01-03
INE347L01022,5.0,,nan,BSE,SME,2026-01-03
INE347W01011,10.0,,nan,BSE,SME,2026-01-03
INE348A01023,2.0,,nan,BSE,SME,2026-01-03
INE348B01021,1.0,,nan,BSE,SME,2026-01-03
INE348D01019,10.0,,nan,BSE,SME,2026-01-03
INE348I01018,10.0,,nan,BSE,SME,2026-01-03
INE348L01012,10.0,,nan,BSE,SME,2026-01-03
INE348N01034,10.0,,nan,BSE,SME,2026-01-03
INE349A01021,2.0,,nan,BSE,SME,2026-01-03
INE349W01017,10.0,,nan,BSE,SME,2026-01-03
INE349Y01013,10.0,,nan,BSE,SME,2026-01-03
INE350C01017,10.0,,nan,BSE,SME,2026-01-03
INE350D01015,10.0,,nan,BSE,SME,2026-01-03
INE350H01032,1.0,,nan,BSE,SME,2026-01-03
INE350Z01018,10.0,,nan,BSE,SME,2026-01-03
INE351A01035,2.0,,nan,BSE,SME,2026-01-03
INE351D01013,10.0,,nan,BSE,SME,2026-01-03
INE351F01018,10.0,,nan,BSE,SME,2026-01-03
INE351L01016,10.0,,nan,BSE,SME,2026-01-03
INE353A01023,10.0,,nan,BSE,SME,2026-01-03
INE353H01010,10.0,,nan,BSE,SME,2026-01-03
INE353K01014,10.0,,nan,BSE,SME,2026-01-03
INE354A01013,10.0,,nan,BSE,SME,2026-01-03
INE354C01027,5.0,,nan,BSE,SME,2026-01-03
INE354D01017,10.0,,nan,BSE,SME,2026-01-03
INE354E01031,10.0,,nan,BSE,SME,2026-01-03
INE355A01028,2.0,,nan,BSE,SME,2026-01-03
INE355C01016,10.0,,nan,BSE,SME,2026-01-03
INE355H01015,10.0,,nan,BSE,SME,2026-01-03
INE356A01018,10.0,,nan,BSE,SME,2026-01-03
INE356B01024,1.0,,nan,BSE,SME,2026-01-03
INE356C01022,1.0,,nan,BSE,SME,2026-01-03
INE356F01017,10.0,,nan,BSE,SME,2026-01-03
INE357B01022,10.0,,nan,BSE,SME,2026-01-03
INE357P01014,10.0,,nan,BSE,SME,2026-01-03
INE358A01014,10.0,,nan,BSE,SME,2026-01-03
INE358C01010,10.0,,nan,BSE,SME,2026-01-03
INE358D01018,10.0,,nan,BSE,SME,2026-01-03
INE359A01012,10.0,,nan,BSE,SME,2026-01-03
INE359B01010,10.0,,nan,BSE,SME,2026-01-03
INE359D01024,10.0,,nan,BSE,SME,2026-01-03
INE359U01028,5.0,,nan,BSE,SME,2026-01-03
INE360D01014,10.0,,nan,BSE,SME,2026-01-03
INE360J01011,10.0,,nan,BSE,SME,2026-01-03
INE360L01017,10.0,,nan,BSE,SME,2026-01-03
INE360S01012,10.0,,nan,BSE,SME,2026-01-03
INE361B01024,2.0,,nan,BSE,SME,2026-01-03
INE361D01012,10.0,,nan,BSE,SME,2026-01-03
INE362A01016,10.0,,nan,BSE,SME,2026-01-03
INE362C01012,10.0,,nan,BSE,SME,2026-01-03
INE362D01010,10.0,,nan,BSE,SME,2026-01-03
INE363A01022,10.0,,nan,BSE,SME,2026-01-03
INE363D01018,10.0,,nan,BSE,SME,2026-01-03
INE363L01045,10.0,,nan,BSE,SME,2026-01-03
INE363M01019,10.0,,nan,BSE,SME,2026-01-03
INE364A01020,5.0,,nan,BSE,SME,2026-01-03
INE364D01032,10.0,,nan,BSE,SME,2026-01-03
INE364S01014,10.0,,nan,BSE,SME,2026-01-03
INE364T01012,10.0,,nan,BSE,SME,2026-01-03
INE364U01010,10.0,,nan,BSE,SME,2026-01-03
INE365B01017,5.0,,nan,BSE,SME,2026-01-03
INE365D01021,2.0,,nan,BSE,SME,2026-01-03
INE365H01014,10.0,,nan,BSE,SME,2026-01-03
INE365O01028,2.0,,nan,BSE,SME,2026-01-03
INE365S01045,1.0,,nan,BSE,SME,2026-01-03
INE365Y01019,10.0,,nan,BSE,SME,2026-01-03
INE366A01041,1.0,,nan,BSE,SME,2026-01-03
INE366C01021,10.0,,nan,BSE,SME,2026-01-03
INE366G01022,2.0,,nan,BSE,SME,2026-01-03
INE366H01012,10.0,,nan,BSE,SME,2026-01-03
INE366I01010,10.0,,nan,BSE,SME,2026-01-03
INE367A01015,10.0,,nan,BSE,SME,2026-01-03
INE367E01033,10.0,,nan,BSE,SME,2026-01-03
INE367G01038,1.0,,nan,BSE,SME,2026-01-03
INE367U01013,10.0,,nan,BSE,SME,2026-01-03
INE368C01019,10.0,,nan,BSE,SME,2026-01-03
INE368D01025,2.0,,nan,BSE,SME,2026-01-03
INE368E01023,1.0,,nan,BSE,SME,2026-01-03
INE368I01016,10.0,,nan,BSE,SME,2026-01-03
INE369A01029,5.0,,nan,BSE,SME,2026-01-03
INE369B01019,10.0,,nan,BSE,SME,2026-01-03
INE369C01017,10.0,,nan,BSE,SME,2026-01-03
INE369D01023,5.0,,nan,BSE,SME,2026-01-03
INE369I01014,10.0,,nan,BSE,SME,2026-01-03
INE369Q01017,10.0,,nan,BSE,SME,2026-01-03
INE370A01019,10.0,,nan,BSE,SME,2026-01-03
INE370C01015,10.0,,nan,BSE,SME,2026-01-03
INE370D01013,10.0,,nan,BSE,SME,2026-01-03
INE370E01029,1.0,,nan,BSE,SME,2026-01-03
INE370Q01015,10.0,,nan,BSE,SME,2026-01-03
INE371A01025,2.0,,nan,BSE,SME,2026-01-03
INE371C01013,10.0,,nan,BSE,SME,2026-01-03
INE371F01024,1.0,,nan,BSE,SME,2026-01-03
INE371P01015,10.0,,nan,BSE,SME,2026-01-03
INE371U01015,10.0,,nan,BSE,SME,2026-01-03
INE372A01015,10.0,,nan,BSE,SME,2026-01-03
INE372C01037,1.0,,nan,BSE,SME,2026-01-03
INE372D01019,10.0,,nan,BSE,SME,2026-01-03
INE372E01025,2.0,,nan,BSE,SME,2026-01-03
INE372I01018,10.0,,nan,BSE,SME,2026-01-03
INE372M01010,10.0,,nan,BSE,SME,2026-01-03
INE373A01013,10.0,,nan,BSE,SME,2026-01-03
INE373C01019,10.0,,nan,BSE,SME,2026-01-03
INE373D01017,10.0,,nan,BSE,SME,2026-01-03
INE373E01015,10.0,,nan,BSE,SME,2026-01-03
INE373T01047,1.0,,nan,BSE,SME,2026-01-03
INE374B01019,5.0,,nan,BSE,SME,2026-01-03
INE374C01017,10.0,,nan,BSE,SME,2026-01-03
INE374E01021,1.0,,nan,BSE,SME,2026-01-03
INE375C01022,5.0,,nan,BSE,SME,2026-01-03
INE375D01012,10.0,,nan,BSE,SME,2026-01-03
INE375Y01018,10.0,,nan,BSE,SME,2026-01-03
INE376A01032,10.0,,nan,BSE,SME,2026-01-03
INE376G01013,5.0,,nan,BSE,SME,2026-01-03
INE376L01013,10.0,,nan,BSE,SME,2026-01-03
INE377C01010,10.0,,nan,BSE,SME,2026-01-03
INE377D01018,10.0,,nan,BSE,SME,2026-01-03
INE377E01024,2.0,,nan,BSE,SME,2026-01-03
INE377N01017,10.0,,nan,BSE,SME,2026-01-03
INE377Y01014,10.0,,nan,BSE,SME,2026-01-03
INE378D01032,1.0,,nan,BSE,SME,2026-01-03
INE379A01028,1.0,,nan,BSE,SME,2026-01-03
INE379J01029,1.0,,nan,BSE,SME,2026-01-03
INE380C01014,10.0,,nan,BSE,SME,2026-01-03
INE380D01012,10.0,,nan,BSE,SME,2026-01-03
INE380G01015,10.0,,nan,BSE,SME,2026-01-03
INE380K01017,10.0,,nan,BSE,SME,2026-01-03
INE380Z01015,10.0,,nan,BSE,SME,2026-01-03
INE381G01013,10.0,,nan,BSE,SME,2026-01-03
INE381N01019,10.0,,nan,BSE,SME,2026-01-03
INE382B01012,10.0,,nan,BSE,SME,2026-01-03
INE382M01027,5.0,,nan,BSE,SME,2026-01-03
INE382Z01011,10.0,,nan,BSE,SME,2026-01-03
INE383A01012,10.0,,nan,BSE,SME,2026-01-03
INE383H01017,10.0,,nan,BSE,SME,2026-01-03
INE383L01019,10.0,,nan,BSE,SME,2026-01-03
INE384A01010,10.0,,nan,BSE,SME,2026-01-03
INE384C01016,10.0,,nan,BSE,SME,2026-01-03
INE384D01022,10.0,,nan,BSE,SME,2026-01-03
INE385C01021,1.0,,nan,BSE,SME,2026-01-03
INE385D01029,1.0,,nan,BSE,SME,2026-01-03
INE385F01024,1.0,,nan,BSE,SME,2026-01-03
INE385I01010,10.0,,nan,BSE,SME,2026-01-03
INE385M01012,10.0,,nan,BSE,SME,2026-01-03
INE385W01011,2.0,,nan,BSE,SME,2026-01-03
INE386A01023,1.0,,nan,BSE,SME,2026-01-03
INE386C01029,2.0,,nan,BSE,SME,2026-01-03
INE386D01027,2.0,,nan,BSE,SME,2026-01-03
INE386I01018,10.0,,nan,BSE,SME,2026-01-03
INE387A01021,1.0,,nan,BSE,SME,2026-01-03
INE387D01025,10.0,,nan,BSE,SME,2026-01-03
INE387I01016,10.0,,nan,BSE,SME,2026-01-03
INE388A01029,1.0,,nan,BSE,SME,2026-01-03
INE388C01017,10.0,,nan,BSE,SME,2026-01-03
INE388G01026,1.0,,nan,BSE,SME,2026-01-03
INE388Y01029,1.0,,nan,BSE,SME,2026-01-03
INE389C01015,10.0,,nan,BSE,SME,2026-01-03
INE389D01013,10.0,,nan,BSE,SME,2026-01-03
INE389H01022,2.0,,nan,BSE,SME,2026-01-03
INE389K01018,10.0,,nan,BSE,SME,2026-01-03
INE390D01011,10.0,,nan,BSE,SME,2026-01-03
INE390G01014,10.0,,nan,BSE,SME,2026-01-03
INE390H01020,1.0,,nan,BSE,SME,2026-01-03
INE391C01011,10.0,,nan,BSE,SME,2026-01-03
INE391D01019,10.0,,nan,BSE,SME,2026-01-03
INE391G01012,10.0,,nan,BSE,SME,2026-01-03
INE391J01032,1.0,,nan,BSE,SME,2026-01-03
INE392A01021,2.0,,nan,BSE,SME,2026-01-03
INE392B01011,10.0,,nan,BSE,SME,2026-01-03
INE392G01028,2.0,,nan,BSE,SME,2026-01-03
INE393A01011,10.0,,nan,BSE,SME,2026-01-03
INE393D01015,10.0,,nan,BSE,SME,2026-01-03
INE393F01010,10.0,,nan,BSE,SME,2026-01-03
INE393H01016,10.0,,nan,BSE,SME,2026-01-03
INE393P01035,5.0,,nan,BSE,SME,2026-01-03
INE394C01023,1.0,,nan,BSE,SME,2026-01-03
INE395A01016,10.0,,nan,BSE,SME,2026-01-03
INE395B01048,1.0,,nan,BSE,SME,2026-01-03
INE395E01018,10.0,,nan,BSE,SME,2026-01-03
INE395F01023,10.0,,nan,BSE,SME,2026-01-03
INE395N01027,1.0,,nan,BSE,SME,2026-01-03
INE395U01014,10.0,,nan,BSE,SME,2026-01-03
INE396C01010,10.0,,nan,BSE,SME,2026-01-03
INE396H01019,10.0,,nan,BSE,SME,2026-01-03
INE397C01026,1.0,,nan,BSE,SME,2026-01-03
INE397D01024,5.0,,nan,BSE,SME,2026-01-03
INE397G01019,10.0,,nan,BSE,SME,2026-01-03
INE397H01017,10.0,,nan,BSE,SME,2026-01-03
INE398A01010,10.0,,nan,BSE,SME,2026-01-03
INE398B01018,5.0,,nan,BSE,SME,2026-01-03
INE398C01016,10.0,,nan,BSE,SME,2026-01-03
INE398F01019,10.0,,nan,BSE,SME,2026-01-03
INE398H01015,10.0,,nan,BSE,SME,2026-01-03
INE398L01017,10.0,,nan,BSE,SME,2026-01-03
INE398R01022,10.0,,nan,BSE,SME,2026-01-03
INE399C01030,1.0,,nan,BSE,SME,2026-01-03
INE399G01023,2.0,,nan,BSE,SME,2026-01-03
INE399K01017,10.0,,nan,BSE,SME,2026-01-03
INE399L01023,1.0,,nan,BSE,SME,2026-01-03
INE399S01010,10.0,,nan,BSE,SME,2026-01-03
INE400A01014,10.0,,nan,BSE,SME,2026-01-03
INE400B01020,4.0,,nan,BSE,SME,2026-01-03
INE400G01011,10.0,,nan,BSE,SME,2026-01-03
INE400N01017,10.0,,nan,BSE,SME,2026-01-03
INE400R01018,10.0,,nan,BSE,SME,2026-01-03
INE401B01010,10.0,,nan,BSE,SME,2026-01-03
INE401C01018,10.0,,nan,BSE,SME,2026-01-03
INE401H01017,10.0,,nan,BSE,SME,2026-01-03
INE401Q01018,10.0,,nan,BSE,SME,2026-01-03
INE401Z01019,10.0,,nan,BSE,SME,2026-01-03
INE402H01015,10.0,,nan,BSE,SME,2026-01-03
INE402Y01028,2.0,,nan,BSE,SME,2026-01-03
INE403B01016,10.0,,nan,BSE,SME,2026-01-03
INE403C01014,10.0,,nan,BSE,SME,2026-01-03
INE403F01017,10.0,,nan,BSE,SME,2026-01-03
INE403L01015,10.0,,nan,BSE,SME,2026-01-03
INE403Y01018,10.0,,nan,BSE,SME,2026-01-03
INE404A01024,5.0,,nan,BSE,SME,2026-01-03
INE404B01022,1.0,,nan,BSE,SME,2026-01-03
INE404F01031,10.0,,nan,BSE,SME,2026-01-03
INE404L01039,10.0,,nan,BSE,SME,2026-01-03
INE404N01019,10.0,,nan,BSE,SME,2026-01-03
INE405A01021,2.0,,nan,BSE,SME,2026-01-03
INE405C01035,10.0,,nan,BSE,SME,2026-01-03
INE405E01023,2.0,,nan,BSE,SME,2026-01-03
INE405H01018,10.0,,nan,BSE,SME,2026-01-03
INE406A01037,1.0,,nan,BSE,SME,2026-01-03
INE406F01010,10.0,,nan,BSE,SME,2026-01-03
INE406M01024,1.0,,nan,BSE,SME,2026-01-03
INE406N01014,10.0,,nan,BSE,SME,2026-01-03
INE407F01018,10.0,,nan,BSE,SME,2026-01-03
INE407P01017,10.0,,nan,BSE,SME,2026-01-03
INE408F01024,2.0,,nan,BSE,SME,2026-01-03
INE409B01013,10.0,,nan,BSE,SME,2026-01-03
INE410A01013,10.0,,nan,BSE,SME,2026-01-03
INE410B01037,1.0,,nan,BSE,SME,2026-01-03
INE410D01017,10.0,,nan,BSE,SME,2026-01-03
INE410E01015,10.0,,nan,BSE,SME,2026-01-03
INE410G01010,10.0,,nan,BSE,SME,2026-01-03
INE410M01018,10.0,,nan,BSE,SME,2026-01-03
INE410P01011,10.0,,nan,BSE,SME,2026-01-03
INE411B01019,10.0,,nan,BSE,SME,2026-01-03
INE411D01015,10.0,,nan,BSE,SME,2026-01-03
INE411F01010,10.0,,nan,BSE,SME,2026-01-03
INE411H01032,1.0,,nan,BSE,SME,2026-01-03
INE411U01027,5.0,,nan,BSE,SME,2026-01-03
INE412D01013,10.0,,nan,BSE,SME,2026-01-03
INE412E01011,10.0,,nan,BSE,SME,2026-01-03
INE412G01024,1.0,,nan,BSE,SME,2026-01-03
INE412J01010,10.0,,nan,BSE,SME,2026-01-03
INE412U01025,2.0,,nan,BSE,SME,2026-01-03
INE413B01023,1.0,,nan,BSE,SME,2026-01-03
INE413C01013,10.0,,nan,BSE,SME,2026-01-03
INE413D01011,10.0,,nan,BSE,SME,2026-01-03
INE413F01016,10.0,,nan,BSE,SME,2026-01-03
INE413G01022,2.0,,nan,BSE,SME,2026-01-03
INE413X01035,10.0,,nan,BSE,SME,2026-01-03
INE414A01015,10.0,,nan,BSE,SME,2026-01-03
INE414C01045,1.0,,nan,BSE,SME,2026-01-03
INE414D01027,1.0,,nan,BSE,SME,2026-01-03
INE414G01012,10.0,,nan,BSE,SME,2026-01-03
INE414Y01015,10.0,,nan,BSE,SME,2026-01-03
INE415A01038,2.0,,nan,BSE,SME,2026-01-03
INE415B01044,1.0,,nan,BSE,SME,2026-01-03
INE415D01024,2.0,,nan,BSE,SME,2026-01-03
INE415G01027,10.0,,nan,BSE,SME,2026-01-03
INE415H01017,10.0,,nan,BSE,SME,2026-01-03
INE415I01015,10.0,,nan,BSE,SME,2026-01-03
INE416A01044,10.0,,nan,BSE,SME,2026-01-03
INE416D01022,1.0,,nan,BSE,SME,2026-01-03
INE416N01013,10.0,,nan,BSE,SME,2026-01-03
INE416X01012,10.0,,nan,BSE,SME,2026-01-03
INE417B01040,10.0,,nan,BSE,SME,2026-01-03
INE417C01014,10.0,,nan,BSE,SME,2026-01-03
INE417D01020,1.0,,nan,BSE,SME,2026-01-03
INE417E01010,10.0,,nan,BSE,SME,2026-01-03
INE417F01017,10.0,,nan,BSE,SME,2026-01-03
INE417N01011,10.0,,nan,BSE,SME,2026-01-03
INE417T01026,2.0,,nan,BSE,SME,2026-01-03
INE418B01048,1.0,,nan,BSE,SME,2026-01-03
INE418C01012,10.0,,nan,BSE,SME,2026-01-03
INE418D01010,10.0,,nan,BSE,SME,2026-01-03
INE418E01018,10.0,,nan,BSE,SME,2026-01-03
INE418H01029,2.0,,nan,BSE,SME,2026-01-03
INE418K01015,10.0,,nan,BSE,SME,2026-01-03
INE418L01047,2.0,,nan,BSE,SME,2026-01-03
INE418N01035,1.0,,nan,BSE,SME,2026-01-03
INE419D01026,2.0,,nan,BSE,SME,2026-01-03
INE419E01024,2.0,,nan,BSE,SME,2026-01-03
INE419H01019,10.0,,nan,BSE,SME,2026-01-03
INE419M01027,2.0,,nan,BSE,SME,2026-01-03
INE419U01012,2.0,,nan,BSE,SME,2026-01-03
INE420B01036,1.0,,nan,BSE,SME,2026-01-03
INE420C01059,1.0,,nan,BSE,SME,2026-01-03
INE421A01028,2.0,,nan,BSE,SME,2026-01-03
INE421C01016,10.0,,nan,BSE,SME,2026-01-03
INE421D01022,2.0,,nan,BSE,SME,2026-01-03
INE422D01012,10.0,,nan,BSE,SME,2026-01-03
INE422G01015,10.0,,nan,BSE,SME,2026-01-03
INE423A01024,1.0,,nan,BSE,SME,2026-01-03
INE423D01010,10.0,,nan,BSE,SME,2026-01-03
INE423K01015,10.0,,nan,BSE,SME,2026-01-03
INE423Y01016,10.0,,nan,BSE,SME,2026-01-03
INE424C01010,10.0,,nan,BSE,SME,2026-01-03
INE424H01027,5.0,,nan,BSE,SME,2026-01-03
INE424Z01011,10.0,,nan,BSE,SME,2026-01-03
INE425B01027,2.0,,nan,BSE,SME,2026-01-03
INE425C01017,10.0,,nan,BSE,SME,2026-01-03
INE425D01015,10.0,,nan,BSE,SME,2026-01-03
INE425E01013,10.0,,nan,BSE,SME,2026-01-03
INE425F01028,1.0,,nan,BSE,SME,2026-01-03
INE425H01016,10.0,,nan,BSE,SME,2026-01-03
INE425Y01011,10.0,,nan,BSE,SME,2026-01-03
INE426A01027,2.0,,nan,BSE,SME,2026-01-03
INE426D01013,10.0,,nan,BSE,SME,2026-01-03
INE426H01014,10.0,,nan,BSE,SME,2026-01-03
INE426Z01016,10.0,,nan,BSE,SME,2026-01-03
INE427C01021,2.0,,nan,BSE,SME,2026-01-03
INE427D01011,10.0,,nan,BSE,SME,2026-01-03
INE427E01027,10.0,,nan,BSE,SME,2026-01-03
INE427F01016,10.0,,nan,BSE,SME,2026-01-03
INE427T01025,1.0,,nan,BSE,SME,2026-01-03
INE427V01013,10.0,,nan,BSE,SME,2026-01-03
INE428B01021,5.0,,nan,BSE,SME,2026-01-03
INE428D01019,10.0,,nan,BSE,SME,2026-01-03
INE428P01013,10.0,,nan,BSE,SME,2026-01-03
INE428Q01011,10.0,,nan,BSE,SME,2026-01-03
INE428V01029,2.0,,nan,BSE,SME,2026-01-03
INE429B01011,10.0,,nan,BSE,SME,2026-01-03
INE429D01017,10.0,,nan,BSE,SME,2026-01-03
INE429E01023,2.0,,nan,BSE,SME,2026-01-03
INE429I01024,2.0,,nan,BSE,SME,2026-01-03
INE429K01012,10.0,,nan,BSE,SME,2026-01-03
INE429Q01019,10.0,,nan,BSE,SME,2026-01-03
INE429R01017,10.0,,nan,BSE,SME,2026-01-03
INE430F01010,10.0,,nan,BSE,SME,2026-01-03
INE430N01022,2.0,,nan,BSE,SME,2026-01-03
INE430R01023,1.0,,nan,BSE,SME,2026-01-03
INE432A01017,10.0,,nan,BSE,SME,2026-01-03
INE432F01032,1.0,,nan,BSE,SME,2026-01-03
INE432N01010,10.0,,nan,BSE,SME,2026-01-03
INE433G01020,2.0,,nan,BSE,SME,2026-01-03
INE434B01029,10.0,,nan,BSE,SME,2026-01-03
INE434C01027,2.0,,nan,BSE,SME,2026-01-03
INE435A01051,2.0,,nan,BSE,SME,2026-01-03
INE435C01024,1.0,,nan,BSE,SME,2026-01-03
INE435D01014,10.0,,nan,BSE,SME,2026-01-03
INE435E01020,1.0,,nan,BSE,SME,2026-01-03
INE435G01025,2.0,,nan,BSE,SME,2026-01-03
INE436A01026,5.0,,nan,BSE,SME,2026-01-03
INE436C01014,10.0,,nan,BSE,SME,2026-01-03
INE436N01029,5.0,,nan,BSE,SME,2026-01-03
INE436U01016,10.0,,nan,BSE,SME,2026-01-03
INE437A01024,5.0,,nan,BSE,SME,2026-01-03
INE437B01014,10.0,,nan,BSE,SME,2026-01-03
INE437C01012,10.0,,nan,BSE,SME,2026-01-03
INE437D01010,10.0,,nan,BSE,SME,2026-01-03
INE438A01022,1.0,,nan,BSE,SME,2026-01-03
INE438C01010,10.0,,nan,BSE,SME,2026-01-03
INE438E01032,2.0,,nan,BSE,SME,2026-01-03
INE438K01021,2.0,,nan,BSE,SME,2026-01-03
INE439A01020,1.0,,nan,BSE,SME,2026-01-03
INE439E01022,1.0,,nan,BSE,SME,2026-01-03
INE439G01019,10.0,,nan,BSE,SME,2026-01-03
INE439N01031,1.0,,nan,BSE,SME,2026-01-03
INE440A01010,10.0,,nan,BSE,SME,2026-01-03
INE440C01016,10.0,,nan,BSE,SME,2026-01-03
INE440E01012,10.0,,nan,BSE,SME,2026-01-03
INE440G01017,10.0,,nan,BSE,SME,2026-01-03
INE440L01017,10.0,,nan,BSE,SME,2026-01-03
INE440T01028,1.0,,nan,BSE,SME,2026-01-03
INE441C01014,10.0,,nan,BSE,SME,2026-01-03
INE441L01015,10.0,,nan,BSE,SME,2026-01-03
INE442C01012,10.0,,nan,BSE,SME,2026-01-03
INE442D01010,10.0,,nan,BSE,SME,2026-01-03
INE442H01029,5.0,,nan,BSE,SME,2026-01-03
INE442P01014,10.0,,nan,BSE,SME,2026-01-03
INE442U01014,10.0,,nan,BSE,SME,2026-01-03
INE442V01012,10.0,,nan,BSE,SME,2026-01-03
INE443A01030,1.0,,nan,BSE,SME,2026-01-03
INE443B01012,10.0,,nan,BSE,SME,2026-01-03
INE443C01010,10.0,,nan,BSE,SME,2026-01-03
INE443D01018,10.0,,nan,BSE,SME,2026-01-03
INE443E01016,10.0,,nan,BSE,SME,2026-01-03
INE443P01038,1.0,,nan,BSE,SME,2026-01-03
INE444D01016,10.0,,nan,BSE,SME,2026-01-03
INE444X01014,10.0,,nan,BSE,SME,2026-01-03
INE445C01015,10.0,,nan,BSE,SME,2026-01-03
INE445D01013,10.0,,nan,BSE,SME,2026-01-03
INE446A01025,5.0,,nan,BSE,SME,2026-01-03
INE446C01013,10.0,,nan,BSE,SME,2026-01-03
INE446D01011,10.0,,nan,BSE,SME,2026-01-03
INE446E01019,10.0,,nan,BSE,SME,2026-01-03
INE447A01015,10.0,,nan,BSE,SME,2026-01-03
INE448B01029,10.0,,nan,BSE,SME,2026-01-03
INE448D01025,1.0,,nan,BSE,SME,2026-01-03
INE448F01012,10.0,,nan,BSE,SME,2026-01-03
INE448G01010,10.0,,nan,BSE,SME,2026-01-03
INE449A01011,10.0,,nan,BSE,SME,2026-01-03
INE449C01025,2.0,,nan,BSE,SME,2026-01-03
INE449G01018,10.0,,nan,BSE,SME,2026-01-03
INE450D01021,5.0,,nan,BSE,SME,2026-01-03
INE450E01029,5.0,,nan,BSE,SME,2026-01-03
INE450G01024,2.0,,nan,BSE,SME,2026-01-03
INE450U01017,10.0,,nan,BSE,SME,2026-01-03
INE451A01017,10.0,,nan,BSE,SME,2026-01-03
INE451C01013,10.0,,nan,BSE,SME,2026-01-03
INE451D01029,2.0,,nan,BSE,SME,2026-01-03
INE451L01014,10.0,,nan,BSE,SME,2026-01-03
INE451S01027,1.0,,nan,BSE,SME,2026-01-03
INE452B01013,10.0,,nan,BSE,SME,2026-01-03
INE452L01012,10.0,,nan,BSE,SME,2026-01-03
INE452O01016,2.0,,nan,BSE,SME,2026-01-03
INE452S01025,2.0,,nan,BSE,SME,2026-01-03
INE452W01019,10.0,,nan,BSE,SME,2026-01-03
INE452Z01012,10.0,,nan,BSE,SME,2026-01-03
INE453B01029,2.0,,nan,BSE,SME,2026-01-03
INE453D01025,1.0,,nan,BSE,SME,2026-01-03
INE453S01015,10.0,,nan,BSE,SME,2026-01-03
INE454E01013,10.0,,nan,BSE,SME,2026-01-03
INE454F01010,10.0,,nan,BSE,SME,2026-01-03
INE454M01024,1.0,,nan,BSE,SME,2026-01-03
INE454P01035,2.0,,nan,BSE,SME,2026-01-03
INE455C01014,10.0,,nan,BSE,SME,2026-01-03
INE455H01013,10.0,,nan,BSE,SME,2026-01-03
INE455I01029,2.0,,nan,BSE,SME,2026-01-03
INE455K01017,10.0,,nan,BSE,SME,2026-01-03
INE456B01014,10.0,,nan,BSE,SME,2026-01-03
INE456D01010,10.0,,nan,BSE,SME,2026-01-03
INE456H01029,1000.0,,nan,BSE,SME,2026-01-03
INE456N01019,10.0,,nan,BSE,SME,2026-01-03
INE456Z01021,5.0,,nan,BSE,SME,2026-01-03
INE457A01014,10.0,,nan,BSE,SME,2026-01-03
INE457C01010,10.0,,nan,BSE,SME,2026-01-03
INE457D01018,10.0,,nan,BSE,SME,2026-01-03
INE457E01016,10.0,,nan,BSE,SME,2026-01-03
INE457F01013,10.0,,nan,BSE,SME,2026-01-03
INE457G01029,1.0,,nan,BSE,SME,2026-01-03
INE457H01027,1000.0,,nan,BSE,SME,2026-01-03
INE457L01029,1.0,,nan,BSE,SME,2026-01-03
INE457N01025,1.0,,nan,BSE,SME,2026-01-03
INE457P01020,1.0,,nan,BSE,SME,2026-01-03
INE458B01036,2.0,,nan,BSE,SME,2026-01-03
INE459A01010,10.0,,nan,BSE,SME,2026-01-03
INE459C01016,10.0,,nan,BSE,SME,2026-01-03
INE459E01012,10.0,,nan,BSE,SME,2026-01-03
INE459U01018,10.0,,nan,BSE,SME,2026-01-03
INE459Z01017,10.0,,nan,BSE,SME,2026-01-03
INE460C01014,10.0,,nan,BSE,SME,2026-01-03
INE460D01038,1.0,,nan,BSE,SME,2026-01-03
INE460H01021,1.0,,nan,BSE,SME,2026-01-03
INE461A01024,10.0,,nan,BSE,SME,2026-01-03
INE461B01014,10.0,,nan,BSE,SME,2026-01-03
INE461C01038,1.0,,nan,BSE,SME,2026-01-03
INE461D01028,2.0,,nan,BSE,SME,2026-01-03
INE461H01011,10.0,,nan,BSE,SME,2026-01-03
INE462A01022,10.0,,nan,BSE,SME,2026-01-03
INE462D01034,10.0,,nan,BSE,SME,2026-01-03
INE463A01038,1.0,,nan,BSE,SME,2026-01-03
INE463B01036,10.0,,nan,BSE,SME,2026-01-03
INE463D01016,10.0,,nan,BSE,SME,2026-01-03
INE463V01026,5.0,,nan,BSE,SME,2026-01-03
INE464A01036,5.0,,nan,BSE,SME,2026-01-03
INE464B01018,10.0,,nan,BSE,SME,2026-01-03
INE464D01014,10.0,,nan,BSE,SME,2026-01-03
INE464Z01017,10.0,,nan,BSE,SME,2026-01-03
INE465A01025,2.0,,nan,BSE,SME,2026-01-03
INE465H01012,10.0,,nan,BSE,SME,2026-01-03
INE465K01016,10.0,,nan,BSE,SME,2026-01-03
INE466D01019,10.0,,nan,BSE,SME,2026-01-03
INE466L01038,1.0,,nan,BSE,SME,2026-01-03
INE467B01029,1.0,,nan,BSE,SME,2026-01-03
INE467D01017,10.0,,nan,BSE,SME,2026-01-03
INE467X01023,10.0,,nan,BSE,SME,2026-01-03
INE468C01017,10.0,,nan,BSE,SME,2026-01-03
INE469A01019,10.0,,nan,BSE,SME,2026-01-03
INE469C01023,5.0,,nan,BSE,SME,2026-01-03
INE469D01013,10.0,,nan,BSE,SME,2026-01-03
INE469F01026,2.0,,nan,BSE,SME,2026-01-03
INE470A01017,10.0,,nan,BSE,SME,2026-01-03
INE470N01010,10.0,,nan,BSE,SME,2026-01-03
INE470Y01017,5.0,,nan,BSE,SME,2026-01-03
INE471D01019,10.0,,nan,BSE,SME,2026-01-03
INE471R01019,10.0,,nan,BSE,SME,2026-01-03
INE471W01019,10.0,,nan,BSE,SME,2026-01-03
INE472A01039,2.0,,nan,BSE,SME,2026-01-03
INE472B01011,10.0,,nan,BSE,SME,2026-01-03
INE472C01027,10.0,,nan,BSE,SME,2026-01-03
INE472D01017,10.0,,nan,BSE,SME,2026-01-03
INE472M01018,10.0,,nan,BSE,SME,2026-01-03
INE473A01011,10.0,,nan,BSE,SME,2026-01-03
INE473B01035,1.0,,nan,BSE,SME,2026-01-03
INE473C01025,10.0,,nan,BSE,SME,2026-01-03
INE473D01015,10.0,,nan,BSE,SME,2026-01-03
INE473E01021,1.0,,nan,BSE,SME,2026-01-03
INE473T01011,10.0,,nan,BSE,SME,2026-01-03
INE474C01023,2.0,,nan,BSE,SME,2026-01-03
INE474D01013,10.0,,nan,BSE,SME,2026-01-03
INE474E01029,1.0,,nan,BSE,SME,2026-01-03
INE474H01014,10.0,,nan,BSE,SME,2026-01-03
INE474L01016,10.0,,nan,BSE,SME,2026-01-03
INE474O01010,10.0,,nan,BSE,SME,2026-01-03
INE474Q01031,2.0,,nan,BSE,SME,2026-01-03
INE475B01022,2.0,,nan,BSE,SME,2026-01-03
INE475C01012,10.0,,nan,BSE,SME,2026-01-03
INE475D01010,10.0,,nan,BSE,SME,2026-01-03
INE475E01026,2.0,,nan,BSE,SME,2026-01-03
INE475V01012,10.0,,nan,BSE,SME,2026-01-03
INE476A01022,2.0,,nan,BSE,SME,2026-01-03
INE477A01020,2.0,,nan,BSE,SME,2026-01-03
INE477B01010,10.0,,nan,BSE,SME,2026-01-03
INE478D01014,10.0,,nan,BSE,SME,2026-01-03
INE479A01018,10.0,,nan,BSE,SME,2026-01-03
INE479D01038,1.0,,nan,BSE,SME,2026-01-03
INE480C01038,2.0,,nan,BSE,SME,2026-01-03
INE480D01010,10.0,,nan,BSE,SME,2026-01-03
INE480H01011,10.0,,nan,BSE,SME,2026-01-03
INE480M01011,10.0,,nan,BSE,SME,2026-01-03
INE480S01026,5.0,,nan,BSE,SME,2026-01-03
INE481G01011,10.0,,nan,BSE,SME,2026-01-03
INE481N01025,2.0,,nan,BSE,SME,2026-01-03
INE481Y01014,5.0,,nan,BSE,SME,2026-01-03
INE482A01020,10.0,,nan,BSE,SME,2026-01-03
INE482B01010,10.0,,nan,BSE,SME,2026-01-03
INE482D01024,2.0,,nan,BSE,SME,2026-01-03
INE482J01021,1.0,,nan,BSE,SME,2026-01-03
INE482O01021,10.0,,nan,BSE,SME,2026-01-03
INE483A01010,10.0,,nan,BSE,SME,2026-01-03
INE483B01026,2.0,,nan,BSE,SME,2026-01-03
INE483C01032,1.0,,nan,BSE,SME,2026-01-03
INE483D01014,10.0,,nan,BSE,SME,2026-01-03
INE483S01020,1.0,,nan,BSE,SME,2026-01-03
INE484C01030,2.0,,nan,BSE,SME,2026-01-03
INE484D01012,10.0,,nan,BSE,SME,2026-01-03
INE484I01029,10.0,,nan,BSE,SME,2026-01-03
INE484J01027,5.0,,nan,BSE,SME,2026-01-03
INE484S01010,10.0,,nan,BSE,SME,2026-01-03
INE485A01015,10.0,,nan,BSE,SME,2026-01-03
INE485C01029,2.0,,nan,BSE,SME,2026-01-03
INE485K01022,1.0,,nan,BSE,SME,2026-01-03
INE486A01021,1.0,,nan,BSE,SME,2026-01-03
INE486D01017,10.0,,nan,BSE,SME,2026-01-03
INE486F01012,10.0,,nan,BSE,SME,2026-01-03
INE486I01016,10.0,,nan,BSE,SME,2026-01-03
INE486R01017,10.0,,nan,BSE,SME,2026-01-03
INE487B01019,10.0,,nan,BSE,SME,2026-01-03
INE487G01018,10.0,,nan,BSE,SME,2026-01-03
INE488A01050,5.0,,nan,BSE,SME,2026-01-03
INE488B01017,10.0,,nan,BSE,SME,2026-01-03
INE488C01015,10.0,,nan,BSE,SME,2026-01-03
INE488D01021,1.0,,nan,BSE,SME,2026-01-03
INE488V01015,10.0,,nan,BSE,SME,2026-01-03
INE489B01031,2.0,,nan,BSE,SME,2026-01-03
INE489D01011,10.0,,nan,BSE,SME,2026-01-03
INE489F01016,10.0,,nan,BSE,SME,2026-01-03
INE489G01022,5.0,,nan,BSE,SME,2026-01-03
INE489L01022,2.0,,nan,BSE,SME,2026-01-03
INE490A01015,10.0,,nan,BSE,SME,2026-01-03
INE490G01020,10.0,,nan,BSE,SME,2026-01-03
INE490Z01012,10.0,,nan,BSE,SME,2026-01-03
INE491A01021,1.0,,nan,BSE,SME,2026-01-03
INE491C01027,2.0,,nan,BSE,SME,2026-01-03
INE491J01022,2.0,,nan,BSE,SME,2026-01-03
INE491N01016,100.0,,nan,BSE,SME,2026-01-03
INE492A01029,10.0,,nan,BSE,SME,2026-01-03
INE492N01022,5.0,,nan,BSE,SME,2026-01-03
INE492Y01011,10.0,,nan,BSE,SME,2026-01-03
INE492Z01018,10.0,,nan,BSE,SME,2026-01-03
INE493B01017,10.0,,nan,BSE,SME,2026-01-03
INE493D01013,10.0,,nan,BSE,SME,2026-01-03
INE493H01014,10.0,,nan,BSE,SME,2026-01-03
INE493N01012,10.0,,nan,BSE,SME,2026-01-03
INE494B01023,1.0,,nan,BSE,SME,2026-01-03
INE494D01011,10.0,,nan,BSE,SME,2026-01-03
INE495A01022,2.0,,nan,BSE,SME,2026-01-03
INE495B01038,1.0,,nan,BSE,SME,2026-01-03
INE495C01010,10.0,,nan,BSE,SME,2026-01-03
INE495D01018,10.0,,nan,BSE,SME,2026-01-03
INE495M01019,10.0,,nan,BSE,SME,2026-01-03
INE495P01020,2.0,,nan,BSE,SME,2026-01-03
INE495S01016,10.0,,nan,BSE,SME,2026-01-03
INE495Z01011,10.0,,nan,BSE,SME,2026-01-03
INE496M01017,10.0,,nan,BSE,SME,2026-01-03
INE497B01018,10.0,,nan,BSE,SME,2026-01-03
INE497C01016,10.0,,nan,BSE,SME,2026-01-03
INE497D01022,5.0,,nan,BSE,SME,2026-01-03
INE497E01020,1.0,,nan,BSE,SME,2026-01-03
INE497M01015,10.0,,nan,BSE,SME,2026-01-03
INE497S01012,10.0,,nan,BSE,SME,2026-01-03
INE498A01018,10.0,,nan,BSE,SME,2026-01-03
INE498B01024,5.0,,nan,BSE,SME,2026-01-03
INE498D01012,10.0,,nan,BSE,SME,2026-01-03
INE498E01010,10.0,,nan,BSE,SME,2026-01-03
INE498G01015,10.0,,nan,BSE,SME,2026-01-03
INE498L01015,10.0,,nan,BSE,SME,2026-01-03
INE498Q01014,10.0,,nan,BSE,SME,2026-01-03
INE499A01024,2.0,,nan,BSE,SME,2026-01-03
INE499G01013,10.0,,nan,BSE,SME,2026-01-03
INE499Q01012,10.0,,nan,BSE,SME,2026-01-03
INE500A01029,2.0,,nan,BSE,SME,2026-01-03
INE500C01017,10.0,,nan,BSE,SME,2026-01-03
INE500D01015,10.0,,nan,BSE,SME,2026-01-03
INE500L01026,10.0,,nan,BSE,SME,2026-01-03
INE501A01019,10.0,,nan,BSE,SME,2026-01-03
INE501D01013,10.0,,nan,BSE,SME,2026-01-03
INE501F01018,10.0,,nan,BSE,SME,2026-01-03
INE501G01024,2.0,,nan,BSE,SME,2026-01-03
INE501L01024,10.0,,nan,BSE,SME,2026-01-03
INE501N01020,1.0,,nan,BSE,SME,2026-01-03
INE501Y01019,10.0,,nan,BSE,SME,2026-01-03
INE502C01039,1.0,,nan,BSE,SME,2026-01-03
INE502D01011,10.0,,nan,BSE,SME,2026-01-03
INE503A01015,10.0,,nan,BSE,SME,2026-01-03
INE503B01021,1.0,,nan,BSE,SME,2026-01-03
INE503D01027,1.0,,nan,BSE,SME,2026-01-03
INE505A01010,10.0,,nan,BSE,SME,2026-01-03
INE505C01016,10.0,,nan,BSE,SME,2026-01-03
INE505V01016,10.0,,nan,BSE,SME,2026-01-03
INE505Y01010,10.0,,nan,BSE,SME,2026-01-03
INE505Y20010,0.05,,nan,BSE,SME,2026-01-03
INE506A01018,10.0,,nan,BSE,SME,2026-01-03
INE506D01020,1.0,,nan,BSE,SME,2026-01-03
INE506V01022,1.0,,nan,BSE,SME,2026-01-03
INE506Z01015,10.0,,nan,BSE,SME,2026-01-03
INE507D01010,10.0,,nan,BSE,SME,2026-01-03
INE507F01023,1.0,,nan,BSE,SME,2026-01-03
INE508G01029,1.0,,nan,BSE,SME,2026-01-03
INE508J01015,10.0,,nan,BSE,SME,2026-01-03
INE508K01013,10.0,,nan,BSE,SME,2026-01-03
INE508N01025,1.0,,nan,BSE,SME,2026-01-03
INE508R01018,10.0,,nan,BSE,SME,2026-01-03
INE508W01018,10.0,,nan,BSE,SME,2026-01-03
INE509C01026,1.0,,nan,BSE,SME,2026-01-03
INE509F01029,1.0,,nan,BSE,SME,2026-01-03
INE510A01028,5.0,,nan,BSE,SME,2026-01-03
INE510B01018,10.0,,nan,BSE,SME,2026-01-03
INE510H01015,10.0,,nan,BSE,SME,2026-01-03
INE510P01018,10.0,,nan,BSE,SME,2026-01-03
INE510U01018,10.0,,nan,BSE,SME,2026-01-03
INE510W01014,10.0,,nan,BSE,SME,2026-01-03
INE511C01022,2.0,,nan,BSE,SME,2026-01-03
INE511D01012,10.0,,nan,BSE,SME,2026-01-03
INE511J01027,5.0,,nan,BSE,SME,2026-01-03
INE512A01016,10.0,,nan,BSE,SME,2026-01-03
INE512B01022,1.0,,nan,BSE,SME,2026-01-03
INE512D01028,1.0,,nan,BSE,SME,2026-01-03
INE513A01022,2.0,,nan,BSE,SME,2026-01-03
INE513C01010,10.0,,nan,BSE,SME,2026-01-03
INE513E01024,10.0,,nan,BSE,SME,2026-01-03
INE513R01026,1.0,,nan,BSE,SME,2026-01-03
INE514C01026,1.0,,nan,BSE,SME,2026-01-03
INE515A01019,10.0,,nan,BSE,SME,2026-01-03
INE515B01025,1.0,,nan,BSE,SME,2026-01-03
INE515C01023,2.0,,nan,BSE,SME,2026-01-03
INE515H01014,10.0,,nan,BSE,SME,2026-01-03
INE516A01017,10.0,,nan,BSE,SME,2026-01-03
INE516D01011,10.0,,nan,BSE,SME,2026-01-03
INE516E01019,10.0,,nan,BSE,SME,2026-01-03
INE516F01016,10.0,,nan,BSE,SME,2026-01-03
INE516P01015,1.0,,nan,BSE,SME,2026-01-03
INE517B01013,10.0,,nan,BSE,SME,2026-01-03
INE517D01019,10.0,,nan,BSE,SME,2026-01-03
INE517F01014,10.0,,nan,BSE,SME,2026-01-03
INE518A01013,10.0,,nan,BSE,SME,2026-01-03
INE518E01015,10.0,,nan,BSE,SME,2026-01-03
INE519A01011,10.0,,nan,BSE,SME,2026-01-03
INE519C01017,10.0,,nan,BSE,SME,2026-01-03
INE519D01015,10.0,,nan,BSE,SME,2026-01-03
INE519N01014,10.0,,nan,BSE,SME,2026-01-03
INE520A01027,2.0,,nan,BSE,SME,2026-01-03
INE521J01018,10.0,,nan,BSE,SME,2026-01-03
INE521L01030,10.0,,nan,BSE,SME,2026-01-03
INE522D01027,2.0,,nan,BSE,SME,2026-01-03
INE522F01014,10.0,,nan,BSE,SME,2026-01-03
INE523B01011,5.0,,nan,BSE,SME,2026-01-03
INE523I01016,10.0,,nan,BSE,SME,2026-01-03
INE523K01012,10.0,,nan,BSE,SME,2026-01-03
INE523W01017,10.0,,nan,BSE,SME,2026-01-03
INE524A01029,1.0,,nan,BSE,SME,2026-01-03
INE524B01027,5.0,,nan,BSE,SME,2026-01-03
INE524L01026,2.0,,nan,BSE,SME,2026-01-03
INE524N01014,10.0,,nan,BSE,SME,2026-01-03
INE524T01011,10.0,,nan,BSE,SME,2026-01-03
INE525B01016,10.0,,nan,BSE,SME,2026-01-03
INE525F01025,1.0,,nan,BSE,SME,2026-01-03
INE526B01014,10.0,,nan,BSE,SME,2026-01-03
INE526C01012,10.0,,nan,BSE,SME,2026-01-03
INE526E01018,10.0,,nan,BSE,SME,2026-01-03
INE526G01021,2.0,,nan,BSE,SME,2026-01-03
INE526H01011,10.0,,nan,BSE,SME,2026-01-03
INE526R01028,5.0,,nan,BSE,SME,2026-01-03
INE527B01020,1.0,,nan,BSE,SME,2026-01-03
INE527H01019,10.0,,nan,BSE,SME,2026-01-03
INE528C01018,10.0,,nan,BSE,SME,2026-01-03
INE528E01022,1.0,,nan,BSE,SME,2026-01-03
INE528G01035,2.0,,nan,BSE,SME,2026-01-03
INE529A01010,10.0,,nan,BSE,SME,2026-01-03
INE529D01014,10.0,,nan,BSE,SME,2026-01-03
INE529F01035,10.0,,nan,BSE,SME,2026-01-03
INE529I01021,1.0,,nan,BSE,SME,2026-01-03
INE530B01024,2.0,,nan,BSE,SME,2026-01-03
INE530D01012,10.0,,nan,BSE,SME,2026-01-03
INE531A01024,1.0,,nan,BSE,SME,2026-01-03
INE531D01010,10.0,,nan,BSE,SME,2026-01-03
INE531E01026,5.0,,nan,BSE,SME,2026-01-03
INE531F01023,2.0,,nan,BSE,SME,2026-01-03
INE531X01018,10.0,,nan,BSE,SME,2026-01-03
INE532B01020,4.0,,nan,BSE,SME,2026-01-03
INE532F01054,1.0,,nan,BSE,SME,2026-01-03
INE532U01012,100.0,,nan,BSE,SME,2026-01-03
INE533A01012,10.0,,nan,BSE,SME,2026-01-03
INE533B01028,10.0,,nan,BSE,SME,2026-01-03
INE533C01018,10.0,,nan,BSE,SME,2026-01-03
INE533D01032,1.0,,nan,BSE,SME,2026-01-03
INE534D01014,10.0,,nan,BSE,SME,2026-01-03
INE534E01020,5.0,,nan,BSE,SME,2026-01-03
INE535C01013,10.0,,nan,BSE,SME,2026-01-03
INE535D01037,1.0,,nan,BSE,SME,2026-01-03
INE535F01024,1.0,,nan,BSE,SME,2026-01-03
INE536A01023,5.0,,nan,BSE,SME,2026-01-03
INE536C01029,10.0,,nan,BSE,SME,2026-01-03
INE536H01010,10.0,,nan,BSE,SME,2026-01-03
INE536P01021,2.0,,nan,BSE,SME,2026-01-03
INE537A01013,10.0,,nan,BSE,SME,2026-01-03
INE537B01011,10.0,,nan,BSE,SME,2026-01-03
INE537F01012,10.0,,nan,BSE,SME,2026-01-03
INE537L01010,10.0,,nan,BSE,SME,2026-01-03
INE537U01037,1.0,,nan,BSE,SME,2026-01-03
INE538A01037,1.0,,nan,BSE,SME,2026-01-03
INE538C01017,10.0,,nan,BSE,SME,2026-01-03
INE538D01015,5.0,,nan,BSE,SME,2026-01-03
INE538G01018,10.0,,nan,BSE,SME,2026-01-03
INE539A01019,10.0,,nan,BSE,SME,2026-01-03
INE539B01017,10.0,,nan,BSE,SME,2026-01-03
INE540C01021,10.0,,nan,BSE,SME,2026-01-03
INE540G01014,10.0,,nan,BSE,SME,2026-01-03
INE540H01012,10.0,,nan,BSE,SME,2026-01-03
INE540L01014,2.0,,nan,BSE,SME,2026-01-03
INE540S01019,10.0,,nan,BSE,SME,2026-01-03
INE541A01023,2.0,,nan,BSE,SME,2026-01-03
INE541C01037,10.0,,nan,BSE,SME,2026-01-03
INE541F01022,10.0,,nan,BSE,SME,2026-01-03
INE541K01014,10.0,,nan,BSE,SME,2026-01-03
INE541R01019,10.0,,nan,BSE,SME,2026-01-03
INE542B01011,10.0,,nan,BSE,SME,2026-01-03
INE542C01019,10.0,,nan,BSE,SME,2026-01-03
INE542F01020,10.0,,nan,BSE,SME,2026-01-03
INE542W01025,5.0,,nan,BSE,SME,2026-01-03
INE543F01028,5.0,,nan,BSE,SME,2026-01-03
INE544A01019,10.0,,nan,BSE,SME,2026-01-03
INE544C01023,10.0,,nan,BSE,SME,2026-01-03
INE544H01014,10.0,,nan,BSE,SME,2026-01-03
INE544R01021,1.0,,nan,BSE,SME,2026-01-03
INE544W01021,1.0,,nan,BSE,SME,2026-01-03
INE545A01024,2.0,,nan,BSE,SME,2026-01-03
INE545B01022,10.0,,nan,BSE,SME,2026-01-03
INE545E01018,10.0,,nan,BSE,SME,2026-01-03
INE545H01011,10.0,,nan,BSE,SME,2026-01-03
INE545L01039,10.0,,nan,BSE,SME,2026-01-03
INE545N01019,10.0,,nan,BSE,SME,2026-01-03
INE545U01014,10.0,,nan,BSE,SME,2026-01-03
INE546C01010,10.0,,nan,BSE,SME,2026-01-03
INE546D01018,10.0,,nan,BSE,SME,2026-01-03
INE546F01013,10.0,,nan,BSE,SME,2026-01-03
INE546I01025,2.0,,nan,BSE,SME,2026-01-03
INE546Y01022,5.0,,nan,BSE,SME,2026-01-03
INE547B01028,1.0,,nan,BSE,SME,2026-01-03
INE547C01018,10.0,,nan,BSE,SME,2026-01-03
INE547E01014,10.0,,nan,BSE,SME,2026-01-03
INE548A01028,1.0,,nan,BSE,SME,2026-01-03
INE548B01018,10.0,,nan,BSE,SME,2026-01-03
INE548C01032,1.0,,nan,BSE,SME,2026-01-03
INE548D01014,10.0,,nan,BSE,SME,2026-01-03
INE548H01015,10.0,,nan,BSE,SME,2026-01-03
INE549A01026,1.0,,nan,BSE,SME,2026-01-03
INE549B01016,10.0,,nan,BSE,SME,2026-01-03
INE549D01012,10.0,,nan,BSE,SME,2026-01-03
INE549H01021,5.0,,nan,BSE,SME,2026-01-03
INE549S01036,1.0,,nan,BSE,SME,2026-01-03
INE550B01022,10.0,,nan,BSE,SME,2026-01-03
INE550C01020,1.0,,nan,BSE,SME,2026-01-03
INE550D01010,10.0,,nan,BSE,SME,2026-01-03
INE550F01049,1.0,,nan,BSE,SME,2026-01-03
INE550H01011,10.0,,nan,BSE,SME,2026-01-03
INE550L01013,10.0,,nan,BSE,SME,2026-01-03
INE551B01012,10.0,,nan,BSE,SME,2026-01-03
INE551C01044,1.0,,nan,BSE,SME,2026-01-03
INE551D01018,10.0,,nan,BSE,SME,2026-01-03
INE551W01018,10.0,,nan,BSE,SME,2026-01-03
INE552B01010,10.0,,nan,BSE,SME,2026-01-03
INE552D01024,1.0,,nan,BSE,SME,2026-01-03
INE552F01011,10.0,,nan,BSE,SME,2026-01-03
INE552H01017,10.0,,nan,BSE,SME,2026-01-03
INE552N01023,1.0,,nan,BSE,SME,2026-01-03
INE552U01010,10.0,,nan,BSE,SME,2026-01-03
INE552Z01027,2.0,,nan,BSE,SME,2026-01-03
INE553C01016,10.0,,nan,BSE,SME,2026-01-03
INE553F01035,1.0,,nan,BSE,SME,2026-01-03
INE553H01015,10.0,,nan,BSE,SME,2026-01-03
INE554H01021,10.0,,nan,BSE,SME,2026-01-03
INE554R01020,1.0,,nan,BSE,SME,2026-01-03
INE555B01013,5.0,,nan,BSE,SME,2026-01-03
INE555C01029,2.0,,nan,BSE,SME,2026-01-03
INE555P01013,10.0,,nan,BSE,SME,2026-01-03
INE556D01017,10.0,,nan,BSE,SME,2026-01-03
INE556Z01010,10.0,,nan,BSE,SME,2026-01-03
INE557A01011,10.0,,nan,BSE,SME,2026-01-03
INE557B01019,10.0,,nan,BSE,SME,2026-01-03
INE557C01017,10.0,,nan,BSE,SME,2026-01-03
INE557D01015,10.0,,nan,BSE,SME,2026-01-03
INE557Z01018,10.0,,nan,BSE,SME,2026-01-03
INE558A01019,10.0,,nan,BSE,SME,2026-01-03
INE558D01021,2.0,,nan,BSE,SME,2026-01-03
INE558F01026,1.0,,nan,BSE,SME,2026-01-03
INE559A01017,10.0,,nan,BSE,SME,2026-01-03
INE559D01011,10.0,,nan,BSE,SME,2026-01-03
INE559N01010,10.0,,nan,BSE,SME,2026-01-03
INE559R01029,5.0,,nan,BSE,SME,2026-01-03
INE560A01023,5.0,,nan,BSE,SME,2026-01-03
INE560D01027,1.0,,nan,BSE,SME,2026-01-03
INE560F01022,1.0,,nan,BSE,SME,2026-01-03
INE560K01014,10.0,,nan,BSE,SME,2026-01-03
INE560T01015,10.0,,nan,BSE,SME,2026-01-03
INE561C01019,10.0,,nan,BSE,SME,2026-01-03
INE561D01025,4.0,,nan,BSE,SME,2026-01-03
INE561E01015,10.0,,nan,BSE,SME,2026-01-03
INE561H01026,5.0,,nan,BSE,SME,2026-01-03
INE561M01018,10.0,,nan,BSE,SME,2026-01-03
INE562A01011,10.0,,nan,BSE,SME,2026-01-03
INE562B01019,10.0,,nan,BSE,SME,2026-01-03
INE562E01021,1.0,,nan,BSE,SME,2026-01-03
INE562Q01017,10.0,,nan,BSE,SME,2026-01-03
INE563C01015,10.0,,nan,BSE,SME,2026-01-03
INE563D01013,10.0,,nan,BSE,SME,2026-01-03
INE563J01010,10.0,,nan,BSE,SME,2026-01-03
INE564C01013,10.0,,nan,BSE,SME,2026-01-03
INE564J01026,1.0,,nan,BSE,SME,2026-01-03
INE564S01019,10.0,,nan,BSE,SME,2026-01-03
INE564V01013,10.0,,nan,BSE,SME,2026-01-03
INE565A01014,10.0,,nan,BSE,SME,2026-01-03
INE565E01016,10.0,,nan,BSE,SME,2026-01-03
INE565L01011,1.0,,nan,BSE,SME,2026-01-03
INE565V01010,10.0,,nan,BSE,SME,2026-01-03
INE566K01011,10.0,,nan,BSE,SME,2026-01-03
INE566M01017,10.0,,nan,BSE,SME,2026-01-03
INE567A01028,5.0,,nan,BSE,SME,2026-01-03
INE568F01017,10.0,,nan,BSE,SME,2026-01-03
INE568Z01015,10.0,,nan,BSE,SME,2026-01-03
INE569B01022,5.0,,nan,BSE,SME,2026-01-03
INE569C01020,1.0,,nan,BSE,SME,2026-01-03
INE570A01022,1.0,,nan,BSE,SME,2026-01-03
INE570B01012,10.0,,nan,BSE,SME,2026-01-03
INE570D01018,10.0,,nan,BSE,SME,2026-01-03
INE570L01029,1.0,,nan,BSE,SME,2026-01-03
INE570N01025,1.0,,nan,BSE,SME,2026-01-03
INE571A01038,1.0,,nan,BSE,SME,2026-01-03
INE571B01036,2.0,,nan,BSE,SME,2026-01-03
INE571U01010,10.0,,nan,BSE,SME,2026-01-03
INE572A01036,1.0,,nan,BSE,SME,2026-01-03
INE572D01014,10.0,,nan,BSE,SME,2026-01-03
INE572E01012,10.0,,nan,BSE,SME,2026-01-03
INE572G01025,2.0,,nan,BSE,SME,2026-01-03
INE572J01011,10.0,,nan,BSE,SME,2026-01-03
INE572Z01017,1.0,,nan,BSE,SME,2026-01-03
INE573A01042,2.0,,nan,BSE,SME,2026-01-03
INE573B01016,10.0,,nan,BSE,SME,2026-01-03
INE573K01025,1.0,,nan,BSE,SME,2026-01-03
INE573R01012,10.0,,nan,BSE,SME,2026-01-03
INE574A01016,10.0,,nan,BSE,SME,2026-01-03
INE574D01010,10.0,,nan,BSE,SME,2026-01-03
INE574G01013,10.0,,nan,BSE,SME,2026-01-03
INE574R01028,1.0,,nan,BSE,SME,2026-01-03
INE575C01027,1.0,,nan,BSE,SME,2026-01-03
INE575D01041,2.0,,nan,BSE,SME,2026-01-03
INE575I01016,10.0,,nan,BSE,SME,2026-01-03
INE575P01011,10.0,,nan,BSE,SME,2026-01-03
INE576B01019,10.0,,nan,BSE,SME,2026-01-03
INE576D01015,10.0,,nan,BSE,SME,2026-01-03
INE576I01022,5.0,,nan,BSE,SME,2026-01-03
INE576N01014,10.0,,nan,BSE,SME,2026-01-03
INE576O01020,2.0,,nan,BSE,SME,2026-01-03
INE576P01019,10.0,,nan,BSE,SME,2026-01-03
INE577A01027,2.0,,nan,BSE,SME,2026-01-03
INE577D01013,10.0,,nan,BSE,SME,2026-01-03
INE577L01016,10.0,,nan,BSE,SME,2026-01-03
INE578A01017,10.0,,nan,BSE,SME,2026-01-03
INE578B01015,10.0,,nan,BSE,SME,2026-01-03
INE578C01021,1.0,,nan,BSE,SME,2026-01-03
INE578L01014,10.0,,nan,BSE,SME,2026-01-03
INE578R01011,10.0,,nan,BSE,SME,2026-01-03
INE578V01013,10.0,,nan,BSE,SME,2026-01-03
INE579B01039,1.0,,nan,BSE,SME,2026-01-03
INE579C01029,2.0,,nan,BSE,SME,2026-01-03
INE579D01019,10.0,,nan,BSE,SME,2026-01-03
INE579N01018,10.0,,nan,BSE,SME,2026-01-03
INE580C01019,10.0,,nan,BSE,SME,2026-01-03
INE580D01017,10.0,,nan,BSE,SME,2026-01-03
INE580H01026,5.0,,nan,BSE,SME,2026-01-03
INE581L01018,10.0,,nan,BSE,SME,2026-01-03
INE581M01016,10.0,,nan,BSE,SME,2026-01-03
INE582C01015,10.0,,nan,BSE,SME,2026-01-03
INE582D01013,10.0,,nan,BSE,SME,2026-01-03
INE582K01018,10.0,,nan,BSE,SME,2026-01-03
INE582V01015,10.0,,nan,BSE,SME,2026-01-03
INE583B01015,10.0,,nan,BSE,SME,2026-01-03
INE583C01021,5.0,,nan,BSE,SME,2026-01-03
INE583D01011,10.0,,nan,BSE,SME,2026-01-03
INE583L01014,10.0,,nan,BSE,SME,2026-01-03
INE583M01012,10.0,,nan,BSE,SME,2026-01-03
INE583R01029,2.0,,nan,BSE,SME,2026-01-03
INE583V01021,2.0,,nan,BSE,SME,2026-01-03
INE584A01023,1.0,,nan,BSE,SME,2026-01-03
INE584B01013,10.0,,nan,BSE,SME,2026-01-03
INE584C01011,10.0,,nan,BSE,SME,2026-01-03
INE584D01019,10.0,,nan,BSE,SME,2026-01-03
INE584F01014,10.0,,nan,BSE,SME,2026-01-03
INE584G01012,10.0,,nan,BSE,SME,2026-01-03
INE585A01020,10.0,,nan,BSE,SME,2026-01-03
INE585B01010,5.0,,nan,BSE,SME,2026-01-03
INE586B01026,2.0,,nan,BSE,SME,2026-01-03
INE586D01014,10.0,,nan,BSE,SME,2026-01-03
INE586E01020,2.0,,nan,BSE,SME,2026-01-03
INE586G01017,5.0,,nan,BSE,SME,2026-01-03
INE586V01016,2.0,,nan,BSE,SME,2026-01-03
INE587G01015,10.0,,nan,BSE,SME,2026-01-03
INE587J01027,1.0,,nan,BSE,SME,2026-01-03
INE588E01026,10.0,,nan,BSE,SME,2026-01-03
INE588G01021,5.0,,nan,BSE,SME,2026-01-03
INE589A01014,10.0,,nan,BSE,SME,2026-01-03
INE589D01018,10.0,,nan,BSE,SME,2026-01-03
INE589J01015,10.0,,nan,BSE,SME,2026-01-03
INE589N01017,10.0,,nan,BSE,SME,2026-01-03
INE590B01010,10.0,,nan,BSE,SME,2026-01-03
INE590D01016,10.0,,nan,BSE,SME,2026-01-03
INE590L01019,10.0,,nan,BSE,SME,2026-01-03
INE591A01010,10.0,,nan,BSE,SME,2026-01-03
INE591D01014,10.0,,nan,BSE,SME,2026-01-03
INE591G01025,2.0,,nan,BSE,SME,2026-01-03
INE592A01026,1.0,,nan,BSE,SME,2026-01-03
INE592B01024,1.0,,nan,BSE,SME,2026-01-03
INE593B01030,10.0,,nan,BSE,SME,2026-01-03
INE593O01017,10.0,,nan,BSE,SME,2026-01-03
INE594B01012,10.0,,nan,BSE,SME,2026-01-03
INE594D01018,10.0,,nan,BSE,SME,2026-01-03
INE594H01019,10.0,,nan,BSE,SME,2026-01-03
INE594R01018,10.0,,nan,BSE,SME,2026-01-03
INE594V01028,10.0,,nan,BSE,SME,2026-01-03
INE594W01042,1.0,,nan,BSE,SME,2026-01-03
INE595D01015,10.0,,nan,BSE,SME,2026-01-03
INE595G01018,10.0,,nan,BSE,SME,2026-01-03
INE595R01023,2.0,,nan,BSE,SME,2026-01-03
INE596B01017,10.0,,nan,BSE,SME,2026-01-03
INE596F01018,10.0,,nan,BSE,SME,2026-01-03
INE596H01014,10.0,,nan,BSE,SME,2026-01-03
INE596I01020,2.0,,nan,BSE,SME,2026-01-03
INE597C01021,2.0,,nan,BSE,SME,2026-01-03
INE597I01028,2.0,,nan,BSE,SME,2026-01-03
INE597J01018,10.0,,nan,BSE,SME,2026-01-03
INE597L01014,10.0,,nan,BSE,SME,2026-01-03
INE598C01011,10.0,,nan,BSE,SME,2026-01-03
INE598D01035,1.0,,nan,BSE,SME,2026-01-03
INE598F01014,10.0,,nan,BSE,SME,2026-01-03
INE599F01020,5.0,,nan,BSE,SME,2026-01-03
INE599M01018,10.0,,nan,BSE,SME,2026-01-03
INE600A01035,1.0,,nan,BSE,SME,2026-01-03
INE600B01033,1.0,,nan,BSE,SME,2026-01-03
INE600F01018,10.0,,nan,BSE,SME,2026-01-03
INE600K01018,10.0,,nan,BSE,SME,2026-01-03
INE600L01024,10.0,,nan,BSE,SME,2026-01-03
INE600Y01019,10.0,,nan,BSE,SME,2026-01-03
INE601A01017,10.0,,nan,BSE,SME,2026-01-03
INE601B01023,2.0,,nan,BSE,SME,2026-01-03
INE601C01013,10.0,,nan,BSE,SME,2026-01-03
INE601F01016,10.0,,nan,BSE,SME,2026-01-03
INE601N01010,10.0,,nan,BSE,SME,2026-01-03
INE602A01031,1.0,,nan,BSE,SME,2026-01-03
INE602C01011,10.0,,nan,BSE,SME,2026-01-03
INE602D01027,10.0,,nan,BSE,SME,2026-01-03
INE602G01020,1.0,,nan,BSE,SME,2026-01-03
INE602H01010,10.0,,nan,BSE,SME,2026-01-03
INE602W01027,5.0,,nan,BSE,SME,2026-01-03
INE603A01013,10.0,,nan,BSE,SME,2026-01-03
INE603D01017,10.0,,nan,BSE,SME,2026-01-03
INE603F01012,10.0,,nan,BSE,SME,2026-01-03
INE603J01030,1.0,,nan,BSE,SME,2026-01-03
INE604F01010,10.0,,nan,BSE,SME,2026-01-03
INE605D01012,10.0,,nan,BSE,SME,2026-01-03
INE606A01024,2.0,,nan,BSE,SME,2026-01-03
INE606C01012,10.0,,nan,BSE,SME,2026-01-03
INE606K01049,1.0,,nan,BSE,SME,2026-01-03
INE606N01019,10.0,,nan,BSE,SME,2026-01-03
INE607A01022,2.0,,nan,BSE,SME,2026-01-03
INE607B01012,10.0,,nan,BSE,SME,2026-01-03
INE607D01018,10.0,,nan,BSE,SME,2026-01-03
INE607G01011,10.0,,nan,BSE,SME,2026-01-03
INE607V01028,2.0,,nan,BSE,SME,2026-01-03
INE608A01012,10.0,,nan,BSE,SME,2026-01-03
INE608B01010,10.0,,nan,BSE,SME,2026-01-03
INE608C01026,10.0,,nan,BSE,SME,2026-01-03
INE609A01010,10.0,,nan,BSE,SME,2026-01-03
INE609B01018,10.0,,nan,BSE,SME,2026-01-03
INE609C01024,10.0,,nan,BSE,SME,2026-01-03
INE609D01014,10.0,,nan,BSE,SME,2026-01-03
INE610B01024,10.0,,nan,BSE,SME,2026-01-03
INE610C01014,10.0,,nan,BSE,SME,2026-01-03
INE611A01016,10.0,,nan,BSE,SME,2026-01-03
INE611C01020,10.0,,nan,BSE,SME,2026-01-03
INE611L01021,2.0,,nan,BSE,SME,2026-01-03
INE612D01018,10.0,,nan,BSE,SME,2026-01-03
INE612J01015,10.0,,nan,BSE,SME,2026-01-03
INE613A01020,1.0,,nan,BSE,SME,2026-01-03
INE613B01010,10.0,,nan,BSE,SME,2026-01-03
INE613C01026,2.0,,nan,BSE,SME,2026-01-03
INE614A01028,1.0,,nan,BSE,SME,2026-01-03
INE614B01018,10.0,,nan,BSE,SME,2026-01-03
INE614F01019,10.0,,nan,BSE,SME,2026-01-03
INE614G01033,10.0,,nan,BSE,SME,2026-01-03
INE614R01014,10.0,,nan,BSE,SME,2026-01-03
INE615A01025,10.0,,nan,BSE,SME,2026-01-03
INE615H01020,2.0,,nan,BSE,SME,2026-01-03
INE615I01010,10.0,,nan,BSE,SME,2026-01-03
INE615P01015,10.0,,nan,BSE,SME,2026-01-03
INE615R01029,2.0,,nan,BSE,SME,2026-01-03
INE615T01017,10.0,,nan,BSE,SME,2026-01-03
INE615W01011,10.0,,nan,BSE,SME,2026-01-03
INE616F01022,5.0,,nan,BSE,SME,2026-01-03
INE616N01034,2.0,,nan,BSE,SME,2026-01-03
INE616Z01012,10.0,,nan,BSE,SME,2026-01-03
INE617A01013,10.0,,nan,BSE,SME,2026-01-03
INE617B01011,10.0,,nan,BSE,SME,2026-01-03
INE618A01011,10.0,,nan,BSE,SME,2026-01-03
INE618D01015,10.0,,nan,BSE,SME,2026-01-03
INE618L01018,10.0,,nan,BSE,SME,2026-01-03
INE618R01015,10.0,,nan,BSE,SME,2026-01-03
INE619A01035,2.0,,nan,BSE,SME,2026-01-03
INE619B01017,10.0,,nan,BSE,SME,2026-01-03
INE619I01012,10.0,,nan,BSE,SME,2026-01-03
INE620D01011,10.0,,nan,BSE,SME,2026-01-03
INE621B01021,10.0,,nan,BSE,SME,2026-01-03
INE621C01011,10.0,,nan,BSE,SME,2026-01-03
INE621H01010,10.0,,nan,BSE,SME,2026-01-03
INE621I01042,10.0,,nan,BSE,SME,2026-01-03
INE621L01012,1.0,,nan,BSE,SME,2026-01-03
INE622E01023,10.0,,nan,BSE,SME,2026-01-03
INE622H01018,10.0,,nan,BSE,SME,2026-01-03
INE622Q01019,10.0,,nan,BSE,SME,2026-01-03
INE622W01025,2.0,,nan,BSE,SME,2026-01-03
INE623A01011,10.0,,nan,BSE,SME,2026-01-03
INE623B01027,2.0,,nan,BSE,SME,2026-01-03
INE623D01015,10.0,,nan,BSE,SME,2026-01-03
INE624M01014,10.0,,nan,BSE,SME,2026-01-03
INE624Z01016,10.0,,nan,BSE,SME,2026-01-03
INE625B01014,10.0,,nan,BSE,SME,2026-01-03
INE625D01028,1.0,,nan,BSE,SME,2026-01-03
INE625G01013,10.0,,nan,BSE,SME,2026-01-03
INE625X01018,10.0,,nan,BSE,SME,2026-01-03
INE626A01014,10.0,,nan,BSE,SME,2026-01-03
INE626H01019,10.0,,nan,BSE,SME,2026-01-03
INE626Z01029,1.0,,nan,BSE,SME,2026-01-03
INE627D01016,10.0,,nan,BSE,SME,2026-01-03
INE627F01011,10.0,,nan,BSE,SME,2026-01-03
INE627H01017,10.0,,nan,BSE,SME,2026-01-03
INE628A01036,2.0,,nan,BSE,SME,2026-01-03
INE628B01034,1.0,,nan,BSE,SME,2026-01-03
INE628D01014,10.0,,nan,BSE,SME,2026-01-03
INE629C01014,10.0,,nan,BSE,SME,2026-01-03
INE629D01020,5.0,,nan,BSE,SME,2026-01-03
INE629F01025,2.0,,nan,BSE,SME,2026-01-03
INE630A01024,2.0,,nan,BSE,SME,2026-01-03
INE630D01010,10.0,,nan,BSE,SME,2026-01-03
INE630N01019,10.0,,nan,BSE,SME,2026-01-03
INE630U01014,10.0,,nan,BSE,SME,2026-01-03
INE630Y01024,2.0,,nan,BSE,SME,2026-01-03
INE631A01022,1.0,,nan,BSE,SME,2026-01-03
INE631D01026,1.0,,nan,BSE,SME,2026-01-03
INE631E01024,1.0,,nan,BSE,SME,2026-01-03
INE631R01026,1.0,,nan,BSE,SME,2026-01-03
INE632C01026,1.0,,nan,BSE,SME,2026-01-03
INE632W01016,10.0,,nan,BSE,SME,2026-01-03
INE633B01018,10.0,,nan,BSE,SME,2026-01-03
INE634A01018,10.0,,nan,BSE,SME,2026-01-03
INE634B01016,10.0,,nan,BSE,SME,2026-01-03
INE634I01029,2.0,,nan,BSE,SME,2026-01-03
INE634S01028,1.0,,nan,BSE,SME,2026-01-03
INE635A01023,10.0,,nan,BSE,SME,2026-01-03
INE635D01027,2.0,,nan,BSE,SME,2026-01-03
INE635I01018,10.0,,nan,BSE,SME,2026-01-03
INE635Q01029,2.0,,nan,BSE,SME,2026-01-03
INE636A01039,10.0,,nan,BSE,SME,2026-01-03
INE636B01011,10.0,,nan,BSE,SME,2026-01-03
INE636D01041,1.0,,nan,BSE,SME,2026-01-03
INE636P01011,10.0,,nan,BSE,SME,2026-01-03
INE637C01025,2.0,,nan,BSE,SME,2026-01-03
INE637D01015,10.0,,nan,BSE,SME,2026-01-03
INE637H01024,2.0,,nan,BSE,SME,2026-01-03
INE637N01014,10.0,,nan,BSE,SME,2026-01-03
INE638A01035,2.0,,nan,BSE,SME,2026-01-03
INE638B01025,10.0,,nan,BSE,SME,2026-01-03
INE638D01021,10.0,,nan,BSE,SME,2026-01-03
INE638N01012,10.0,,nan,BSE,SME,2026-01-03
INE639B01015,10.0,,nan,BSE,SME,2026-01-03
INE639C01013,10.0,,nan,BSE,SME,2026-01-03
INE639K01016,10.0,,nan,BSE,SME,2026-01-03
INE640A01023,10.0,,nan,BSE,SME,2026-01-03
INE640B01021,10.0,,nan,BSE,SME,2026-01-03
INE640C01011,10.0,,nan,BSE,SME,2026-01-03
INE641A01013,10.0,,nan,BSE,SME,2026-01-03
INE641B01011,10.0,,nan,BSE,SME,2026-01-03
INE641C01019,10.0,,nan,BSE,SME,2026-01-03
INE641Q01019,10.0,,nan,BSE,SME,2026-01-03
INE641R01017,10.0,,nan,BSE,SME,2026-01-03
INE642C01025,5.0,,nan,BSE,SME,2026-01-03
INE642I01014,10.0,,nan,BSE,SME,2026-01-03
INE642P01019,10.0,,nan,BSE,SME,2026-01-03
INE642Z01026,2.0,,nan,BSE,SME,2026-01-03
INE643A01035,1.0,,nan,BSE,SME,2026-01-03
INE643C01015,10.0,,nan,BSE,SME,2026-01-03
INE643K01018,10.0,,nan,BSE,SME,2026-01-03
INE643N01012,10.0,,nan,BSE,SME,2026-01-03
INE644U01015,10.0,,nan,BSE,SME,2026-01-03
INE644Y01017,10.0,,nan,BSE,SME,2026-01-03
INE645C01010,10.0,,nan,BSE,SME,2026-01-03
INE645H01027,1.0,,nan,BSE,SME,2026-01-03
INE645S01024,1.0,,nan,BSE,SME,2026-01-03
INE645W01026,2.0,,nan,BSE,SME,2026-01-03
INE646B01010,10.0,,nan,BSE,SME,2026-01-03
INE646H01017,10.0,,nan,BSE,SME,2026-01-03
INE646L01027,10.0,,nan,BSE,SME,2026-01-03
INE646X01014,10.0,,nan,BSE,SME,2026-01-03
INE647A01010,10.0,,nan,BSE,SME,2026-01-03
INE647O01011,10.0,,nan,BSE,SME,2026-01-03
INE647W01014,10.0,,nan,BSE,SME,2026-01-03
INE647Z01025,1.0,,nan,BSE,SME,2026-01-03
INE648E01010,10.0,,nan,BSE,SME,2026-01-03
INE648Z01023,1.0,,nan,BSE,SME,2026-01-03
INE649C01012,10.0,,nan,BSE,SME,2026-01-03
INE649R01010,10.0,,nan,BSE,SME,2026-01-03
INE650C01036,1.0,,nan,BSE,SME,2026-01-03
INE650G01029,1.0,,nan,BSE,SME,2026-01-03
INE650K01021,5.0,,nan,BSE,SME,2026-01-03
INE650L01011,10.0,,nan,BSE,SME,2026-01-03
INE651C01018,10.0,,nan,BSE,SME,2026-01-03
INE651D01016,10.0,,nan,BSE,SME,2026-01-03
INE652D01014,10.0,,nan,BSE,SME,2026-01-03
INE652F01027,2.0,,nan,BSE,SME,2026-01-03
INE652V01016,10.0,,nan,BSE,SME,2026-01-03
INE652Z01017,10.0,,nan,BSE,SME,2026-01-03
INE653C01022,1.0,,nan,BSE,SME,2026-01-03
INE653D01012,10.0,,nan,BSE,SME,2026-01-03
INE653R01012,10.0,,nan,BSE,SME,2026-01-03
INE653S01028,1.0,,nan,BSE,SME,2026-01-03
INE654B01014,10.0,,nan,BSE,SME,2026-01-03
INE654D01010,10.0,,nan,BSE,SME,2026-01-03
INE654H01011,10.0,,nan,BSE,SME,2026-01-03
INE655A01013,10.0,,nan,BSE,SME,2026-01-03
INE655B01011,10.0,,nan,BSE,SME,2026-01-03
INE655D01025,2.0,,nan,BSE,SME,2026-01-03
INE655P01029,1.0,,nan,BSE,SME,2026-01-03
INE655V01019,10.0,,nan,BSE,SME,2026-01-03
INE656B01027,1.0,,nan,BSE,SME,2026-01-03
INE657D01021,2.0,,nan,BSE,SME,2026-01-03
INE658D01011,10.0,,nan,BSE,SME,2026-01-03
INE658G01014,10.0,,nan,BSE,SME,2026-01-03
INE658T01017,10.0,,nan,BSE,SME,2026-01-03
INE659A01023,2.0,,nan,BSE,SME,2026-01-03
INE659F01014,10.0,,nan,BSE,SME,2026-01-03
INE660A01013,10.0,,nan,BSE,SME,2026-01-03
INE660B01011,10.0,,nan,BSE,SME,2026-01-03
INE660C01027,1.0,,nan,BSE,SME,2026-01-03
INE660D01017,10.0,,nan,BSE,SME,2026-01-03
INE661D01015,10.0,,nan,BSE,SME,2026-01-03
INE661F01010,10.0,,nan,BSE,SME,2026-01-03
INE661I01014,10.0,,nan,BSE,SME,2026-01-03
INE661K01010,10.0,,nan,BSE,SME,2026-01-03
INE661M01016,10.0,,nan,BSE,SME,2026-01-03
INE661Q01017,10.0,,nan,BSE,SME,2026-01-03
INE662A01027,1.0,,nan,BSE,SME,2026-01-03
INE662D01013,10.0,,nan,BSE,SME,2026-01-03
INE663A01033,2.0,,nan,BSE,SME,2026-01-03
INE663B01015,10.0,,nan,BSE,SME,2026-01-03
INE663F01032,2.0,,nan,BSE,SME,2026-01-03
INE663P01015,10.0,,nan,BSE,SME,2026-01-03
INE664D01019,10.0,,nan,BSE,SME,2026-01-03
INE664N01018,10.0,,nan,BSE,SME,2026-01-03
INE664X01025,10.0,,nan,BSE,SME,2026-01-03
INE665A01038,1.0,,nan,BSE,SME,2026-01-03
INE665D01016,10.0,,nan,BSE,SME,2026-01-03
INE665J01013,10.0,,nan,BSE,SME,2026-01-03
INE665L01035,1.0,,nan,BSE,SME,2026-01-03
INE666D01022,1.0,,nan,BSE,SME,2026-01-03
INE666E01020,10.0,,nan,BSE,SME,2026-01-03
INE666Q01016,10.0,,nan,BSE,SME,2026-01-03
INE666Y01010,10.0,,nan,BSE,SME,2026-01-03
INE667G01023,1.0,,nan,BSE,SME,2026-01-03
INE668A01016,10.0,,nan,BSE,SME,2026-01-03
INE668D01028,2.0,,nan,BSE,SME,2026-01-03
INE668F01031,1.0,,nan,BSE,SME,2026-01-03
INE668G01021,2.0,,nan,BSE,SME,2026-01-03
INE668L01013,10.0,,nan,BSE,SME,2026-01-03
INE668Y01016,10.0,,nan,BSE,SME,2026-01-03
INE669A01022,10.0,,nan,BSE,SME,2026-01-03
INE669C01036,5.0,,nan,BSE,SME,2026-01-03
INE669E01016,10.0,,nan,BSE,SME,2026-01-03
INE669R01026,1.0,,nan,BSE,SME,2026-01-03
INE669W01018,10.0,,nan,BSE,SME,2026-01-03
INE669Y01022,5.0,,nan,BSE,SME,2026-01-03
INE670A01012,10.0,,nan,BSE,SME,2026-01-03
INE670C01026,5.0,,nan,BSE,SME,2026-01-03
INE670K01029,10.0,,nan,BSE,SME,2026-01-03
INE670O01013,10.0,,nan,BSE,SME,2026-01-03
INE670X01014,10.0,,nan,BSE,SME,2026-01-03
INE671A01010,10.0,,nan,BSE,SME,2026-01-03
INE671C01016,10.0,,nan,BSE,SME,2026-01-03
INE671D01014,10.0,,nan,BSE,SME,2026-01-03
INE671H01015,10.0,,nan,BSE,SME,2026-01-03
INE671K01027,2.0,,nan,BSE,SME,2026-01-03
INE671T01028,2.0,,nan,BSE,SME,2026-01-03
INE672A01026,1.0,,nan,BSE,SME,2026-01-03
INE672B01032,2.0,,nan,BSE,SME,2026-01-03
INE672K01025,10.0,,nan,BSE,SME,2026-01-03
INE673C01020,1.0,,nan,BSE,SME,2026-01-03
INE673E01018,10.0,,nan,BSE,SME,2026-01-03
INE673M01029,1.0,,nan,BSE,SME,2026-01-03
INE673O01025,1.0,,nan,BSE,SME,2026-01-03
INE673U01014,10.0,,nan,BSE,SME,2026-01-03
INE674K01013,10.0,,nan,BSE,SME,2026-01-03
INE674M01019,10.0,,nan,BSE,SME,2026-01-03
INE675C01017,10.0,,nan,BSE,SME,2026-01-03
INE676A01027,2.0,,nan,BSE,SME,2026-01-03
INE676G01024,10.0,,nan,BSE,SME,2026-01-03
INE677D01037,1.0,,nan,BSE,SME,2026-01-03
INE678B01021,10.0,,nan,BSE,SME,2026-01-03
INE678F01014,10.0,,nan,BSE,SME,2026-01-03
INE679A01013,10.0,,nan,BSE,SME,2026-01-03
INE679C01027,10.0,,nan,BSE,SME,2026-01-03
INE679E01015,10.0,,nan,BSE,SME,2026-01-03
INE679T01013,10.0,,nan,BSE,SME,2026-01-03
INE679V01027,1.0,,nan,BSE,SME,2026-01-03
INE680A01011,10.0,,nan,BSE,SME,2026-01-03
INE680A20011,0.05,,nan,BSE,SME,2026-01-03
INE680B01019,10.0,,nan,BSE,SME,2026-01-03
INE680Z01018,10.0,,nan,BSE,SME,2026-01-03
INE681B01017,10.0,,nan,BSE,SME,2026-01-03
INE681C01015,10.0,,nan,BSE,SME,2026-01-03
INE681D01039,10.0,,nan,BSE,SME,2026-01-03
INE681F01018,10.0,,nan,BSE,SME,2026-01-03
INE681K01026,10.0,,nan,BSE,SME,2026-01-03
INE681Q01015,10.0,,nan,BSE,SME,2026-01-03
INE682B01023,1.0,,nan,BSE,SME,2026-01-03
INE682D01011,10.0,,nan,BSE,SME,2026-01-03
INE682M01012,10.0,,nan,BSE,SME,2026-01-03
INE683A01023,1.0,,nan,BSE,SME,2026-01-03
INE683B01047,10.0,,nan,BSE,SME,2026-01-03
INE683C01011,10.0,,nan,BSE,SME,2026-01-03
INE683E01017,10.0,,nan,BSE,SME,2026-01-03
INE684B01029,5.0,,nan,BSE,SME,2026-01-03
INE684D01025,1.0,,nan,BSE,SME,2026-01-03
INE684F01012,10.0,,nan,BSE,SME,2026-01-03
INE684U01011,1.0,,nan,BSE,SME,2026-01-03
INE685A01028,5.0,,nan,BSE,SME,2026-01-03
INE685D01022,2.0,,nan,BSE,SME,2026-01-03
INE685Z01033,1.0,,nan,BSE,SME,2026-01-03
INE686A01026,1.0,,nan,BSE,SME,2026-01-03
INE686C01014,10.0,,nan,BSE,SME,2026-01-03
INE686F01025,1.0,,nan,BSE,SME,2026-01-03
INE686Y01026,5.0,,nan,BSE,SME,2026-01-03
INE687A01016,10.0,,nan,BSE,SME,2026-01-03
INE687C01012,10.0,,nan,BSE,SME,2026-01-03
INE687W01010,10.0,,nan,BSE,SME,2026-01-03
INE688A01022,2.0,,nan,BSE,SME,2026-01-03
INE688D01026,1.0,,nan,BSE,SME,2026-01-03
INE688E01024,1.0,,nan,BSE,SME,2026-01-03
INE688J01023,1.0,,nan,BSE,SME,2026-01-03
INE689E01014,10.0,,nan,BSE,SME,2026-01-03
INE689J01013,10.0,,nan,BSE,SME,2026-01-03
INE689M01025,2.0,,nan,BSE,SME,2026-01-03
INE689O01013,10.0,,nan,BSE,SME,2026-01-03
INE689V01018,10.0,,nan,BSE,SME,2026-01-03
INE689W01016,10.0,,nan,BSE,SME,2026-01-03
INE690A01028,1.0,,nan,BSE,SME,2026-01-03
INE690D01014,10.0,,nan,BSE,SME,2026-01-03
INE690J01011,10.0,,nan,BSE,SME,2026-01-03
INE690O01011,10.0,,nan,BSE,SME,2026-01-03
INE691A01018,10.0,,nan,BSE,SME,2026-01-03
INE691C01022,2.0,,nan,BSE,SME,2026-01-03
INE691D01012,10.0,,nan,BSE,SME,2026-01-03
INE691G01015,10.0,,nan,BSE,SME,2026-01-03
INE691J01019,10.0,,nan,BSE,SME,2026-01-03
INE691K01017,10.0,,nan,BSE,SME,2026-01-03
INE692A01016,10.0,,nan,BSE,SME,2026-01-03
INE692B01014,10.0,,nan,BSE,SME,2026-01-03
INE692C01020,5.0,,nan,BSE,SME,2026-01-03
INE692G01013,10.0,,nan,BSE,SME,2026-01-03
INE692Z01013,10.0,,nan,BSE,SME,2026-01-03
INE693D01018,10.0,,nan,BSE,SME,2026-01-03
INE693E01016,10.0,,nan,BSE,SME,2026-01-03
INE694A01020,2.0,,nan,BSE,SME,2026-01-03
INE694D01016,10.0,,nan,BSE,SME,2026-01-03
INE694E01014,10.0,,nan,BSE,SME,2026-01-03
INE694N01015,10.0,,nan,BSE,SME,2026-01-03
INE694W01024,1.0,,nan,BSE,SME,2026-01-03
INE694X01030,1.0,,nan,BSE,SME,2026-01-03
INE695B01025,1.0,,nan,BSE,SME,2026-01-03
INE695D01021,10.0,,nan,BSE,SME,2026-01-03
INE695X01011,10.0,,nan,BSE,SME,2026-01-03
INE696F01016,10.0,,nan,BSE,SME,2026-01-03
INE696K01024,1.0,,nan,BSE,SME,2026-01-03
INE697C01011,10.0,,nan,BSE,SME,2026-01-03
INE698B01011,10.0,,nan,BSE,SME,2026-01-03
INE699B01027,1.0,,nan,BSE,SME,2026-01-03
INE699D01015,10.0,,nan,BSE,SME,2026-01-03
INE699H01024,1.0,,nan,BSE,SME,2026-01-03
INE700A01033,1.0,,nan,BSE,SME,2026-01-03
INE700F01024,5.0,,nan,BSE,SME,2026-01-03
INE700V01021,2.0,,nan,BSE,SME,2026-01-03
INE701A01023,10.0,,nan,BSE,SME,2026-01-03
INE701G01012,10.0,,nan,BSE,SME,2026-01-03
INE702C01027,2.0,,nan,BSE,SME,2026-01-03
INE702E01015,10.0,,nan,BSE,SME,2026-01-03
INE702H01018,10.0,,nan,BSE,SME,2026-01-03
INE703B01027,2.0,,nan,BSE,SME,2026-01-03
INE703D01023,1.0,,nan,BSE,SME,2026-01-03
INE703H01016,10.0,,nan,BSE,SME,2026-01-03
INE704B01017,10.0,,nan,BSE,SME,2026-01-03
INE704F01018,10.0,,nan,BSE,SME,2026-01-03
INE704G01024,5.0,,nan,BSE,SME,2026-01-03
INE704H01022,5.0,,nan,BSE,SME,2026-01-03
INE704P01025,5.0,,nan,BSE,SME,2026-01-03
INE705C01020,10.0,,nan,BSE,SME,2026-01-03
INE705G01021,2.0,,nan,BSE,SME,2026-01-03
INE705X01026,1.0,,nan,BSE,SME,2026-01-03
INE706A01022,1.0,,nan,BSE,SME,2026-01-03
INE706B01012,10.0,,nan,BSE,SME,2026-01-03
INE706C01028,10.0,,nan,BSE,SME,2026-01-03
INE706D01018,10.0,,nan,BSE,SME,2026-01-03
INE706F01021,1.0,,nan,BSE,SME,2026-01-03
INE706N01017,10.0,,nan,BSE,SME,2026-01-03
INE707A01012,10.0,,nan,BSE,SME,2026-01-03
INE707B01010,10.0,,nan,BSE,SME,2026-01-03
INE707C01018,10.0,,nan,BSE,SME,2026-01-03
INE709A01018,10.0,,nan,BSE,SME,2026-01-03
INE709B01016,10.0,,nan,BSE,SME,2026-01-03
INE709D01012,10.0,,nan,BSE,SME,2026-01-03
INE710A01016,10.0,,nan,BSE,SME,2026-01-03
INE710D01028,5.0,,nan,BSE,SME,2026-01-03
INE711A01022,2.0,,nan,BSE,SME,2026-01-03
INE711C01028,10.0,,nan,BSE,SME,2026-01-03
INE711D01018,10.0,,nan,BSE,SME,2026-01-03
INE711V01010,10.0,,nan,BSE,SME,2026-01-03
INE712A01012,10.0,,nan,BSE,SME,2026-01-03
INE712B01010,10.0,,nan,BSE,SME,2026-01-03
INE712K01011,10.0,,nan,BSE,SME,2026-01-03
INE712Z01019,10.0,,nan,BSE,SME,2026-01-03
INE713B01026,10.0,,nan,BSE,SME,2026-01-03
INE713C01016,10.0,,nan,BSE,SME,2026-01-03
INE713D01055,10.0,,nan,BSE,SME,2026-01-03
INE713T01028,1.0,,nan,BSE,SME,2026-01-03
INE714B01016,10.0,,nan,BSE,SME,2026-01-03
INE714D01020,5.0,,nan,BSE,SME,2026-01-03
INE714Q01014,10.0,,nan,BSE,SME,2026-01-03
INE714U01024,1.0,,nan,BSE,SME,2026-01-03
INE715A01015,10.0,,nan,BSE,SME,2026-01-03
INE715B01021,2.0,,nan,BSE,SME,2026-01-03
INE715D01019,10.0,,nan,BSE,SME,2026-01-03
INE715Q01029,1.0,,nan,BSE,SME,2026-01-03
INE715T01031,1.0,,nan,BSE,SME,2026-01-03
INE716A01013,10.0,,nan,BSE,SME,2026-01-03
INE716B01029,1.0,,nan,BSE,SME,2026-01-03
INE716D01033,1.0,,nan,BSE,SME,2026-01-03
INE716F01012,10.0,,nan,BSE,SME,2026-01-03
INE716K01020,5.0,,nan,BSE,SME,2026-01-03
INE716M01034,10.0,,nan,BSE,SME,2026-01-03
INE717A01029,10.0,,nan,BSE,SME,2026-01-03
INE717C01025,1.0,,nan,BSE,SME,2026-01-03
INE717D01023,2.0,,nan,BSE,SME,2026-01-03
INE717E01013,10.0,,nan,BSE,SME,2026-01-03
INE717F01028,1.0,,nan,BSE,SME,2026-01-03
INE717W01049,2.0,,nan,BSE,SME,2026-01-03
INE718B01017,10.0,,nan,BSE,SME,2026-01-03
INE718F01018,10.0,,nan,BSE,SME,2026-01-03
INE718H01014,10.0,,nan,BSE,SME,2026-01-03
INE718I01012,10.0,,nan,BSE,SME,2026-01-03
INE718M01022,100.0,,nan,BSE,SME,2026-01-03
INE718P01017,10.0,,nan,BSE,SME,2026-01-03
INE721A01047,2.0,,nan,BSE,SME,2026-01-03
INE721C01019,10.0,,nan,BSE,SME,2026-01-03
INE721D01017,10.0,,nan,BSE,SME,2026-01-03
INE721U01011,10.0,,nan,BSE,SME,2026-01-03
INE721V01019,10.0,,nan,BSE,SME,2026-01-03
INE721X01015,10.0,,nan,BSE,SME,2026-01-03
INE722B01019,10.0,,nan,BSE,SME,2026-01-03
INE722D01015,10.0,,nan,BSE,SME,2026-01-03
INE722H01024,2.0,,nan,BSE,SME,2026-01-03
INE722J01012,10.0,,nan,BSE,SME,2026-01-03
INE722N01014,10.0,,nan,BSE,SME,2026-01-03
INE723C01015,10.0,,nan,BSE,SME,2026-01-03
INE723D01021,1.0,,nan,BSE,SME,2026-01-03
INE723K01018,10.0,,nan,BSE,SME,2026-01-03
INE723N01012,10.0,,nan,BSE,SME,2026-01-03
INE724A01017,10.0,,nan,BSE,SME,2026-01-03
INE724D01011,10.0,,nan,BSE,SME,2026-01-03
INE724G01014,10.0,,nan,BSE,SME,2026-01-03
INE725A01030,1.0,,nan,BSE,SME,2026-01-03
INE725E01024,1.0,,nan,BSE,SME,2026-01-03
INE725G01011,10.0,,nan,BSE,SME,2026-01-03
INE725L01011,10.0,,nan,BSE,SME,2026-01-03
INE725P01012,10.0,,nan,BSE,SME,2026-01-03
INE726D01016,10.0,,nan,BSE,SME,2026-01-03
INE726E01014,10.0,,nan,BSE,SME,2026-01-03
INE726G01019,10.0,,nan,BSE,SME,2026-01-03
INE726L01019,10.0,,nan,BSE,SME,2026-01-03
INE726V01018,1.0,,nan,BSE,SME,2026-01-03
INE726X01014,10.0,,nan,BSE,SME,2026-01-03
INE727B01026,5.0,,nan,BSE,SME,2026-01-03
INE727C01024,2.0,,nan,BSE,SME,2026-01-03
INE727S01012,10.0,,nan,BSE,SME,2026-01-03
INE728B01032,1.0,,nan,BSE,SME,2026-01-03
INE728J01019,10.0,,nan,BSE,SME,2026-01-03
INE728Q01014,10.0,,nan,BSE,SME,2026-01-03
INE728Z01015,10.0,,nan,BSE,SME,2026-01-03
INE729C01020,10.0,,nan,BSE,SME,2026-01-03
INE729D01010,10.0,,nan,BSE,SME,2026-01-03
INE730A01022,2.0,,nan,BSE,SME,2026-01-03
INE730E01016,10.0,,nan,BSE,SME,2026-01-03
INE730R01042,10.0,,nan,BSE,SME,2026-01-03
INE731A01020,2.0,,nan,BSE,SME,2026-01-03
INE731B01010,10.0,,nan,BSE,SME,2026-01-03
INE731C01018,10.0,,nan,BSE,SME,2026-01-03
INE731D01024,5.0,,nan,BSE,SME,2026-01-03
INE731F01037,6.0,,nan,BSE,SME,2026-01-03
INE731G01027,1.0,,nan,BSE,SME,2026-01-03
INE731H01025,2.0,,nan,BSE,SME,2026-01-03
INE731U01028,10.0,,nan,BSE,SME,2026-01-03
INE732A01036,2.0,,nan,BSE,SME,2026-01-03
INE732C01016,10.0,,nan,BSE,SME,2026-01-03
INE732I01013,10.0,,nan,BSE,SME,2026-01-03
INE732K01027,1.0,,nan,BSE,SME,2026-01-03
INE733A01018,10.0,,nan,BSE,SME,2026-01-03
INE733E01010,10.0,,nan,BSE,SME,2026-01-03
INE733N01011,10.0,,nan,BSE,SME,2026-01-03
INE734D01010,10.0,,nan,BSE,SME,2026-01-03
INE734I01027,1.0,,nan,BSE,SME,2026-01-03
INE734N01019,10.0,,nan,BSE,SME,2026-01-03
INE735C01027,1.0,,nan,BSE,SME,2026-01-03
INE735M01018,10.0,,nan,BSE,SME,2026-01-03
INE735U01011,10.0,,nan,BSE,SME,2026-01-03
INE735W01017,10.0,,nan,BSE,SME,2026-01-03
INE736H01024,5.0,,nan,BSE,SME,2026-01-03
INE736P01019,10.0,,nan,BSE,SME,2026-01-03
INE737B01033,10.0,,nan,BSE,SME,2026-01-03
INE737C01023,5.0,,nan,BSE,SME,2026-01-03
INE737D01021,1.0,,nan,BSE,SME,2026-01-03
INE737E01011,10.0,,nan,BSE,SME,2026-01-03
INE737G01016,10.0,,nan,BSE,SME,2026-01-03
INE737H01014,10.0,,nan,BSE,SME,2026-01-03
INE738D01029,1.0,,nan,BSE,SME,2026-01-03
INE738I01010,10.0,,nan,BSE,SME,2026-01-03
INE738P01015,10.0,,nan,BSE,SME,2026-01-03
INE739E01017,5.0,,nan,BSE,SME,2026-01-03
INE740D01017,10.0,,nan,BSE,SME,2026-01-03
INE740X01023,1.0,,nan,BSE,SME,2026-01-03
INE741A01011,10.0,,nan,BSE,SME,2026-01-03
INE741B01027,5.0,,nan,BSE,SME,2026-01-03
INE741D01015,10.0,,nan,BSE,SME,2026-01-03
INE741K01010,10.0,,nan,BSE,SME,2026-01-03
INE741L01018,1.0,,nan,BSE,SME,2026-01-03
INE742B01025,1.0,,nan,BSE,SME,2026-01-03
INE742C01031,5.0,,nan,BSE,SME,2026-01-03
INE742F01042,2.0,,nan,BSE,SME,2026-01-03
INE743D01011,10.0,,nan,BSE,SME,2026-01-03
INE743M01012,1.0,,nan,BSE,SME,2026-01-03
INE744C01029,10.0,,nan,BSE,SME,2026-01-03
INE744D01019,10.0,,nan,BSE,SME,2026-01-03
INE745A01012,10.0,,nan,BSE,SME,2026-01-03
INE745B01028,1.0,,nan,BSE,SME,2026-01-03
INE745G01043,2.0,,nan,BSE,SME,2026-01-03
INE745P01010,10.0,,nan,BSE,SME,2026-01-03
INE745R01024,1.0,,nan,BSE,SME,2026-01-03
INE746D01014,10.0,,nan,BSE,SME,2026-01-03
INE746V01016,10.0,,nan,BSE,SME,2026-01-03
INE747B01016,10.0,,nan,BSE,SME,2026-01-03
INE747K01017,10.0,,nan,BSE,SME,2026-01-03
INE747V01014,10.0,,nan,BSE,SME,2026-01-03
INE748C01038,10.0,,nan,BSE,SME,2026-01-03
INE748D01010,10.0,,nan,BSE,SME,2026-01-03
INE748T01016,10.0,,nan,BSE,SME,2026-01-03
INE749A01030,1.0,,nan,BSE,SME,2026-01-03
INE749B01020,10.0,,nan,BSE,SME,2026-01-03
INE750A01020,1.0,,nan,BSE,SME,2026-01-03
INE750B01010,10.0,,nan,BSE,SME,2026-01-03
INE750C01026,1.0,,nan,BSE,SME,2026-01-03
INE750D01016,10.0,,nan,BSE,SME,2026-01-03
INE750G01019,10.0,,nan,BSE,SME,2026-01-03
INE750M01017,2.0,,nan,BSE,SME,2026-01-03
INE750R01016,10.0,,nan,BSE,SME,2026-01-03
INE751B01018,10.0,,nan,BSE,SME,2026-01-03
INE751D01014,10.0,,nan,BSE,SME,2026-01-03
INE751R01014,10.0,,nan,BSE,SME,2026-01-03
INE752B01024,10.0,,nan,BSE,SME,2026-01-03
INE752E01010,10.0,,nan,BSE,SME,2026-01-03
INE752G01015,10.0,,nan,BSE,SME,2026-01-03
INE752H01013,10.0,,nan,BSE,SME,2026-01-03
INE753B01014,10.0,,nan,BSE,SME,2026-01-03
INE753D01010,10.0,,nan,BSE,SME,2026-01-03
INE753K01015,10.0,,nan,BSE,SME,2026-01-03
INE753U01022,5.0,,nan,BSE,SME,2026-01-03
INE754A01055,5.0,,nan,BSE,SME,2026-01-03
INE754B01012,10.0,,nan,BSE,SME,2026-01-03
INE754C01010,10.0,,nan,BSE,SME,2026-01-03
INE754D01018,10.0,,nan,BSE,SME,2026-01-03
INE755D01015,10.0,,nan,BSE,SME,2026-01-03
INE755J01012,10.0,,nan,BSE,SME,2026-01-03
INE755Q01025,5.0,,nan,BSE,SME,2026-01-03
INE756A01019,10.0,,nan,BSE,SME,2026-01-03
INE756I01012,10.0,,nan,BSE,SME,2026-01-03
INE756R01013,10.0,,nan,BSE,SME,2026-01-03
INE757A01017,10.0,,nan,BSE,SME,2026-01-03
INE757B01015,10.0,,nan,BSE,SME,2026-01-03
INE757C01021,5.0,,nan,BSE,SME,2026-01-03
INE757D01011,10.0,,nan,BSE,SME,2026-01-03
INE757T01025,1.0,,nan,BSE,SME,2026-01-03
INE758A01072,1.0,,nan,BSE,SME,2026-01-03
INE758C01029,2.0,,nan,BSE,SME,2026-01-03
INE758D01027,1.0,,nan,BSE,SME,2026-01-03
INE758E01017,10.0,,nan,BSE,SME,2026-01-03
INE758T01015,1.0,,nan,BSE,SME,2026-01-03
INE758W01019,10.0,,nan,BSE,SME,2026-01-03
INE759A01021,5.0,,nan,BSE,SME,2026-01-03
INE759C01027,1.0,,nan,BSE,SME,2026-01-03
INE759F01012,10.0,,nan,BSE,SME,2026-01-03
INE759I01024,2.0,,nan,BSE,SME,2026-01-03
INE759V01019,10.0,,nan,BSE,SME,2026-01-03
INE760A01029,1.0,,nan,BSE,SME,2026-01-03
INE760B01019,10.0,,nan,BSE,SME,2026-01-03
INE760F01028,5.0,,nan,BSE,SME,2026-01-03
INE760J01012,1.0,,nan,BSE,SME,2026-01-03
INE760L01018,10.0,,nan,BSE,SME,2026-01-03
INE760Y01011,10.0,,nan,BSE,SME,2026-01-03
INE761D01021,1.0,,nan,BSE,SME,2026-01-03
INE761G01016,1.0,,nan,BSE,SME,2026-01-03
INE761H01022,10.0,,nan,BSE,SME,2026-01-03
INE761Q01015,10.0,,nan,BSE,SME,2026-01-03
INE761R01013,10.0,,nan,BSE,SME,2026-01-03
INE761Y01019,10.0,,nan,BSE,SME,2026-01-03
INE762C01021,5.0,,nan,BSE,SME,2026-01-03
INE762D01011,10.0,,nan,BSE,SME,2026-01-03
INE763B01013,10.0,,nan,BSE,SME,2026-01-03
INE763D01019,10.0,,nan,BSE,SME,2026-01-03
INE763I01026,1.0,,nan,BSE,SME,2026-01-03
INE763K01014,10.0,,nan,BSE,SME,2026-01-03
INE763M01028,1.0,,nan,BSE,SME,2026-01-03
INE764B01029,1.0,,nan,BSE,SME,2026-01-03
INE764D01017,10.0,,nan,BSE,SME,2026-01-03
INE764L01010,10.0,,nan,BSE,SME,2026-01-03
INE765B01018,10.0,,nan,BSE,SME,2026-01-03
INE765D01022,1.0,,nan,BSE,SME,2026-01-03
INE765G01017,10.0,,nan,BSE,SME,2026-01-03
INE765L01017,10.0,,nan,BSE,SME,2026-01-03
INE766D01020,1.0,,nan,BSE,SME,2026-01-03
INE766P01016,10.0,,nan,BSE,SME,2026-01-03
INE767A01016,10.0,,nan,BSE,SME,2026-01-03
INE767B01022,1.0,,nan,BSE,SME,2026-01-03
INE767C01012,10.0,,nan,BSE,SME,2026-01-03
INE767M01029,1.0,,nan,BSE,SME,2026-01-03
INE768C01028,2.0,,nan,BSE,SME,2026-01-03
INE768E01024,5.0,,nan,BSE,SME,2026-01-03
INE769A01020,5.0,,nan,BSE,SME,2026-01-03
INE769D01016,10.0,,nan,BSE,SME,2026-01-03
INE770A01010,10.0,,nan,BSE,SME,2026-01-03
INE771A01026,2.0,,nan,BSE,SME,2026-01-03
INE771C01014,10.0,,nan,BSE,SME,2026-01-03
INE771E01010,10.0,,nan,BSE,SME,2026-01-03
INE771F01041,1.0,,nan,BSE,SME,2026-01-03
INE771Z01015,10.0,,nan,BSE,SME,2026-01-03
INE772B01014,10.0,,nan,BSE,SME,2026-01-03
INE772T01024,2.0,,nan,BSE,SME,2026-01-03
INE773D01018,10.0,,nan,BSE,SME,2026-01-03
INE773I01017,10.0,,nan,BSE,SME,2026-01-03
INE773T01014,10.0,,nan,BSE,SME,2026-01-03
INE773Y01014,10.0,,nan,BSE,SME,2026-01-03
INE774D01024,2.0,,nan,BSE,SME,2026-01-03
INE775A01035,1.0,,nan,BSE,SME,2026-01-03
INE775R01013,10.0,,nan,BSE,SME,2026-01-03
INE776C01039,1.0,,nan,BSE,SME,2026-01-03
INE776I01010,10.0,,nan,BSE,SME,2026-01-03
INE776O01018,10.0,,nan,BSE,SME,2026-01-03
INE776R01011,10.0,,nan,BSE,SME,2026-01-03
INE776V01013,10.0,,nan,BSE,SME,2026-01-03
INE777A01023,10.0,,nan,BSE,SME,2026-01-03
INE777C01011,10.0,,nan,BSE,SME,2026-01-03
INE777F01014,10.0,,nan,BSE,SME,2026-01-03
INE777G01012,10.0,,nan,BSE,SME,2026-01-03
INE777K01022,5.0,,nan,BSE,SME,2026-01-03
INE777O01016,10.0,,nan,BSE,SME,2026-01-03
INE777X01017,10.0,,nan,BSE,SME,2026-01-03
INE778B01029,5.0,,nan,BSE,SME,2026-01-03
INE778E01031,10.0,,nan,BSE,SME,2026-01-03
INE778I01024,5.0,,nan,BSE,SME,2026-01-03
INE778K01012,2.0,,nan,BSE,SME,2026-01-03
INE778N01016,10.0,,nan,BSE,SME,2026-01-03
INE779Q01017,10.0,,nan,BSE,SME,2026-01-03
INE780C01023,1.0,,nan,BSE,SME,2026-01-03
INE780Q01015,10.0,,nan,BSE,SME,2026-01-03
INE781A01025,2.0,,nan,BSE,SME,2026-01-03
INE781B01015,10.0,,nan,BSE,SME,2026-01-03
INE781S01027,1.0,,nan,BSE,SME,2026-01-03
INE782A01015,10.0,,nan,BSE,SME,2026-01-03
INE782D01027,10.0,,nan,BSE,SME,2026-01-03
INE782E01017,10.0,,nan,BSE,SME,2026-01-03
INE783E01023,2.0,,nan,BSE,SME,2026-01-03
INE783X01023,10.0,,nan,BSE,SME,2026-01-03
INE784B01035,10.0,,nan,BSE,SME,2026-01-03
INE784M01016,10.0,,nan,BSE,SME,2026-01-03
INE784R01023,1.0,,nan,BSE,SME,2026-01-03
INE784W01015,10.0,,nan,BSE,SME,2026-01-03
INE785A01026,5.0,,nan,BSE,SME,2026-01-03
INE785D01012,10.0,,nan,BSE,SME,2026-01-03
INE785M01021,1.0,,nan,BSE,SME,2026-01-03
INE785O01019,10.0,,nan,BSE,SME,2026-01-03
INE786A01032,5.0,,nan,BSE,SME,2026-01-03
INE786E01018,10.0,,nan,BSE,SME,2026-01-03
INE786F01031,10.0,,nan,BSE,SME,2026-01-03
INE786J01033,1.0,,nan,BSE,SME,2026-01-03
INE786K01023,2.0,,nan,BSE,SME,2026-01-03
INE787D01026,2.0,,nan,BSE,SME,2026-01-03
INE788D01016,10.0,,nan,BSE,SME,2026-01-03
INE788H01017,10.0,,nan,BSE,SME,2026-01-03
INE788J01021,5.0,,nan,BSE,SME,2026-01-03
INE788M01017,10.0,,nan,BSE,SME,2026-01-03
INE789B01018,10.0,,nan,BSE,SME,2026-01-03
INE789E01012,10.0,,nan,BSE,SME,2026-01-03
INE789R01022,1.0,,nan,BSE,SME,2026-01-03
INE790B01024,1.0,,nan,BSE,SME,2026-01-03
INE790C01014,10.0,,nan,BSE,SME,2026-01-03
INE790D01020,2.0,,nan,BSE,SME,2026-01-03
INE790G01031,1.0,,nan,BSE,SME,2026-01-03
INE791A01024,1.0,,nan,BSE,SME,2026-01-03
INE791B01014,10.0,,nan,BSE,SME,2026-01-03
INE791E01018,10.0,,nan,BSE,SME,2026-01-03
INE791H01011,10.0,,nan,BSE,SME,2026-01-03
INE791I01019,10.0,,nan,BSE,SME,2026-01-03
INE792B01012,10.0,,nan,BSE,SME,2026-01-03
INE792G01011,10.0,,nan,BSE,SME,2026-01-03
INE792H01019,10.0,,nan,BSE,SME,2026-01-03
INE792I01017,10.0,,nan,BSE,SME,2026-01-03
INE792J01015,10.0,,nan,BSE,SME,2026-01-03
INE792P01020,1.0,,nan,BSE,SME,2026-01-03
INE792Z01011,10.0,,nan,BSE,SME,2026-01-03
INE793A01012,10.0,,nan,BSE,SME,2026-01-03
INE793G01035,1.0,,nan,BSE,SME,2026-01-03
INE793Z01027,10.0,,nan,BSE,SME,2026-01-03
INE794A01010,10.0,,nan,BSE,SME,2026-01-03
INE794B01026,2.0,,nan,BSE,SME,2026-01-03
INE794C01016,10.0,,nan,BSE,SME,2026-01-03
INE794W01014,10.0,,nan,BSE,SME,2026-01-03
INE795A01017,10.0,,nan,BSE,SME,2026-01-03
INE795D01011,10.0,,nan,BSE,SME,2026-01-03
INE795E01019,10.0,,nan,BSE,SME,2026-01-03
INE795G01014,10.0,,nan,BSE,SME,2026-01-03
INE796C01011,10.0,,nan,BSE,SME,2026-01-03
INE796G01012,10.0,,nan,BSE,SME,2026-01-03
INE796W01019,10.0,,nan,BSE,SME,2026-01-03
INE796W20027,0.05,,nan,BSE,SME,2026-01-03
INE797C01019,10.0,,nan,BSE,SME,2026-01-03
INE797D01017,10.0,,nan,BSE,SME,2026-01-03
INE797F01020,2.0,,nan,BSE,SME,2026-01-03
INE797H01018,10.0,,nan,BSE,SME,2026-01-03
INE797Z01028,1.0,,nan,BSE,SME,2026-01-03
INE798C01017,10.0,,nan,BSE,SME,2026-01-03
INE798D01015,10.0,,nan,BSE,SME,2026-01-03
INE798E01013,10.0,,nan,BSE,SME,2026-01-03
INE798F01010,10.0,,nan,BSE,SME,2026-01-03
INE798K01010,1.0,,nan,BSE,SME,2026-01-03
INE799B01017,10.0,,nan,BSE,SME,2026-01-03
INE799C01031,1.0,,nan,BSE,SME,2026-01-03
INE799E01011,10.0,,nan,BSE,SME,2026-01-03
INE799N01012,10.0,,nan,BSE,SME,2026-01-03
INE800A01015,10.0,,nan,BSE,SME,2026-01-03
INE800H01010,10.0,,nan,BSE,SME,2026-01-03
INE800K01014,10.0,,nan,BSE,SME,2026-01-03
INE800W01019,10.0,,nan,BSE,SME,2026-01-03
INE802A01037,10.0,,nan,BSE,SME,2026-01-03
INE802B01027,5.0,,nan,BSE,SME,2026-01-03
INE802C01033,1.0,,nan,BSE,SME,2026-01-03
INE802D01023,2.0,,nan,BSE,SME,2026-01-03
INE803D01021,1.0,,nan,BSE,SME,2026-01-03
INE803H01014,10.0,,nan,BSE,SME,2026-01-03
INE803L01016,10.0,,nan,BSE,SME,2026-01-03
INE804A01025,1.0,,nan,BSE,SME,2026-01-03
INE804B01023,1.0,,nan,BSE,SME,2026-01-03
INE804H01012,10.0,,nan,BSE,SME,2026-01-03
INE804L01022,2.0,,nan,BSE,SME,2026-01-03
INE804Q01013,10.0,,nan,BSE,SME,2026-01-03
INE805A01014,10.0,,nan,BSE,SME,2026-01-03
INE805C01028,1.0,,nan,BSE,SME,2026-01-03
INE805D01034,1.0,,nan,BSE,SME,2026-01-03
INE805Q01028,1.0,,nan,BSE,SME,2026-01-03
INE806A01020,1.0,,nan,BSE,SME,2026-01-03
INE806C01018,10.0,,nan,BSE,SME,2026-01-03
INE806D01016,10.0,,nan,BSE,SME,2026-01-03
INE806J01013,10.0,,nan,BSE,SME,2026-01-03
INE806T01020,2.0,,nan,BSE,SME,2026-01-03
INE807A01010,10.0,,nan,BSE,SME,2026-01-03
INE807D01030,1.0,,nan,BSE,SME,2026-01-03
INE807F01027,2.0,,nan,BSE,SME,2026-01-03
INE807H01023,5.0,,nan,BSE,SME,2026-01-03
INE807K01035,5.0,,nan,BSE,SME,2026-01-03
INE807M01031,1.0,,nan,BSE,SME,2026-01-03
INE807O01011,10.0,,nan,BSE,SME,2026-01-03
INE808A01018,10.0,,nan,BSE,SME,2026-01-03
INE808R01012,10.0,,nan,BSE,SME,2026-01-03
INE808W01012,10.0,,nan,BSE,SME,2026-01-03
INE809A01032,5.0,,nan,BSE,SME,2026-01-03
INE809B01014,10.0,,nan,BSE,SME,2026-01-03
INE809E01018,10.0,,nan,BSE,SME,2026-01-03
INE809F01015,10.0,,nan,BSE,SME,2026-01-03
INE809I01019,10.0,,nan,BSE,SME,2026-01-03
INE809Q01020,5.0,,nan,BSE,SME,2026-01-03
INE810C01044,10.0,,nan,BSE,SME,2026-01-03
INE810G01011,10.0,,nan,BSE,SME,2026-01-03
INE810M01019,10.0,,nan,BSE,SME,2026-01-03
INE811A01020,2.0,,nan,BSE,SME,2026-01-03
INE811B01010,10.0,,nan,BSE,SME,2026-01-03
INE811D01024,1.0,,nan,BSE,SME,2026-01-03
INE811H01017,10.0,,nan,BSE,SME,2026-01-03
INE811K01011,10.0,,nan,BSE,SME,2026-01-03
INE812B01026,1.0,,nan,BSE,SME,2026-01-03
INE812G01025,1.0,,nan,BSE,SME,2026-01-03
INE812K01027,1.0,,nan,BSE,SME,2026-01-03
INE812Q01016,10.0,,nan,BSE,SME,2026-01-03
INE812S01012,10.0,,nan,BSE,SME,2026-01-03
INE813A01018,10.0,,nan,BSE,SME,2026-01-03
INE813B01016,10.0,,nan,BSE,SME,2026-01-03
INE813G01023,10.0,,nan,BSE,SME,2026-01-03
INE813H01021,10.0,,nan,BSE,SME,2026-01-03
INE814D01010,10.0,,nan,BSE,SME,2026-01-03
INE814H01029,2.0,,nan,BSE,SME,2026-01-03
INE814L01013,10.0,,nan,BSE,SME,2026-01-03
INE816B01035,1.0,,nan,BSE,SME,2026-01-03
INE817B01025,10.0,,nan,BSE,SME,2026-01-03
INE818A01017,10.0,,nan,BSE,SME,2026-01-03
INE818B01023,10.0,,nan,BSE,SME,2026-01-03
INE818D01011,10.0,,nan,BSE,SME,2026-01-03
INE818H01020,1.0,,nan,BSE,SME,2026-01-03
INE818R01011,10.0,,nan,BSE,SME,2026-01-03
INE818W01011,10.0,,nan,BSE,SME,2026-01-03
INE819A01049,1.0,,nan,BSE,SME,2026-01-03
INE819C01011,10.0,,nan,BSE,SME,2026-01-03
INE819G01012,10.0,,nan,BSE,SME,2026-01-03
INE819K01014,10.0,,nan,BSE,SME,2026-01-03
INE819S01025,1.0,,nan,BSE,SME,2026-01-03
INE819V01029,1.0,,nan,BSE,SME,2026-01-03
INE819Y01015,10.0,,nan,BSE,SME,2026-01-03
INE820M01018,10.0,,nan,BSE,SME,2026-01-03
INE820R01017,10.0,,nan,BSE,SME,2026-01-03
INE821D01031,10.0,,nan,BSE,SME,2026-01-03
INE821I01022,1.0,,nan,BSE,SME,2026-01-03
INE821R01015,10.0,,nan,BSE,SME,2026-01-03
INE821Y01011,10.0,,nan,BSE,SME,2026-01-03
INE822B01017,10.0,,nan,BSE,SME,2026-01-03
INE822C01015,10.0,,nan,BSE,SME,2026-01-03
INE822D01021,2.0,,nan,BSE,SME,2026-01-03
INE822E01011,10.0,,nan,BSE,SME,2026-01-03
INE822G01016,10.0,,nan,BSE,SME,2026-01-03
INE822Q01015,10.0,,nan,BSE,SME,2026-01-03
INE823A01017,10.0,,nan,BSE,SME,2026-01-03
INE823B01015,10.0,,nan,BSE,SME,2026-01-03
INE823D01011,10.0,,nan,BSE,SME,2026-01-03
INE823G01014,10.0,,nan,BSE,SME,2026-01-03
INE824G01012,10.0,,nan,BSE,SME,2026-01-03
INE824Q01011,1.0,,nan,BSE,SME,2026-01-03
INE825A01020,2.0,,nan,BSE,SME,2026-01-03
INE825B01010,10.0,,nan,BSE,SME,2026-01-03
INE825C01018,10.0,,nan,BSE,SME,2026-01-03
INE825D01016,10.0,,nan,BSE,SME,2026-01-03
INE825M01017,10.0,,nan,BSE,SME,2026-01-03
INE825V01034,1.0,,nan,BSE,SME,2026-01-03
INE826B01018,10.0,,nan,BSE,SME,2026-01-03
INE826C01016,10.0,,nan,BSE,SME,2026-01-03
INE826P01018,10.0,,nan,BSE,SME,2026-01-03
INE827D01020,10.0,,nan,BSE,SME,2026-01-03
INE828A01016,10.0,,nan,BSE,SME,2026-01-03
INE828G01013,1.0,,nan,BSE,SME,2026-01-03
INE828I01019,10.0,,nan,BSE,SME,2026-01-03
INE829A01014,10.0,,nan,BSE,SME,2026-01-03
INE829P01020,5.0,,nan,BSE,SME,2026-01-03
INE829R01018,10.0,,nan,BSE,SME,2026-01-03
INE829S01016,10.0,,nan,BSE,SME,2026-01-03
INE830A01012,10.0,,nan,BSE,SME,2026-01-03
INE830C01026,2.0,,nan,BSE,SME,2026-01-03
INE830Q01018,1.0,,nan,BSE,SME,2026-01-03
INE830S01014,10.0,,nan,BSE,SME,2026-01-03
INE831A01028,1.0,,nan,BSE,SME,2026-01-03
INE831C01016,10.0,,nan,BSE,SME,2026-01-03
INE832A01018,10.0,,nan,BSE,SME,2026-01-03
INE832C01014,10.0,,nan,BSE,SME,2026-01-03
INE832D01020,10.0,,nan,BSE,SME,2026-01-03
INE832E01010,10.0,,nan,BSE,SME,2026-01-03
INE833A01016,10.0,,nan,BSE,SME,2026-01-03
INE833Q01012,10.0,,nan,BSE,SME,2026-01-03
INE834B01012,10.0,,nan,BSE,SME,2026-01-03
INE834C01028,1.0,,nan,BSE,SME,2026-01-03
INE834D01018,10.0,,nan,BSE,SME,2026-01-03
INE834E01016,10.0,,nan,BSE,SME,2026-01-03
INE834I01025,10.0,,nan,BSE,SME,2026-01-03
INE834M01019,2.0,,nan,BSE,SME,2026-01-03
INE835A01029,1.0,,nan,BSE,SME,2026-01-03
INE835B01035,2.0,,nan,BSE,SME,2026-01-03
INE835D01023,2.0,,nan,BSE,SME,2026-01-03
INE835G01018,10.0,,nan,BSE,SME,2026-01-03
INE835U01027,1.0,,nan,BSE,SME,2026-01-03
INE836A01035,2.0,,nan,BSE,SME,2026-01-03
INE836B01017,10.0,,nan,BSE,SME,2026-01-03
INE836C01015,10.0,,nan,BSE,SME,2026-01-03
INE836D01013,10.0,,nan,BSE,SME,2026-01-03
INE836F01026,1.0,,nan,BSE,SME,2026-01-03
INE837B01031,10.0,,nan,BSE,SME,2026-01-03
INE837C01013,10.0,,nan,BSE,SME,2026-01-03
INE837E01019,10.0,,nan,BSE,SME,2026-01-03
INE837H01020,2.0,,nan,BSE,SME,2026-01-03
INE837X01027,10.0,,nan,BSE,SME,2026-01-03
INE838B01021,5.0,,nan,BSE,SME,2026-01-03
INE838C01011,10.0,,nan,BSE,SME,2026-01-03
INE838E01017,10.0,,nan,BSE,SME,2026-01-03
INE838Z01012,10.0,,nan,BSE,SME,2026-01-03
INE839A01021,2.0,,nan,BSE,SME,2026-01-03
INE839E01023,5.0,,nan,BSE,SME,2026-01-03
INE839M01018,2.0,,nan,BSE,SME,2026-01-03
INE840D01015,10.0,,nan,BSE,SME,2026-01-03
INE840I01014,10.0,,nan,BSE,SME,2026-01-03
INE840M01016,10.0,,nan,BSE,SME,2026-01-03
INE841B01017,10.0,,nan,BSE,SME,2026-01-03
INE841D01013,10.0,,nan,BSE,SME,2026-01-03
INE841L01016,10.0,,nan,BSE,SME,2026-01-03
INE841Y01019,10.0,,nan,BSE,SME,2026-01-03
INE842B01015,10.0,,nan,BSE,SME,2026-01-03
INE842C01021,2.0,,nan,BSE,SME,2026-01-03
INE842D01029,1.0,,nan,BSE,SME,2026-01-03
INE843B01013,10.0,,nan,BSE,SME,2026-01-03
INE843D01027,2.0,,nan,BSE,SME,2026-01-03
INE843F01014,10.0,,nan,BSE,SME,2026-01-03
INE843L01012,10.0,,nan,BSE,SME,2026-01-03
INE843S01025,5.0,,nan,BSE,SME,2026-01-03
INE844A01013,10.0,,nan,BSE,SME,2026-01-03
INE844C01027,10.0,,nan,BSE,SME,2026-01-03
INE844D01017,10.0,,nan,BSE,SME,2026-01-03
INE844K01012,10.0,,nan,BSE,SME,2026-01-03
INE844O01030,2.0,,nan,BSE,SME,2026-01-03
INE845A01028,1.0,,nan,BSE,SME,2026-01-03
INE845B01018,10.0,,nan,BSE,SME,2026-01-03
INE845D01014,10.0,,nan,BSE,SME,2026-01-03
INE846D01012,10.0,,nan,BSE,SME,2026-01-03
INE847C01020,2.0,,nan,BSE,SME,2026-01-03
INE847D01010,10.0,,nan,BSE,SME,2026-01-03
INE848A01014,10.0,,nan,BSE,SME,2026-01-03
INE848B01012,10.0,,nan,BSE,SME,2026-01-03
INE848D01018,10.0,,nan,BSE,SME,2026-01-03
INE848E01016,10.0,,nan,BSE,SME,2026-01-03
INE848M01019,10.0,,nan,BSE,SME,2026-01-03
INE848N01017,10.0,,nan,BSE,SME,2026-01-03
INE849A01020,1.0,,nan,BSE,SME,2026-01-03
INE849B01010,10.0,,nan,BSE,SME,2026-01-03
INE849C01026,2.0,,nan,BSE,SME,2026-01-03
INE849M01017,10.0,,nan,BSE,SME,2026-01-03
INE850B01026,5.0,,nan,BSE,SME,2026-01-03
INE850D01014,10.0,,nan,BSE,SME,2026-01-03
INE850M01015,10.0,,nan,BSE,SME,2026-01-03
INE850R01014,10.0,,nan,BSE,SME,2026-01-03
INE851I01011,10.0,,nan,BSE,SME,2026-01-03
INE852O01025,2.0,,nan,BSE,SME,2026-01-03
INE854B01010,10.0,,nan,BSE,SME,2026-01-03
INE854D01024,2.0,,nan,BSE,SME,2026-01-03
INE854S01022,5.0,,nan,BSE,SME,2026-01-03
INE855A01019,10.0,,nan,BSE,SME,2026-01-03
INE855B01025,2.0,,nan,BSE,SME,2026-01-03
INE855C01023,1.0,,nan,BSE,SME,2026-01-03
INE855F01042,1.0,,nan,BSE,SME,2026-01-03
INE855R01021,1.0,,nan,BSE,SME,2026-01-03
INE856A01017,10.0,,nan,BSE,SME,2026-01-03
INE856B01023,1.0,,nan,BSE,SME,2026-01-03
INE856D01011,10.0,,nan,BSE,SME,2026-01-03
INE856E01019,10.0,,nan,BSE,SME,2026-01-03
INE857P01021,1.0,,nan,BSE,SME,2026-01-03
INE858B01029,1.0,,nan,BSE,SME,2026-01-03
INE858C01027,10.0,,nan,BSE,SME,2026-01-03
INE858F01012,10.0,,nan,BSE,SME,2026-01-03
INE858L01010,10.0,,nan,BSE,SME,2026-01-03
INE858Q01019,10.0,,nan,BSE,SME,2026-01-03
INE859A01011,10.0,,nan,BSE,SME,2026-01-03
INE859Q01017,1.0,,nan,BSE,SME,2026-01-03
INE860A01027,2.0,,nan,BSE,SME,2026-01-03
INE860D01013,10.0,,nan,BSE,SME,2026-01-03
INE860E01011,10.0,,nan,BSE,SME,2026-01-03
INE860T01019,10.0,,nan,BSE,SME,2026-01-03
INE860Y01019,10.0,,nan,BSE,SME,2026-01-03
INE861B01023,5.0,,nan,BSE,SME,2026-01-03
INE861D01011,10.0,,nan,BSE,SME,2026-01-03
INE861E01019,10.0,,nan,BSE,SME,2026-01-03
INE861H01020,5.0,,nan,BSE,SME,2026-01-03
INE861N01036,1.0,,nan,BSE,SME,2026-01-03
INE862B01013,10.0,,nan,BSE,SME,2026-01-03
INE862C01029,5.0,,nan,BSE,SME,2026-01-03
INE863B01029,2.0,,nan,BSE,SME,2026-01-03
INE863C01019,10.0,,nan,BSE,SME,2026-01-03
INE863D01017,10.0,,nan,BSE,SME,2026-01-03
INE863E01015,10.0,,nan,BSE,SME,2026-01-03
INE863I01016,10.0,,nan,BSE,SME,2026-01-03
INE863T01013,2.0,,nan,BSE,SME,2026-01-03
INE864D01015,10.0,,nan,BSE,SME,2026-01-03
INE864E01021,5.0,,nan,BSE,SME,2026-01-03
INE864I01014,10.0,,nan,BSE,SME,2026-01-03
INE864J01012,10.0,,nan,BSE,SME,2026-01-03
INE864K01010,10.0,,nan,BSE,SME,2026-01-03
INE864X01013,10.0,,nan,BSE,SME,2026-01-03
INE865B01016,10.0,,nan,BSE,SME,2026-01-03
INE865C01022,1.0,,nan,BSE,SME,2026-01-03
INE865D01012,10.0,,nan,BSE,SME,2026-01-03
INE865P01016,10.0,,nan,BSE,SME,2026-01-03
INE865T01018,1.0,,nan,BSE,SME,2026-01-03
INE866A01016,10.0,,nan,BSE,SME,2026-01-03
INE866D01010,10.0,,nan,BSE,SME,2026-01-03
INE866K01023,10.0,,nan,BSE,SME,2026-01-03
INE866R01028,5.0,,nan,BSE,SME,2026-01-03
INE867A01022,2.0,,nan,BSE,SME,2026-01-03
INE867C01010,10.0,,nan,BSE,SME,2026-01-03
INE867D01018,10.0,,nan,BSE,SME,2026-01-03
INE868B01028,2.0,,nan,BSE,SME,2026-01-03
INE868C01018,10.0,,nan,BSE,SME,2026-01-03
INE868G01019,10.0,,nan,BSE,SME,2026-01-03
INE868X01014,100.0,,nan,BSE,SME,2026-01-03
INE869A01010,10.0,,nan,BSE,SME,2026-01-03
INE869I01013,10.0,,nan,BSE,SME,2026-01-03
INE870B01024,1.0,,nan,BSE,SME,2026-01-03
INE870D01012,10.0,,nan,BSE,SME,2026-01-03
INE870H01013,5.0,,nan,BSE,SME,2026-01-03
INE870J01019,10.0,,nan,BSE,SME,2026-01-03
INE870V01014,10.0,,nan,BSE,SME,2026-01-03
INE870Z01015,10.0,,nan,BSE,SME,2026-01-03
INE871C01038,1.0,,nan,BSE,SME,2026-01-03
INE871H01011,10.0,,nan,BSE,SME,2026-01-03
INE871K01015,10.0,,nan,BSE,SME,2026-01-03
INE871L01013,10.0,,nan,BSE,SME,2026-01-03
INE871Z01013,10.0,,nan,BSE,SME,2026-01-03
INE872E01016,10.0,,nan,BSE,SME,2026-01-03
INE872H01027,2.0,,nan,BSE,SME,2026-01-03
INE872J01023,1.0,,nan,BSE,SME,2026-01-03
INE873D01024,2.0,,nan,BSE,SME,2026-01-03
INE873N01015,10.0,,nan,BSE,SME,2026-01-03
INE874A01010,10.0,,nan,BSE,SME,2026-01-03
INE874E01012,10.0,,nan,BSE,SME,2026-01-03
INE874F01027,2.0,,nan,BSE,SME,2026-01-03
INE874I01013,10.0,,nan,BSE,SME,2026-01-03
INE875B01015,10.0,,nan,BSE,SME,2026-01-03
INE875G01048,1.0,,nan,BSE,SME,2026-01-03
INE875N01036,10.0,,nan,BSE,SME,2026-01-03
INE875R01011,10.0,,nan,BSE,SME,2026-01-03
INE875S01019,10.0,,nan,BSE,SME,2026-01-03
INE876A01023,1.0,,nan,BSE,SME,2026-01-03
INE876E01033,10.0,,nan,BSE,SME,2026-01-03
INE876N01018,1.0,,nan,BSE,SME,2026-01-03
INE876S01017,10.0,,nan,BSE,SME,2026-01-03
INE877E01015,10.0,,nan,BSE,SME,2026-01-03
INE877F01012,10.0,,nan,BSE,SME,2026-01-03
INE877I01016,10.0,,nan,BSE,SME,2026-01-03
INE877V01027,2.0,,nan,BSE,SME,2026-01-03
INE878A01011,10.0,,nan,BSE,SME,2026-01-03
INE878B01027,2.0,,nan,BSE,SME,2026-01-03
INE878E01021,2.0,,nan,BSE,SME,2026-01-03
INE878H01024,1.0,,nan,BSE,SME,2026-01-03
INE878I01022,10.0,,nan,BSE,SME,2026-01-03
INE878K01010,5.0,,nan,BSE,SME,2026-01-03
INE878P01019,10.0,,nan,BSE,SME,2026-01-03
INE879A01019,5.0,,nan,BSE,SME,2026-01-03
INE879E01037,1.0,,nan,BSE,SME,2026-01-03
INE879I01012,10.0,,nan,BSE,SME,2026-01-03
INE879K01018,1.0,,nan,BSE,SME,2026-01-03
INE880B01015,10.0,,nan,BSE,SME,2026-01-03
INE880J01026,2.0,,nan,BSE,SME,2026-01-03
INE880L01014,10.0,,nan,BSE,SME,2026-01-03
INE880P01015,10.0,,nan,BSE,SME,2026-01-03
INE881A01015,10.0,,nan,BSE,SME,2026-01-03
INE881B01054,10.0,,nan,BSE,SME,2026-01-03
INE881D01027,5.0,,nan,BSE,SME,2026-01-03
INE881E01017,10.0,,nan,BSE,SME,2026-01-03
INE881P01013,10.0,,nan,BSE,SME,2026-01-03
INE882A01013,10.0,,nan,BSE,SME,2026-01-03
INE882B01037,1.0,,nan,BSE,SME,2026-01-03
INE882C01035,10.0,,nan,BSE,SME,2026-01-03
INE882D01017,10.0,,nan,BSE,SME,2026-01-03
INE883A01011,10.0,,nan,BSE,SME,2026-01-03
INE883B01027,1.0,,nan,BSE,SME,2026-01-03
INE883C01025,10.0,,nan,BSE,SME,2026-01-03
INE883D01023,1.0,,nan,BSE,SME,2026-01-03
INE883F01010,10.0,,nan,BSE,SME,2026-01-03
INE883L01018,10.0,,nan,BSE,SME,2026-01-03
INE883N01014,10.0,,nan,BSE,SME,2026-01-03
INE884A01027,2.0,,nan,BSE,SME,2026-01-03
INE884B01025,5.0,,nan,BSE,SME,2026-01-03
INE884X01011,10.0,,nan,BSE,SME,2026-01-03
INE885A01032,1.0,,nan,BSE,SME,2026-01-03
INE885B01014,10.0,,nan,BSE,SME,2026-01-03
INE885E01042,2.0,,nan,BSE,SME,2026-01-03
INE885H01029,1.0,,nan,BSE,SME,2026-01-03
INE886A01014,10.0,,nan,BSE,SME,2026-01-03
INE886B01012,10.0,,nan,BSE,SME,2026-01-03
INE886D01026,2.0,,nan,BSE,SME,2026-01-03
INE886E01016,10.0,,nan,BSE,SME,2026-01-03
INE887D01016,10.0,,nan,BSE,SME,2026-01-03
INE887E01022,5.0,,nan,BSE,SME,2026-01-03
INE887G01027,5.0,,nan,BSE,SME,2026-01-03
INE888C01040,1.0,,nan,BSE,SME,2026-01-03
INE888Q01016,10.0,,nan,BSE,SME,2026-01-03
INE889F01017,10.0,,nan,BSE,SME,2026-01-03
INE890B01014,10.0,,nan,BSE,SME,2026-01-03
INE890C01046,1.0,,nan,BSE,SME,2026-01-03
INE890G01021,5.0,,nan,BSE,SME,2026-01-03
INE890N01027,5.0,,nan,BSE,SME,2026-01-03
INE890S01026,2.0,,nan,BSE,SME,2026-01-03
INE891B01012,10.0,,nan,BSE,SME,2026-01-03
INE891D01026,2.0,,nan,BSE,SME,2026-01-03
INE891G01011,10.0,,nan,BSE,SME,2026-01-03
INE891N01017,10.0,,nan,BSE,SME,2026-01-03
INE892C01018,10.0,,nan,BSE,SME,2026-01-03
INE892L01019,10.0,,nan,BSE,SME,2026-01-03
INE893A01036,1.0,,nan,BSE,SME,2026-01-03
INE893C01032,10.0,,nan,BSE,SME,2026-01-03
INE893I01013,10.0,,nan,BSE,SME,2026-01-03
INE893J01029,5.0,,nan,BSE,SME,2026-01-03
INE894A01026,1.0,,nan,BSE,SME,2026-01-03
INE894E01028,1.0,,nan,BSE,SME,2026-01-03
INE894J01019,10.0,,nan,BSE,SME,2026-01-03
INE894V01022,5.0,,nan,BSE,SME,2026-01-03
INE895A01023,1.0,,nan,BSE,SME,2026-01-03
INE895B01021,1.0,,nan,BSE,SME,2026-01-03
INE895E01017,10.0,,nan,BSE,SME,2026-01-03
INE896D01017,10.0,,nan,BSE,SME,2026-01-03
INE896E01023,5.0,,nan,BSE,SME,2026-01-03
INE896J01014,10.0,,nan,BSE,SME,2026-01-03
INE896L01010,10.0,,nan,BSE,SME,2026-01-03
INE897A01011,10.0,,nan,BSE,SME,2026-01-03
INE897B01019,10.0,,nan,BSE,SME,2026-01-03
INE897D01015,10.0,,nan,BSE,SME,2026-01-03
INE897N01014,10.0,,nan,BSE,SME,2026-01-03
INE898E01011,10.0,,nan,BSE,SME,2026-01-03
INE898O01010,10.0,,nan,BSE,SME,2026-01-03
INE898Q01015,10.0,,nan,BSE,SME,2026-01-03
INE898S01029,5.0,,nan,BSE,SME,2026-01-03
INE899B01015,10.0,,nan,BSE,SME,2026-01-03
INE899D01011,10.0,,nan,BSE,SME,2026-01-03
INE899E01019,10.0,,nan,BSE,SME,2026-01-03
INE899M01020,10.0,,nan,BSE,SME,2026-01-03
INE900A01013,10.0,,nan,BSE,SME,2026-01-03
INE900B01029,5.0,,nan,BSE,SME,2026-01-03
INE900C01027,10.0,,nan,BSE,SME,2026-01-03
INE900E01015,10.0,,nan,BSE,SME,2026-01-03
INE900O01014,10.0,,nan,BSE,SME,2026-01-03
INE901C01017,10.0,,nan,BSE,SME,2026-01-03
INE901L01018,2.0,,nan,BSE,SME,2026-01-03
INE902B01017,10.0,,nan,BSE,SME,2026-01-03
INE902C01015,10.0,,nan,BSE,SME,2026-01-03
INE902D01013,10.0,,nan,BSE,SME,2026-01-03
INE902G01016,10.0,,nan,BSE,SME,2026-01-03
INE903A01025,1.0,,nan,BSE,SME,2026-01-03
INE903D01011,10.0,,nan,BSE,SME,2026-01-03
INE903U01023,1.0,,nan,BSE,SME,2026-01-03
INE904R01027,2.0,,nan,BSE,SME,2026-01-03
INE905B01010,10.0,,nan,BSE,SME,2026-01-03
INE905P01028,2.0,,nan,BSE,SME,2026-01-03
INE905R01016,10.0,,nan,BSE,SME,2026-01-03
INE906C01016,10.0,,nan,BSE,SME,2026-01-03
INE906D01014,10.0,,nan,BSE,SME,2026-01-03
INE906L01025,5.0,,nan,BSE,SME,2026-01-03
INE906O01029,1.0,,nan,BSE,SME,2026-01-03
INE906Y01028,1.0,,nan,BSE,SME,2026-01-03
INE907A01026,5.0,,nan,BSE,SME,2026-01-03
INE907E01010,10.0,,nan,BSE,SME,2026-01-03
INE908C01012,10.0,,nan,BSE,SME,2026-01-03
INE908D01010,10.0,,nan,BSE,SME,2026-01-03
INE909B01020,10.0,,nan,BSE,SME,2026-01-03
INE909D01026,1.0,,nan,BSE,SME,2026-01-03
INE910A01012,10.0,,nan,BSE,SME,2026-01-03
INE910B01028,2.0,,nan,BSE,SME,2026-01-03
INE910C01018,10.0,,nan,BSE,SME,2026-01-03
INE910D01024,1.0,,nan,BSE,SME,2026-01-03
INE910G01027,5.0,,nan,BSE,SME,2026-01-03
INE910R01024,2.0,,nan,BSE,SME,2026-01-03
INE911B01018,10.0,,nan,BSE,SME,2026-01-03
INE911T01010,10.0,,nan,BSE,SME,2026-01-03
INE911Z01017,10.0,,nan,BSE,SME,2026-01-03
INE912B01032,1.0,,nan,BSE,SME,2026-01-03
INE912H01013,10.0,,nan,BSE,SME,2026-01-03
INE912L01015,10.0,,nan,BSE,SME,2026-01-03
INE912T01018,10.0,,nan,BSE,SME,2026-01-03
INE913H01037,10.0,,nan,BSE,SME,2026-01-03
INE914B01012,10.0,,nan,BSE,SME,2026-01-03
INE914E01040,1.0,,nan,BSE,SME,2026-01-03
INE914G01029,5.0,,nan,BSE,SME,2026-01-03
INE914M01019,10.0,,nan,BSE,SME,2026-01-03
INE915B01019,10.0,,nan,BSE,SME,2026-01-03
INE915E01013,10.0,,nan,BSE,SME,2026-01-03
INE916G01016,10.0,,nan,BSE,SME,2026-01-03
INE916P01025,1.0,,nan,BSE,SME,2026-01-03
INE916U01025,5.0,,nan,BSE,SME,2026-01-03
INE916Y01027,1.0,,nan,BSE,SME,2026-01-03
INE917H01012,10.0,,nan,BSE,SME,2026-01-03
INE917I01010,10.0,,nan,BSE,SME,2026-01-03
INE917M01012,10.0,,nan,BSE,SME,2026-01-03
INE918C01029,5.0,,nan,BSE,SME,2026-01-03
INE918I01026,1.0,,nan,BSE,SME,2026-01-03
INE918N01018,10.0,,nan,BSE,SME,2026-01-03
INE918Z01012,10.0,,nan,BSE,SME,2026-01-03
INE919B01011,10.0,,nan,BSE,SME,2026-01-03
INE919C01019,10.0,,nan,BSE,SME,2026-01-03
INE919H01018,10.0,,nan,BSE,SME,2026-01-03
INE919I01024,2.0,,nan,BSE,SME,2026-01-03
INE919T01013,10.0,,nan,BSE,SME,2026-01-03
INE920A01037,1.0,,nan,BSE,SME,2026-01-03
INE920B01019,10.0,,nan,BSE,SME,2026-01-03
INE920C01017,10.0,,nan,BSE,SME,2026-01-03
INE920P01019,10.0,,nan,BSE,SME,2026-01-03
INE920T01011,10.0,,nan,BSE,SME,2026-01-03
INE921B01025,2.0,,nan,BSE,SME,2026-01-03
INE921D01013,10.0,,nan,BSE,SME,2026-01-03
INE922A01025,1.0,,nan,BSE,SME,2026-01-03
INE922B01023,1.0,,nan,BSE,SME,2026-01-03
INE922K01024,5.0,,nan,BSE,SME,2026-01-03
INE923A01015,10.0,,nan,BSE,SME,2026-01-03
INE923C01011,10.0,,nan,BSE,SME,2026-01-03
INE923K01014,10.0,,nan,BSE,SME,2026-01-03
INE923R01019,10.0,,nan,BSE,SME,2026-01-03
INE923Y01023,1.0,,nan,BSE,SME,2026-01-03
INE924A01013,10.0,,nan,BSE,SME,2026-01-03
INE924B01011,10.0,,nan,BSE,SME,2026-01-03
INE924D01017,10.0,,nan,BSE,SME,2026-01-03
INE924H01018,10.0,,nan,BSE,SME,2026-01-03
INE924N01024,1.0,,nan,BSE,SME,2026-01-03
INE925C01016,10.0,,nan,BSE,SME,2026-01-03
INE925D01014,10.0,,nan,BSE,SME,2026-01-03
INE925R01014,10.0,,nan,BSE,SME,2026-01-03
INE926B01016,10.0,,nan,BSE,SME,2026-01-03
INE926C01022,1.0,,nan,BSE,SME,2026-01-03
INE926E01010,10.0,,nan,BSE,SME,2026-01-03
INE926K01017,10.0,,nan,BSE,SME,2026-01-03
INE926R01012,10.0,,nan,BSE,SME,2026-01-03
INE926X01010,10.0,,nan,BSE,SME,2026-01-03
INE927A01040,1.0,,nan,BSE,SME,2026-01-03
INE927C01020,3.0,,nan,BSE,SME,2026-01-03
INE927D01051,1.0,,nan,BSE,SME,2026-01-03
INE927K01023,1.0,,nan,BSE,SME,2026-01-03
INE927M01029,1.0,,nan,BSE,SME,2026-01-03
INE927X01018,10.0,,nan,BSE,SME,2026-01-03
INE928C01010,10.0,,nan,BSE,SME,2026-01-03
INE928H01019,10.0,,nan,BSE,SME,2026-01-03
INE929D01016,10.0,,nan,BSE,SME,2026-01-03
INE929K01011,10.0,,nan,BSE,SME,2026-01-03
INE930A01010,10.0,,nan,BSE,SME,2026-01-03
INE930H01031,1.0,,nan,BSE,SME,2026-01-03
INE930P01018,10.0,,nan,BSE,SME,2026-01-03
INE931B01016,10.0,,nan,BSE,SME,2026-01-03
INE931D01020,2.0,,nan,BSE,SME,2026-01-03
INE931S01010,10.0,,nan,BSE,SME,2026-01-03
INE931X01010,10.0,,nan,BSE,SME,2026-01-03
INE932A01024,5.0,,nan,BSE,SME,2026-01-03
INE932C01012,10.0,,nan,BSE,SME,2026-01-03
INE932D01010,10.0,,nan,BSE,SME,2026-01-03
INE932F01015,10.0,,nan,BSE,SME,2026-01-03
INE932K01015,10.0,,nan,BSE,SME,2026-01-03
INE932X01026,2.0,,nan,BSE,SME,2026-01-03
INE933A01014,10.0,,nan,BSE,SME,2026-01-03
INE933B01012,10.0,,nan,BSE,SME,2026-01-03
INE933K01021,1.0,,nan,BSE,SME,2026-01-03
INE933S01016,10.0,,nan,BSE,SME,2026-01-03
INE934A01012,10.0,,nan,BSE,SME,2026-01-03
INE934C01018,10.0,,nan,BSE,SME,2026-01-03
INE934S01014,10.0,,nan,BSE,SME,2026-01-03
INE935A01035,1.0,,nan,BSE,SME,2026-01-03
INE935B01025,2.0,,nan,BSE,SME,2026-01-03
INE935D01013,10.0,,nan,BSE,SME,2026-01-03
INE935N01020,2.0,,nan,BSE,SME,2026-01-03
INE936A01025,1.0,,nan,BSE,SME,2026-01-03
INE936B01015,10.0,,nan,BSE,SME,2026-01-03
INE936N01010,10.0,,nan,BSE,SME,2026-01-03
INE937A01023,2.0,,nan,BSE,SME,2026-01-03
INE937C01029,1.0,,nan,BSE,SME,2026-01-03
INE937K01014,10.0,,nan,BSE,SME,2026-01-03
INE938A01021,2.0,,nan,BSE,SME,2026-01-03
INE938C01019,100.0,,nan,BSE,SME,2026-01-03
INE939A01011,10.0,,nan,BSE,SME,2026-01-03
INE939X01013,10.0,,nan,BSE,SME,2026-01-03
INE940C01015,10.0,,nan,BSE,SME,2026-01-03
INE940E01011,10.0,,nan,BSE,SME,2026-01-03
INE940H01022,5.0,,nan,BSE,SME,2026-01-03
INE940N01012,10.0,,nan,BSE,SME,2026-01-03
INE942C01045,1.0,,nan,BSE,SME,2026-01-03
INE942G01012,5.0,,nan,BSE,SME,2026-01-03
INE942P01013,10.0,,nan,BSE,SME,2026-01-03
INE943D01017,10.0,,nan,BSE,SME,2026-01-03
INE943P01029,1.0,,nan,BSE,SME,2026-01-03
INE943X01015,10.0,,nan,BSE,SME,2026-01-03
INE944A01011,10.0,,nan,BSE,SME,2026-01-03
INE944C01017,10.0,,nan,BSE,SME,2026-01-03
INE944F01028,2.0,,nan,BSE,SME,2026-01-03
INE945B01016,10.0,,nan,BSE,SME,2026-01-03
INE945F01025,1.0,,nan,BSE,SME,2026-01-03
INE945H01013,10.0,,nan,BSE,SME,2026-01-03
INE945J01027,1.0,,nan,BSE,SME,2026-01-03
INE945O01019,10.0,,nan,BSE,SME,2026-01-03
INE945P01024,1.0,,nan,BSE,SME,2026-01-03
INE946H01037,1.0,,nan,BSE,SME,2026-01-03
INE947A01014,10.0,,nan,BSE,SME,2026-01-03
INE947G01011,10.0,,nan,BSE,SME,2026-01-03
INE947I01017,10.0,,nan,BSE,SME,2026-01-03
INE947J01015,10.0,,nan,BSE,SME,2026-01-03
INE947N01017,10.0,,nan,BSE,SME,2026-01-03
INE947Q01028,2.0,,nan,BSE,SME,2026-01-03
INE948A01012,10.0,,nan,BSE,SME,2026-01-03
INE948G01019,10.0,,nan,BSE,SME,2026-01-03
INE948I01015,10.0,,nan,BSE,SME,2026-01-03
INE948Q01018,10.0,,nan,BSE,SME,2026-01-03
INE949B01018,10.0,,nan,BSE,SME,2026-01-03
INE949C01016,10.0,,nan,BSE,SME,2026-01-03
INE949H01023,2.0,,nan,BSE,SME,2026-01-03
INE949L01017,10.0,,nan,BSE,SME,2026-01-03
INE949P01018,1.0,,nan,BSE,SME,2026-01-03
INE950C01014,10.0,,nan,BSE,SME,2026-01-03
INE950D01012,10.0,,nan,BSE,SME,2026-01-03
INE950I01011,10.0,,nan,BSE,SME,2026-01-03
INE950M01013,10.0,,nan,BSE,SME,2026-01-03
INE951B01014,10.0,,nan,BSE,SME,2026-01-03
INE951C01012,10.0,,nan,BSE,SME,2026-01-03
INE951D01028,5.0,,nan,BSE,SME,2026-01-03
INE951I01027,1.0,,nan,BSE,SME,2026-01-03
INE951M01037,5.0,,nan,BSE,SME,2026-01-03
INE951Z01013,10.0,,nan,BSE,SME,2026-01-03
INE952C01028,1.0,,nan,BSE,SME,2026-01-03
INE952H01027,5.0,,nan,BSE,SME,2026-01-03
INE952M01019,10.0,,nan,BSE,SME,2026-01-03
INE953B01010,10.0,,nan,BSE,SME,2026-01-03
INE953D01016,10.0,,nan,BSE,SME,2026-01-03
INE953E01022,1.0,,nan,BSE,SME,2026-01-03
INE953L01027,10.0,,nan,BSE,SME,2026-01-03
INE953M01033,10.0,,nan,BSE,SME,2026-01-03
INE953O01021,2.0,,nan,BSE,SME,2026-01-03
INE953R01016,10.0,,nan,BSE,SME,2026-01-03
INE953W01016,10.0,,nan,BSE,SME,2026-01-03
INE954B01018,10.0,,nan,BSE,SME,2026-01-03
INE954E01012,10.0,,nan,BSE,SME,2026-01-03
INE955D01029,1.0,,nan,BSE,SME,2026-01-03
INE955I01044,10.0,,nan,BSE,SME,2026-01-03
INE955V01021,4.0,,nan,BSE,SME,2026-01-03
INE956B01013,10.0,,nan,BSE,SME,2026-01-03
INE956G01038,2.0,,nan,BSE,SME,2026-01-03
INE956O01016,2.0,,nan,BSE,SME,2026-01-03
INE956V01011,10.0,,nan,BSE,SME,2026-01-03
INE957C01019,10.0,,nan,BSE,SME,2026-01-03
INE957E01031,10.0,,nan,BSE,SME,2026-01-03
INE957U01011,10.0,,nan,BSE,SME,2026-01-03
INE957W01025,10.0,,nan,BSE,SME,2026-01-03
INE958A01011,10.0,,nan,BSE,SME,2026-01-03
INE958C01025,1.0,,nan,BSE,SME,2026-01-03
INE958L01026,10.0,,nan,BSE,SME,2026-01-03
INE959A01019,10.0,,nan,BSE,SME,2026-01-03
INE959B01017,10.0,,nan,BSE,SME,2026-01-03
INE959C01023,5.0,,nan,BSE,SME,2026-01-03
INE959D01013,10.0,,nan,BSE,SME,2026-01-03
INE960A01017,10.0,,nan,BSE,SME,2026-01-03
INE960B01015,10.0,,nan,BSE,SME,2026-01-03
INE960E01019,10.0,,nan,BSE,SME,2026-01-03
INE960H01012,10.0,,nan,BSE,SME,2026-01-03
INE960Z01014,10.0,,nan,BSE,SME,2026-01-03
INE961B01013,10.0,,nan,BSE,SME,2026-01-03
INE961D01019,10.0,,nan,BSE,SME,2026-01-03
INE961E01017,10.0,,nan,BSE,SME,2026-01-03
INE961O01016,10.0,,nan,BSE,SME,2026-01-03
INE962B01011,10.0,,nan,BSE,SME,2026-01-03
INE962E01015,10.0,,nan,BSE,SME,2026-01-03
INE962O01014,10.0,,nan,BSE,SME,2026-01-03
INE962Y01021,2.0,,nan,BSE,SME,2026-01-03
INE963A01011,10.0,,nan,BSE,SME,2026-01-03
INE963C01033,10.0,,nan,BSE,SME,2026-01-03
INE964H01014,10.0,,nan,BSE,SME,2026-01-03
INE964R01013,10.0,,nan,BSE,SME,2026-01-03
INE964W01021,1.0,,nan,BSE,SME,2026-01-03
INE965B01022,5.0,,nan,BSE,SME,2026-01-03
INE965C01038,1.0,,nan,BSE,SME,2026-01-03
INE965H01011,1.0,,nan,BSE,SME,2026-01-03
INE965W01036,10.0,,nan,BSE,SME,2026-01-03
INE966A01022,1.0,,nan,BSE,SME,2026-01-03
INE966C01010,10.0,,nan,BSE,SME,2026-01-03
INE966H01019,1.0,,nan,BSE,SME,2026-01-03
INE966Q01010,10.0,,nan,BSE,SME,2026-01-03
INE967A01012,10.0,,nan,BSE,SME,2026-01-03
INE967B01028,2.0,,nan,BSE,SME,2026-01-03
INE967C01018,10.0,,nan,BSE,SME,2026-01-03
INE967G01019,10.0,,nan,BSE,SME,2026-01-03
INE967H01025,2.0,,nan,BSE,SME,2026-01-03
INE967S01014,10.0,,nan,BSE,SME,2026-01-03
INE968D01022,2.0,,nan,BSE,SME,2026-01-03
INE969C01022,1.0,,nan,BSE,SME,2026-01-03
INE969D01012,10.0,,nan,BSE,SME,2026-01-03
INE969E01010,10.0,,nan,BSE,SME,2026-01-03
INE970C01012,10.0,,nan,BSE,SME,2026-01-03
INE970D01010,10.0,,nan,BSE,SME,2026-01-03
INE970X01018,10.0,,nan,BSE,SME,2026-01-03
INE971A01014,10.0,,nan,BSE,SME,2026-01-03
INE971E01016,10.0,,nan,BSE,SME,2026-01-03
INE971L01029,10.0,,nan,BSE,SME,2026-01-03
INE972A01020,5.0,,nan,BSE,SME,2026-01-03
INE972C01018,10.0,,nan,BSE,SME,2026-01-03
INE972E01014,10.0,,nan,BSE,SME,2026-01-03
INE973A01010,10.0,,nan,BSE,SME,2026-01-03
INE973B01026,1.0,,nan,BSE,SME,2026-01-03
INE973X01012,10.0,,nan,BSE,SME,2026-01-03
INE974B01016,10.0,,nan,BSE,SME,2026-01-03
INE974F01025,1.0,,nan,BSE,SME,2026-01-03
INE974X01010,1.0,,nan,BSE,SME,2026-01-03
INE975C01011,10.0,,nan,BSE,SME,2026-01-03
INE975G01012,10.0,,nan,BSE,SME,2026-01-03
INE975Z01012,10.0,,nan,BSE,SME,2026-01-03
INE976A01021,2.0,,nan,BSE,SME,2026-01-03
INE976E01023,1.0,,nan,BSE,SME,2026-01-03
INE976G01028,10.0,,nan,BSE,SME,2026-01-03
INE976H01018,10.0,,nan,BSE,SME,2026-01-03
INE976I01016,10.0,,nan,BSE,SME,2026-01-03
INE976R01033,1.0,,nan,BSE,SME,2026-01-03
INE977E01013,10.0,,nan,BSE,SME,2026-01-03
INE977F01010,10.0,,nan,BSE,SME,2026-01-03
INE977M01024,10.0,,nan,BSE,SME,2026-01-03
INE977Y01011,10.0,,nan,BSE,SME,2026-01-03
INE978A01027,5.0,,nan,BSE,SME,2026-01-03
INE978G01016,10.0,,nan,BSE,SME,2026-01-03
INE978L01016,10.0,,nan,BSE,SME,2026-01-03
INE978V01015,10.0,,nan,BSE,SME,2026-01-03
INE979A01025,1.0,,nan,BSE,SME,2026-01-03
INE979B01015,10.0,,nan,BSE,SME,2026-01-03
INE979D01011,10.0,,nan,BSE,SME,2026-01-03
INE979R01011,1.0,,nan,BSE,SME,2026-01-03
INE980D01019,10.0,,nan,BSE,SME,2026-01-03
INE980O01024,2.0,,nan,BSE,SME,2026-01-03
INE980Y01015,10.0,,nan,BSE,SME,2026-01-03
INE981C01019,10.0,,nan,BSE,SME,2026-01-03
INE982B01027,2.0,,nan,BSE,SME,2026-01-03
INE982C01033,1.0,,nan,BSE,SME,2026-01-03
INE982F01036,2.0,,nan,BSE,SME,2026-01-03
INE982J01020,1.0,,nan,BSE,SME,2026-01-03
INE982Q01017,10.0,,nan,BSE,SME,2026-01-03
INE982V01025,5.0,,nan,BSE,SME,2026-01-03
INE983C01015,10.0,,nan,BSE,SME,2026-01-03
INE984B01023,1.0,,nan,BSE,SME,2026-01-03
INE984E01035,1.0,,nan,BSE,SME,2026-01-03
INE985A01022,2.0,,nan,BSE,SME,2026-01-03
INE985Q01010,10.0,,nan,BSE,SME,2026-01-03
INE985S01024,10.0,,nan,BSE,SME,2026-01-03
INE985W01018,10.0,,nan,BSE,SME,2026-01-03
INE986A01012,10.0,,nan,BSE,SME,2026-01-03
INE986B01044,1.0,,nan,BSE,SME,2026-01-03
INE986W01016,10.0,,nan,BSE,SME,2026-01-03
INE987A01010,10.0,,nan,BSE,SME,2026-01-03
INE987B01026,2.0,,nan,BSE,SME,2026-01-03
INE987E01012,10.0,,nan,BSE,SME,2026-01-03
INE987S01020,5.0,,nan,BSE,SME,2026-01-03
INE988D01012,10.0,,nan,BSE,SME,2026-01-03
INE988S01028,1.0,,nan,BSE,SME,2026-01-03
INE989A01032,1.0,,nan,BSE,SME,2026-01-03
INE989C01038,1.0,,nan,BSE,SME,2026-01-03
INE989D01010,10.0,,nan,BSE,SME,2026-01-03
INE989J01017,10.0,,nan,BSE,SME,2026-01-03
INE989S01042,1.0,,nan,BSE,SME,2026-01-03
INE990E01016,10.0,,nan,BSE,SME,2026-01-03
INE990S01016,10.0,,nan,BSE,SME,2026-01-03
INE991A01020,2.0,,nan,BSE,SME,2026-01-03
INE991B01010,10.0,,nan,BSE,SME,2026-01-03
INE992I01013,10.0,,nan,BSE,SME,2026-01-03
INE993A01026,5.0,,nan,BSE,SME,2026-01-03
INE993I01029,1.0,,nan,BSE,SME,2026-01-03
INE994B01014,10.0,,nan,BSE,SME,2026-01-03
INE994D01010,10.0,,nan,BSE,SME,2026-01-03
INE994E01018,10.0,,nan,BSE,SME,2026-01-03
INE994N01019,10.0,,nan,BSE,SME,2026-01-03
INE994R01028,1.0,,nan,BSE,SME,2026-01-03
INE995A01013,10.0,,nan,BSE,SME,2026-01-03
INE995D01025,5.0,,nan,BSE,SME,2026-01-03
INE995S01015,10.0,,nan,BSE,SME,2026-01-03
INE997C01015,10.0,,nan,BSE,SME,2026-01-03
INE997D01021,1.0,,nan,BSE,SME,2026-01-03
INE997I01012,10.0,,nan,BSE,SME,2026-01-03
INE998D01011,10.0,,nan,BSE,SME,2026-01-03
INE998H01012,10.0,,nan,BSE,SME,2026-01-03
INE998I01010,10.0,,nan,BSE,SME,2026-01-03
INE999A01023,2.0,,nan,BSE,SME,2026-01-03
INE999B01013,10.0,,nan,BSE,SME,2026-01-03
INE999K01014,10.0,,nan,BSE,SME,2026-01-03
INF082J01028,10.0,,nan,BSE,SME,2026-01-03
INF0QA701714,10.0,,nan,BSE,SME,2026-01-03
INF0QA701722,10.0,,nan,BSE,SME,2026-01-03
INF0R8F01059,10.0,,nan,BSE,SME,2026-01-03
INF0R8F01067,10.0,,nan,BSE,SME,2026-01-03
INF0R8F01141,10.0,,nan,BSE,SME,2026-01-03
INF0R8F01166,10.0,,nan,BSE,SME,2026-01-03
INF109K012R6,10.0,,nan,BSE,SME,2026-01-03
INF109K1A153,10.0,,nan,BSE,SME,2026-01-03
INF109K1A344,10.0,,nan,BSE,SME,2026-01-03
INF109KB15Y7,10.0,,nan,BSE,SME,2026-01-03
INF109KC10S8,10.0,,nan,BSE,SME,2026-01-03
INF109KC10V2,1.0,,nan,BSE,SME,2026-01-03
INF109KC10W0,1.0,,nan,BSE,SME,2026-01-03
INF109KC11V0,1.0,,nan,BSE,SME,2026-01-03
INF109KC11W8,1.0,,nan,BSE,SME,2026-01-03
INF109KC15I8,1.0,,nan,BSE,SME,2026-01-03
INF109KC16E5,10.0,,nan,BSE,SME,2026-01-03
INF109KC16I6,1.0,,nan,BSE,SME,2026-01-03
INF109KC16V9,1.0,,nan,BSE,SME,2026-01-03
INF109KC16X5,10.0,,nan,BSE,SME,2026-01-03
INF109KC17C7,10.0,,nan,BSE,SME,2026-01-03
INF109KC17L8,10.0,,nan,BSE,SME,2026-01-03
INF109KC17V7,1.0,,nan,BSE,SME,2026-01-03
INF109KC18U7,1.0,,nan,BSE,SME,2026-01-03
INF109KC18V5,1.0,,nan,BSE,SME,2026-01-03
INF109KC18W3,10.0,,nan,BSE,SME,2026-01-03
INF109KC19O8,10.0,,nan,BSE,SME,2026-01-03
INF109KC19U5,1.0,,nan,BSE,SME,2026-01-03
INF109KC19V3,1.0,,nan,BSE,SME,2026-01-03
INF109KC19W1,10.0,,nan,BSE,SME,2026-01-03
INF109KC1NS5,1.0,,nan,BSE,SME,2026-01-03
INF109KC1Q72,10.0,,nan,BSE,SME,2026-01-03
INF109KC1V42,10.0,,nan,BSE,SME,2026-01-03
INF109KC1V59,1.0,,nan,BSE,SME,2026-01-03
INF174K014P6,1.0,,nan,BSE,SME,2026-01-03
INF174K01F59,10.0,,nan,BSE,SME,2026-01-03
INF174KA1JD7,1.0,,nan,BSE,SME,2026-01-03
INF174KA1LV5,1000.0,,nan,BSE,SME,2026-01-03
INF179KC1965,76.13,,nan,BSE,SME,2026-01-03
INF179KC1DJ0,89.04,,nan,BSE,SME,2026-01-03
INF179KC1DK8,86.07,,nan,BSE,SME,2026-01-03
INF179KC1DL6,38.59,,nan,BSE,SME,2026-01-03
INF179KC1EZ4,23.86,,nan,BSE,SME,2026-01-03
INF179KC1FB2,91.31,,nan,BSE,SME,2026-01-03
INF179KC1HR4,17.73,,nan,BSE,SME,2026-01-03
INF179KC1HS2,41.82,,nan,BSE,SME,2026-01-03
INF179KC1HT0,11.6,,nan,BSE,SME,2026-01-03
INF179KC1HU8,12.62,,nan,BSE,SME,2026-01-03
INF179KC1HV6,19.06,,nan,BSE,SME,2026-01-03
INF179KC1HW4,62.78,,nan,BSE,SME,2026-01-03
INF179KC1HX2,25.04,,nan,BSE,SME,2026-01-03
INF179KC1HY0,22.33,,nan,BSE,SME,2026-01-03
INF179KC1HZ7,21.68,,nan,BSE,SME,2026-01-03
INF179KC1IA8,29.99,,nan,BSE,SME,2026-01-03
INF194KA1T91,10.0,,nan,BSE,SME,2026-01-03
INF200K01VT2,10.0,,nan,BSE,SME,2026-01-03
INF200K30015,10.0,,nan,BSE,SME,2026-01-03
INF200K30023,10.0,,nan,BSE,SME,2026-01-03
INF200K30031,10.0,,nan,BSE,SME,2026-01-03
INF200K30049,10.0,,nan,BSE,SME,2026-01-03
INF200K30056,10.0,,nan,BSE,SME,2026-01-03
INF200K30064,10.0,,nan,BSE,SME,2026-01-03
INF200KA1572,10.0,,nan,BSE,SME,2026-01-03
INF200KA1580,10.0,,nan,BSE,SME,2026-01-03
INF200KA1FS1,10.0,,nan,BSE,SME,2026-01-03
INF200KA1VQ2,10.0,,nan,BSE,SME,2026-01-03
INF200KB1282,10.0,,nan,BSE,SME,2026-01-03
INF200KB1712,10.0,,nan,BSE,SME,2026-01-03
INF204K014N5,10.0,,nan,BSE,SME,2026-01-03
INF204KA1UN7,10.0,,nan,BSE,SME,2026-01-03
INF204KB10S9,10.0,,nan,BSE,SME,2026-01-03
INF204KB10T7,10.0,,nan,BSE,SME,2026-01-03
INF204KB10U5,10.0,,nan,BSE,SME,2026-01-03
INF204KB11S7,10.0,,nan,BSE,SME,2026-01-03
INF204KB11T5,10.0,,nan,BSE,SME,2026-01-03
INF204KB11U3,10.0,,nan,BSE,SME,2026-01-03
INF204KB12S5,10.0,,nan,BSE,SME,2026-01-03
INF204KB12T3,10.0,,nan,BSE,SME,2026-01-03
INF204KB12U1,10.0,,nan,BSE,SME,2026-01-03
INF204KB13S3,10.0,,nan,BSE,SME,2026-01-03
INF204KB13T1,10.0,,nan,BSE,SME,2026-01-03
INF204KB13U9,10.0,,nan,BSE,SME,2026-01-03
INF204KB14I2,1.0,,nan,BSE,SME,2026-01-03
INF204KB14S1,10.0,,nan,BSE,SME,2026-01-03
INF204KB14T9,10.0,,nan,BSE,SME,2026-01-03
INF204KB14U7,10.0,,nan,BSE,SME,2026-01-03
INF204KB15D0,10.0,,nan,BSE,SME,2026-01-03
INF204KB15I9,1.0,,nan,BSE,SME,2026-01-03
INF204KB15S8,10.0,,nan,BSE,SME,2026-01-03
INF204KB15T6,10.0,,nan,BSE,SME,2026-01-03
INF204KB15U4,10.0,,nan,BSE,SME,2026-01-03
INF204KB15V2,10.0,,nan,BSE,SME,2026-01-03
INF204KB16I7,1.0,,nan,BSE,SME,2026-01-03
INF204KB16S6,10.0,,nan,BSE,SME,2026-01-03
INF204KB16T4,10.0,,nan,BSE,SME,2026-01-03
INF204KB16U2,10.0,,nan,BSE,SME,2026-01-03
INF204KB17R6,10.0,,nan,BSE,SME,2026-01-03
INF204KB17S4,10.0,,nan,BSE,SME,2026-01-03
INF204KB17T2,10.0,,nan,BSE,SME,2026-01-03
INF204KB18R4,10.0,,nan,BSE,SME,2026-01-03
INF204KB18S2,10.0,,nan,BSE,SME,2026-01-03
INF204KB18T0,10.0,,nan,BSE,SME,2026-01-03
INF204KB19R2,10.0,,nan,BSE,SME,2026-01-03
INF204KB19S0,10.0,,nan,BSE,SME,2026-01-03
INF204KB19T8,10.0,,nan,BSE,SME,2026-01-03
INF204KB1V68,10.0,,nan,BSE,SME,2026-01-03
INF204KC1089,10.0,,nan,BSE,SME,2026-01-03
INF204KC1EZ3,10.0,,nan,BSE,SME,2026-01-03
INF204KC1GH6,10.0,,nan,BSE,SME,2026-01-03
INF209KB10C2,1.0,,nan,BSE,SME,2026-01-03
INF209KB10E8,1.0,,nan,BSE,SME,2026-01-03
INF209KB11D8,1.0,,nan,BSE,SME,2026-01-03
INF209KB14K7,1.0,,nan,BSE,SME,2026-01-03
INF209KB15K4,1.0,,nan,BSE,SME,2026-01-03
INF209KB16D7,1.0,,nan,BSE,SME,2026-01-03
INF209KB17D5,1.0,,nan,BSE,SME,2026-01-03
INF209KB19D1,1.0,,nan,BSE,SME,2026-01-03
INF209KB19Z4,1.0,,nan,BSE,SME,2026-01-03
INF247L01023,10.0,,nan,BSE,SME,2026-01-03
INF247L01536,7.0,,nan,BSE,SME,2026-01-03
INF247L01AU3,10.0,,nan,BSE,SME,2026-01-03
INF247L01BB1,10.0,,nan,BSE,SME,2026-01-03
INF247L01BE5,10.0,,nan,BSE,SME,2026-01-03
INF247L01BH8,10.0,,nan,BSE,SME,2026-01-03
INF247L01BK2,2.0,,nan,BSE,SME,2026-01-03
INF247L01BL0,2.0,,nan,BSE,SME,2026-01-03
INF251K01TL6,10.0,,nan,BSE,SME,2026-01-03
INF277K30013,10.0,,nan,BSE,SME,2026-01-03
INF277K30021,10.0,,nan,BSE,SME,2026-01-03
INF277K30039,10.0,,nan,BSE,SME,2026-01-03
INF277K30047,10.0,,nan,BSE,SME,2026-01-03
INF277K30054,10.0,,nan,BSE,SME,2026-01-03
INF346A01034,10.0,,nan,BSE,SME,2026-01-03
INF373I01023,10.0,,nan,BSE,SME,2026-01-03
INF457M01133,10.0,,nan,BSE,SME,2026-01-03
INF666M01LM6,10.0,,nan,BSE,SME,2026-01-03
INF732E01045,1.25,,nan,BSE,SME,2026-01-03
INF732E01128,10.0,,nan,BSE,SME,2026-01-03
INF732E01268,10.0,,nan,BSE,SME,2026-01-03
INF740KA1CL0,10.0,,nan,BSE,SME,2026-01-03
INF740KA1QK2,10.0,,nan,BSE,SME,2026-01-03
INF740KA1QL0,10.0,,nan,BSE,SME,2026-01-03
INF740KA1RX3,10.0,,nan,BSE,SME,2026-01-03
INF740KA1SX1,10.0,,nan,BSE,SME,2026-01-03
INF740KA1SY9,10.0,,nan,BSE,SME,2026-01-03
INF740KA1SZ6,10.0,,nan,BSE,SME,2026-01-03
INF740KA1TA7,10.0,,nan,BSE,SME,2026-01-03
INF740KA1UF4,10.0,,nan,BSE,SME,2026-01-03
INF740KA1UR9,10.0,,nan,BSE,SME,2026-01-03
INF740KA1VE5,10.0,,nan,BSE,SME,2026-01-03
INF740KA1WU9,10.0,,nan,BSE,SME,2026-01-03
INF740KA1WV7,10.0,,nan,BSE,SME,2026-01-03
INF740KA1WW5,10.0,,nan,BSE,SME,2026-01-03
INF740KA1WX3,10.0,,nan,BSE,SME,2026-01-03
INF754K01TX4,10.0,,nan,BSE,SME,2026-01-03
INF754K01VY8,10.0,,nan,BSE,SME,2026-01-03
INF767K01OS7,10.0,,nan,BSE,SME,2026-01-03
INF767K01OT5,10.0,,nan,BSE,SME,2026-01-03
INF767K01PC8,10.0,,nan,BSE,SME,2026-01-03
INF767K01RN1,10.0,,nan,BSE,SME,2026-01-03
INF769K01EG9,100.0,,nan,BSE,SME,2026-01-03
INF769K01FN2,275.0,,nan,BSE,SME,2026-01-03
INF769K01GS9,17.5,,nan,BSE,SME,2026-01-03
INF769K01HF4,40.0,,nan,BSE,SME,2026-01-03
INF769K01HI8,10.0,,nan,BSE,SME,2026-01-03
INF769K01HP3,20.0,,nan,BSE,SME,2026-01-03
INF769K01HS7,10.0,,nan,BSE,SME,2026-01-03
INF769K01IB1,50.0,,nan,BSE,SME,2026-01-03
INF769K01IC9,5.0,,nan,BSE,SME,2026-01-03
INF769K01JU9,100.0,,nan,BSE,SME,2026-01-03
INF769K01KR3,400.0,,nan,BSE,SME,2026-01-03
INF769K01KT9,10.0,,nan,BSE,SME,2026-01-03
INF769K01KU7,10.0,,nan,BSE,SME,2026-01-03
INF769K01KV5,10.0,,nan,BSE,SME,2026-01-03
INF769K01LC3,10.0,,nan,BSE,SME,2026-01-03
INF769K01LJ8,10.0,,nan,BSE,SME,2026-01-03
INF769K01LQ3,10.0,,nan,BSE,SME,2026-01-03
INF769K01LX9,10.0,,nan,BSE,SME,2026-01-03
INF769K01LY7,10.0,,nan,BSE,SME,2026-01-03
INF769K01LZ4,10.0,,nan,BSE,SME,2026-01-03
INF769K01NS5,10.0,,nan,BSE,SME,2026-01-03
INF769K01OA1,10.0,,nan,BSE,SME,2026-01-03
INF769K01ON4,10.0,,nan,BSE,SME,2026-01-03
INF769K01OO2,10.0,,nan,BSE,SME,2026-01-03
INF769K01PB6,10.0,,nan,BSE,SME,2026-01-03
INF769K01PQ4,10.0,,nan,BSE,SME,2026-01-03
INF769K01PR2,10.0,,nan,BSE,SME,2026-01-03
INF769K01PY8,10.0,,nan,BSE,SME,2026-01-03
INF769K01PZ5,10.0,,nan,BSE,SME,2026-01-03
INF789F1AUU3,1.0,,nan,BSE,SME,2026-01-03
INF789F1AUV1,1.0,,nan,BSE,SME,2026-01-03
INF789F1AUW9,1.0,,nan,BSE,SME,2026-01-03
INF789F1AYX9,10.0,,nan,BSE,SME,2026-01-03
INF789F1AZC0,1.0,,nan,BSE,SME,2026-01-03
INF789F1AZD8,10.0,,nan,BSE,SME,2026-01-03
INF789FB1X58,10.0,,nan,BSE,SME,2026-01-03
INF846K010Q0,10.0,,nan,BSE,SME,2026-01-03
INF846K016C7,10.0,,nan,BSE,SME,2026-01-03
INF846K01Y96,100.0,,nan,BSE,SME,2026-01-03
INF846K01Z12,10.0,,nan,BSE,SME,2026-01-03
INF846KA1119,10.0,,nan,BSE,SME,2026-01-03
INFIBEAM,Infibeam Avenues Limited,,EQ,NSE,Mainboard,2026-01-03
INFINIUM,Infinium Pharmachem Limited,INE0MRE01011,SM,NSE,SME,2026-01-03
INFLUX,Influx Healthtech Limited,INE0MYZ01012,SM,NSE,SME,2026-01-03
INFOBEAN,InfoBeans Technologies Limited,,EQ,NSE,Mainboard,2026-01-03
INFOLLION,Infollion Research Services Limited,INE0NNZ01013,SM,NSE,SME,2026-01-03
INFOMEDIA,Infomedia Press Limited,,EQ,NSE,Mainboard,2026-01-03
INFY,Infosys Limited,,EQ,NSE,Mainboard,2026-01-03
INGERRAND,Ingersoll Rand (India) Limited,,EQ,NSE,Mainboard,2026-01-03
INM,Interiors & More Limited,INE0OPC01015,SM,NSE,SME,2026-01-03
INNOMET,Innomet Advanced Materials Limited,INE0S1D01010,SM,NSE,SME,2026-01-03
INNOVACAP,Innova Captab Limited,,EQ,NSE,Mainboard,2026-01-03
INNOVANA,Innovana Thinklabs Limited,,EQ,NSE,Mainboard,2026-01-03
INOXGREEN,Inox Green Energy Services Limited,,EQ,NSE,Mainboard,2026-01-03
INOXINDIA,INOX India Limited,,EQ,NSE,Mainboard,2026-01-03
INOXWIND,Inox Wind Limited,,EQ,NSE,Mainboard,2026-01-03
INSECTICID,Insecticides (India) Limited,,EQ,NSE,Mainboard,2026-01-03
INSPIRE,Inspire Films Limited,INE0NDX01019,SM,NSE,SME,2026-01-03
INSPIRISYS,Inspirisys Solutions Limited,,EQ,NSE,Mainboard,2026-01-03
INTEGRITY,Integrity Infrabuild Developers Limited,INE0YSH01017,SM,NSE,SME,2026-01-03
INTELLECT,Intellect Design Arena Limited,,EQ,NSE,Mainboard,2026-01-03
INTENTECH,Intense Technologies Limited,,EQ,NSE,Mainboard,2026-01-03
INTERARCH,Interarch Building Solutions Limited,,EQ,NSE,Mainboard,2026-01-03
INTLCONV,International Conveyors Limited,,EQ,NSE,Mainboard,2026-01-03
INVENTURE,Inventure Growth & Securities Limited,,EQ,NSE,Mainboard,2026-01-03
INVICTA,Invicta Diagnostic Limited,INE0XJ501010,SM,NSE,SME,2026-01-03
IOB,Indian Overseas Bank,,EQ,NSE,Mainboard,2026-01-03
IOC,Indian Oil Corporation Limited,,EQ,NSE,Mainboard,2026-01-03
IOLCP,IOL Chemicals and Pharmaceuticals Limited,,EQ,NSE,Mainboard,2026-01-03
IONEXCHANG,ION Exchange (India) Limited,,EQ,NSE,Mainboard,2026-01-03
IPCALAB,IPCA Laboratories Limited,,EQ,NSE,Mainboard,2026-01-03
IPHL,Indian Phosphate Limited,INE0DHF01018,SM,NSE,SME,2026-01-03
IPL,India Pesticides Limited,,EQ,NSE,Mainboard,2026-01-03
IPSL,Integrated Personnel Services Limited,INE02EE01019,SM,NSE,SME,2026-01-03
IRB,IRB Infrastructure Developers Limited,,EQ,NSE,Mainboard,2026-01-03
IRCON,Ircon International Limited,,EQ,NSE,Mainboard,2026-01-03
IRCTC,Indian Railway Catering And Tourism Corporation Limited,,EQ,NSE,Mainboard,2026-01-03
IREDA,Indian Renewable Energy Development Agency Limited,,EQ,NSE,Mainboard,2026-01-03
IRFC,Indian Railway Finance Corporation Limited,,EQ,NSE,Mainboard,2026-01-03
IRIS,IRIS RegTech Solutions Limited,,EQ,NSE,Mainboard,2026-01-03
IRISDOREME,Iris Clothings Limited,,EQ,NSE,Mainboard,2026-01-03
IRMENERGY,IRM Energy Limited,,EQ,NSE,Mainboard,2026-01-03
ISFT,Intrasoft Technologies Limited,,EQ,NSE,Mainboard,2026-01-03
ISGEC,Isgec Heavy Engineering Limited,,EQ,NSE,Mainboard,2026-01-03
ISHAN,Ishan International Limited,INE0LCW01025,SM,NSE,SME,2026-01-03
ISHANCH,Ishan Dyes and Chemicals Limited,,EQ,NSE,Mainboard,2026-01-03
ITALIANE,Italian Edibles Limited,INE0R7R01018,SM,NSE,SME,2026-01-03
ITC,ITC Limited,,EQ,NSE,Mainboard,2026-01-03
ITCHOTELS,ITC Hotels Limited,,EQ,NSE,Mainboard,2026-01-03
ITDC,India Tourism Development Corporation Limited,,EQ,NSE,Mainboard,2026-01-03
ITI,ITI Limited,,EQ,NSE,Mainboard,2026-01-03
ITTL,Innovative Tyres & Tubes Limited,INE070Y01023,ST,NSE,SME,2026-01-03
IVALUE,Ivalue Infosolutions Limited,,EQ,NSE,Mainboard,2026-01-03
IVC,IL&FS Investment Managers Limited,,EQ,NSE,Mainboard,2026-01-03
IVP,IVP Limited,,EQ,NSE,Mainboard,2026-01-03
IWARE,Iware Supplychain Services Limited,INE1AII01014,ST,NSE,SME,2026-01-03
IXIGO,Le Travenues Technology Limited,,EQ,NSE,Mainboard,2026-01-03
IZMO,IZMO Limited,,EQ,NSE,Mainboard,2026-01-03
JAGRAN,Jagran Prakashan Limited,,EQ,NSE,Mainboard,2026-01-03
JAGSNPHARM,Jagsonpal Pharmaceuticals Limited,,EQ,NSE,Mainboard,2026-01-03
JAIBALAJI,Jai Balaji Industries Limited,,EQ,NSE,Mainboard,2026-01-03
JAICORPLTD,Jai Corp Limited,,EQ,NSE,Mainboard,2026-01-03
JAINAM,Jainam Ferro Alloys (I) Limited,INE02KC01010,SM,NSE,SME,2026-01-03
JAINIK,Jainik Power Cables Limited,INE0XIL01012,SM,NSE,SME,2026-01-03
JAINREC,Jain Resource Recycling Limited,,EQ,NSE,Mainboard,2026-01-03
JAIPURKURT,Nandani Creation Limited,,EQ,NSE,Mainboard,2026-01-03
JAKHARIA,JAKHARIA FABRIC LIMITED,INE00N401018,ST,NSE,SME,2026-01-03
JALAN,Jalan Transolutions (India) Limited,INE349X01015,ST,NSE,SME,2026-01-03
JAMNAAUTO,Jamna Auto Industries Limited,,EQ,NSE,Mainboard,2026-01-03
JARO,Jaro Institute of Technology Management and Research Limited,,EQ,NSE,Mainboard,2026-01-03
JASH,Jash Engineering Limited,,EQ,NSE,Mainboard,2026-01-03
JAYAGROGN,Jayant Agro Organics Limited,,EQ,NSE,Mainboard,2026-01-03
JAYBARMARU,Jay Bharat Maruti Limited,,EQ,NSE,Mainboard,2026-01-03
JAYBEE,Jay Bee Laminations Limited,INE0SMY01017,SM,NSE,SME,2026-01-03
JAYESH,Jayesh Logistics Limited,INE1AE401014,SM,NSE,SME,2026-01-03
JAYKAY,Jaykay Enterprises Limited,,EQ,NSE,Mainboard,2026-01-03
JAYNECOIND,Jayaswal Neco Industries Limited,,EQ,NSE,Mainboard,2026-01-03
JAYSREETEA,Jayshree Tea & Industries Limited,,EQ,NSE,Mainboard,2026-01-03
JBCHEPHARM,JB Chemicals & Pharmaceuticals Limited,,EQ,NSE,Mainboard,2026-01-03
JBMA,JBM Auto Limited,,EQ,NSE,Mainboard,2026-01-03
JETKNIT,Jet Knitwears Limited,INE564T01017,ST,NSE,SME,2026-01-03
JEYYAM,Jeyyam Global Foods Limited,INE0RXB01022,ST,NSE,SME,2026-01-03
JFLLIFE,Jfl Life Sciences Limited,INE0LA901015,SM,NSE,SME,2026-01-03
JGCHEM,J.G.Chemicals Limited,,EQ,NSE,Mainboard,2026-01-03
JHS,JHS Svendgaard Laboratories Limited,,EQ,NSE,Mainboard,2026-01-03
JINDALPHOT,Jindal Photo Limited,,EQ,NSE,Mainboard,2026-01-03
JINDALPOLY,Jindal Poly Films Limited,,EQ,NSE,Mainboard,2026-01-03
JINDALSAW,Jindal Saw Limited,,EQ,NSE,Mainboard,2026-01-03
JINDALSTEL,JINDAL STEEL LIMITED,,EQ,NSE,Mainboard,2026-01-03
JINDRILL,Jindal Drilling And Industries Limited,,EQ,NSE,Mainboard,2026-01-03
JINDWORLD,Jindal Worldwide Limited,,EQ,NSE,Mainboard,2026-01-03
JIOFIN,Jio Financial Services Limited,,EQ,NSE,Mainboard,2026-01-03
JISLDVREQS,Jain Irrigation Systems Limited,,EQ,NSE,Mainboard,2026-01-03
JISLJALEQS,Jain Irrigation Systems Limited,,EQ,NSE,Mainboard,2026-01-03
JITFINFRA,JITF Infralogistics Limited,,EQ,NSE,Mainboard,2026-01-03
JIWANRAM,Jiwanram Sheoduttrai Industries Limited,INE0N5H01017,SM,NSE,SME,2026-01-03
JKCEMENT,JK Cement Limited,,EQ,NSE,Mainboard,2026-01-03
JKIL,J.Kumar Infraprojects Limited,,EQ,NSE,Mainboard,2026-01-03
JKIPL,Jinkushal Industries Limited,,EQ,NSE,Mainboard,2026-01-03
JKLAKSHMI,JK Lakshmi Cement Limited,,EQ,NSE,Mainboard,2026-01-03
JKPAPER,JK Paper Limited,,EQ,NSE,Mainboard,2026-01-03
JKTYRE,JK Tyre & Industries Limited,,EQ,NSE,Mainboard,2026-01-03
JLHL,Jupiter Life Line Hospitals Limited,,EQ,NSE,Mainboard,2026-01-03
JMA,Jullundur Motor Agency (Delhi) Limited,,EQ,NSE,Mainboard,2026-01-03
JMFINANCIL,JM Financial Limited,,EQ,NSE,Mainboard,2026-01-03
JNKINDIA,JNK India Limited,,EQ,NSE,Mainboard,2026-01-03
JOCIL,Jocil Limited,,EQ,NSE,Mainboard,2026-01-03
JPOLYINVST,Jindal Poly Investment and Finance Company Limited,,EQ,NSE,Mainboard,2026-01-03
JPPOWER,Jaiprakash Power Ventures Limited,,EQ,NSE,Mainboard,2026-01-03
JSFB,Jana Small Finance Bank Limited,,EQ,NSE,Mainboard,2026-01-03
JSL,Jindal Stainless Limited,,EQ,NSE,Mainboard,2026-01-03
JSLL,Jeena Sikho Lifecare Limited,,EQ,NSE,Mainboard,2026-01-03
JSWCEMENT,JSW Cement Limited,,EQ,NSE,Mainboard,2026-01-03
JSWENERGY,JSW Energy Limited,,EQ,NSE,Mainboard,2026-01-03
JSWHL,JSW Holdings Limited,,EQ,NSE,Mainboard,2026-01-03
JSWINFRA,JSW Infrastructure Limited,,EQ,NSE,Mainboard,2026-01-03
JSWSTEEL,JSW Steel Limited,,EQ,NSE,Mainboard,2026-01-03
JTEKTINDIA,Jtekt India Limited,,EQ,NSE,Mainboard,2026-01-03
JTLIND,JTL INDUSTRIES LIMITED,,EQ,NSE,Mainboard,2026-01-03
JUBLCPL,Jubilant Agri and Consumer Products Limited,,EQ,NSE,Mainboard,2026-01-03
JUBLFOOD,Jubilant Foodworks Limited,,EQ,NSE,Mainboard,2026-01-03
JUBLINGREA,Jubilant Ingrevia Limited,,EQ,NSE,Mainboard,2026-01-03
JUBLPHARMA,Jubilant Pharmova Limited,,EQ,NSE,Mainboard,2026-01-03
JUNIPER,Juniper Hotels Limited,,EQ,NSE,Mainboard,2026-01-03
JUSTDIAL,Just Dial Limited,,EQ,NSE,Mainboard,2026-01-03
JWL,Jupiter Wagons Limited,,EQ,NSE,Mainboard,2026-01-03
JYOTHYLAB,Jyothy Labs Limited,,EQ,NSE,Mainboard,2026-01-03
JYOTICNC,Jyoti CNC Automation Limited,,EQ,NSE,Mainboard,2026-01-03
JYOTIGLOBL,Jyoti Global Plast Limited,INE1M3T01017,SM,NSE,SME,2026-01-03
JYOTISTRUC,Jyoti Structures Limited,,EQ,NSE,Mainboard,2026-01-03
K2INFRA,K2 Infragen Limited,INE0DEZ01013,SM,NSE,SME,2026-01-03
KABRAEXTRU,Kabra Extrusion Technik Limited,,EQ,NSE,Mainboard,2026-01-03
KAJARIACER,Kajaria Ceramics Limited,,EQ,NSE,Mainboard,2026-01-03
KAKATCEM,Kakatiya Cement Sugar & Industries Limited,,EQ,NSE,Mainboard,2026-01-03
KALAMANDIR,Sai Silks (Kalamandir) Limited,,EQ,NSE,Mainboard,2026-01-03
KALANA,Kalana Ispat Limited,INE0T0L01014,SM,NSE,SME,2026-01-03
KALPATARU,Kalpataru Limited,,EQ,NSE,Mainboard,2026-01-03
KALYANI,Kalyani Commercials Limited,,BE,NSE,Mainboard,2026-01-03
KALYANIFRG,Kalyani Forge Limited,,EQ,NSE,Mainboard,2026-01-03
KALYANKJIL,Kalyan Jewellers India Limited,,EQ,NSE,Mainboard,2026-01-03
KAMATHOTEL,Kamat Hotels (I) Limited,,EQ,NSE,Mainboard,2026-01-03
KAMDHENU,Kamdhenu Limited,,EQ,NSE,Mainboard,2026-01-03
KAMOPAINTS,Kamdhenu Ventures Limited,,EQ,NSE,Mainboard,2026-01-03
KANANIIND,Kanani Industries Limited,,EQ,NSE,Mainboard,2026-01-03
KANDARP,Kandarp Digi Smart BPO Limited,INE0MOT01016,ST,NSE,SME,2026-01-03
KANORICHEM,Kanoria Chemicals & Industries Limited,,EQ,NSE,Mainboard,2026-01-03
KANPRPLA,Kanpur Plastipack Limited,,EQ,NSE,Mainboard,2026-01-03
KANSAINER,Kansai Nerolac Paints Limited,,EQ,NSE,Mainboard,2026-01-03
KAPSTON,Kapston Services Limited,,EQ,NSE,Mainboard,2026-01-03
KARMAENG,Karma Energy Limited,,EQ,NSE,Mainboard,2026-01-03
KARNIKA,Karnika Industries Limited,INE0MGA01012,ST,NSE,SME,2026-01-03
KARURVYSYA,Karur Vysya Bank Limited,,EQ,NSE,Mainboard,2026-01-03
KATARIA,Kataria Industries Limited,INE0SVY01018,SM,NSE,SME,2026-01-03
KAUSHALYA,Kaushalya Infrastructure Development Corporation Limited,,EQ,NSE,Mainboard,2026-01-03
KAVDEFENCE,Kavveri Defence & Wireless Technologies Limited,,BE,NSE,Mainboard,2026-01-03
KAYA,Kaya Limited,,EQ,NSE,Mainboard,2026-01-03
KAYNES,Kaynes Technology India Limited,,EQ,NSE,Mainboard,2026-01-03
KAYTEX,Kaytex Fabrics Limited,INE13ZD01013,SM,NSE,SME,2026-01-03
KCEIL,Kay Cee Energy & Infra Limited,INE0RCG01017,SM,NSE,SME,2026-01-03
KCK,Kck Industries Limited,INE0J1E01027,ST,NSE,SME,2026-01-03
KCP,KCP Limited,,EQ,NSE,Mainboard,2026-01-03
KCPSUGIND,KCP Sugar and Industries Corporation Limited,,EQ,NSE,Mainboard,2026-01-03
KDDL,KDDL Limited,,EQ,NSE,Mainboard,2026-01-03
KDL,Kore Digital Limited,INE0O4R01018,SM,NSE,SME,2026-01-03
KEC,KEC International Limited,,EQ,NSE,Mainboard,2026-01-03
KECL,Kirloskar Electric Company Limited,,EQ,NSE,Mainboard,2026-01-03
KEEPLEARN,DSJ Keep Learning Limited,,EQ,NSE,Mainboard,2026-01-03
KEI,KEI Industries Limited,,EQ,NSE,Mainboard,2026-01-03
KEL,Kundan Edifice Limited,INE0OWX01025,SM,NSE,SME,2026-01-03
KELLTONTEC,Kellton Tech Solutions Limited,,EQ,NSE,Mainboard,2026-01-03
KEN,Ken Enterprises Limited,INE15DO01012,SM,NSE,SME,2026-01-03
KERNEX,Kernex Microsystems (India) Limited,,EQ,NSE,Mainboard,2026-01-03
KESORAMIND,Kesoram Industries Limited,,BE,NSE,Mainboard,2026-01-03
KEYFINSERV,Keynote Financial Services Limited,,EQ,NSE,Mainboard,2026-01-03
KFINTECH,Kfin Technologies Limited,,EQ,NSE,Mainboard,2026-01-03
KHADIM,Khadim India Limited,,EQ,NSE,Mainboard,2026-01-03
KHAICHEM,Khaitan Chemicals & Fertilizers Limited,,EQ,NSE,Mainboard,2026-01-03
KHAITANLTD,Khaitan (India) Limited,,EQ,NSE,Mainboard,2026-01-03
KHANDSE,Khandwala Securities Limited,,EQ,NSE,Mainboard,2026-01-03
KHFM,Khfm Hospitality And Facility Management Services Limited,INE00UG01014,SM,NSE,SME,2026-01-03
KICL,Kalyani Investment Company Limited,,EQ,NSE,Mainboard,2026-01-03
KILITCH,Kilitch Drugs (India) Limited,,EQ,NSE,Mainboard,2026-01-03
KIMS,Krishna Institute of Medical Sciences Limited,,EQ,NSE,Mainboard,2026-01-03
KINGFA,Kingfa Science & Technology (India) Limited,,EQ,NSE,Mainboard,2026-01-03
KIOCL,KIOCL Limited,,EQ,NSE,Mainboard,2026-01-03
KIRIINDUS,Kiri Industries Limited,,EQ,NSE,Mainboard,2026-01-03
KIRLOSBROS,Kirloskar Brothers Limited,,EQ,NSE,Mainboard,2026-01-03
KIRLOSENG,Kirloskar Oil Engines Limited,,EQ,NSE,Mainboard,2026-01-03
KIRLOSIND,Kirloskar Industries Limited,,EQ,NSE,Mainboard,2026-01-03
KIRLPNU,Kirloskar Pneumatic Company Limited,,EQ,NSE,Mainboard,2026-01-03
KITEX,Kitex Garments Limited,,EQ,NSE,Mainboard,2026-01-03
KKCL,Kewal Kiran Clothing Limited,,EQ,NSE,Mainboard,2026-01-03
KKJEWELS,Kabra Jewels Limited,INE0XOW01017,SM,NSE,SME,2026-01-03
KKVAPOW,KKV Agro Powers Limited,INE239T01016,SM,NSE,SME,2026-01-03
KLL,Kaushalya Logistics Limited,INE0Q2V01012,SM,NSE,SME,2026-01-03
KMEW,Knowledge Marine & Engineering Works Limited,,EQ,NSE,Mainboard,2026-01-03
KMSUGAR,K.M.Sugar Mills Limited,,EQ,NSE,Mainboard,2026-01-03
KNAGRI,KN Agri Resources Limited,,EQ,NSE,Mainboard,2026-01-03
KNRCON,KNR Constructions Limited,,EQ,NSE,Mainboard,2026-01-03
KODYTECH,Kody Technolab Limited,INE0Q7P01013,SM,NSE,SME,2026-01-03
KOHINOOR,Kohinoor Foods Limited,,EQ,NSE,Mainboard,2026-01-03
KOKUYOCMLN,Kokuyo Camlin Limited,,EQ,NSE,Mainboard,2026-01-03
KOLTEPATIL,Kolte - Patil Developers Limited,,EQ,NSE,Mainboard,2026-01-03
KONSTELEC,Konstelec Engineers Limited,INE0QEI01011,SM,NSE,SME,2026-01-03
KONTOR,Kontor Space Limited,INE0KZ301010,SM,NSE,SME,2026-01-03
KOPRAN,Kopran Limited,,EQ,NSE,Mainboard,2026-01-03
KORE,Jay Jalaram Technologies Limited,INE0J6801010,ST,NSE,SME,2026-01-03
KOTAKBANK,Kotak Mahindra Bank Limited,,EQ,NSE,Mainboard,2026-01-03
KOTARISUG,Kothari Sugars And Chemicals Limited,,EQ,NSE,Mainboard,2026-01-03
KOTHARIPET,Kothari Petrochemicals Limited,,EQ,NSE,Mainboard,2026-01-03
KOTHARIPRO,Kothari Products Limited,,EQ,NSE,Mainboard,2026-01-03
KOTYARK,Kotyark Industries Limited,INE0J0B01017,SM,NSE,SME,2026-01-03
KPEL,K.P. Energy Limited,,EQ,NSE,Mainboard,2026-01-03
KPIGREEN,KPI Green Energy Limited,,EQ,NSE,Mainboard,2026-01-03
KPIL,Kalpataru Projects International Limited,,EQ,NSE,Mainboard,2026-01-03
KPITTECH,KPIT Technologies Limited,,EQ,NSE,Mainboard,2026-01-03
KPRMILL,K.P.R. Mill Limited,,EQ,NSE,Mainboard,2026-01-03
KRBL,KRBL Limited,,EQ,NSE,Mainboard,2026-01-03
KREBSBIO,Krebs Biochemicals and Industries Limited,,EQ,NSE,Mainboard,2026-01-03
KRIDHANINF,Kridhan Infra Limited,,EQ,NSE,Mainboard,2026-01-03
KRISHANA,Krishana Phoschem Limited,,EQ,NSE,Mainboard,2026-01-03
KRISHCA,Krishca Strapping Solutions Limited,INE0NR701018,SM,NSE,SME,2026-01-03
KRISHIVAL,Krishival Foods Limited,,EQ,NSE,Mainboard,2026-01-03
KRISHNADEF,Krishna Defence And Allied Industries Limited,,EQ,NSE,Mainboard,2026-01-03
KRITI,Kriti Industries (India) Limited,,EQ,NSE,Mainboard,2026-01-03
KRITIKA,Kritika Wires Limited,,EQ,NSE,Mainboard,2026-01-03
KRITINUT,Kriti Nutrients Limited,,EQ,NSE,Mainboard,2026-01-03
KRN,KRN Heat Exchanger and Refrigeration Limited,,EQ,NSE,Mainboard,2026-01-03
KRONOX,Kronox Lab Sciences Limited,,EQ,NSE,Mainboard,2026-01-03
KROSS,Kross Limited,,EQ,NSE,Mainboard,2026-01-03
KRSNAA,Krsnaa Diagnostics Limited,,EQ,NSE,Mainboard,2026-01-03
KRYSTAL,Krystal Integrated Services Limited,,EQ,NSE,Mainboard,2026-01-03
KSB,Ksb Limited,,EQ,NSE,Mainboard,2026-01-03
KSCL,Kaveri Seed Company Limited,,EQ,NSE,Mainboard,2026-01-03
KSHINTL,KSH International Limited,,EQ,NSE,Mainboard,2026-01-03
KSHITIJPOL,Kshitij Polyline Limited,,EQ,NSE,Mainboard,2026-01-03
KSL,Kalyani Steels Limited,,EQ,NSE,Mainboard,2026-01-03
KSOLVES,Ksolves India Limited,,EQ,NSE,Mainboard,2026-01-03
KSR,KSR Footwear Limited,,EQ,NSE,Mainboard,2026-01-03
KTKBANK,The Karnataka Bank Limited,,EQ,NSE,Mainboard,2026-01-03
KUANTUM,Kuantum Papers Limited,,EQ,NSE,Mainboard,2026-01-03
LAGNAM,Lagnam Spintex Limited,,EQ,NSE,Mainboard,2026-01-03
LAKPRE,Lakshmi Precision Screws Limited,,BZ,NSE,Mainboard,2026-01-03
LAKSHYA,Lakshya Powertech Limited,INE0VZS01015,SM,NSE,SME,2026-01-03
LAL,Lorenzini Apparels Limited,,EQ,NSE,Mainboard,2026-01-03
LALPATHLAB,Dr. Lal Path Labs Ltd.,,EQ,NSE,Mainboard,2026-01-03
LAMBODHARA,Lambodhara Textiles Limited,,EQ,NSE,Mainboard,2026-01-03
LAMOSAIC,Lamosaic India Limited,INE0R0201012,SM,NSE,SME,2026-01-03
LANCORHOL,Lancor Holdings Limited,,BE,NSE,Mainboard,2026-01-03
LANDMARK,Landmark Cars Limited,,EQ,NSE,Mainboard,2026-01-03
LAOPALA,La Opala RG Limited,,EQ,NSE,Mainboard,2026-01-03
LASA,Lasa Supergenerics Limited,,EQ,NSE,Mainboard,2026-01-03
LATENTVIEW,Latent View Analytics Limited,,EQ,NSE,Mainboard,2026-01-03
LATTEYS,Latteys Industries Limited,,BE,NSE,Mainboard,2026-01-03
LAURUSLABS,Laurus Labs Limited,,EQ,NSE,Mainboard,2026-01-03
LAXMICOT,Laxmi Cotspin Limited,,EQ,NSE,Mainboard,2026-01-03
LAXMIDENTL,Laxmi Dental Limited,,EQ,NSE,Mainboard,2026-01-03
LAXMIINDIA,Laxmi India Finance Limited,,EQ,NSE,Mainboard,2026-01-03
LCCINFOTEC,LCC Infotech Limited,,BE,NSE,Mainboard,2026-01-03
LEMERITE,Le Merite Exports Limited,,EQ,NSE,Mainboard,2026-01-03
LEMONTREE,Lemon Tree Hotels Limited,,EQ,NSE,Mainboard,2026-01-03
LENSKART,Lenskart Solutions Limited,,EQ,NSE,Mainboard,2026-01-03
LEXUS,Lexus Granito (India) Limited,,EQ,NSE,Mainboard,2026-01-03
LFIC,Lakshmi Finance & Industrial Corporation Limited,,EQ,NSE,Mainboard,2026-01-03
LGBBROSLTD,LG Balakrishnan & Bros Limited,,EQ,NSE,Mainboard,2026-01-03
LGEINDIA,LG Electronics India Limited,,EQ,NSE,Mainboard,2026-01-03
LGHL,Laxmi Goldorna House Limited,,EQ,NSE,Mainboard,2026-01-03
LIBAS,Libas Consumer Products Limited,,EQ,NSE,Mainboard,2026-01-03
LIBERTSHOE,Liberty Shoes Limited,,EQ,NSE,Mainboard,2026-01-03
LICHSGFIN,LIC Housing Finance Limited,,EQ,NSE,Mainboard,2026-01-03
LICI,Life Insurance Corporation Of India,,EQ,NSE,Mainboard,2026-01-03
LIKHITHA,Likhitha Infrastructure Limited,,EQ,NSE,Mainboard,2026-01-03
LINC,Linc Limited,,EQ,NSE,Mainboard,2026-01-03
LINCOLN,Lincoln Pharmaceuticals Limited,,EQ,NSE,Mainboard,2026-01-03
LINDEINDIA,Linde India Limited,,EQ,NSE,Mainboard,2026-01-03
LLOYDS,Lloyds Luxuries Limited,INE0DTQ01028,SM,NSE,SME,2026-01-03
LLOYDSENGG,LLOYDS ENGINEERING WORKS LIMITED,,EQ,NSE,Mainboard,2026-01-03
LLOYDSENT,Lloyds Enterprises Limited,,EQ,NSE,Mainboard,2026-01-03
LLOYDSME,Lloyds Metals And Energy Limited,,EQ,NSE,Mainboard,2026-01-03
LMW,LMW Limited,,EQ,NSE,Mainboard,2026-01-03
LODHA,Lodha Developers Limited,,EQ,NSE,Mainboard,2026-01-03
LOKESHMACH,Lokesh Machines Limited,,EQ,NSE,Mainboard,2026-01-03
LORDSCHLO,Lords Chloro Alkali Limited,,EQ,NSE,Mainboard,2026-01-03
LOTUSDEV,Sri Lotus Developers and Realty Limited,,EQ,NSE,Mainboard,2026-01-03
LOTUSEYE,Lotus Eye Hospital and Institute Limited,,EQ,NSE,Mainboard,2026-01-03
LOVABLE,Lovable Lingerie Limited,,EQ,NSE,Mainboard,2026-01-03
LOYALTEX,Loyal Textile Mills Limited,,EQ,NSE,Mainboard,2026-01-03
LPDC,Landmark Property Development Company Limited,,EQ,NSE,Mainboard,2026-01-03
LRRPL,Lead Reclaim And Rubber Products Limited,INE0H4B01011,SM,NSE,SME,2026-01-03
LT,Larsen & Toubro Limited,,EQ,NSE,Mainboard,2026-01-03
LTF,L&T Finance Limited,,EQ,NSE,Mainboard,2026-01-03
LTFOODS,LT Foods Limited,,EQ,NSE,Mainboard,2026-01-03
LTIM,LTIMindtree Limited,,EQ,NSE,Mainboard,2026-01-03
LTTS,L&T Technology Services Limited,,EQ,NSE,Mainboard,2026-01-03
LUMAXIND,Lumax Industries Limited,,EQ,NSE,Mainboard,2026-01-03
LUMAXTECH,Lumax Auto Technologies Limited,,EQ,NSE,Mainboard,2026-01-03
LUPIN,Lupin Limited,,EQ,NSE,Mainboard,2026-01-03
LUXIND,Lux Industries Limited,,EQ,NSE,Mainboard,2026-01-03
LXCHEM,Laxmi Organic Industries Limited,,EQ,NSE,Mainboard,2026-01-03
LYKALABS,Lyka Labs Limited,,EQ,NSE,Mainboard,2026-01-03
LYPSAGEMS,Lypsa Gems & Jewellery Limited,,EQ,NSE,Mainboard,2026-01-03
MAANALU,Maan Aluminium Limited,,BE,NSE,Mainboard,2026-01-03
MACOBSTECH,Macobs Technologies Limited,INE0R0J01010,SM,NSE,SME,2026-01-03
MACPOWER,Macpower CNC Machines Limited,,EQ,NSE,Mainboard,2026-01-03
MADHAV,Madhav Marbles and Granites Limited,,EQ,NSE,Mainboard,2026-01-03
MADHAVBAUG,Vaidya Sane Ayurved Laboratories Limited,INE0JR301013,SM,NSE,SME,2026-01-03
MADHUCON,Madhucon Projects Limited,,EQ,NSE,Mainboard,2026-01-03
MADHUSUDAN,Madhusudan Masala Limited,INE0P6701019,SM,NSE,SME,2026-01-03
MADRASFERT,Madras Fertilizers Limited,,EQ,NSE,Mainboard,2026-01-03
MAGADSUGAR,Magadh Sugar & Energy Limited,,EQ,NSE,Mainboard,2026-01-03
MAGNUM,Magnum Ventures Limited,,EQ,NSE,Mainboard,2026-01-03
MAGSON,Magson Retail And Distribution Limited,INE0O1S01012,SM,NSE,SME,2026-01-03
MAHABANK,Bank of Maharashtra,,EQ,NSE,Mainboard,2026-01-03
MAHAPEXLTD,Maha Rashtra Apex Corporation Limited,,EQ,NSE,Mainboard,2026-01-03
MAHASTEEL,Mahamaya Steel Industries Limited,,BE,NSE,Mainboard,2026-01-03
MAHEPC,Mahindra EPC Irrigation Limited,,EQ,NSE,Mainboard,2026-01-03
MAHESHWARI,Maheshwari Logistics Limited,,EQ,NSE,Mainboard,2026-01-03
MAHICKRA,Mahickra Chemicals Limited,INE961Y01015,SM,NSE,SME,2026-01-03
MAHLIFE,Mahindra Lifespace Developers Limited,,EQ,NSE,Mainboard,2026-01-03
MAHLOG,Mahindra Logistics Limited,,EQ,NSE,Mainboard,2026-01-03
MAHSCOOTER,Maharashtra Scooters Limited,,EQ,NSE,Mainboard,2026-01-03
MAHSEAMLES,Maharashtra Seamless Limited,,EQ,NSE,Mainboard,2026-01-03
MAITHANALL,Maithan Alloys Limited,,EQ,NSE,Mainboard,2026-01-03
MAITREYA,Maitreya Medicare Limited,INE0PLQ01011,SM,NSE,SME,2026-01-03
MAKS,Maks Energy Solutions India Limited,INE0CDK01019,SM,NSE,SME,2026-01-03
MAL,Mangalam Alloys Limited,INE00C401011,SM,NSE,SME,2026-01-03
MALLCOM,Mallcom (India) Limited,,EQ,NSE,Mainboard,2026-01-03
MALUPAPER,Malu Paper Mills Limited,,EQ,NSE,Mainboard,2026-01-03
MAMATA,Mamata Machinery Limited,,EQ,NSE,Mainboard,2026-01-03
MANAKALUCO,Manaksia Aluminium Company Limited,,BE,NSE,Mainboard,2026-01-03
MANAKCOAT,Manaksia Coated Metals & Industries Limited,,EQ,NSE,Mainboard,2026-01-03
MANAKSIA,Manaksia Limited,,EQ,NSE,Mainboard,2026-01-03
MANAKSTEEL,Manaksia Steels Limited,,EQ,NSE,Mainboard,2026-01-03
MANALIPETC,Manali Petrochemicals Limited,,EQ,NSE,Mainboard,2026-01-03
MANAPPURAM,Manappuram Finance Limited,,EQ,NSE,Mainboard,2026-01-03
MANBA,Manba Finance Limited,,EQ,NSE,Mainboard,2026-01-03
MANCREDIT,Mangal Credit and Fincorp Limited,,EQ,NSE,Mainboard,2026-01-03
MANDEEP,Mandeep Auto Industries Limited,INE0R3T01013,SM,NSE,SME,2026-01-03
MANGALAM,Mangalam Drugs And Organics Limited,,EQ,NSE,Mainboard,2026-01-03
MANGLMCEM,Mangalam Cement Limited,,EQ,NSE,Mainboard,2026-01-03
MANINDS,Man Industries (India) Limited,,EQ,NSE,Mainboard,2026-01-03
MANINFRA,Man Infraconstruction Limited,,EQ,NSE,Mainboard,2026-01-03
MANKIND,Mankind Pharma Limited,,EQ,NSE,Mainboard,2026-01-03
MANOMAY,Manomay Tex India Limited,,BE,NSE,Mainboard,2026-01-03
MANORAMA,Manorama Industries Limited,,EQ,NSE,Mainboard,2026-01-03
MANORG,Mangalam Organics Limited,,EQ,NSE,Mainboard,2026-01-03
MANUGRAPH,Manugraph India Limited,,EQ,NSE,Mainboard,2026-01-03
MANYAVAR,Vedant Fashions Limited,,EQ,NSE,Mainboard,2026-01-03
MAPMYINDIA,C.E. Info Systems Limited,,EQ,NSE,Mainboard,2026-01-03
MARALOVER,Maral Overseas Limited,,EQ,NSE,Mainboard,2026-01-03
MARATHON,Marathon Nextgen Realty Limited,,EQ,NSE,Mainboard,2026-01-03
MARC,Marc Technocrats Limited,INE0TD401015,ST,NSE,SME,2026-01-03
MARCO,Marco Cables & Conductors Limited,INE0QP001012,SM,NSE,SME,2026-01-03
MARICO,Marico Limited,,EQ,NSE,Mainboard,2026-01-03
MARINE,Marine Electricals (India) Limited,,EQ,NSE,Mainboard,2026-01-03
MARINETRAN,Marinetrans India Limited,INE0P1P01017,ST,NSE,SME,2026-01-03
MARKOLINES,Markolines Pavement Technologies Limited,,EQ,NSE,Mainboard,2026-01-03
MARKSANS,Marksans Pharma Limited,,EQ,NSE,Mainboard,2026-01-03
MARUTI,Maruti Suzuki India Limited,,EQ,NSE,Mainboard,2026-01-03
MASFIN,MAS Financial Services Limited,,EQ,NSE,Mainboard,2026-01-03
MASKINVEST,Mask Investments Limited,,BE,NSE,Mainboard,2026-01-03
MASON,Mason Infratech Limited,INE0SH001010,SM,NSE,SME,2026-01-03
MASTEK,Mastek Limited,,EQ,NSE,Mainboard,2026-01-03
MASTER,Master Components Limited,INE0OJM01017,SM,NSE,SME,2026-01-03
MASTERTR,Master Trust Limited,,EQ,NSE,Mainboard,2026-01-03
MATRIMONY,Matrimony.Com Limited,,EQ,NSE,Mainboard,2026-01-03
MAWANASUG,Mawana Sugars Limited,,EQ,NSE,Mainboard,2026-01-03
MAXESTATES,Max Estates Limited,,EQ,NSE,Mainboard,2026-01-03
MAXHEALTH,Max Healthcare Institute Limited,,EQ,NSE,Mainboard,2026-01-03
MAXIND,Max India Limited,,EQ,NSE,Mainboard,2026-01-03
MAXPOSURE,Maxposure Limited,INE0ECC01022,SM,NSE,SME,2026-01-03
MAXVOLT,Maxvolt Energy Industries Limited,INE10A501018,ST,NSE,SME,2026-01-03
MAYASHEEL,Mayasheel Ventures Limited,INE0ZTO01018,ST,NSE,SME,2026-01-03
MAYURUNIQ,Mayur Uniquoters Ltd,,EQ,NSE,Mainboard,2026-01-03
MAZDA,Mazda Limited,,EQ,NSE,Mainboard,2026-01-03
MAZDOCK,Mazagon Dock Shipbuilders Limited,,EQ,NSE,Mainboard,2026-01-03
MBAPL,Madhya Bharat Agro Products Limited,,EQ,NSE,Mainboard,2026-01-03
MBEL,M & B Engineering Limited,,EQ,NSE,Mainboard,2026-01-03
MBLINFRA,MBL Infrastructure Limited,,EQ,NSE,Mainboard,2026-01-03
MCL,Madhav Copper Limited,,EQ,NSE,Mainboard,2026-01-03
MCLEODRUSS,Mcleod Russel India Limited,,BE,NSE,Mainboard,2026-01-03
MCLOUD,Magellanic Cloud Limited,,EQ,NSE,Mainboard,2026-01-03
MCON,Mcon Rasayan India Limited,INE0O4M01019,ST,NSE,SME,2026-01-03
MCX,Multi Commodity Exchange of India Limited,,EQ,NSE,Mainboard,2026-01-03
MDL,Marvel Decor Limited,INE575Z01010,SM,NSE,SME,2026-01-03
MEDANTA,Global Health Limited,,EQ,NSE,Mainboard,2026-01-03
MEDIASSIST,Medi Assist Healthcare Services Limited,,EQ,NSE,Mainboard,2026-01-03
MEDICAMEQ,Medicamen Biotech Limited,,EQ,NSE,Mainboard,2026-01-03
MEDICO,Medico Remedies Limited,,EQ,NSE,Mainboard,2026-01-03
MEDIORG,Medicamen Organics Limited,INE0PE401018,SM,NSE,SME,2026-01-03
MEDISTEP,Medistep Healthcare Limited,INE0UOY01019,SM,NSE,SME,2026-01-03
MEDPLUS,Medplus Health Services Limited,,EQ,NSE,Mainboard,2026-01-03
MEESHO,Meesho Limited,,EQ,NSE,Mainboard,2026-01-03
MEGAFLEX,Mega Flex Plastics Limited,INE0G1D01014,ST,NSE,SME,2026-01-03
MEGASOFT,Megasoft Limited,,BE,NSE,Mainboard,2026-01-03
MEGASTAR,Megastar Foods Limited,,BE,NSE,Mainboard,2026-01-03
MEGATHERM,Megatherm Induction Limited,INE531R01010,SM,NSE,SME,2026-01-03
MEIL,Mangal Electrical Industries Limited,,EQ,NSE,Mainboard,2026-01-03
MENONBE,Menon Bearings Limited,,EQ,NSE,Mainboard,2026-01-03
MEP,MEP Infrastructure Developers Limited,,BZ,NSE,Mainboard,2026-01-03
METROBRAND,Metro Brands Limited,,EQ,NSE,Mainboard,2026-01-03
METROPOLIS,Metropolis Healthcare Limited,,EQ,NSE,Mainboard,2026-01-03
MFML,Mahalaxmi Fabric Mills Limited,,EQ,NSE,Mainboard,2026-01-03
MFSL,Max Financial Services Limited,,EQ,NSE,Mainboard,2026-01-03
MGEL,Mangalam Global Enterprise Limited,,EQ,NSE,Mainboard,2026-01-03
MGL,Mahanagar Gas Limited,,EQ,NSE,Mainboard,2026-01-03
MGSL,Matrix Geo Solutions Limited,INE132901013,SM,NSE,SME,2026-01-03
MHHL,Mohini Health & Hygiene Limited,INE450S01011,SM,NSE,SME,2026-01-03
MHLXMIRU,Mahalaxmi Rubtech Limited,,EQ,NSE,Mainboard,2026-01-03
MHRIL,Mahindra Holidays & Resorts India Limited,,EQ,NSE,Mainboard,2026-01-03
MICEL,MIC Electronics Limited,,EQ,NSE,Mainboard,2026-01-03
MICROPRO,Micropro Software Solutions Limited,INE0PZK01014,SM,NSE,SME,2026-01-03
MIDHANI,Mishra Dhatu Nigam Limited,,EQ,NSE,Mainboard,2026-01-03
MIDWESTLTD,Midwest Limited,,EQ,NSE,Mainboard,2026-01-03
MIEL,Manglam Infra & Engineering Limited,INE0R3101011,SM,NSE,SME,2026-01-03
MILTON,Milton Industries Limited,INE376Y01016,SM,NSE,SME,2026-01-03
MINDACORP,Minda Corporation Limited,,EQ,NSE,Mainboard,2026-01-03
MINDPOOL,Mindpool Technologies Limited,INE00RQ01019,SM,NSE,SME,2026-01-03
MINDTECK,Mindteck (India) Limited,,EQ,NSE,Mainboard,2026-01-03
MIRCELECTR,MIRC Electronics Limited,,EQ,NSE,Mainboard,2026-01-03
MIRZAINT,Mirza International Limited,,EQ,NSE,Mainboard,2026-01-03
MITCON,MITCON Consultancy & Engineering Services Limited,,EQ,NSE,Mainboard,2026-01-03
MITTAL,Mittal Life Style Limited,,EQ,NSE,Mainboard,2026-01-03
MKPL,M K Proteins Limited,,EQ,NSE,Mainboard,2026-01-03
MMEL,Moving Media Entertainment Limited,INE0XM301010,SM,NSE,SME,2026-01-03
MMFL,MM Forgings Limited,,EQ,NSE,Mainboard,2026-01-03
MMP,MMP Industries Limited,,EQ,NSE,Mainboard,2026-01-03
MMTC,MMTC Limited,,EQ,NSE,Mainboard,2026-01-03
MOBIKWIK,One Mobikwik Systems Limited,,EQ,NSE,Mainboard,2026-01-03
MODINATUR,Modi Naturals Limited,,EQ,NSE,Mainboard,2026-01-03
MODIRUBBER,Modi Rubber Limited,,EQ,NSE,Mainboard,2026-01-03
MODIS,Modis Navnirman Limited,,EQ,NSE,Mainboard,2026-01-03
MODISONLTD,MODISON LIMITED,,EQ,NSE,Mainboard,2026-01-03
MODTHREAD,Modern Threads (India) Limited,,EQ,NSE,Mainboard,2026-01-03
MOHITIND,Mohit Industries Limited,,EQ,NSE,Mainboard,2026-01-03
MOIL,MOIL Limited,,EQ,NSE,Mainboard,2026-01-03
MOKSH,Moksh Ornaments Limited,,EQ,NSE,Mainboard,2026-01-03
MOL,Meghmani Organics Limited,,EQ,NSE,Mainboard,2026-01-03
MOLDTECH,Mold-Tek Technologies Limited,,EQ,NSE,Mainboard,2026-01-03
MOLDTKPAC,Mold-Tek Packaging Limited,,EQ,NSE,Mainboard,2026-01-03
MONARCH,Monarch Networth Capital Limited,,EQ,NSE,Mainboard,2026-01-03
MONEYBOXX,Moneyboxx Finance Limited,,EQ,NSE,Mainboard,2026-01-03
MONOLITH,Monolithisch India Limited,INE1DV401010,SM,NSE,SME,2026-01-03
MONOPHARMA,Mono Pharmacare Limited,INE0OIP01012,SM,NSE,SME,2026-01-03
MONTECARLO,Monte Carlo Fashions Limited,,EQ,NSE,Mainboard,2026-01-03
MOREPENLAB,Morepen Laboratories Limited,,EQ,NSE,Mainboard,2026-01-03
MOS,Mos Utility Limited,INE0N7S01028,SM,NSE,SME,2026-01-03
MOSCHIP,Moschip Technologies Limited,,EQ,NSE,Mainboard,2026-01-03
MOTHERSON,Samvardhana Motherson International Limited,,EQ,NSE,Mainboard,2026-01-03
MOTILALOFS,Motilal Oswal Financial Services Limited,,EQ,NSE,Mainboard,2026-01-03
MOTISONS,Motisons Jewellers Limited,,EQ,NSE,Mainboard,2026-01-03
MOTOGENFIN,The Motor & General Finance Limited,,EQ,NSE,Mainboard,2026-01-03
MOXSH,Moxsh Overseas Educon Limited,INE0N6D01014,ST,NSE,SME,2026-01-03
MPEL,Manas Polymers and Energies Limited,INE0U4H01011,SM,NSE,SME,2026-01-03
MPHASIS,MphasiS Limited,,EQ,NSE,Mainboard,2026-01-03
MPSLTD,MPS Limited,,EQ,NSE,Mainboard,2026-01-03
MPTODAY,Madhya Pradesh Today Media Limited,INE105Y01019,SM,NSE,SME,2026-01-03
MRF,MRF Limited,,EQ,NSE,Mainboard,2026-01-03
MRIL,Mahendra Realtors & Infrastructure Limited,INE632Q01018,SM,NSE,SME,2026-01-03
MRPL,Mangalore Refinery and Petrochemicals Limited,,EQ,NSE,Mainboard,2026-01-03
MSPL,MSP Steel & Power Limited,,EQ,NSE,Mainboard,2026-01-03
MSTCLTD,Mstc Limited,,EQ,NSE,Mainboard,2026-01-03
MSUMI,Motherson Sumi Wiring India Limited,,EQ,NSE,Mainboard,2026-01-03
MTARTECH,Mtar Technologies Limited,,EQ,NSE,Mainboard,2026-01-03
MTEDUCARE,MT Educare Limited,,BE,NSE,Mainboard,2026-01-03
MTNL,Mahanagar Telephone Nigam Limited,,EQ,NSE,Mainboard,2026-01-03
MUFIN,Mufin Green Finance Limited,,EQ,NSE,Mainboard,2026-01-03
MUFTI,Credo Brands Marketing Limited,,EQ,NSE,Mainboard,2026-01-03
MUKANDLTD,Mukand Limited,,EQ,NSE,Mainboard,2026-01-03
MUKKA,Mukka Proteins Limited,,EQ,NSE,Mainboard,2026-01-03
MUKTAARTS,Mukta Arts Limited,,EQ,NSE,Mainboard,2026-01-03
MUNISH,Munish Forge Limited,INE1K8Y01018,SM,NSE,SME,2026-01-03
MUNJALAU,Munjal Auto Industries Limited,,EQ,NSE,Mainboard,2026-01-03
MUNJALSHOW,Munjal Showa Limited,,EQ,NSE,Mainboard,2026-01-03
MURUDCERA,Murudeshwar Ceramics Limited,,EQ,NSE,Mainboard,2026-01-03
MUTHOOTCAP,Muthoot Capital Services Limited,,EQ,NSE,Mainboard,2026-01-03
MUTHOOTFIN,Muthoot Finance Limited,,EQ,NSE,Mainboard,2026-01-03
MUTHOOTMF,Muthoot Microfin Limited,,EQ,NSE,Mainboard,2026-01-03
MVGJL,Manoj Vaibhav Gems N Jewellers Limited,,EQ,NSE,Mainboard,2026-01-03
MVKAGRO,M.V.K. Agro Food Product Limited,INE0SGC01015,ST,NSE,SME,2026-01-03
MWL,Mangalam Worldwide Limited,,EQ,NSE,Mainboard,2026-01-03
MYMUDRA,My Mudra Fincorp Limited,INE0RVQ01016,SM,NSE,SME,2026-01-03
NA,10.0,,nan,BSE,SME,2026-01-03
NACLIND,NACL Industries Limited,,BE,NSE,Mainboard,2026-01-03
NAGAFERT,Nagarjuna Fertilizers and Chemicals Limited,,EQ,NSE,Mainboard,2026-01-03
NAGREEKCAP,Nagreeka Capital & Infrastructure Limited,,BE,NSE,Mainboard,2026-01-03
NAGREEKEXP,Nagreeka Exports Limited,,EQ,NSE,Mainboard,2026-01-03
NAHARCAP,Nahar Capital and Financial Services Limited,,EQ,NSE,Mainboard,2026-01-03
NAHARINDUS,Nahar Industrial Enterprises Limited,,EQ,NSE,Mainboard,2026-01-03
NAHARPOLY,Nahar Poly Films Limited,,EQ,NSE,Mainboard,2026-01-03
NAHARSPING,Nahar Spinning Mills Limited,,EQ,NSE,Mainboard,2026-01-03
NAM-INDIA,Nippon Life India Asset Management Limited,,EQ,NSE,Mainboard,2026-01-03
NAMAN,Naman Industries Proxima Limited,INE0RJM01010,SM,NSE,SME,2026-01-03
NAMOEWASTE,Namo eWaste Management Limited,INE08NZ01012,SM,NSE,SME,2026-01-03
NARMADA,Narmada Agrobase Limited,,BE,NSE,Mainboard,2026-01-03
NATCAPSUQ,Natural Capsules Limited,,EQ,NSE,Mainboard,2026-01-03
NATCOPHARM,Natco Pharma Limited,,EQ,NSE,Mainboard,2026-01-03
NATHBIOGEN,Nath Bio-Genes (India) Limited,,EQ,NSE,Mainboard,2026-01-03
NATIONALUM,National Aluminium Company Limited,,EQ,NSE,Mainboard,2026-01-03
NAUKRI,Info Edge (India) Limited,,EQ,NSE,Mainboard,2026-01-03
NAZARA,Nazara Technologies Limited,,EQ,NSE,Mainboard,2026-01-03
NBCC,NBCC (India) Limited,,EQ,NSE,Mainboard,2026-01-03
NBIFIN,N. B. I. Industrial Finance Company Limited,,EQ,NSE,Mainboard,2026-01-03
NCC,NCC Limited,,EQ,NSE,Mainboard,2026-01-03
NCLIND,NCL Industries Limited,,EQ,NSE,Mainboard,2026-01-03
NDGL,Naga Dhunseri Group Limited,,EQ,NSE,Mainboard,2026-01-03
NDL,Nandan Denim Limited,,EQ,NSE,Mainboard,2026-01-03
NDLVENTURE,NDL Ventures Limited,,EQ,NSE,Mainboard,2026-01-03
NDRAUTO,Ndr Auto Components Limited,,EQ,NSE,Mainboard,2026-01-03
NDTV,New Delhi Television Limited,,EQ,NSE,Mainboard,2026-01-03
NECCLTD,North Eastern Carrying Corporation Limited,,EQ,NSE,Mainboard,2026-01-03
NECLIFE,Nectar Lifesciences Limited,,BE,NSE,Mainboard,2026-01-03
NEELAM,Neelam Linens and Garments (India) Limited,INE0N1401016,SM,NSE,SME,2026-01-03
NELCAST,Nelcast Limited,,EQ,NSE,Mainboard,2026-01-03
NELCO,NELCO Limited,,EQ,NSE,Mainboard,2026-01-03
NEOCHEM,Neochem Bio Solutions Limited,INE21UM01018,SM,NSE,SME,2026-01-03
NEOGEN,Neogen Chemicals Limited,,EQ,NSE,Mainboard,2026-01-03
NEPHROCARE,Nephro Care India Limited,INE0SUN01013,ST,NSE,SME,2026-01-03
NEPHROPLUS,Nephrocare Health Services Limited,,EQ,NSE,Mainboard,2026-01-03
NEPTUNE,Neptune Petrochemicals Limited,INE156901014,SM,NSE,SME,2026-01-03
NESCO,Nesco Limited,,EQ,NSE,Mainboard,2026-01-03
NESTLEIND,Nestle India Limited,,EQ,NSE,Mainboard,2026-01-03
NETWEB,Netweb Technologies India Limited,,EQ,NSE,Mainboard,2026-01-03
NETWORK18,Network18 Media & Investments Limited,,EQ,NSE,Mainboard,2026-01-03
NEULANDLAB,Neuland Laboratories Limited,,EQ,NSE,Mainboard,2026-01-03
NEWGEN,Newgen Software Technologies Limited,,EQ,NSE,Mainboard,2026-01-03
NEWJAISA,Newjaisa Technologies Limited,INE0PW501021,SM,NSE,SME,2026-01-03
NEXTMEDIA,Next Mediaworks Limited,,EQ,NSE,Mainboard,2026-01-03
NFL,National Fertilizers Limited,,EQ,NSE,Mainboard,2026-01-03
NGIL,Nakoda Group of Industries Limited,,EQ,NSE,Mainboard,2026-01-03
NGLFINE,NGL Fine-Chem Limited,,EQ,NSE,Mainboard,2026-01-03
NH,Narayana Hrudayalaya Ltd.,,EQ,NSE,Mainboard,2026-01-03
NHPC,NHPC Limited,,EQ,NSE,Mainboard,2026-01-03
NIACL,The New India Assurance Company Limited,,EQ,NSE,Mainboard,2026-01-03
NIBE,NIBE Limited,,EQ,NSE,Mainboard,2026-01-03
NIBL,NRB Industrial Bearings Limited,,EQ,NSE,Mainboard,2026-01-03
NIDAN,Nidan Laboratories and Healthcare Limited,INE0J6L01013,SM,NSE,SME,2026-01-03
NIITLTD,NIIT Limited,,EQ,NSE,Mainboard,2026-01-03
NIITMTS,NIIT Learning Systems Limited,,EQ,NSE,Mainboard,2026-01-03
NIKITA,NIKITA GREENTECH RECYCLING LIMITED,INE0FLF01015,ST,NSE,SME,2026-01-03
NILAINFRA,Nila Infrastructures Limited,,EQ,NSE,Mainboard,2026-01-03
NILASPACES,Nila Spaces Limited,,BE,NSE,Mainboard,2026-01-03
NILKAMAL,Nilkamal Limited,,EQ,NSE,Mainboard,2026-01-03
NINSYS,NINtec Systems Limited,,EQ,NSE,Mainboard,2026-01-03
NIPPOBATRY,Indo-National Limited,,EQ,NSE,Mainboard,2026-01-03
NIRAJ,Niraj Cement Structurals Limited,,EQ,NSE,Mainboard,2026-01-03
NIRAJISPAT,Niraj Ispat Industries Limited,,EQ,NSE,Mainboard,2026-01-03
NIRMAN,Nirman Agri Genetics Limited,INE0OK701014,SM,NSE,SME,2026-01-03
NITCO,Nitco Limited,,EQ,NSE,Mainboard,2026-01-03
NITINSPIN,Nitin Spinners Limited,,EQ,NSE,Mainboard,2026-01-03
NITIRAJ,Nitiraj Engineers Limited,,EQ,NSE,Mainboard,2026-01-03
NIVABUPA,Niva Bupa Health Insurance Company Limited,,EQ,NSE,Mainboard,2026-01-03
NKIND,NK Industries Limited,,EQ,NSE,Mainboard,2026-01-03
NLCINDIA,NLC India Limited,,EQ,NSE,Mainboard,2026-01-03
NMDC,NMDC Limited,,EQ,NSE,Mainboard,2026-01-03
NMSTEEL,Newmalayalam Steel Limited,INE0TP801012,SM,NSE,SME,2026-01-03
NOCIL,NOCIL Limited,,EQ,NSE,Mainboard,2026-01-03
NOIDATOLL,Noida Toll Bridge Company Limited,,EQ,NSE,Mainboard,2026-01-03
NORBTEAEXP,Norben Tea & Exports Limited,,BE,NSE,Mainboard,2026-01-03
NORTHARC,Northern Arc Capital Limited,,EQ,NSE,Mainboard,2026-01-03
NOVAAGRI,Nova Agritech Limited,,EQ,NSE,Mainboard,2026-01-03
NPST,Network People Services Technologies Limited,,EQ,NSE,Mainboard,2026-01-03
NRAIL,N R Agarwal Industries Limited,,EQ,NSE,Mainboard,2026-01-03
NRBBEARING,NRB Bearing Limited,,EQ,NSE,Mainboard,2026-01-03
NRL,Nupur Recyclers Limited,,EQ,NSE,Mainboard,2026-01-03
NRVANDANA,N R Vandana Tex Industries Limited,INE104101014,ST,NSE,SME,2026-01-03
NSIL,Nalwa Sons Investments Limited,,EQ,NSE,Mainboard,2026-01-03
NSLNISP,NMDC Steel Limited,,EQ,NSE,Mainboard,2026-01-03
NTPC,NTPC Limited,,EQ,NSE,Mainboard,2026-01-03
NTPCGREEN,NTPC Green Energy Limited,,EQ,NSE,Mainboard,2026-01-03
NUCLEUS,Nucleus Software Exports Limited,,EQ,NSE,Mainboard,2026-01-03
NURECA,Nureca Limited,,EQ,NSE,Mainboard,2026-01-03
NUVAMA,Nuvama Wealth Management Limited,,EQ,NSE,Mainboard,2026-01-03
NUVOCO,Nuvoco Vistas Corporation Limited,,EQ,NSE,Mainboard,2026-01-03
NYKAA,FSN E-Commerce Ventures Limited,,EQ,NSE,Mainboard,2026-01-03
OAL,Oriental Aromatics Limited,,EQ,NSE,Mainboard,2026-01-03
OBCL,Orissa Bengal Carrier Limited,,EQ,NSE,Mainboard,2026-01-03
OBEROIRLTY,Oberoi Realty Limited,,EQ,NSE,Mainboard,2026-01-03
OBSCP,OBSC Perfection Limited,INE0YHV01011,SM,NSE,SME,2026-01-03
OCCLLTD,OCCL Limited,,EQ,NSE,Mainboard,2026-01-03
ODIGMA,Odigma Consultancy Solutions Limited,,EQ,NSE,Mainboard,2026-01-03
OFSS,Oracle Financial Services Software Limited,,EQ,NSE,Mainboard,2026-01-03
OIL,Oil India Limited,,EQ,NSE,Mainboard,2026-01-03
OILCOUNTUB,Oil Country Tubular Limited,,EQ,NSE,Mainboard,2026-01-03
OLAELEC,Ola Electric Mobility Limited,,EQ,NSE,Mainboard,2026-01-03
OLECTRA,Olectra Greentech Limited,,EQ,NSE,Mainboard,2026-01-03
OLIL,Oneclick Logistics India Limited,INE0OPS01011,SM,NSE,SME,2026-01-03
OMAXAUTO,Omax Autos Limited,,EQ,NSE,Mainboard,2026-01-03
OMAXE,Omaxe Limited,,EQ,NSE,Mainboard,2026-01-03
OMFREIGHT,Om Freight Forwarders Limited,,EQ,NSE,Mainboard,2026-01-03
OMFURN,Omfurn India Limited,INE338Y01016,SM,NSE,SME,2026-01-03
OMINFRAL,OM INFRA LIMITED,,EQ,NSE,Mainboard,2026-01-03
OMKARCHEM,Omkar Speciality Chemicals Limited,,BZ,NSE,Mainboard,2026-01-03
ONDOOR,On Door Concepts Limited,INE00ER01015,SM,NSE,SME,2026-01-03
ONELIFECAP,Onelife Capital Advisors Limited,,BE,NSE,Mainboard,2026-01-03
ONEPOINT,One Point One Solutions Limited,,EQ,NSE,Mainboard,2026-01-03
ONESOURCE,Onesource Specialty Pharma Limited,,EQ,NSE,Mainboard,2026-01-03
ONGC,Oil & Natural Gas Corporation Limited,,EQ,NSE,Mainboard,2026-01-03
ONMOBILE,OnMobile Global Limited,,EQ,NSE,Mainboard,2026-01-03
ONWARDTEC,Onward Technologies Limited,,EQ,NSE,Mainboard,2026-01-03
ONYX,Onyx Biotec Limited,INE0WVU01018,SM,NSE,SME,2026-01-03
OPTIEMUS,Optiemus Infracom Limited,,EQ,NSE,Mainboard,2026-01-03
OPTIVALUE,Optivalue Tek Consulting Limited,INE15B101011,SM,NSE,SME,2026-01-03
ORBTEXP,Orbit Exports Limited,,EQ,NSE,Mainboard,2026-01-03
ORCHASP,Orchasp Limited,,EQ,NSE,Mainboard,2026-01-03
ORCHPHARMA,Orchid Pharma Limited,,EQ,NSE,Mainboard,2026-01-03
ORIANA,Oriana Power Limited,INE0OUT01019,SM,NSE,SME,2026-01-03
ORICONENT,Oricon Enterprises Limited,,BE,NSE,Mainboard,2026-01-03
ORIENTALTL,Oriental Trimex Limited,,EQ,NSE,Mainboard,2026-01-03
ORIENTBELL,Orient Bell Limited,,EQ,NSE,Mainboard,2026-01-03
ORIENTCEM,Orient Cement Limited,,EQ,NSE,Mainboard,2026-01-03
ORIENTCER,ORIENT CERATECH LIMITED,,EQ,NSE,Mainboard,2026-01-03
ORIENTELEC,Orient Electric Limited,,EQ,NSE,Mainboard,2026-01-03
ORIENTHOT,Oriental Hotels Limited,,EQ,NSE,Mainboard,2026-01-03
ORIENTLTD,Orient Press Limited,,EQ,NSE,Mainboard,2026-01-03
ORIENTPPR,Orient Paper & Industries Limited,,EQ,NSE,Mainboard,2026-01-03
ORIENTTECH,Orient Technologies Limited,,EQ,NSE,Mainboard,2026-01-03
ORISSAMINE,The Orissa Minerals Development Company Limited,,EQ,NSE,Mainboard,2026-01-03
ORKLAINDIA,Orkla India Limited,,EQ,NSE,Mainboard,2026-01-03
ORTINGLOBE,ORTIN GLOBAL LIMITED,,BE,NSE,Mainboard,2026-01-03
OSELDEVICE,Osel Devices Limited,INE0RMF01018,ST,NSE,SME,2026-01-03
OSIAHYPER,Osia Hyper Retail Limited,,EQ,NSE,Mainboard,2026-01-03
OSWALAGRO,Oswal Agro Mills Limited,,EQ,NSE,Mainboard,2026-01-03
OSWALGREEN,Oswal Greentech Limited,,EQ,NSE,Mainboard,2026-01-03
OSWALPUMPS,Oswal Pumps Limited,,EQ,NSE,Mainboard,2026-01-03
OSWALSEEDS,ShreeOswal Seeds And Chemicals Limited,,EQ,NSE,Mainboard,2026-01-03
OWAIS,Owais Metal And Mineral Processing Limited,INE0R8M01017,SM,NSE,SME,2026-01-03
PACEDIGITK,Pace Digitek Limited,,EQ,NSE,Mainboard,2026-01-03
PAGEIND,Page Industries Limited,,EQ,NSE,Mainboard,2026-01-03
PAISALO,Paisalo Digital Limited,,EQ,NSE,Mainboard,2026-01-03
PAKKA,PAKKA LIMITED,,EQ,NSE,Mainboard,2026-01-03
PALASHSECU,Palash Securities Limited,,EQ,NSE,Mainboard,2026-01-03
PALREDTEC,Palred Technologies Limited,,EQ,NSE,Mainboard,2026-01-03
PANACEABIO,Panacea Biotec Limited,,EQ,NSE,Mainboard,2026-01-03
PANACHE,Panache Digilife Limited,,BE,NSE,Mainboard,2026-01-03
PANAMAPET,Panama Petrochem Limited,,EQ,NSE,Mainboard,2026-01-03
PANSARI,Pansari Developers Limited,,BE,NSE,Mainboard,2026-01-03
PAR,Par Drugs And Chemicals Limited,,EQ,NSE,Mainboard,2026-01-03
PARACABLES,Paramount Communications Limited,,EQ,NSE,Mainboard,2026-01-03
PARADEEP,Paradeep Phosphates Limited,,EQ,NSE,Mainboard,2026-01-03
PARAGMILK,Parag Milk Foods Limited,,EQ,NSE,Mainboard,2026-01-03
PARAGON,Paragon Fine and Speciality Chemical Limited,INE0N4G01012,SM,NSE,SME,2026-01-03
PARAMATRIX,Paramatrix Technologies Limited,INE0S2W01018,SM,NSE,SME,2026-01-03
PARAMOUNT,Paramount Dye Tec Limited,INE0TG801013,SM,NSE,SME,2026-01-03
PARAS,Paras Defence and Space Technologies Limited,,EQ,NSE,Mainboard,2026-01-03
PARASPETRO,Paras Petrofils Limited,,EQ,NSE,Mainboard,2026-01-03
PARIN,Parin Enterprises Limited,INE00U801010,ST,NSE,SME,2026-01-03
PARKHOSPS,Park Medi World Limited,,EQ,NSE,Mainboard,2026-01-03
PARKHOTELS,Apeejay Surrendra Park Hotels Limited,,EQ,NSE,Mainboard,2026-01-03
PARSVNATH,Parsvnath Developers Limited,,EQ,NSE,Mainboard,2026-01-03
PARTH,Parth Electricals & Engineering Limited,INE1H7V01011,SM,NSE,SME,2026-01-03
PARTYCRUS,Party Cruisers Limited,INE06ZX01015,SM,NSE,SME,2026-01-03
PASHUPATI,Pashupati Cotspin Limited,,EQ,NSE,Mainboard,2026-01-03
PASUPTAC,Pasupati Acrylon Limited,,EQ,NSE,Mainboard,2026-01-03
PATANJALI,Patanjali Foods Limited,,EQ,NSE,Mainboard,2026-01-03
PATELENG,Patel Engineering Limited,,EQ,NSE,Mainboard,2026-01-03
PATELRMART,Patel Retail Limited,,EQ,NSE,Mainboard,2026-01-03
PATILAUTOM,Patil Automation Limited,INE17GV01016,SM,NSE,SME,2026-01-03
PATINTLOG,Patel Integrated Logistics Limited,,EQ,NSE,Mainboard,2026-01-03
PATTECH,Pattech Fitwell Tube Components Limited,INE0NZW01014,SM,NSE,SME,2026-01-03
PAUSHAKLTD,Paushak Limited,,EQ,NSE,Mainboard,2026-01-03
PAVNAIND,Pavna Industries Limited,,EQ,NSE,Mainboard,2026-01-03
PAYTM,One 97 Communications Limited,,EQ,NSE,Mainboard,2026-01-03
PCBL,PCBL Chemical Limited,,EQ,NSE,Mainboard,2026-01-03
PCCL,Petro Carbon and Chemicals Limited,INE998U01015,SM,NSE,SME,2026-01-03
PCJEWELLER,PC Jeweller Limited,,EQ,NSE,Mainboard,2026-01-03
PDMJEPAPER,Pudumjee Paper Products Limited,,EQ,NSE,Mainboard,2026-01-03
PDSL,PDS Limited,,EQ,NSE,Mainboard,2026-01-03
PEARLPOLY,Pearl Polymers Limited,,EQ,NSE,Mainboard,2026-01-03
PELATRO,Pelatro Limited,INE0VG601013,SM,NSE,SME,2026-01-03
PENIND,Pennar Industries Limited,,EQ,NSE,Mainboard,2026-01-03
PENINLAND,Peninsula Land Limited,,EQ,NSE,Mainboard,2026-01-03
PENTAGON,Pentagon Rubber Limited,INE0ORS01017,ST,NSE,SME,2026-01-03
PERFECT,Perfect Infraengineers Limited,INE925S01012,SZ,NSE,SME,2026-01-03
PERSISTENT,Persistent Systems Limited,,EQ,NSE,Mainboard,2026-01-03
PETRONET,Petronet LNG Limited,,EQ,NSE,Mainboard,2026-01-03
PFC,Power Finance Corporation Limited,,EQ,NSE,Mainboard,2026-01-03
PFIZER,Pfizer Limited,,EQ,NSE,Mainboard,2026-01-03
PFOCUS,Prime Focus Limited,,EQ,NSE,Mainboard,2026-01-03
PFS,PTC India Financial Services Limited,,EQ,NSE,Mainboard,2026-01-03
PGEL,PG Electroplast Limited,,EQ,NSE,Mainboard,2026-01-03
PGHH,Procter & Gamble Hygiene and Health Care Limited,,EQ,NSE,Mainboard,2026-01-03
PGHL,Procter & Gamble Health Limited,,EQ,NSE,Mainboard,2026-01-03
PGIL,Pearl Global Industries Limited,,EQ,NSE,Mainboard,2026-01-03
PHANTOMFX,Phantom Digital Effects Limited,INE0MLZ01019,SM,NSE,SME,2026-01-03
PHOENIXLTD,The Phoenix Mills Limited,,EQ,NSE,Mainboard,2026-01-03
PHOGLOBAL,Phoenix Overseas Limited,INE0FPO01018,SM,NSE,SME,2026-01-03
PICCADIL,Piccadily Agro Industries Limited,,EQ,NSE,Mainboard,2026-01-03
PIDILITIND,Pidilite Industries Limited,,EQ,NSE,Mainboard,2026-01-03
PIGL,Power & Instrumentation (Gujarat) Limited,,EQ,NSE,Mainboard,2026-01-03
PIIND,PI Industries Limited,,EQ,NSE,Mainboard,2026-01-03
PILANIINVS,Pilani Investment and Industries Corporation Limited,,EQ,NSE,Mainboard,2026-01-03
PILITA,PIL ITALICA LIFESTYLE LIMITED,,EQ,NSE,Mainboard,2026-01-03
PINELABS,Pine Labs Limited,,EQ,NSE,Mainboard,2026-01-03
PIONEEREMB,Pioneer Embroideries Limited,,EQ,NSE,Mainboard,2026-01-03
PIRAMALFIN,Piramal Finance Limited,,EQ,NSE,Mainboard,2026-01-03
PITTIENG,Pitti Engineering Limited,,EQ,NSE,Mainboard,2026-01-03
PIXTRANS,Pix Transmissions Limited,,EQ,NSE,Mainboard,2026-01-03
PKTEA,The Peria Karamalai Tea & Produce Company Limited,,EQ,NSE,Mainboard,2026-01-03
PLADAINFO,Plada Infotech Services Limited,INE0PXD01014,SM,NSE,SME,2026-01-03
PLASTIBLEN,Plastiblends India Limited,,EQ,NSE,Mainboard,2026-01-03
PLATIND,Platinum Industries Limited,,EQ,NSE,Mainboard,2026-01-03
PLAZACABLE,Plaza Wires Limited,,EQ,NSE,Mainboard,2026-01-03
PNB,Punjab National Bank,,EQ,NSE,Mainboard,2026-01-03
PNBHOUSING,PNB Housing Finance Limited,,EQ,NSE,Mainboard,2026-01-03
PNC,Pritish Nandy Communications Limited,,EQ,NSE,Mainboard,2026-01-03
PNCINFRA,PNC Infratech Limited,,EQ,NSE,Mainboard,2026-01-03
PNGJL,P N Gadgil Jewellers Limited,,EQ,NSE,Mainboard,2026-01-03
POCL,Pondy Oxides & Chemicals Limited,,EQ,NSE,Mainboard,2026-01-03
PODDARMENT,Poddar Pigments Limited,,EQ,NSE,Mainboard,2026-01-03
POKARNA,Pokarna Limited,,EQ,NSE,Mainboard,2026-01-03
POLICYBZR,PB Fintech Limited,,EQ,NSE,Mainboard,2026-01-03
POLYCAB,Polycab India Limited,,EQ,NSE,Mainboard,2026-01-03
POLYMED,Poly Medicure Limited,,EQ,NSE,Mainboard,2026-01-03
POLYPLEX,Polyplex Corporation Limited,,EQ,NSE,Mainboard,2026-01-03
POLYSIL,Polysil Irrigation Systems Limited,INE517M01028,ST,NSE,SME,2026-01-03
PONNIERODE,Ponni Sugars (Erode) Limited,,EQ,NSE,Mainboard,2026-01-03
POONAWALLA,Poonawalla Fincorp Limited,,EQ,NSE,Mainboard,2026-01-03
POSITRON,Positron Energy Limited,INE0S3H01017,SM,NSE,SME,2026-01-03
POWERGRID,Power Grid Corporation of India Limited,,EQ,NSE,Mainboard,2026-01-03
POWERINDIA,Hitachi Energy India Limited,,EQ,NSE,Mainboard,2026-01-03
POWERMECH,Power Mech Projects Limited,,EQ,NSE,Mainboard,2026-01-03
PPAP,PPAP Automotive Limited,,EQ,NSE,Mainboard,2026-01-03
PPL,Prakash Pipes Limited,,EQ,NSE,Mainboard,2026-01-03
PPLPHARMA,Piramal Pharma Limited,,EQ,NSE,Mainboard,2026-01-03
PPSL,Picturepost Studios Limited,INE0YAL01017,SM,NSE,SME,2026-01-03
PRABHA,Prabha Energy Limited,,EQ,NSE,Mainboard,2026-01-03
PRAENG,Prajay Engineers Syndicate Limited,,BE,NSE,Mainboard,2026-01-03
PRAJIND,Praj Industries Limited,,EQ,NSE,Mainboard,2026-01-03
PRAKASH,Prakash Industries Limited,,EQ,NSE,Mainboard,2026-01-03
PRAKASHSTL,Prakash Steelage Limited,,EQ,NSE,Mainboard,2026-01-03
PRAMARA,Pramara Promotions Limited,INE0O7A01017,SM,NSE,SME,2026-01-03
PRANIK,Pranik Logistics Limited,INE0VJG01014,SM,NSE,SME,2026-01-03
PRATHAM,Pratham EPC Projects Limited,INE0QA601016,SM,NSE,SME,2026-01-03
PRAXIS,Praxis Home Retail Limited,,EQ,NSE,Mainboard,2026-01-03
PRECAM,Precision Camshafts Limited,,EQ,NSE,Mainboard,2026-01-03
PRECISION,Precision Metaliks Limited,INE0HKW01018,SM,NSE,SME,2026-01-03
PRECOT,Precot Limited,,EQ,NSE,Mainboard,2026-01-03
PRECWIRE,Precision Wires India Limited,,EQ,NSE,Mainboard,2026-01-03
PREMEXPLN,Premier Explosives Limited,,EQ,NSE,Mainboard,2026-01-03
PREMIER,Premier Limited,,BE,NSE,Mainboard,2026-01-03
PREMIERENE,Premier Energies Limited,,EQ,NSE,Mainboard,2026-01-03
PREMIERPOL,Premier Polyfilm Limited,,EQ,NSE,Mainboard,2026-01-03
PREMIUM,Premium Plast Limited,INE0M1F01011,SM,NSE,SME,2026-01-03
PRESSTONIC,Presstonic Engineering Limited,INE0R1601012,SM,NSE,SME,2026-01-03
PRESTIGE,Prestige Estates Projects Limited,,EQ,NSE,Mainboard,2026-01-03
PRICOLLTD,Pricol Limited,,EQ,NSE,Mainboard,2026-01-03
PRIMECAB,Prime Cable Industries Limited,INE0CQA01020,SM,NSE,SME,2026-01-03
PRIMESECU,Prime Securities Limited,,EQ,NSE,Mainboard,2026-01-03
PRIMO,Primo Chemicals Limited,,EQ,NSE,Mainboard,2026-01-03
PRINCEPIPE,Prince Pipes And Fittings Limited,,EQ,NSE,Mainboard,2026-01-03
PRITI,Priti International Limited,,EQ,NSE,Mainboard,2026-01-03
PRITIKA,Pritika Engineering Components Limited,INE0MJQ01020,SM,NSE,SME,2026-01-03
PRITIKAUTO,Pritika Auto Industries Limited,,EQ,NSE,Mainboard,2026-01-03
PRIVISCL,Privi Speciality Chemicals Limited,,EQ,NSE,Mainboard,2026-01-03
PRIZOR,Prizor Viztech Limited,INE0V9N01017,SM,NSE,SME,2026-01-03
PRLIND,Premier Roadlines Limited,INE0CFG01012,SM,NSE,SME,2026-01-03
PROFX,Pro FX Tech Limited,INE0VJT01017,SM,NSE,SME,2026-01-03
PROLIFE,Prolife Industries Limited,INE994V01012,SM,NSE,SME,2026-01-03
PROPEQUITY,P. E. Analytics Limited,INE0KN801013,SM,NSE,SME,2026-01-03
PROSTARM,Prostarm Info Systems Limited,,EQ,NSE,Mainboard,2026-01-03
PROTEAN,Protean eGov Technologies Limited,,EQ,NSE,Mainboard,2026-01-03
PROV,Proventus Agrocom Limited,INE0ONE01016,SM,NSE,SME,2026-01-03
PROZONER,Prozone Realty Limited,,BE,NSE,Mainboard,2026-01-03
PRSMJOHNSN,Prism Johnson Limited,,EQ,NSE,Mainboard,2026-01-03
PRUDENT,Prudent Corporate Advisory Services Limited,,EQ,NSE,Mainboard,2026-01-03
PRUDMOULI,Prudential Sugar Corporation Limited,,EQ,NSE,Mainboard,2026-01-03
PSB,Punjab & Sind Bank,,EQ,NSE,Mainboard,2026-01-03
PSFL,Paramount Speciality Forgings Limited,INE0Q6001012,SM,NSE,SME,2026-01-03
PSPPROJECT,PSP Projects Limited,,EQ,NSE,Mainboard,2026-01-03
PSRAJ,P S Raj Steels Limited,INE0XUS01012,ST,NSE,SME,2026-01-03
PTC,PTC India Limited,,EQ,NSE,Mainboard,2026-01-03
PTCIL,PTC Industries Limited,,EQ,NSE,Mainboard,2026-01-03
PTL,PTL Enterprises Limited,,EQ,NSE,Mainboard,2026-01-03
PULZ,Pulz Electronics Limited,INE335X01014,SM,NSE,SME,2026-01-03
PUNJABCHEM,Punjab Chemicals & Crop Protection Limited,,EQ,NSE,Mainboard,2026-01-03
PURPLEUTED,Purple United Sales Limited,INE0P5R01014,SM,NSE,SME,2026-01-03
PURVA,Puravankara Limited,,EQ,NSE,Mainboard,2026-01-03
PURVFLEXI,Purv Flexipack Limited,INE0R6C01012,SM,NSE,SME,2026-01-03
PUSHPA,Pushpa Jewellers Limited,INE154801018,SM,NSE,SME,2026-01-03
PVP,PVP Ventures Limited,,BE,NSE,Mainboard,2026-01-03
PVRINOX,PVR INOX Limited,,EQ,NSE,Mainboard,2026-01-03
PVSL,Popular Vehicles and Services Limited,,EQ,NSE,Mainboard,2026-01-03
PWL,Physicswallah Limited,,EQ,NSE,Mainboard,2026-01-03
PYRAMID,Pyramid Technoplast Limited,,EQ,NSE,Mainboard,2026-01-03
QFIL,Quality Foils (India) Limited,INE0O1M01015,SM,NSE,SME,2026-01-03
QMSMEDI,QMS Medical Allied Services Limited,INE0FMW01018,SM,NSE,SME,2026-01-03
QPOWER,Quality Power Electrical Equipments Limited,,EQ,NSE,Mainboard,2026-01-03
QUADFUTURE,Quadrant Future Tek Limited,,EQ,NSE,Mainboard,2026-01-03
QUADPRO,Quadpro Ites Limited,INE0GOJ01027,SM,NSE,SME,2026-01-03
QUESS,Quess Corp Limited,,EQ,NSE,Mainboard,2026-01-03
QUESTLAB,Quest Laboratories Limited,INE0TNW01017,SM,NSE,SME,2026-01-03
QUICKHEAL,Quick Heal Technologies Limited,,EQ,NSE,Mainboard,2026-01-03
QUICKTOUCH,Quicktouch Technologies Limited,INE0K4D01020,SM,NSE,SME,2026-01-03
QVCEL,QVC Exports Limited,INE0KZF01015,SM,NSE,SME,2026-01-03
RACE,Race Eco Chain Limited,,EQ,NSE,Mainboard,2026-01-03
RACLGEAR,RACL Geartech Limited,,EQ,NSE,Mainboard,2026-01-03
RADAAN,Radaan Mediaworks India Limited,,EQ,NSE,Mainboard,2026-01-03
RADHIKAJWE,Radhika Jeweltech Limited,,EQ,NSE,Mainboard,2026-01-03
RADIANTCMS,Radiant Cash Management Services Limited,,EQ,NSE,Mainboard,2026-01-03
RADICO,Radico Khaitan Limited,,EQ,NSE,Mainboard,2026-01-03
RADIOCITY,Music Broadcast Limited,,EQ,NSE,Mainboard,2026-01-03
RADIOWALLA,Radiowalla Network Limited,INE430U01019,SM,NSE,SME,2026-01-03
RAILTEL,Railtel Corporation Of India Limited,,EQ,NSE,Mainboard,2026-01-03
RAIN,Rain Industries Limited,,EQ,NSE,Mainboard,2026-01-03
RAINBOW,Rainbow Childrens Medicare Limited,,EQ,NSE,Mainboard,2026-01-03
RAJESHEXPO,Rajesh Exports Limited,,BZ,NSE,Mainboard,2026-01-03
RAJINDLTD,Rajputana Industries Limited,INE0PCU01012,SM,NSE,SME,2026-01-03
RAJMET,Rajnandini Metal Limited,,EQ,NSE,Mainboard,2026-01-03
RAJOOENG,Rajoo Engineers Limited,,EQ,NSE,Mainboard,2026-01-03
RAJPUTANA,Rajputana Biodiesel Limited,INE0VHU01019,SM,NSE,SME,2026-01-03
RAJRATAN,Rajratan Global Wire Limited,,EQ,NSE,Mainboard,2026-01-03
RAJRILTD,Raj Rayon Industries Limited,,BE,NSE,Mainboard,2026-01-03
RAJSREESUG,Rajshree Sugars & Chemicals Limited,,EQ,NSE,Mainboard,2026-01-03
RAJTV,Raj Television Network Limited,,EQ,NSE,Mainboard,2026-01-03
RALLIS,Rallis India Limited,,EQ,NSE,Mainboard,2026-01-03
RAMANEWS,Shree Rama Newsprint Limited,,EQ,NSE,Mainboard,2026-01-03
RAMAPHO,Rama Phosphates Limited,,EQ,NSE,Mainboard,2026-01-03
RAMASTEEL,Rama Steel Tubes Limited,,EQ,NSE,Mainboard,2026-01-03
RAMCOCEM,The Ramco Cements Limited,,EQ,NSE,Mainboard,2026-01-03
RAMCOIND,Ramco Industries Limited,,EQ,NSE,Mainboard,2026-01-03
RAMCOSYS,Ramco Systems Limited,,EQ,NSE,Mainboard,2026-01-03
RAMKY,Ramky Infrastructure Limited,,EQ,NSE,Mainboard,2026-01-03
RAMRAT,Ram Ratna Wires Limited,,EQ,NSE,Mainboard,2026-01-03
RANASUG,Rana Sugars Limited,,EQ,NSE,Mainboard,2026-01-03
RANEHOLDIN,Rane Holdings Limited,,EQ,NSE,Mainboard,2026-01-03
RAPIDFLEET,Rapid Fleet Management Services Limited,INE0QX901013,SM,NSE,SME,2026-01-03
RAPPID,Rappid Valves (India) Limited,INE0MVO01012,SM,NSE,SME,2026-01-03
RATEGAIN,Rategain Travel Technologies Limited,,EQ,NSE,Mainboard,2026-01-03
RATNAMANI,Ratnamani Metals & Tubes Limited,,EQ,NSE,Mainboard,2026-01-03
RAYMOND,Raymond Limited,,EQ,NSE,Mainboard,2026-01-03
RAYMONDLSL,Raymond Lifestyle Limited,,EQ,NSE,Mainboard,2026-01-03
RAYMONDREL,Raymond Realty Limited,,EQ,NSE,Mainboard,2026-01-03
RBA,Restaurant Brands Asia Limited,,EQ,NSE,Mainboard,2026-01-03
RBLBANK,RBL Bank Limited,,EQ,NSE,Mainboard,2026-01-03
RBMINFRA,Rbm Infracon Limited,INE0NA301016,SM,NSE,SME,2026-01-03
RBS,Ramdevbaba Solvent Limited,INE0RJH01010,SM,NSE,SME,2026-01-03
RBZJEWEL,RBZ Jewellers Limited,,EQ,NSE,Mainboard,2026-01-03
RCDL,Rajgor Castor Derivatives Limited,INE0BZQ01011,SM,NSE,SME,2026-01-03
RCF,Rashtriya Chemicals and Fertilizers Limited,,EQ,NSE,Mainboard,2026-01-03
RCOM,Reliance Communications Limited,,BE,NSE,Mainboard,2026-01-03
READYMIX,Readymix Construction Machinery Limited,INE10QL01011,SM,NSE,SME,2026-01-03
RECLTD,REC Limited,,EQ,NSE,Mainboard,2026-01-03
REDINGTON,Redington Limited,,EQ,NSE,Mainboard,2026-01-03
REDTAPE,Redtape Limited,,EQ,NSE,Mainboard,2026-01-03
REFEX,Refex Industries Limited,,EQ,NSE,Mainboard,2026-01-03
REFRACTORY,Refractory Shapes Limited,INE0TNX01015,SM,NSE,SME,2026-01-03
REGAAL,Regaal Resources Limited,,EQ,NSE,Mainboard,2026-01-03
REGENCERAM,Regency Ceramics Limited,,EQ,NSE,Mainboard,2026-01-03
RELAXO,Relaxo Footwears Limited,,EQ,NSE,Mainboard,2026-01-03
RELCHEMQ,Reliance Chemotex Industries Limited,,EQ,NSE,Mainboard,2026-01-03
RELIABLE,Reliable Data Services Limited,,BE,NSE,Mainboard,2026-01-03
RELIANCE,Reliance Industries Limited,,EQ,NSE,Mainboard,2026-01-03
RELIGARE,Religare Enterprises Limited,,EQ,NSE,Mainboard,2026-01-03
RELTD,Ravindra Energy Limited,,EQ,NSE,Mainboard,2026-01-03
REMSONSIND,Remsons Industries Limited,,EQ,NSE,Mainboard,2026-01-03
REMUS,Remus Pharmaceuticals Limited,INE0O5T01011,SM,NSE,SME,2026-01-03
RENUKA,Shree Renuka Sugars Limited,,EQ,NSE,Mainboard,2026-01-03
REPCOHOME,Repco Home Finance Limited,,EQ,NSE,Mainboard,2026-01-03
REPL,Rudrabhishek Enterprises Limited,,EQ,NSE,Mainboard,2026-01-03
REPRO,Repro India Limited,,EQ,NSE,Mainboard,2026-01-03
RESPONIND,Responsive Industries Limited,,EQ,NSE,Mainboard,2026-01-03
RETAIL,JHS Svendgaard Retail Ventures Limited,,EQ,NSE,Mainboard,2026-01-03
REXPIPES,Rex Pipes And Cables Industries Limited,INE00D001018,SM,NSE,SME,2026-01-03
REXPRO,Rexpro Enterprises Limited,INE113601012,SM,NSE,SME,2026-01-03
RGL,Renaissance Global Limited,,EQ,NSE,Mainboard,2026-01-03
RHETAN,Rhetan TMT Limited,,EQ,NSE,Mainboard,2026-01-03
RHFL,Reliance Home Finance Limited,,BZ,NSE,Mainboard,2026-01-03
RHIM,RHI MAGNESITA INDIA LIMITED,,EQ,NSE,Mainboard,2026-01-03
RHL,Robust Hotels Limited,,EQ,NSE,Mainboard,2026-01-03
RICHA,Richa Info Systems Limited,INE0J1P01015,ST,NSE,SME,2026-01-03
RICOAUTO,Rico Auto Industries Limited,,EQ,NSE,Mainboard,2026-01-03
RIIL,Reliance Industrial Infrastructure Limited,,EQ,NSE,Mainboard,2026-01-03
RILINFRA,Rachana Infrastructure Limited,INE02OY01016,SM,NSE,SME,2026-01-03
RISHABH,Rishabh Instruments Limited,,EQ,NSE,Mainboard,2026-01-03
RITCO,Ritco Logistics Limited,,EQ,NSE,Mainboard,2026-01-03
RITES,RITES Limited,,EQ,NSE,Mainboard,2026-01-03
RITEZONE,Rite Zone Chemcon India Limited,INE0MRA01019,SM,NSE,SME,2026-01-03
RKDL,Ravi Kumar Distilleries Limited,,EQ,NSE,Mainboard,2026-01-03
RKEC,RKEC Projects Limited,,EQ,NSE,Mainboard,2026-01-03
RKFORGE,Ramkrishna Forgings Limited,,EQ,NSE,Mainboard,2026-01-03
RKSWAMY,R K Swamy Limited,,EQ,NSE,Mainboard,2026-01-03
RMDRIP,R M Drip and Sprinklers Systems Limited,,EQ,NSE,Mainboard,2026-01-03
RML,Rane (Madras) Limited,,EQ,NSE,Mainboard,2026-01-03
RNBDENIMS,R&B Denims Limited,,EQ,NSE,Mainboard,2026-01-03
RNFI,RNFI Services Limited,INE0SA001017,SM,NSE,SME,2026-01-03
RNPL,Renol Polychem Limited,INE0VZX01015,ST,NSE,SME,2026-01-03
ROCKINGDCE,Rockingdeals Circular Economy Limited,INE0PTR01012,ST,NSE,SME,2026-01-03
ROHLTD,Royal Orchid Hotels Limited,,EQ,NSE,Mainboard,2026-01-03
ROLEXRINGS,Rolex Rings Limited,,EQ,NSE,Mainboard,2026-01-03
ROLLT,Rollatainers Limited,,EQ,NSE,Mainboard,2026-01-03
ROML,Raj Oil Mills Limited,,EQ,NSE,Mainboard,2026-01-03
ROSSARI,Rossari Biotech Limited,,EQ,NSE,Mainboard,2026-01-03
ROSSELLIND,Rossell India Limited,,EQ,NSE,Mainboard,2026-01-03
ROSSTECH,Rossell Techsys Limited,,EQ,NSE,Mainboard,2026-01-03
ROTO,Roto Pumps Limited,,EQ,NSE,Mainboard,2026-01-03
ROUTE,ROUTE MOBILE LIMITED,,EQ,NSE,Mainboard,2026-01-03
ROXHITECH,Rox Hi Tech Limited,INE0PDJ01013,SM,NSE,SME,2026-01-03
ROYALARC,Royal Arc Electrodes Limited,INE0EO401019,SM,NSE,SME,2026-01-03
RPEL,Raghav Productivity Enhancers Limited,,EQ,NSE,Mainboard,2026-01-03
RPGLIFE,RPG Life Sciences Limited,,EQ,NSE,Mainboard,2026-01-03
RPOWER,Reliance Power Limited,,EQ,NSE,Mainboard,2026-01-03
RPPINFRA,R.P.P. Infra Projects Limited,,EQ,NSE,Mainboard,2026-01-03
RPPL,Rajshree Polypack Limited,,EQ,NSE,Mainboard,2026-01-03
RPSGVENT,RPSG VENTURES LIMITED,,EQ,NSE,Mainboard,2026-01-03
RPTECH,Rashi Peripherals Limited,,EQ,NSE,Mainboard,2026-01-03
RRKABEL,R R Kabel Limited,,EQ,NSE,Mainboard,2026-01-03
RSSOFTWARE,R. S. Software (India) Limited,,EQ,NSE,Mainboard,2026-01-03
RSWM,RSWM Limited,,EQ,NSE,Mainboard,2026-01-03
RSYSTEMS,R Systems International Limited,,EQ,NSE,Mainboard,2026-01-03
RTL,Rama Telecom Limited,INE14W901010,SM,NSE,SME,2026-01-03
RTNINDIA,RattanIndia Enterprises Limited,,EQ,NSE,Mainboard,2026-01-03
RTNPOWER,RattanIndia Power Limited,,EQ,NSE,Mainboard,2026-01-03
RUBFILA,Rubfila International Limited,,EQ,NSE,Mainboard,2026-01-03
RUBICON,Rubicon Research Limited,,EQ,NSE,Mainboard,2026-01-03
RUBYMILLS,The Ruby Mills Limited,,EQ,NSE,Mainboard,2026-01-03
RUCHINFRA,Ruchi Infrastructure Limited,,EQ,NSE,Mainboard,2026-01-03
RUCHIRA,Ruchira Papers Limited,,EQ,NSE,Mainboard,2026-01-03
RUDRA,Rudra Global Infra Products Limited,,EQ,NSE,Mainboard,2026-01-03
RULKA,Rulka Electricals Limited,INE0R7301013,SM,NSE,SME,2026-01-03
RUPA,Rupa & Company Limited,,EQ,NSE,Mainboard,2026-01-03
RUSHIL,Rushil Decor Limited,,EQ,NSE,Mainboard,2026-01-03
RUSTOMJEE,Keystone Realtors Limited,,EQ,NSE,Mainboard,2026-01-03
RVHL,Ravinder Heights Limited,,EQ,NSE,Mainboard,2026-01-03
RVNL,Rail Vikas Nigam Limited,,EQ,NSE,Mainboard,2026-01-03
RVTH,Revathi Equipment India Limited,,EQ,NSE,Mainboard,2026-01-03
SAAKSHI,Saakshi Medtech and Panels Limited,INE0PSK01027,SM,NSE,SME,2026-01-03
SAATVIKGL,Saatvik Green Energy Limited,,EQ,NSE,Mainboard,2026-01-03
SABAR,Sabar Flex India Limited,INE0DZ101013,ST,NSE,SME,2026-01-03
SABEVENTS,Sab Events & Governance Now Media Limited,,BE,NSE,Mainboard,2026-01-03
SABTNL,Sri Adhikari Brothers Television Network Limited,,BE,NSE,Mainboard,2026-01-03
SACHEEROME,Sacheerome Limited,INE1ARD01016,ST,NSE,SME,2026-01-03
SADBHAV,Sadbhav Engineering Limited,,BE,NSE,Mainboard,2026-01-03
SADBHIN,Sadbhav Infrastructure Project Limited,,EQ,NSE,Mainboard,2026-01-03
SADHAV,Sadhav Shipping Limited,INE0K5H01010,SM,NSE,SME,2026-01-03
SADHNANIQ,Sadhana Nitrochem Limited,,EQ,NSE,Mainboard,2026-01-03
SAFARI,Safari Industries (India) Limited,,EQ,NSE,Mainboard,2026-01-03
SAFEENTP,Safe Enterprises Retail Fixtures Limited,INE17D601016,SM,NSE,SME,2026-01-03
SAGARDEEP,Sagardeep Alloys Limited,,EQ,NSE,Mainboard,2026-01-03
SAGCEM,Sagar Cements Limited,,EQ,NSE,Mainboard,2026-01-03
SAGILITY,SAGILITY LIMITED,,EQ,NSE,Mainboard,2026-01-03
SAHAJSOLAR,Sahaj Solar Limited,INE0P4701011,SM,NSE,SME,2026-01-03
SAHANA,Sahana System Limited,INE0LEX01011,SM,NSE,SME,2026-01-03
SAHASRA,Sahasra Electronic Solutions Limited,INE0RBQ01018,SM,NSE,SME,2026-01-03
SAHYADRI,Sahyadri Industries Limited,,EQ,NSE,Mainboard,2026-01-03
SAIFL,Sameera Agro And Infra Limited,INE0PZA01015,SM,NSE,SME,2026-01-03
SAIL,Steel Authority of India Limited,,EQ,NSE,Mainboard,2026-01-03
SAILIFE,Sai Life Sciences Limited,,EQ,NSE,Mainboard,2026-01-03
SAJHOTELS,Saj Hotels Limited,INE00MT01022,SM,NSE,SME,2026-01-03
SAKAR,Sakar Healthcare Limited,,EQ,NSE,Mainboard,2026-01-03
SAKHTISUG,Sakthi Sugars Limited,,EQ,NSE,Mainboard,2026-01-03
SAKSOFT,Saksoft Limited,,EQ,NSE,Mainboard,2026-01-03
SAKUMA,Sakuma Exports Limited,,EQ,NSE,Mainboard,2026-01-03
SALASAR,Salasar Techno Engineering Limited,,EQ,NSE,Mainboard,2026-01-03
SALONA,Salona Cotspin Limited,,EQ,NSE,Mainboard,2026-01-03
SALSTEEL,S.A.L. Steel Limited,,BE,NSE,Mainboard,2026-01-03
SALZERELEC,Salzer Electronics Limited,,EQ,NSE,Mainboard,2026-01-03
SAMAY,Samay Project Services Limited,INE124101010,ST,NSE,SME,2026-01-03
SAMBHAAV,Sambhaav Media Limited,,BE,NSE,Mainboard,2026-01-03
SAMBHV,Sambhv Steel Tubes Limited,,EQ,NSE,Mainboard,2026-01-03
SAMHI,Samhi Hotels Limited,,EQ,NSE,Mainboard,2026-01-03
SAMMAANCAP,Sammaan Capital Limited,,EQ,NSE,Mainboard,2026-01-03
SAMPANN,Sampann Utpadan India Limited,,EQ,NSE,Mainboard,2026-01-03
SANATHAN,Sanathan Textiles Limited,,EQ,NSE,Mainboard,2026-01-03
SANCO,Sanco Industries Limited,,BZ,NSE,Mainboard,2026-01-03
SANDESH,The Sandesh Limited,,EQ,NSE,Mainboard,2026-01-03
SANDHAR,Sandhar Technologies Limited,,EQ,NSE,Mainboard,2026-01-03
SANDUMA,Sandur Manganese & Iron Ores Limited,,EQ,NSE,Mainboard,2026-01-03
SANGAMIND,Sangam (India) Limited,,EQ,NSE,Mainboard,2026-01-03
SANGANI,Sangani Hospitals Limited,INE0OVI01010,SM,NSE,SME,2026-01-03
SANGHIIND,Sanghi Industries Limited,,EQ,NSE,Mainboard,2026-01-03
SANGHVIMOV,Sanghvi Movers Limited,,EQ,NSE,Mainboard,2026-01-03
SANGINITA,Sanginita Chemicals Limited,,EQ,NSE,Mainboard,2026-01-03
SANOFI,Sanofi India Limited,,EQ,NSE,Mainboard,2026-01-03
SANOFICONR,Sanofi Consumer Healthcare India Limited,,EQ,NSE,Mainboard,2026-01-03
SANSERA,Sansera Engineering Limited,,EQ,NSE,Mainboard,2026-01-03
SANSTAR,Sanstar Limited,,EQ,NSE,Mainboard,2026-01-03
SANWARIA,Sanwaria Consumer Limited,,BZ,NSE,Mainboard,2026-01-03
SAPPHIRE,Sapphire Foods India Limited,,EQ,NSE,Mainboard,2026-01-03
SARDAEN,Sarda Energy & Minerals Limited,,EQ,NSE,Mainboard,2026-01-03
SAREGAMA,Saregama India Limited,,EQ,NSE,Mainboard,2026-01-03
SARLAPOLY,Sarla Performance Fibers Limited,,EQ,NSE,Mainboard,2026-01-03
SAROJA,Saroja Pharma Industries India Limited,INE0PCL01011,SM,NSE,SME,2026-01-03
SARTELE,Sar Televenture Limited,INE0PUC01020,SM,NSE,SME,2026-01-03
SARVESHWAR,Sarveshwar Foods Limited,,EQ,NSE,Mainboard,2026-01-03
SASKEN,Sasken Technologies Limited,,EQ,NSE,Mainboard,2026-01-03
SASTASUNDR,Sastasundar Ventures Limited,,EQ,NSE,Mainboard,2026-01-03
SATECH,S A Tech Software India Limited,INE0BSN01013,ST,NSE,SME,2026-01-03
SATIA,Satia Industries Limited,,EQ,NSE,Mainboard,2026-01-03
SATIN,Satin Creditcare Network Limited,,EQ,NSE,Mainboard,2026-01-03
SATIPOLY,Sati Poly Plast Limited,INE0RPM01017,SM,NSE,SME,2026-01-03
SATKARTAR,Sat Kartar Shopping Limited,INE0NB801022,SM,NSE,SME,2026-01-03
SATTVAENGG,Sattva Engineering Construction Limited,INE14DW01018,SM,NSE,SME,2026-01-03
SAURASHCEM,Saurashtra Cement Limited,,EQ,NSE,Mainboard,2026-01-03
SAVY,Savy Infra and Logistics Limited,INE0UCN01017,SM,NSE,SME,2026-01-03
SAWALIYA,Sawaliya Food Products Limited,INE10VS01016,SM,NSE,SME,2026-01-03
SBC,SBC Exports Limited,,EQ,NSE,Mainboard,2026-01-03
SBCL,Shivalik Bimetal Controls Limited,,EQ,NSE,Mainboard,2026-01-03
SBFC,SBFC Finance Limited,,EQ,NSE,Mainboard,2026-01-03
SBGLP,Suratwwala Business Group Limited,,EQ,NSE,Mainboard,2026-01-03
SBICARD,SBI Cards and Payment Services Limited,,EQ,NSE,Mainboard,2026-01-03
SBILIFE,SBI Life Insurance Company Limited,,EQ,NSE,Mainboard,2026-01-03
SBIN,State Bank of India,,EQ,NSE,Mainboard,2026-01-03
SCHAEFFLER,Schaeffler India Limited,,EQ,NSE,Mainboard,2026-01-03
SCHAND,S Chand And Company Limited,,EQ,NSE,Mainboard,2026-01-03
SCHNEIDER,Schneider Electric Infrastructure Limited,,EQ,NSE,Mainboard,2026-01-03
SCI,Shipping Corporation Of India Limited,,EQ,NSE,Mainboard,2026-01-03
SCILAL,Shipping Corporation of India Land and Assets Limited,,EQ,NSE,Mainboard,2026-01-03
SCML,Sharp Chucks and Machines Limited,INE460Q01014,ST,NSE,SME,2026-01-03
SCODATUBES,Scoda Tubes Limited,,EQ,NSE,Mainboard,2026-01-03
SCPL,Sheetal Cool Products Limited,,EQ,NSE,Mainboard,2026-01-03
SDBL,Som Distilleries & Breweries Limited,,EQ,NSE,Mainboard,2026-01-03
SDREAMS,S D Retail Limited,INE0X6F01017,SM,NSE,SME,2026-01-03
SEAMECLTD,Seamec Limited,,EQ,NSE,Mainboard,2026-01-03
SECMARK,SecMark Consultancy Limited,,EQ,NSE,Mainboard,2026-01-03
SECURKLOUD,SECUREKLOUD TECHNOLOGIES LIMITED,,BE,NSE,Mainboard,2026-01-03
SEJALLTD,Sejal Glass Limited,,BE,NSE,Mainboard,2026-01-03
SEL,Sungarner Energies Limited,INE0O3O01017,SM,NSE,SME,2026-01-03
SELLOWRAP,Sellowrap Industries Limited,INE0IJF01013,SM,NSE,SME,2026-01-03
SELMC,SEL Manufacturing Company Limited,,BE,NSE,Mainboard,2026-01-03
SEMAC,Semac Construction Limited,,EQ,NSE,Mainboard,2026-01-03
SENCO,Senco Gold Limited,,EQ,NSE,Mainboard,2026-01-03
SENORES,Senores Pharmaceuticals Limited,,EQ,NSE,Mainboard,2026-01-03
SEPC,SEPC Limited,,EQ,NSE,Mainboard,2026-01-03
SEQUENT,Sequent Scientific Limited,,EQ,NSE,Mainboard,2026-01-03
SERVICE,Service Care Limited,INE0P1Q01015,SM,NSE,SME,2026-01-03
SERVOTECH,Servotech Renewable Power System Limited,,EQ,NSE,Mainboard,2026-01-03
SESHAPAPER,Seshasayee Paper and Boards Limited,,EQ,NSE,Mainboard,2026-01-03
SETCO,Setco Automotive Limited,,EQ,NSE,Mainboard,2026-01-03
SETUINFRA,Setubandhan Infrastructure Limited,,BZ,NSE,Mainboard,2026-01-03
SEYAIND,Seya Industries Limited,,BE,NSE,Mainboard,2026-01-03
SFL,Sheela Foam Limited,,EQ,NSE,Mainboard,2026-01-03
SFML,Supreme Facility Management Limited,INE0U6N01014,SM,NSE,SME,2026-01-03
SGFIN,SG Finserve Limited,,EQ,NSE,Mainboard,2026-01-03
SGIL,Synergy Green Industries Limited,,EQ,NSE,Mainboard,2026-01-03
SGL,STL Global Limited,,EQ,NSE,Mainboard,2026-01-03
SGLTL,Standard Glass Lining Technology Limited,,EQ,NSE,Mainboard,2026-01-03
SGMART,SG Mart Limited,,EQ,NSE,Mainboard,2026-01-03
SHAH,Shah Metacorp Limited,,EQ,NSE,Mainboard,2026-01-03
SHAHALLOYS,Shah Alloys Limited,,EQ,NSE,Mainboard,2026-01-03
SHAILY,Shaily Engineering Plastics Limited,,EQ,NSE,Mainboard,2026-01-03
SHAIVAL,Shaival Reality Limited,INE262S01010,ST,NSE,SME,2026-01-03
SHAKTIPUMP,Shakti Pumps (India) Limited,,EQ,NSE,Mainboard,2026-01-03
SHALBY,Shalby Limited,,EQ,NSE,Mainboard,2026-01-03
SHALPAINTS,Shalimar Paints Limited,,EQ,NSE,Mainboard,2026-01-03
SHANKARA,Shankara Building Products Limited,,EQ,NSE,Mainboard,2026-01-03
SHANTHALA,Shanthala FMCG Products Limited,INE0Q9Q01017,ST,NSE,SME,2026-01-03
SHANTI,Shanti Overseas (India) Limited,,EQ,NSE,Mainboard,2026-01-03
SHANTIGEAR,Shanthi Gears Limited,,EQ,NSE,Mainboard,2026-01-03
SHANTIGOLD,Shanti Gold International Limited,,EQ,NSE,Mainboard,2026-01-03
SHARDACROP,Sharda Cropchem Limited,,EQ,NSE,Mainboard,2026-01-03
SHARDAMOTR,Sharda Motor Industries Limited,,EQ,NSE,Mainboard,2026-01-03
SHAREINDIA,Share India Securities Limited,,EQ,NSE,Mainboard,2026-01-03
SHEEL,Sheel Biotech Limited,INE0YJV01017,SM,NSE,SME,2026-01-03
SHEETAL,Sheetal Universal Limited,INE04VX01019,SM,NSE,SME,2026-01-03
SHEKHAWATI,Shekhawati Industries Limited,,EQ,NSE,Mainboard,2026-01-03
SHEMAROO,Shemaroo Entertainment Limited,,EQ,NSE,Mainboard,2026-01-03
SHERA,Shera Energy Limited,INE0MM001019,SM,NSE,SME,2026-01-03
SHETHJI,Shreeji Global FMCG Limited,INE1FL101016,SM,NSE,SME,2026-01-03
SHIGAN,Shigan Quantum Technologies Limited,INE03KJ01013,SM,NSE,SME,2026-01-03
SHILCTECH,Shilchar Technologies Limited,,EQ,NSE,Mainboard,2026-01-03
SHILPAMED,Shilpa Medicare Limited,,EQ,NSE,Mainboard,2026-01-03
SHIVALIK,Shivalik Rasayan Limited,,EQ,NSE,Mainboard,2026-01-03
SHIVAMAUTO,Shivam Autotech Limited,,EQ,NSE,Mainboard,2026-01-03
SHIVAMILLS,Shiva Mills Limited,,EQ,NSE,Mainboard,2026-01-03
SHIVASHRIT,Shivashrit Foods Limited,INE1DLF01018,SM,NSE,SME,2026-01-03
SHIVATEX,Shiva Texyarn Limited,,EQ,NSE,Mainboard,2026-01-03
SHIVAUM,Shiv Aum Steels Limited,,EQ,NSE,Mainboard,2026-01-03
SHK,S H Kelkar and Company Limited,,EQ,NSE,Mainboard,2026-01-03
SHKSIL,Shri Hare-Krishna Sponge Iron Limited,INE0NON01025,SM,NSE,SME,2026-01-03
SHOPERSTOP,Shoppers Stop Limited,,EQ,NSE,Mainboard,2026-01-03
SHRADHA,Shradha Infraprojects Limited,,EQ,NSE,Mainboard,2026-01-03
SHREDIGCEM,Shree Digvijay Cement Co.Ltd,,EQ,NSE,Mainboard,2026-01-03
SHREECEM,SHREE CEMENT LIMITED,,EQ,NSE,Mainboard,2026-01-03
SHREEJISPG,Shreeji Shipping Global Limited,,EQ,NSE,Mainboard,2026-01-03
SHREEKARNI,Shree Karni Fabcom Limited,INE0S4Y01010,SM,NSE,SME,2026-01-03
SHREEOSFM,Shree OSFM E-Mobility Limited,INE02S501018,SM,NSE,SME,2026-01-03
SHREEPUSHK,Shree Pushkar Chemicals & Fertilisers Limited,,EQ,NSE,Mainboard,2026-01-03
SHREERAMA,Shree Rama Multi-Tech Limited,,EQ,NSE,Mainboard,2026-01-03
SHRENIK,Shrenik Limited,,BZ,NSE,Mainboard,2026-01-03
SHREYANIND,Shreyans Industries Limited,,EQ,NSE,Mainboard,2026-01-03
SHRIAHIMSA,Shri Ahimsa Naturals Limited,INE0DM401012,SM,NSE,SME,2026-01-03
SHRIKANHA,Shri Kanha Stainless Limited,INE1V4601019,SM,NSE,SME,2026-01-03
SHRINGARMS,Shringar House of Mangalsutra Limited,,EQ,NSE,Mainboard,2026-01-03
SHRIPISTON,Shriram Pistons & Rings Limited,,EQ,NSE,Mainboard,2026-01-03
SHRIRAMFIN,Shriram Finance Limited,,EQ,NSE,Mainboard,2026-01-03
SHRIRAMPPS,Shriram Properties Limited,,EQ,NSE,Mainboard,2026-01-03
SHRITECH,Shri Techtex Limited,INE0OMF01015,SM,NSE,SME,2026-01-03
SHUBHLAXMI,Shubhlaxmi Jewel Art Limited,INE01Z401013,ST,NSE,SME,2026-01-03
SHUBHSHREE,Shubhshree Biofuels Energy Limited,INE0UL701015,SM,NSE,SME,2026-01-03
SHYAMCENT,Shyam Century Ferrous Limited,,BE,NSE,Mainboard,2026-01-03
SHYAMDHANI,Shyam Dhani Industries Limited,INE1CRP01016,ST,NSE,SME,2026-01-03
SHYAMMETL,Shyam Metalics and Energy Limited,,EQ,NSE,Mainboard,2026-01-03
SHYAMTEL,Shyam Telecom Limited,,EQ,NSE,Mainboard,2026-01-03
SICALLOG,Sical Logistics Limited,,BE,NSE,Mainboard,2026-01-03
SIDDHICOTS,Siddhi Cotspin Limited,INE0SVO01019,SM,NSE,SME,2026-01-03
SIDDHIKA,Siddhika Coatings Limited,INE0A1E01018,SM,NSE,SME,2026-01-03
SIEMENS,Siemens Limited,,EQ,NSE,Mainboard,2026-01-03
SIGACHI,Sigachi Industries Limited,,EQ,NSE,Mainboard,2026-01-03
SIGIND,Signet Industries Limited,,EQ,NSE,Mainboard,2026-01-03
SIGMA,Sigma Solve Limited,,BE,NSE,Mainboard,2026-01-03
SIGNATURE,Signatureglobal (India) Limited,,EQ,NSE,Mainboard,2026-01-03
SIGNORIA,Signoria Creation Limited,INE0RDE01010,SM,NSE,SME,2026-01-03
SIGNPOST,Signpost India Limited,,EQ,NSE,Mainboard,2026-01-03
SIKKO,Sikko Industries Limited,,BE,NSE,Mainboard,2026-01-03
SIL,Standard Industries Limited,,EQ,NSE,Mainboard,2026-01-03
SILGO,Silgo Retail Limited,,EQ,NSE,Mainboard,2026-01-03
SILINV,SIL Investments Limited,,EQ,NSE,Mainboard,2026-01-03
SILKFLEX,Silkflex Polymers (India) Limited,INE0STN01015,SM,NSE,SME,2026-01-03
SILKY,Silky Overseas Limited,INE0SN801015,SM,NSE,SME,2026-01-03
SILLYMONKS,Silly Monks Entertainment Limited,,BE,NSE,Mainboard,2026-01-03
SILVERTUC,Silver Touch Technologies Limited,,EQ,NSE,Mainboard,2026-01-03
SIMBHALS,Simbhaoli Sugars Limited,,BZ,NSE,Mainboard,2026-01-03
SIMPLEXINF,Simplex Infrastructures Limited,,EQ,NSE,Mainboard,2026-01-03
SINCLAIR,Sinclairs Hotels Limited,,EQ,NSE,Mainboard,2026-01-03
SINDHUTRAD,Sindhu Trade Links Limited,,EQ,NSE,Mainboard,2026-01-03
SINTERCOM,Sintercom India Limited,,EQ,NSE,Mainboard,2026-01-03
SIRCA,Sirca Paints India Limited,,EQ,NSE,Mainboard,2026-01-03
SIS,SIS LIMITED,,EQ,NSE,Mainboard,2026-01-03
SITINET,Siti Networks Limited,,BZ,NSE,Mainboard,2026-01-03
SIYSIL,Siyaram Silk Mills Limited,,EQ,NSE,Mainboard,2026-01-03
SJLOGISTIC,S J Logistics (India) Limited,INE0F3301020,SM,NSE,SME,2026-01-03
SJS,S.J.S. Enterprises Limited,,EQ,NSE,Mainboard,2026-01-03
SJVN,SJVN Limited,,EQ,NSE,Mainboard,2026-01-03
SKFINDIA,SKF India Limited,,EQ,NSE,Mainboard,2026-01-03
SKFINDUS,SKF India (Industrial) Limited,,EQ,NSE,Mainboard,2026-01-03
SKIPPER,Skipper Limited,,EQ,NSE,Mainboard,2026-01-03
SKMEGGPROD,SKM Egg Products Export (India) Limited,,EQ,NSE,Mainboard,2026-01-03
SKP,SKP Bearing Industries Limited,INE0KZA01016,SM,NSE,SME,2026-01-03
SKYGOLD,SKY GOLD AND DIAMONDS LIMITED,,EQ,NSE,Mainboard,2026-01-03
SLONE,Slone Infosystems Limited,INE0SMA01017,SM,NSE,SME,2026-01-03
SMARTEN,Smarten Power Systems Limited,INE14GK01016,SM,NSE,SME,2026-01-03
SMARTLINK,Smartlink Holdings Limited,,EQ,NSE,Mainboard,2026-01-03
SMARTWORKS,Smartworks Coworking Spaces Limited,,EQ,NSE,Mainboard,2026-01-03
SMCGLOBAL,SMC Global Securities Limited,,EQ,NSE,Mainboard,2026-01-03
SMLMAH,SML Mahindra Limited,,EQ,NSE,Mainboard,2026-01-03
SMLT,Sarthak Metals Limited,,EQ,NSE,Mainboard,2026-01-03
SMSPHARMA,SMS Pharmaceuticals Limited,,EQ,NSE,Mainboard,2026-01-03
SMVD,SMVD Poly Pack Limited,INE702Y01013,SM,NSE,SME,2026-01-03
SNEHAA,Snehaa Organics Limited,INE1OIC01018,SM,NSE,SME,2026-01-03
SNOWMAN,Snowman Logistics Limited,,EQ,NSE,Mainboard,2026-01-03
SOBHA,Sobha Limited,,EQ,NSE,Mainboard,2026-01-03
SOCL,Sundrex Oil Company Limited,INE0CTB01014,ST,NSE,SME,2026-01-03
SOFTTECH,Softtech Engineers Limited,,EQ,NSE,Mainboard,2026-01-03
SOLARA,Solara Active Pharma Sciences Limited,,EQ,NSE,Mainboard,2026-01-03
SOLARINDS,Solar Industries India Limited,,EQ,NSE,Mainboard,2026-01-03
SOLARWORLD,Solarworld Energy Solutions Limited,,EQ,NSE,Mainboard,2026-01-03
SOLEX,Solex Energy Limited,,EQ,NSE,Mainboard,2026-01-03
SOMANYCERA,Somany Ceramics Limited,,EQ,NSE,Mainboard,2026-01-03
SOMATEX,Soma Textiles & Industries Limited,,BE,NSE,Mainboard,2026-01-03
SOMICONVEY,Somi Conveyor Beltings Limited,,EQ,NSE,Mainboard,2026-01-03
SONACOMS,Sona BLW Precision Forgings Limited,,EQ,NSE,Mainboard,2026-01-03
SONAMAC,Sona Machinery Limited,INE0Q6H01012,SM,NSE,SME,2026-01-03
SONAMLTD,SONAM LIMITED,,EQ,NSE,Mainboard,2026-01-03
SONATSOFTW,Sonata Software Limited,,EQ,NSE,Mainboard,2026-01-03
SONUINFRA,Sonu Infratech Limited,INE0JZA01018,SM,NSE,SME,2026-01-03
SOTAC,Sotac Pharmaceuticals Limited,INE0O2D01012,SM,NSE,SME,2026-01-03
SOTL,Savita Oil Technologies Limited,,EQ,NSE,Mainboard,2026-01-03
SOUTHBANK,The South Indian Bank Limited,,EQ,NSE,Mainboard,2026-01-03
SOUTHWEST,South West Pinnacle Exploration Limited,,BE,NSE,Mainboard,2026-01-03
SPAL,S. P. Apparels Limited,,EQ,NSE,Mainboard,2026-01-03
SPANDANA,Spandana Sphoorty Financial Limited,,EQ,NSE,Mainboard,2026-01-03
SPARC,Sun Pharma Advanced Research Company Limited,,EQ,NSE,Mainboard,2026-01-03
SPCENET,Spacenet Enterprises India Limited,,BE,NSE,Mainboard,2026-01-03
SPCL,Shivalic Power Control Limited,INE0T7B01010,SM,NSE,SME,2026-01-03
SPEB,Speb Adhesives Limited,INE1CW901027,SM,NSE,SME,2026-01-03
SPECIALITY,Speciality Restaurants Limited,,EQ,NSE,Mainboard,2026-01-03
SPECTRUM,Spectrum Electrical Industries Limited,,EQ,NSE,Mainboard,2026-01-03
SPECTSTM,Spectrum Talent Management Limited,INE0OL001018,SM,NSE,SME,2026-01-03
SPENCERS,Spencer's Retail Limited,,EQ,NSE,Mainboard,2026-01-03
SPIC,Southern Petrochemicals Industries Corporation  Limited,,EQ,NSE,Mainboard,2026-01-03
SPLIL,SPL Industries Limited,,EQ,NSE,Mainboard,2026-01-03
SPLPETRO,Supreme Petrochem Limited,,EQ,NSE,Mainboard,2026-01-03
SPMLINFRA,SPML Infra Limited,,EQ,NSE,Mainboard,2026-01-03
SPORTKING,Sportking India Limited,,EQ,NSE,Mainboard,2026-01-03
SPPPOLY,SPP Polymer Limited,INE0QR801013,SM,NSE,SME,2026-01-03
SPRL,Sp Refractories Limited,INE0JW501011,ST,NSE,SME,2026-01-03
SPUNWEB,Spunweb Nonwoven Limited,INE19QH01010,SM,NSE,SME,2026-01-03
SRD,Shankar Lal Rampal Dye-Chem Limited,,EQ,NSE,Mainboard,2026-01-03
SREEL,Sreeleathers Limited,,EQ,NSE,Mainboard,2026-01-03
SRF,SRF Limited,,EQ,NSE,Mainboard,2026-01-03
SRGHFL,SRG Housing Finance Limited,,EQ,NSE,Mainboard,2026-01-03
SRHHYPOLTD,Sree Rayalaseema Hi-Strength Hypo Limited,,EQ,NSE,Mainboard,2026-01-03
SRIVASAVI,Srivasavi Adhesive Tapes Limited,INE0NPI01014,SM,NSE,SME,2026-01-03
SRM,SRM Contractors Limited,,EQ,NSE,Mainboard,2026-01-03
SRPL,Shree Ram Proteins Limited,,BZ,NSE,Mainboard,2026-01-03
SSDL,Saraswati Saree Depot Limited,,EQ,NSE,Mainboard,2026-01-03
SSEGL,Sathlokhar Synergys E&C Global Limited,INE0RFP01011,SM,NSE,SME,2026-01-03
SSFL,Srivari Spices And Foods Limited,INE0ON201012,SM,NSE,SME,2026-01-03
SSWL,Steel Strips Wheels Limited,,EQ,NSE,Mainboard,2026-01-03
STALLION,Stallion India Fluorochemicals Limited,,BE,NSE,Mainboard,2026-01-03
STANLEY,Stanley Lifestyles Limited,,EQ,NSE,Mainboard,2026-01-03
STAR,Strides Pharma Science Limited,,EQ,NSE,Mainboard,2026-01-03
STARCEMENT,Star Cement Limited,,EQ,NSE,Mainboard,2026-01-03
STARHEALTH,Star Health and Allied Insurance Company Limited,,EQ,NSE,Mainboard,2026-01-03
STARPAPER,Star Paper Mills Limited,,EQ,NSE,Mainboard,2026-01-03
STARTECK,Starteck Finance Limited,,EQ,NSE,Mainboard,2026-01-03
STCINDIA,The State Trading Corporation of India Limited,,EQ,NSE,Mainboard,2026-01-03
STEELCAS,Steelcast Limited,,EQ,NSE,Mainboard,2026-01-03
STEELCITY,Steel City Securities Limited,,EQ,NSE,Mainboard,2026-01-03
STEELXIND,STEEL EXCHANGE INDIA LIMITED,,EQ,NSE,Mainboard,2026-01-03
STEL,Stel Holdings Limited,,EQ,NSE,Mainboard,2026-01-03
STERTOOLS,Sterling Tools Limited,,EQ,NSE,Mainboard,2026-01-03
STLNETWORK,STL Networks Limited,,EQ,NSE,Mainboard,2026-01-03
STLTECH,Sterlite Technologies Limited,,EQ,NSE,Mainboard,2026-01-03
STOVEKRAFT,Stove Kraft Limited,,EQ,NSE,Mainboard,2026-01-03
STUDDS,Studds Accessories Limited,,EQ,NSE,Mainboard,2026-01-03
STUDIOLSD,Studio LSD Limited,INE17VO01028,SM,NSE,SME,2026-01-03
STYL,Seshaasai Technologies Limited,,EQ,NSE,Mainboard,2026-01-03
STYLAMIND,Stylam Industries Limited,,EQ,NSE,Mainboard,2026-01-03
STYLEBAAZA,Baazar Style Retail Limited,,EQ,NSE,Mainboard,2026-01-03
STYRENIX,Styrenix Performance Materials Limited,,EQ,NSE,Mainboard,2026-01-03
SUBAHOTELS,Suba Hotels Limited,INE0RYR01018,SM,NSE,SME,2026-01-03
SUBEXLTD,Subex Limited,,EQ,NSE,Mainboard,2026-01-03
SUBROS,Subros Limited,,EQ,NSE,Mainboard,2026-01-03
SUDARSCHEM,Sudarshan Chemical Industries Limited,,EQ,NSE,Mainboard,2026-01-03
SUDEEPPHRM,Sudeep Pharma Limited,,EQ,NSE,Mainboard,2026-01-03
SUKHJITS,Sukhjit Starch & Chemicals Limited,,EQ,NSE,Mainboard,2026-01-03
SULA,Sula Vineyards Limited,,EQ,NSE,Mainboard,2026-01-03
SUMEETINDS,Sumeet Industries Limited,,BE,NSE,Mainboard,2026-01-03
SUMICHEM,Sumitomo Chemical India Limited,,EQ,NSE,Mainboard,2026-01-03
SUMIT,Sumit Woods Limited,,EQ,NSE,Mainboard,2026-01-03
SUMMITSEC,Summit Securities Limited,,EQ,NSE,Mainboard,2026-01-03
SUNCLAY,Sundaram Clayton Limited,,EQ,NSE,Mainboard,2026-01-03
SUNDARAM,Sundaram Multi Pap Limited,,EQ,NSE,Mainboard,2026-01-03
SUNDARMFIN,Sundaram Finance Limited,,EQ,NSE,Mainboard,2026-01-03
SUNDRMBRAK,Sundaram Brake Linings Limited,,EQ,NSE,Mainboard,2026-01-03
SUNDRMFAST,Sundram Fasteners Limited,,EQ,NSE,Mainboard,2026-01-03
SUNDROP,Sundrop Brands Limited,,EQ,NSE,Mainboard,2026-01-03
SUNFLAG,Sunflag Iron And Steel Company Limited,,EQ,NSE,Mainboard,2026-01-03
SUNLITE,Sunlite Recycling Industries Limited,INE0U2N01013,ST,NSE,SME,2026-01-03
SUNPHARMA,Sun Pharmaceutical Industries Limited,,EQ,NSE,Mainboard,2026-01-03
SUNREST,Sunrest Lifescience Limited,INE0PLZ01012,SM,NSE,SME,2026-01-03
SUNTECH,Suntech Infra Solutions Limited,INE0SGZ01016,SM,NSE,SME,2026-01-03
SUNTECK,Sunteck Realty Limited,,EQ,NSE,Mainboard,2026-01-03
SUNTV,Sun TV Network Limited,,EQ,NSE,Mainboard,2026-01-03
SUPERHOUSE,Superhouse Limited,,EQ,NSE,Mainboard,2026-01-03
SUPERSPIN,Super Spinning Mills Limited,,EQ,NSE,Mainboard,2026-01-03
SUPRAJIT,Suprajit Engineering Limited,,EQ,NSE,Mainboard,2026-01-03
SUPREME,Supreme Holdings & Hospitality (India) Limited,,EQ,NSE,Mainboard,2026-01-03
SUPREMEENG,Supreme Engineering Limited,,BZ,NSE,Mainboard,2026-01-03
SUPREMEIND,Supreme Industries Limited,,EQ,NSE,Mainboard,2026-01-03
SUPREMEINF,Supreme Infrastructure India Limited,,BZ,NSE,Mainboard,2026-01-03
SUPREMEPWR,Supreme Power Equipment Limited,INE0QHG01026,SM,NSE,SME,2026-01-03
SUPRIYA,Supriya Lifescience Limited,,EQ,NSE,Mainboard,2026-01-03
SURAJEST,Suraj Estate Developers Limited,,EQ,NSE,Mainboard,2026-01-03
SURAJLTD,Suraj Limited,,EQ,NSE,Mainboard,2026-01-03
SURAKSHA,Suraksha Diagnostic Limited,,EQ,NSE,Mainboard,2026-01-03
SURANASOL,Surana Solar Limited,,EQ,NSE,Mainboard,2026-01-03
SURANI,Surani Steel Tubes Limited,INE01ZJ01015,SM,NSE,SME,2026-01-03
SURYALAXMI,Suryalakshmi Cotton Mills Limited,,EQ,NSE,Mainboard,2026-01-03
SURYAROSNI,Surya Roshni Limited,,EQ,NSE,Mainboard,2026-01-03
SURYODAY,Suryoday Small Finance Bank Limited,,EQ,NSE,Mainboard,2026-01-03
SUTLEJTEX,Sutlej Textiles and Industries Limited,,EQ,NSE,Mainboard,2026-01-03
SUVEN,Suven Life Sciences Limited,,EQ,NSE,Mainboard,2026-01-03
SUVIDHAA,Suvidhaa Infoserve Limited,,EQ,NSE,Mainboard,2026-01-03
SUYOG,Suyog Telematics Limited,,EQ,NSE,Mainboard,2026-01-03
SUZLON,Suzlon Energy Limited,,EQ,NSE,Mainboard,2026-01-03
SVLL,Shree Vasu Logistics Limited,,EQ,NSE,Mainboard,2026-01-03
SVPGLOB,SVP GLOBAL TEXTILES LIMITED,,BE,NSE,Mainboard,2026-01-03
SWANCORP,SWAN CORP LIMITED,,EQ,NSE,Mainboard,2026-01-03
SWANDEF,Swan Defence and Heavy Industries Limited,,BE,NSE,Mainboard,2026-01-03
SWARAJ,Swaraj Suiting Limited,INE0GMR01016,ST,NSE,SME,2026-01-03
SWARAJENG,Swaraj Engines Limited,,EQ,NSE,Mainboard,2026-01-03
SWASTIK,Swastik Pipe Limited,INE0DGC01025,SM,NSE,SME,2026-01-03
SWELECTES,Swelect Energy Systems Limited,,EQ,NSE,Mainboard,2026-01-03
SWIGGY,Swiggy Limited,,EQ,NSE,Mainboard,2026-01-03
SWSOLAR,Sterling and Wilson Renewable Energy Limited,,EQ,NSE,Mainboard,2026-01-03
SYLVANPLY,Sylvan Plyboard (India) Limited,INE01IH01015,SM,NSE,SME,2026-01-03
SYMPHONY,Symphony Limited,,EQ,NSE,Mainboard,2026-01-03
SYNCOMF,Syncom Formulations (India) Limited,,EQ,NSE,Mainboard,2026-01-03
SYNGENE,Syngene International Limited,,EQ,NSE,Mainboard,2026-01-03
SYNOPTICS,Synoptics Technologies Limited,INE0BTR01012,SM,NSE,SME,2026-01-03
SYRMA,Syrma SGS Technology Limited,,EQ,NSE,Mainboard,2026-01-03
SYSTANGO,Systango Technologies Limited,INE0O7R01011,ST,NSE,SME,2026-01-03
SYSTMTXC,Systematix Corporate Services Limited,,EQ,NSE,Mainboard,2026-01-03
TAC,TAC Infosec Limited,INE0SOY01013,SM,NSE,SME,2026-01-03
TAINWALCHM,Tainwala Chemical and Plastic (I) Limited,,EQ,NSE,Mainboard,2026-01-03
TAJGVK,Taj GVK Hotels & Resorts Limited,,EQ,NSE,Mainboard,2026-01-03
TAKE,Take Solutions Limited,,BE,NSE,Mainboard,2026-01-03
TALBROAUTO,Talbros Automotive Components Limited,,EQ,NSE,Mainboard,2026-01-03
TANKUP,Tankup Engineers Limited,INE0Z7N01017,ST,NSE,SME,2026-01-03
TANLA,Tanla Platforms Limited,,EQ,NSE,Mainboard,2026-01-03
TAPIFRUIT,Tapi Fruit Processing Limited,INE0M7001010,SM,NSE,SME,2026-01-03
TARACHAND,Tara Chand InfraLogistic Solutions Limited,,EQ,NSE,Mainboard,2026-01-03
TARAPUR,Tarapur Transformers Limited,,BE,NSE,Mainboard,2026-01-03
TARC,TARC Limited,,EQ,NSE,Mainboard,2026-01-03
TARIL,Transformers And Rectifiers (India) Limited,,EQ,NSE,Mainboard,2026-01-03
TARMAT,Tarmat Limited,,EQ,NSE,Mainboard,2026-01-03
TARSONS,Tarsons Products Limited,,EQ,NSE,Mainboard,2026-01-03
TASTYBITE,Tasty Bite Eatables Limited,,EQ,NSE,Mainboard,2026-01-03
TATACAP,Tata Capital Limited,,EQ,NSE,Mainboard,2026-01-03
TATACHEM,Tata Chemicals Limited,,EQ,NSE,Mainboard,2026-01-03
TATACOMM,Tata Communications Limited,,EQ,NSE,Mainboard,2026-01-03
TATACONSUM,TATA CONSUMER PRODUCTS LIMITED,,EQ,NSE,Mainboard,2026-01-03
TATAELXSI,Tata Elxsi Limited,,EQ,NSE,Mainboard,2026-01-03
TATAINVEST,Tata Investment Corporation Limited,,EQ,NSE,Mainboard,2026-01-03
TATAPOWER,Tata Power Company Limited,,EQ,NSE,Mainboard,2026-01-03
TATASTEEL,Tata Steel Limited,,EQ,NSE,Mainboard,2026-01-03
TATATECH,Tata Technologies Limited,,EQ,NSE,Mainboard,2026-01-03
TATVA,Tatva Chintan Pharma Chem Limited,,EQ,NSE,Mainboard,2026-01-03
TAURIAN,Taurian MPS Limited,INE0XWS01018,ST,NSE,SME,2026-01-03
TBI,TBI Corn Limited,INE0N2D01013,SM,NSE,SME,2026-01-03
TBOTEK,TBO Tek Limited,,EQ,NSE,Mainboard,2026-01-03
TBZ,Tribhovandas Bhimji Zaveri Limited,,EQ,NSE,Mainboard,2026-01-03
TCI,Transport Corporation of India Limited,,EQ,NSE,Mainboard,2026-01-03
TCIEXP,TCI Express Limited,,EQ,NSE,Mainboard,2026-01-03
TCIFINANCE,TCI Finance Limited,,BE,NSE,Mainboard,2026-01-03
TCL,Thaai Casting Limited,INE0QJL01014,SM,NSE,SME,2026-01-03
TCPLPACK,TCPL Packaging Limited,,EQ,NSE,Mainboard,2026-01-03
TCS,Tata Consultancy Services Limited,,EQ,NSE,Mainboard,2026-01-03
TDPOWERSYS,TD Power Systems Limited,,EQ,NSE,Mainboard,2026-01-03
TEAMGTY,Team India Guaranty Limited,,EQ,NSE,Mainboard,2026-01-03
TEAMLEASE,Teamlease Services Limited,,EQ,NSE,Mainboard,2026-01-03
TECHD,TechD Cybersecurity Limited,INE0Y5H01014,ST,NSE,SME,2026-01-03
TECHERA,TechEra Engineering (India) Limited,INE0JQS01019,ST,NSE,SME,2026-01-03
TECHLABS,Trident Techlabs Limited,INE0QD201012,SM,NSE,SME,2026-01-03
TECHM,Tech Mahindra Limited,,EQ,NSE,Mainboard,2026-01-03
TECHNOE,Techno Electric & Engineering Company Limited,,EQ,NSE,Mainboard,2026-01-03
TECILCHEM,TECIL Chemicals and Hydro Power Limited,,EQ,NSE,Mainboard,2026-01-03
TEGA,Tega Industries Limited,,EQ,NSE,Mainboard,2026-01-03
TEJASCARGO,Tejas Cargo India Limited,INE17WC01013,SM,NSE,SME,2026-01-03
TEJASNET,Tejas Networks Limited,,EQ,NSE,Mainboard,2026-01-03
TEMBO,Tembo Global Industries Limited,,EQ,NSE,Mainboard,2026-01-03
TENNIND,Tenneco Clean Air India Limited,,EQ,NSE,Mainboard,2026-01-03
TERASOFT,Tera Software Limited,,BE,NSE,Mainboard,2026-01-03
TEXINFRA,Texmaco Infrastructure & Holdings Limited,,EQ,NSE,Mainboard,2026-01-03
TEXMOPIPES,Texmo Pipes and Products Limited,,EQ,NSE,Mainboard,2026-01-03
TEXRAIL,Texmaco Rail & Engineering Limited,,EQ,NSE,Mainboard,2026-01-03
TFCILTD,Tourism Finance Corporation of India Limited,,EQ,NSE,Mainboard,2026-01-03
TFL,Transwarranty Finance Limited,,EQ,NSE,Mainboard,2026-01-03
TGBHOTELS,TGB Banquets And Hotels Limited,,EQ,NSE,Mainboard,2026-01-03
TGL,Teerth Gopicon Limited,INE0K6601012,ST,NSE,SME,2026-01-03
THANGAMAYL,Thangamayil Jewellery Limited,,EQ,NSE,Mainboard,2026-01-03
THEINVEST,The Investment Trust Of India Limited,,EQ,NSE,Mainboard,2026-01-03
THEJO,Thejo Engineering Limited,,EQ,NSE,Mainboard,2026-01-03
THELEELA,Leela Palaces Hotels & Resorts Limited,,EQ,NSE,Mainboard,2026-01-03
THEMISMED,Themis Medicare Limited,,EQ,NSE,Mainboard,2026-01-03
THERMAX,Thermax Limited,,EQ,NSE,Mainboard,2026-01-03
THESL,Thinking Hats Entertainment Solutions Limited,INE0SHE01019,SM,NSE,SME,2026-01-03
THOMASCOOK,Thomas Cook  (India)  Limited,,EQ,NSE,Mainboard,2026-01-03
THOMASCOTT,Thomas Scott (India) Limited,,EQ,NSE,Mainboard,2026-01-03
THYROCARE,Thyrocare Technologies Limited,,EQ,NSE,Mainboard,2026-01-03
TI,Tilaknagar Industries Limited,,EQ,NSE,Mainboard,2026-01-03
TICL,Twamev Construction and Infrastructure Limited,,BE,NSE,Mainboard,2026-01-03
TIGERLOGS,Tiger Logistics (India) Limited,,EQ,NSE,Mainboard,2026-01-03
TIIL,Technocraft Industries (India) Limited,,EQ,NSE,Mainboard,2026-01-03
TIINDIA,Tube Investments of India Limited,,EQ,NSE,Mainboard,2026-01-03
TIJARIA,Tijaria Polypipes Limited,,EQ,NSE,Mainboard,2026-01-03
TIL,TIL Limited,,EQ,NSE,Mainboard,2026-01-03
TIMESCAN,Timescan Logistics (India) Limited,INE0IJY01014,SM,NSE,SME,2026-01-03
TIMETECHNO,Time Technoplast Limited,,EQ,NSE,Mainboard,2026-01-03
TIMKEN,Timken India Limited,,EQ,NSE,Mainboard,2026-01-03
TINNARUBR,Tinna Rubber and Infrastructure Limited,,EQ,NSE,Mainboard,2026-01-03
TIPSFILMS,Tips Films Limited,,EQ,NSE,Mainboard,2026-01-03
TIPSMUSIC,Tips Music Limited,,EQ,NSE,Mainboard,2026-01-03
TIRUMALCHM,Thirumalai Chemicals Limited,,EQ,NSE,Mainboard,2026-01-03
TIRUPATI,Shree Tirupati Balajee FIBC Limited,INE238Y01018,ST,NSE,SME,2026-01-03
TIRUPATIFL,Tirupati Forge Limited,,EQ,NSE,Mainboard,2026-01-03
TITAGARH,TITAGARH RAIL SYSTEMS LIMITED,,EQ,NSE,Mainboard,2026-01-03
TITAN,Titan Company Limited,,EQ,NSE,Mainboard,2026-01-03
TMB,Tamilnad Mercantile Bank Limited,,EQ,NSE,Mainboard,2026-01-03
TMCV,Tata Motors Limited,,EQ,NSE,Mainboard,2026-01-03
TMPV,Tata Motors Passenger Vehicles Limited,,EQ,NSE,Mainboard,2026-01-03
TNPETRO,Tamilnadu PetroProducts Limited,,EQ,NSE,Mainboard,2026-01-03
TNPL,Tamil Nadu Newsprint & Papers Limited,,EQ,NSE,Mainboard,2026-01-03
TNTELE,Tamilnadu Telecommunication Limited,,EQ,NSE,Mainboard,2026-01-03
TOKYOPLAST,Tokyo Plast International Limited,,EQ,NSE,Mainboard,2026-01-03
TOLINS,Tolins Tyres Limited,,EQ,NSE,Mainboard,2026-01-03
TORNTPHARM,Torrent Pharmaceuticals Limited,,EQ,NSE,Mainboard,2026-01-03
TORNTPOWER,Torrent Power Limited,,EQ,NSE,Mainboard,2026-01-03
TOTAL,Total Transport Systems Limited,,EQ,NSE,Mainboard,2026-01-03
TOUCHWOOD,Touchwood Entertainment Limited,,EQ,NSE,Mainboard,2026-01-03
TPHQ,Teamo Productions HQ Limited,,EQ,NSE,Mainboard,2026-01-03
TPLPLASTEH,TPL Plastech Limited,,EQ,NSE,Mainboard,2026-01-03
TRACXN,Tracxn Technologies Limited,,EQ,NSE,Mainboard,2026-01-03
TRANSRAILL,Transrail Lighting Limited,,EQ,NSE,Mainboard,2026-01-03
TRANSTEEL,Transteel Seating Technologies Limited,INE0NVI01020,SM,NSE,SME,2026-01-03
TRANSWIND,Transwind Infrastructures Limited,INE792X01016,ST,NSE,SME,2026-01-03
TRANSWORLD,TRANSWORLD SHIPPING LINES LIMITED,,EQ,NSE,Mainboard,2026-01-03
TRAVELFOOD,Travel Food Services Limited,,EQ,NSE,Mainboard,2026-01-03
TREEHOUSE,Tree House Education & Accessories Limited,,EQ,NSE,Mainboard,2026-01-03
TREJHARA,TREJHARA SOLUTIONS LIMITED,,BE,NSE,Mainboard,2026-01-03
TREL,Transindia Real Estate Limited,,EQ,NSE,Mainboard,2026-01-03
TRENT,Trent Limited,,EQ,NSE,Mainboard,2026-01-03
TRF,TRF Limited,,EQ,NSE,Mainboard,2026-01-03
TRIDENT,Trident Limited,,EQ,NSE,Mainboard,2026-01-03
TRIDHYA,Tridhya Tech Limited,INE0LWY01029,SM,NSE,SME,2026-01-03
TRIGYN,Trigyn Technologies Limited,,EQ,NSE,Mainboard,2026-01-03
TRITURBINE,Triveni Turbine Limited,,EQ,NSE,Mainboard,2026-01-03
TRIVENI,Triveni Engineering & Industries Limited,,EQ,NSE,Mainboard,2026-01-03
TROM,Trom Industries Limited,INE0SYV01018,SM,NSE,SME,2026-01-03
TRU,TruCap Finance Limited,,EQ,NSE,Mainboard,2026-01-03
TRUALT,TruAlt Bioenergy Limited,,EQ,NSE,Mainboard,2026-01-03
TRUST,Trust Fintech Limited,INE0SWN01019,ST,NSE,SME,2026-01-03
TSC,TSC India Limited,INE16VK01010,SM,NSE,SME,2026-01-03
TSFINV,TSF INVESTMENTS LIMITED,,EQ,NSE,Mainboard,2026-01-03
TTKHLTCARE,TTK Healthcare Limited,,EQ,NSE,Mainboard,2026-01-03
TTKPRESTIG,TTK Prestige Limited,,EQ,NSE,Mainboard,2026-01-03
TTL,T T Limited,,EQ,NSE,Mainboard,2026-01-03
TTML,Tata Teleservices (Maharashtra) Limited,,EQ,NSE,Mainboard,2026-01-03
TUNWAL,Tunwal E-Motors Limited,INE0OXV01027,SM,NSE,SME,2026-01-03
TVSELECT,TVS Electronics Limited,,BE,NSE,Mainboard,2026-01-03
TVSHLTD,TVS Holdings Limited,,EQ,NSE,Mainboard,2026-01-03
TVSMOTOR,TVS Motor Company Limited,,EQ,NSE,Mainboard,2026-01-03
TVSSCS,TVS Supply Chain Solutions Limited,,EQ,NSE,Mainboard,2026-01-03
TVSSRICHAK,TVS Srichakra Limited,,EQ,NSE,Mainboard,2026-01-03
TVTODAY,TV Today Network Limited,,EQ,NSE,Mainboard,2026-01-03
TVVISION,TV Vision Limited,,BE,NSE,Mainboard,2026-01-03
UBL,United Breweries Limited,,EQ,NSE,Mainboard,2026-01-03
UCAL,UCAL LIMITED,,EQ,NSE,Mainboard,2026-01-03
UCL,Ushanti Colour Chem Limited,INE00NI01015,SM,NSE,SME,2026-01-03
UCOBANK,UCO Bank,,EQ,NSE,Mainboard,2026-01-03
UDS,Updater Services Limited,,EQ,NSE,Mainboard,2026-01-03
UFBL,United Foodbrands Limited,,EQ,NSE,Mainboard,2026-01-03
UFLEX,UFLEX Limited,,EQ,NSE,Mainboard,2026-01-03
UFO,UFO Moviez India Limited,,EQ,NSE,Mainboard,2026-01-03
UGARSUGAR,The Ugar Sugar Works Limited,,EQ,NSE,Mainboard,2026-01-03
UGROCAP,Ugro Capital Limited,,EQ,NSE,Mainboard,2026-01-03
UHTL,United Heat Transfer Limited,INE0SMR01011,SM,NSE,SME,2026-01-03
UJJIVANSFB,Ujjivan Small Finance Bank Limited,,EQ,NSE,Mainboard,2026-01-03
ULTRACEMCO,UltraTech Cement Limited,,EQ,NSE,Mainboard,2026-01-03
UMA,Uma Converter Limited,INE067901012,SM,NSE,SME,2026-01-03
UMAEXPORTS,Uma Exports Limited,,EQ,NSE,Mainboard,2026-01-03
UMESLTD,Usha Martin Education & Solutions Limited,,EQ,NSE,Mainboard,2026-01-03
UMIYA-MRO,UMIYA BUILDCON LIMITED,,EQ,NSE,Mainboard,2026-01-03
UNICHEMLAB,Unichem Laboratories Limited,,EQ,NSE,Mainboard,2026-01-03
UNIDT,United Drilling Tools Limited,,EQ,NSE,Mainboard,2026-01-03
UNIECOM,Unicommerce Esolutions Limited,,EQ,NSE,Mainboard,2026-01-03
UNIENTER,Uniphos Enterprises Limited,,EQ,NSE,Mainboard,2026-01-03
UNIHEALTH,Unihealth Hospitals Limited,INE0PRF01011,ST,NSE,SME,2026-01-03
UNIINFO,Uniinfo Telecom Services Limited,,EQ,NSE,Mainboard,2026-01-03
UNILEX,Unilex Colours and Chemicals Limited,INE0B2801011,SM,NSE,SME,2026-01-03
UNIMECH,Unimech Aerospace and Manufacturing Limited,,EQ,NSE,Mainboard,2026-01-03
UNIONBANK,Union Bank of India,,EQ,NSE,Mainboard,2026-01-03
UNIPARTS,Uniparts India Limited,,EQ,NSE,Mainboard,2026-01-03
UNITDSPR,United Spirits Limited,,EQ,NSE,Mainboard,2026-01-03
UNITECH,Unitech Limited,,EQ,NSE,Mainboard,2026-01-03
UNITEDPOLY,United Polyfab Gujarat Limited,,BE,NSE,Mainboard,2026-01-03
UNITEDTEA,The United Nilgiri Tea Estates Company Limited,,EQ,NSE,Mainboard,2026-01-03
UNIVASTU,Univastu India Limited,,EQ,NSE,Mainboard,2026-01-03
UNIVCABLES,Universal Cables Limited,,EQ,NSE,Mainboard,2026-01-03
UNIVPHOTO,Universus Photo Imagings Limited,,EQ,NSE,Mainboard,2026-01-03
UNOMINDA,UNO Minda Limited,,EQ,NSE,Mainboard,2026-01-03
UPL,UPL Limited,,EQ,NSE,Mainboard,2026-01-03
URAVIDEF,Uravi Defence and Technology Limited,,EQ,NSE,Mainboard,2026-01-03
URBAN,Urban Enviro Waste Management Limited,INE0O0201019,SM,NSE,SME,2026-01-03
URBANCO,Urban Company Limited,,EQ,NSE,Mainboard,2026-01-03
URJA,Urja Global Limited,,EQ,NSE,Mainboard,2026-01-03
USASEEDS,Upsurge Seeds Of Agriculture Limited,INE0CBM01019,SM,NSE,SME,2026-01-03
USHAFIN,Usha Financial Services Limited,INE0LS001014,SM,NSE,SME,2026-01-03
USHAMART,Usha Martin Limited,,EQ,NSE,Mainboard,2026-01-03
USK,Udayshivakumar Infra Limited,,EQ,NSE,Mainboard,2026-01-03
UTIAMC,UTI Asset Management Company Limited,,EQ,NSE,Mainboard,2026-01-03
UTKARSHBNK,Utkarsh Small Finance Bank Limited,,EQ,NSE,Mainboard,2026-01-03
UTLSOLAR,Fujiyama Power Systems Limited,,EQ,NSE,Mainboard,2026-01-03
UTSSAV,Utssav CZ Gold Jewels Limited,INE06IJ01010,SM,NSE,SME,2026-01-03
UTTAMSUGAR,Uttam Sugar Mills Limited,,EQ,NSE,Mainboard,2026-01-03
UWCSL,Ultra Wiring Connectivity System Limited,INE00F301010,SM,NSE,SME,2026-01-03
UYFINCORP,U. Y. Fincorp Limited,,BE,NSE,Mainboard,2026-01-03
V2RETAIL,V2 Retail Limited,,EQ,NSE,Mainboard,2026-01-03
VADILALIND,Vadilal Industries Limited,,EQ,NSE,Mainboard,2026-01-03
VAIBHAVGBL,Vaibhav Global Limited,,EQ,NSE,Mainboard,2026-01-03
VAISHALI,Vaishali Pharma Limited,,EQ,NSE,Mainboard,2026-01-03
VAKRANGEE,Vakrangee Limited,,EQ,NSE,Mainboard,2026-01-03
VALIANTLAB,Valiant Laboratories Limited,,EQ,NSE,Mainboard,2026-01-03
VALIANTORG,Valiant Organics Limited,,EQ,NSE,Mainboard,2026-01-03
VARDHACRLC,Vardhman Acrylics Limited,,EQ,NSE,Mainboard,2026-01-03
VARDMNPOLY,Vardhman Polytex Limited,,EQ,NSE,Mainboard,2026-01-03
VARROC,Varroc Engineering Limited,,EQ,NSE,Mainboard,2026-01-03
VASA,Vasa Retail and Overseas Ltd,INE068Z01016,SM,NSE,SME,2026-01-03
VASCONEQ,Vascon Engineers Limited,,EQ,NSE,Mainboard,2026-01-03
VASWANI,Vaswani Industries Limited,,EQ,NSE,Mainboard,2026-01-03
VBL,Varun Beverages Limited,,EQ,NSE,Mainboard,2026-01-03
VCL,Vaxtex Cotfab Limited,,BE,NSE,Mainboard,2026-01-03
VDEAL,Vdeal System Limited,INE0U2M01015,SM,NSE,SME,2026-01-03
VEDL,Vedanta Limited,,EQ,NSE,Mainboard,2026-01-03
VEEDOL,Veedol Corporation Limited,,EQ,NSE,Mainboard,2026-01-03
VEEKAYEM,Veekayem Fashion and Apparels Limited,INE0KTW01013,SM,NSE,SME,2026-01-03
VELS,Vels Film International Limited,INE0I3H01019,SM,NSE,SME,2026-01-03
VENKEYS,Venky's (India) Limited,,EQ,NSE,Mainboard,2026-01-03
VENTIVE,Ventive Hospitality Limited,,EQ,NSE,Mainboard,2026-01-03
VENUSPIPES,Venus Pipes & Tubes Limited,,EQ,NSE,Mainboard,2026-01-03
VENUSREM,Venus Remedies Limited,,BE,NSE,Mainboard,2026-01-03
VERA,Vera Synthetic Limited,INE709Z01015,SM,NSE,SME,2026-01-03
VERANDA,Veranda Learning Solutions Limited,,EQ,NSE,Mainboard,2026-01-03
VERITAAS,Veritaas Advertising Limited,INE0SRI01019,SM,NSE,SME,2026-01-03
VERTEXPLUS,Vertexplus Technologies Limited,INE0NLB01018,SM,NSE,SME,2026-01-03
VERTOZ,Vertoz Limited,,EQ,NSE,Mainboard,2026-01-03
VESUVIUS,Vesuvius India Limited,,EQ,NSE,Mainboard,2026-01-03
VETO,Veto Switchgears And Cables Limited,,EQ,NSE,Mainboard,2026-01-03
VGINFOTECH,Virtual Galaxy Infotech Limited,INE0VRH01015,SM,NSE,SME,2026-01-03
VGL,VARVEE GLOBAL LIMITED,,EQ,NSE,Mainboard,2026-01-03
VGUARD,V-Guard Industries Limited,,EQ,NSE,Mainboard,2026-01-03
VHL,Vardhman Holdings Limited,,EQ,NSE,Mainboard,2026-01-03
VHLTD,Viceroy Hotels Limited,,BE,NSE,Mainboard,2026-01-03
VIAZ,Viaz Tyres Limited,INE0MO401019,SM,NSE,SME,2026-01-03
VIDHIING,Vidhi Specialty Food Ingredients Limited,,EQ,NSE,Mainboard,2026-01-03
VIDYAWIRES,Vidya Wires Limited,,EQ,NSE,Mainboard,2026-01-03
VIESL,Vision Infra Equipment Solutions Limited,INE0TR001017,ST,NSE,SME,2026-01-03
VIGOR,Vigor Plast India Limited,INE1DM601016,SM,NSE,SME,2026-01-03
VIJAYA,Vijaya Diagnostic Centre Limited,,EQ,NSE,Mainboard,2026-01-03
VIJAYPD,Vijaypd Ceutical Limited,INE0WL901019,SM,NSE,SME,2026-01-03
VIJIFIN,Viji Finance Limited,,EQ,NSE,Mainboard,2026-01-03
VIKASECO,Vikas EcoTech Limited,,EQ,NSE,Mainboard,2026-01-03
VIKASLIFE,Vikas Lifecare Limited,,EQ,NSE,Mainboard,2026-01-03
VIKRAMSOLR,Vikram Solar Limited,,EQ,NSE,Mainboard,2026-01-03
VIKRAN,Vikran Engineering Limited,,EQ,NSE,Mainboard,2026-01-03
VILAS,Vilas Transcore Limited,INE0AZY01017,SM,NSE,SME,2026-01-03
VILINBIO,Vilin Bio Med Limited,INE0L4V01013,SM,NSE,SME,2026-01-03
VIMTALABS,Vimta Labs Limited,,EQ,NSE,Mainboard,2026-01-03
VINATIORGA,Vinati Organics Limited,,EQ,NSE,Mainboard,2026-01-03
VINCOFE,Vintage Coffee And Beverages Limited,,EQ,NSE,Mainboard,2026-01-03
VINDHYATEL,Vindhya Telelinks Limited,,EQ,NSE,Mainboard,2026-01-03
VINEETLAB,Vineet Laboratories Limited,,EQ,NSE,Mainboard,2026-01-03
VINNY,Vinny Overseas Limited,,EQ,NSE,Mainboard,2026-01-03
VINSYS,Vinsys IT Services India Limited,INE0OSJ01014,SM,NSE,SME,2026-01-03
VINYAS,Vinyas Innovative Technologies Limited,INE0OLS01010,SM,NSE,SME,2026-01-03
VINYLINDIA,Vinyl Chemicals (India) Limited,,EQ,NSE,Mainboard,2026-01-03
VIPCLOTHNG,VIP Clothing Limited,,EQ,NSE,Mainboard,2026-01-03
VIPIND,VIP Industries Limited,,EQ,NSE,Mainboard,2026-01-03
VIPULLTD,Vipul Limited,,EQ,NSE,Mainboard,2026-01-03
VIRINCHI,Virinchi Limited,,EQ,NSE,Mainboard,2026-01-03
VISAKAIND,Visaka Industries Limited,,EQ,NSE,Mainboard,2026-01-03
VISAMAN,Visaman Global Sales Limited,INE0BHK01012,ST,NSE,SME,2026-01-03
VISASTEEL,Visa Steel Limited,,BE,NSE,Mainboard,2026-01-03
VISHNU,Vishnu Chemicals Limited,,EQ,NSE,Mainboard,2026-01-03
VISHNUINFR,Vishnusurya Projects and Infra Limited,INE0PQ001012,SM,NSE,SME,2026-01-03
VISHWARAJ,Vishwaraj Sugar Industries Limited,,EQ,NSE,Mainboard,2026-01-03
VISHWAS,Vishwas Agri Seeds Limited,INE0S2E01016,SM,NSE,SME,2026-01-03
VITAL,Vital Chemtech Limited,INE0L4K01016,SM,NSE,SME,2026-01-03
VIVIANA,Viviana Power Tech Limited,INE0MEG01014,SM,NSE,SME,2026-01-03
VIVIDHA,Visagar Polytex Limited,,EQ,NSE,Mainboard,2026-01-03
VIVIMEDLAB,Vivimed Labs Limited,,EQ,NSE,Mainboard,2026-01-03
VIVO,Vivo Collaboration Solutions Limited,INE0IA701014,SM,NSE,SME,2026-01-03
VLEGOV,VL E-Governance & IT Solutions Limited,,EQ,NSE,Mainboard,2026-01-03
VLINFRA,V.L.Infraprojects Limited,INE0QXL01015,SM,NSE,SME,2026-01-03
VLSFINANCE,VLS Finance Limited,,EQ,NSE,Mainboard,2026-01-03
VMARCIND,V Marc India Limited,INE0GXK01018,SM,NSE,SME,2026-01-03
VMART,V-Mart Retail Limited,,EQ,NSE,Mainboard,2026-01-03
VMM,Vishal Mega Mart Limited,,EQ,NSE,Mainboard,2026-01-03
VMSTMT,VMS TMT Limited,,EQ,NSE,Mainboard,2026-01-03
VOLERCAR,Voler Car Limited,INE241X01014,ST,NSE,SME,2026-01-03
VOLTAMP,Voltamp Transformers Limited,,EQ,NSE,Mainboard,2026-01-03
VOLTAS,Voltas Limited,,EQ,NSE,Mainboard,2026-01-03
VPRPL,Vishnu Prakash R Punglia Limited,,EQ,NSE,Mainboard,2026-01-03
VR,V R Infraspace Limited,INE0QQM01017,SM,NSE,SME,2026-01-03
VRAJ,Vraj Iron and Steel Limited,,EQ,NSE,Mainboard,2026-01-03
VRLLOG,VRL Logistics Limited,,EQ,NSE,Mainboard,2026-01-03
VSCL,Vadivarhe Speciality Chemicals Limited,INE551Q01028,SM,NSE,SME,2026-01-03
VSSL,Vardhman Special Steels Limited,,EQ,NSE,Mainboard,2026-01-03
VSTIND,VST Industries Limited,,EQ,NSE,Mainboard,2026-01-03
VSTL,Vibhor Steel Tubes Limited,,EQ,NSE,Mainboard,2026-01-03
VSTTILLERS,V.S.T Tillers Tractors Limited,,EQ,NSE,Mainboard,2026-01-03
VTL,Vardhman Textiles Limited,,EQ,NSE,Mainboard,2026-01-03
WAAREEENER,Waaree Energies Limited,,EQ,NSE,Mainboard,2026-01-03
WAAREEINDO,Indosolar Limited,,EQ,NSE,Mainboard,2026-01-03
WAAREERTL,Waaree Renewable Technologies Limited,,EQ,NSE,Mainboard,2026-01-03
WABAG,VA Tech Wabag Limited,,EQ,NSE,Mainboard,2026-01-03
WAKEFIT,Wakefit Innovations Limited,,EQ,NSE,Mainboard,2026-01-03
WALCHANNAG,Walchandnagar Industries Limited,,EQ,NSE,Mainboard,2026-01-03
WALPAR,Walpar Nutritions Limited,INE0G2G01015,SM,NSE,SME,2026-01-03
WANBURY,Wanbury Limited,,EQ,NSE,Mainboard,2026-01-03
WCIL,Western Carriers (India) Limited,,EQ,NSE,Mainboard,2026-01-03
WEALTH,Wealth First Portfolio Managers Limited,,EQ,NSE,Mainboard,2026-01-03
WEBELSOLAR,Websol Energy System Limited,,EQ,NSE,Mainboard,2026-01-03
WEIZMANIND,Weizmann Limited,,EQ,NSE,Mainboard,2026-01-03
WEL,Wonder Electricals Limited,,EQ,NSE,Mainboard,2026-01-03
WELCORP,Welspun Corp Limited,,EQ,NSE,Mainboard,2026-01-03
WELENT,Welspun Enterprises Limited,,EQ,NSE,Mainboard,2026-01-03
WELINV,Welspun Investments and Commercials Limited,,EQ,NSE,Mainboard,2026-01-03
WELSPUNLIV,Welspun Living Limited,,EQ,NSE,Mainboard,2026-01-03
WENDT,Wendt (India) Limited,,EQ,NSE,Mainboard,2026-01-03
WESTLIFE,WESTLIFE FOODWORLD LIMITED,,EQ,NSE,Mainboard,2026-01-03
WEWIN,WE WIN LIMITED,,BE,NSE,Mainboard,2026-01-03
WEWORK,WeWork India Management Limited,,EQ,NSE,Mainboard,2026-01-03
WHEELS,Wheels India Limited,,EQ,NSE,Mainboard,2026-01-03
WHIRLPOOL,Whirlpool of India Limited,,EQ,NSE,Mainboard,2026-01-03
WHITEFORCE,Happy Square Outsourcing Services Limited,INE0TLP01015,SM,NSE,SME,2026-01-03
WILLAMAGOR,Williamson Magor & Company Limited,,EQ,NSE,Mainboard,2026-01-03
WINDLAS,Windlas Biotech Limited,,EQ,NSE,Mainboard,2026-01-03
WINDMACHIN,Windsor Machines Limited,,EQ,NSE,Mainboard,2026-01-03
WINNY,Winny Immigration & Education Services Limited,INE0S9101013,SM,NSE,SME,2026-01-03
WINSOL,Winsol Engineers Limited,INE0S3D01016,SM,NSE,SME,2026-01-03
WINSOME,Winsome Yarns Limited,,BZ,NSE,Mainboard,2026-01-03
WIPL,The Western India Plywoods Limited,,EQ,NSE,Mainboard,2026-01-03
WIPRO,Wipro Limited,,EQ,NSE,Mainboard,2026-01-03
WOCKPHARMA,Wockhardt Limited,,EQ,NSE,Mainboard,2026-01-03
WOL3D,Wol 3D India Limited,INE0OO201011,ST,NSE,SME,2026-01-03
WOMANCART,Womancart Limited,INE0Q9601016,SM,NSE,SME,2026-01-03
WONDERLA,Wonderla Holidays Limited,,EQ,NSE,Mainboard,2026-01-03
WORTHPERI,Worth Peripherals Limited,,EQ,NSE,Mainboard,2026-01-03
WSI,W S Industries (I) Limited,,EQ,NSE,Mainboard,2026-01-03
WSTCSTPAPR,West Coast Paper Mills Limited,,EQ,NSE,Mainboard,2026-01-03
WTICAB,Wise Travel India Limited,INE623Y01011,SM,NSE,SME,2026-01-03
XCHANGING,Xchanging Solutions Limited,,EQ,NSE,Mainboard,2026-01-03
XELPMOC,Xelpmoc Design And Tech Limited,,BE,NSE,Mainboard,2026-01-03
XPROINDIA,Xpro India Limited,,EQ,NSE,Mainboard,2026-01-03
XTGLOBAL,Xtglobal Infotech Limited,,EQ,NSE,Mainboard,2026-01-03
YASHO,Yasho Industries Limited,,EQ,NSE,Mainboard,2026-01-03
YASHOPTICS,Yash Optics & Lens Limited,INE0TO601017,SM,NSE,SME,2026-01-03
YATHARTH,Yatharth Hospital & Trauma Care Services Limited,,EQ,NSE,Mainboard,2026-01-03
YATRA,Yatra Online Limited,,EQ,NSE,Mainboard,2026-01-03
YCCL,Yasons Chemex Care Limited,INE08S201019,SM,NSE,SME,2026-01-03
YESBANK,Yes Bank Limited,,EQ,NSE,Mainboard,2026-01-03
YUDIZ,Yudiz Solutions Limited,INE09FA01019,SM,NSE,SME,2026-01-03
YUKEN,Yuken India Limited,,EQ,NSE,Mainboard,2026-01-03
ZAGGLE,Zaggle Prepaid Ocean Services Limited,,EQ,NSE,Mainboard,2026-01-03
ZEAL,Zeal Global Services Limited,INE0PPS01018,SM,NSE,SME,2026-01-03
ZEEL,Zee Entertainment Enterprises Limited,,EQ,NSE,Mainboard,2026-01-03
ZEELEARN,Zee Learn Limited,,EQ,NSE,Mainboard,2026-01-03
ZEEMEDIA,Zee Media Corporation Limited,,EQ,NSE,Mainboard,2026-01-03
ZENITHDRUG,Zenith Drugs Limited,INE0QWN01013,SM,NSE,SME,2026-01-03
ZENITHEXPO,Zenith Exports Limited,,EQ,NSE,Mainboard,2026-01-03
ZENITHSTL,Zenith Steel Pipes & Industries Limited,,EQ,NSE,Mainboard,2026-01-03
ZENSARTECH,Zensar Technologies Limited,,EQ,NSE,Mainboard,2026-01-03
ZENTEC,Zen Technologies Limited,,EQ,NSE,Mainboard,2026-01-03
ZFCVINDIA,ZF Commercial Vehicle Control Systems India Limited,,EQ,NSE,Mainboard,2026-01-03
ZIMLAB,Zim Laboratories Limited,,EQ,NSE,Mainboard,2026-01-03
ZODIAC,Zodiac Energy Limited,,EQ,NSE,Mainboard,2026-01-03
ZODIACLOTH,Zodiac Clothing Company Limited,,EQ,NSE,Mainboard,2026-01-03
ZOTA,Zota Health Care LImited,,EQ,NSE,Mainboard,2026-01-03
ZTECH,Z-Tech (India) Limited,INE0ISZ01012,SM,NSE,SME,2026-01-03
ZUARI,Zuari Agro Chemicals Limited,,EQ,NSE,Mainboard,2026-01-03
ZUARIIND,ZUARI INDUSTRIES LIMITED,,EQ,NSE,Mainboard,2026-01-03
ZYDUSLIFE,Zydus Lifesciences Limited,,EQ,NSE,Mainboard,2026-01-03
ZYDUSWELL,Zydus Wellness Limited,,EQ,NSE,Mainboard,2026-01-03
