Symbol,Name,ISIN,Exchange,Sector,Series
A2ZINFRA,A2Z INFRA ENGINEERING LTD,INE619I01012,NSE,Unknown,BE
AAATECH,AAA TECHNOLOGIES LIMITED,INE0D0U01013,NSE,Unknown,BE
AADHARHFC,AADHAR HOUSING FINANCE L,INE883F01010,NSE,Unknown,BE
AAKAAR,AAKAAR MEDICAL TECHNO LTD,INE1GYP01013,NSE,Unknown,SM
AAKASH,AAKASH EXPLORATION SER L,INE087Z01016,NSE,Unknown,SM
AAKASH,AAKASH EXPLORATION SER L,INE087Z01024,NSE,Unknown,BE
AARADHYA,AARADHYA DISPOSAL INDUS L,INE124401014,NSE,Unknown,SM
AARON,AARON INDUSTRIES LIMITED,INE721Z01010,NSE,Unknown,BE
AARTECH,AARTECH SOLONICS LIMITED,INE01C001026,NSE,Unknown,BE
AARTIDRUGS,AARTI DRUGS  LTD.,INE767A01016,NSE,Unknown,BE
AARTIIND,AARTI INDUSTRIES LTD.,INE769A01020,NSE,Unknown,BE
AARTIPHARM,AARTI PHARMALABS LIMITED,INE0LRU01027,NSE,Unknown,BE
AARTISURF,AARTI SURFACTANTS LIMITED,INE09EO01013,NSE,Unknown,BE
AARVEEDEN,AARVEE DEN. & EXP. LTD,INE273D01019,NSE,Unknown,BE
AARVI,AARVI ENCON LIMITED,INE754X01016,NSE,Unknown,BE
AATMAJ,AATMAJ HEALTHCARE LIMITED,INE0OB201016,NSE,Unknown,SM
AAVAS,AAVAS FINANCIERS LIMITED,INE216P01012,NSE,Unknown,BE
ABAN,ABAN OFFSHORE LTD.,INE421A01028,NSE,Unknown,BE
ABB,ABB INDIA LIMITED,INE117A01022,NSE,Unknown,BE
ABBOTINDIA,ABBOTT INDIA LIMITED,INE358A01014,NSE,Unknown,BE
ABCAPITAL,ADITYA BIRLA CAPITAL LTD.,INE674K01013,NSE,Unknown,BE
ABCOTS,A B COTSPIN INDIA LIMITED,INE08PH01015,NSE,Unknown,BE
ABDL,ALLIED BLEND N DISTILS L,INE552Z01027,NSE,Unknown,BE
ABFRL,ADITYA BIRLA FASHION & RT,INE647O01011,NSE,Unknown,BE
ABGSEC,BIRLASLAMC - ABGSEC,INF209KC1134,NSE,Unknown,EQ
ABHAPOWER,ABHA POWER N STEEL LTD,INE0UYG01015,NSE,Unknown,SM
ABHISHEK,ABHISHEK CORPORATION LTD,INE004I01017,NSE,Unknown,BE
ABINFRA,A B INFRABUILD LIMITED,INE00YB01017,NSE,Unknown,BE
ABLBL,ADITYA BIRLA LIFES BRAN L,INE14LE01019,NSE,Unknown,BE
ABMINTLLTD,ABM INTERNATIONAL LTD,INE251C01025,NSE,Unknown,BE
ABMINTLTD,ABM INTERNATIONAL LTD,INE251C01017,NSE,Unknown,BE
ABSLAMC,ADIT BIRL SUN LIF AMC LTD,INE404A01024,NSE,Unknown,BE
ABSLBANETF,BIRLASLAMC - ABSLBANETF,INF209KB17D5,NSE,Unknown,EQ
ABSLLIQUID,BIRLASLAMC - ABSLLIQUID,INF209KB18T9,NSE,Unknown,EQ
ABSLNN50ET,BIRLASLAMC - ABSLNN50ET,INF209KB16D7,NSE,Unknown,EQ
ABSLPSE,BIRLASLAMC-ABSLPSE,INF209KB19Z4,NSE,Unknown,EQ
ABSMARINE,ABS MARINE SERVICES LTD,INE0QRV01016,NSE,Unknown,SM
ACC,ACC LIMITED,INE012A01025,NSE,Unknown,BE
ACCELYA,ACCELYA SOLN INDIA LTD,INE793A01012,NSE,Unknown,BE
ACCENTMIC,ACCENT MICROCELL LIMITED,INE0Q5D01013,NSE,Unknown,SM
ACCORD,ACCORD SYNERGY LIMITED,INE113X01015,NSE,Unknown,SM
ACCPL,ACCRETION PHARMA LIMITED,INE0T8T01010,NSE,Unknown,SM
ACCURACY,ACCURACY SHIPPING LIMITED,INE648Z01015,NSE,Unknown,SM
ACCURACY,ACCURACY SHIPPING LIMITED,INE648Z01023,NSE,Unknown,BE
ACE,ACTION CONST EQUIP LTD,INE731H01025,NSE,Unknown,BE
ACEINTEG,ACE INTEGRATED SOLU. LTD.,INE543V01017,NSE,Unknown,BE
ACELAB,A C E LABORATORIES LTD,INE522901011,NSE,Unknown,EQ
ACI,ARCHEAN CHEMICAL IND LTD,INE128X01021,NSE,Unknown,BE
ACL,ANDHRA CEMENTS LIMITED,INE666E01020,NSE,Unknown,BE
ACLGATI,ALLCARGO GATI LIMITED,INE152B01027,NSE,Unknown,BE
ACMESOLAR,ACME SOLAR HOLDINGS LTD,INE622W01025,NSE,Unknown,BE
ACTIVEINFR,ACTIVE INFRASTRUCTURES L,INE0KLO01025,NSE,Unknown,SM
ACUTAAS,ACUTAAS CHEMICALS LIMITED,INE00FF01025,NSE,Unknown,BE
ADANIENSOL,ADANI ENERGY SOLUTION LTD,INE931S01010,NSE,Unknown,BE
ADANIENT,ADANI ENTERPRISES LIMITED,INE423A01024,NSE,Unknown,BE
ADANIPORTS,ADANI PORT & SEZ LTD,INE742F01042,NSE,Unknown,BE
ADANIPOWER,ADANI POWER LTD,INE814H01029,NSE,Unknown,BE
ADARSHCHEM,ADARSH CHEMICALS & FERT.,INE442501016,NSE,Unknown,EQ
ADFFOODS,ADF FOODS LIMITED,INE982B01027,NSE,Unknown,BE
ADHUNIK,ADHUNIK METALIKS LTD.,INE400H01019,NSE,Unknown,BE
ADITYASPIN,ADITYA SPINNERS LTD,INE442601014,NSE,Unknown,EQ
ADL,ARCHIDPLY DECOR LIMITED,INE0CHO01012,NSE,Unknown,BE
ADOR,ADOR WELDING LTD,INE045A01017,NSE,Unknown,BE
ADROITINFO,ADROIT INFOTECH LIMITED,INE737B01033,NSE,Unknown,BE
ADSL,ALLIED DIGITAL SERV. LTD,INE102I01027,NSE,Unknown,BE
ADVANIHOTR,ADVANI HOT.& RES.(I) LTD,INE199C01026,NSE,Unknown,BE
ADVENZYMES,ADVANCED ENZYME TECH LTD,INE837H01020,NSE,Unknown,BE
AEC,AEC (I) LTD.,INE441901019,NSE,Unknown,EQ
AEGISLOG,AEGIS LOGISTICS LIMITED,INE208C01025,NSE,Unknown,BE
AEGISVOPAK,AEGIS VOPAK TERMINALS LTD,INE0INX01018,NSE,Unknown,BE
AEROENTER,AEROFLEX ENTERPRISES LTD,INE065D01027,NSE,Unknown,BE
AEROFLEX,AEROFLEX INDUSTRIES LTD,INE024001021,NSE,Unknown,BE
AERON,AERON COMPOSITE LIMITED,INE0WL801011,NSE,Unknown,SM
AERONEU,AEROFLEX NEU LIMITED,INE035801013,NSE,Unknown,BE
AESTHETIK,AESTHETIK ENGINEERS LTD,INE0TSF01011,NSE,Unknown,SM
AETHER,AETHER INDUSTRIES LIMITED,INE0BWX01014,NSE,Unknown,BE
AFCONS,AFCONS INFRASTRUCTURE LTD,INE101I01011,NSE,Unknown,BE
AFFLE,AFFLE 3I LIMITED,INE00WC01027,NSE,Unknown,BE
AFFORDABLE,AFFORD ROBO & AUTO LTD,INE692Z01013,NSE,Unknown,BE
AFIL,AKME FINTRADE (INDIA) LTD,INE916Y01027,NSE,Unknown,BE
AFSL,ABANS FINANCIAL SRVCS LTD,INE00ZE01026,NSE,Unknown,BE
AGARIND,AGARWAL INDS CORP LTD.,INE204E01012,NSE,Unknown,BE
AGARWALEYE,DR AGARWALS HEALTH CARE L,INE943P01029,NSE,Unknown,BE
AGARWALFT,AGARWAL FLOAT GLASS I LTD,INE0MLA01012,NSE,Unknown,SM
AGARWALTUF,AGARWAL TOUGH GLASS IND L,INE0P8X01016,NSE,Unknown,SM
AGI,AGI GREENPAC LIMITED,INE415A01038,NSE,Unknown,BE
AGIIL,AGI INFRA LIMITED,INE976R01025,NSE,Unknown,BE
AGNI,AGNI GREEN POWER LTD,INE0LF301013,NSE,Unknown,SM
AGRIHATCH,AGRITECH HATCHERIED AND F,INE442901018,NSE,Unknown,EQ
AGRITECH,AGRI-TECH (INDIA) LIMITED,INE449G01018,NSE,Unknown,BE
AGROPHOS,AGRO PHOS INDIA LIMITED,INE740V01019,NSE,Unknown,BE
AGSTRA,AGS TRANSACT TECH LTD,INE583L01014,NSE,Unknown,BE
AGUL,A G UNIVERSAL LIMITED,INE0O6N01012,NSE,Unknown,SM
AHCL,ANLON HEALTHCARE LIMITED,INE0Y8W01017,NSE,Unknown,BE
AHIMSA,AHIMSA INDUSTRIES LTD.,INE136T01014,NSE,Unknown,SM
AHLADA,AHLADA ENGINEERS LIMITED,INE00PV01013,NSE,Unknown,BE
AHLEAST,ASIAN HOTELS (EAST) LTD,INE926K01017,NSE,Unknown,BE
AHLUCONT,AHLUWALIA CONT IND LTD,INE758C01029,NSE,Unknown,BE
AHLWEST,ASIAN HOTELS (WEST) LTD,INE915K01010,NSE,Unknown,BE
AIAENG,AIA ENGINEERING LIMITED,INE212H01026,NSE,Unknown,BE
AIFL,ASHAPURA INTI FASHION LTD,INE428O01016,NSE,Unknown,BE
AIIL,AUTHUM INVEST & INFRA LTD,INE206F01022,NSE,Unknown,BE
AILIMITED,ABHISHEK INTEGRATIONS LTD,INE0CAJ01017,NSE,Unknown,SM
AIMCOPEST,AIMCO PESTICIDES-DEPO,INE008B01013,NSE,Unknown,BE
AIMTRON,AIMTRON ELECTRONICS LTD,INE0RUV01018,NSE,Unknown,SM
AIRAN,AIRAN LIMITED,INE645W01026,NSE,Unknown,BE
AIROLAM,AIRO LAM LIMITED,INE801L01010,NSE,Unknown,BE
AISL,ANI INTEGRATED SERV LTD.,INE635Y01015,NSE,Unknown,SM
AJANTPHARM,AJANTPHARM LTD,INE031B01049,NSE,Unknown,BE
AJAXENGG,AJAX ENGINEERING LIMITED,INE274Y01021,NSE,Unknown,BE
AJMERA,AJMERA REALTY & INF I LTD,INE298G01027,NSE,Unknown,BE
AJOONI,AJOONI BIOTECH LIMITED,INE820Y01013,NSE,Unknown,SM
AJOONI,AJOONI BIOTECH LIMITED,INE820Y01021,NSE,Unknown,BE
AJRINFRA,AJR INFRA & TOLLING LTD,INE181G01025,NSE,Unknown,BE
AKAIMPEX,AKAI IMPEX LTD.,INE443401018,NSE,Unknown,EQ
AKANKSHA,AKANKSHA POWER N INFRA L,INE0PCY01014,NSE,Unknown,SM
AKARLAMIN,AKAR LAMINATORS LTD,INE984C01013,NSE,Unknown,EQ
AKARLAMIN,AKAR LAMINATORS LTD,INE443501015,NSE,Unknown,BE
AKASH,AKASH INFRA-PROJECTS LTD,INE737W01013,NSE,Unknown,BE
AKG,AKG EXIM LIMITED,INE00Y801016,NSE,Unknown,BE
AKGACOUST,AKG ACOUSTICS (I) LTD.,INE442001017,NSE,Unknown,EQ
AKI,AKI INDIA LIMITED,INE642Z01026,NSE,Unknown,BE
AKIKO,AKIKO GLOBAL SERVICES L,INE0PMR01017,NSE,Unknown,SM
AKSHAR,AKSHAR SPINTEX LIMITED,INE256Z01025,NSE,Unknown,BE
AKSHARCHEM,AKSHARCHEM INDIA LIMITED,INE542B01011,NSE,Unknown,BE
AKSHOPTFBR,AKSH OPTIFIBRE  LTD,INE523B01011,NSE,Unknown,BE
AKUMS,AKUMS DRUGS AND PHARMA L,INE09XN01023,NSE,Unknown,BE
AKZOINDIA,AKZO NOBEL INDIA LIMITED,INE133A01011,NSE,Unknown,BE
ALANKIT,ALANKIT LIMITED,INE914E01040,NSE,Unknown,BE
ALBERTDAVD,ALBERT DAVID LIMITED,INE155C01010,NSE,Unknown,BE
ALBRMORARJ,ALBRIGHT&WILSON CHE LTD.,INE255B01010,NSE,Unknown,BE
ALCHEM,ALCHEMIST LTD,INE964B01033,NSE,Unknown,BE
ALEMBICLTD,ALEMBIC LIMITED,INE426A01027,NSE,Unknown,BE
ALICON,ALICON CASTALLOY LIMITED,INE062D01024,NSE,Unknown,BE
ALIVUS,ALIVUS LIFE SCIENCES LTD,INE03Q201024,NSE,Unknown,BE
ALKALI,ALKALI METALS LTD,INE773I01017,NSE,Unknown,BE
ALKEM,ALKEM LABORATORIES LTD.,INE540L01014,NSE,Unknown,BE
ALKYLAMINE,ALKYL AMINES CHEM. LTD,INE150B01039,NSE,Unknown,BE
ALLCARGO,ALLCARGO LOGISTICS LTD,INE418H01029,NSE,Unknown,BE
ALLDIGI,ALLDIGI TECH LIMITED,INE835G01018,NSE,Unknown,BE
ALLETEC,ALL E TECHNOLOGIES LTD,INE0M2X01012,NSE,Unknown,SM
ALLTIME,ALL TIME PLASTICS LIMITED,INE0GV601021,NSE,Unknown,BE
ALMONDZ,ALMONDZ GLOBAL SEC LTD,INE326B01035,NSE,Unknown,BE
ALOKINDS,ALOK INDUSTRIES LIMITED,INE270A01029,NSE,Unknown,BE
ALOKINDS,ALOK INDUSTRIES LTD,INE270A01011,NSE,Unknown,BE
ALPA,ALPA LABORATORIES LTD,INE385I01010,NSE,Unknown,BE
ALPEXSOLAR,ALPEX SOLAR LIMITED,INE0R4701017,NSE,Unknown,SM
ALPHA,KOTAKMAMC - KOTAKALPHA,INF174KA1IA5,NSE,Unknown,EQ
ALPHADRUG,ALPHA DRUG INDIA LTD-DEPO,INE256B01018,NSE,Unknown,BE
ALPHADRUG,ALPHA DRUG (I) LTD,INE444101013,NSE,Unknown,EQ
ALPHAETF,MIRAEAMC - ALPHAETF,INF769K01KU7,NSE,Unknown,EQ
ALPHAGEO,ALPHAGEO (INDIA) LIMITED,INE137C01018,NSE,Unknown,BE
ALPINEIND,ALPINE INDUSTRIES LTD,INE444301019,NSE,Unknown,EQ
ALPL30IETF,ICICIPRAMC - ICICIALPLV,INF109KC17V7,NSE,Unknown,EQ
ALPSINDUS,ALPS INDUSTRIES LTD.,INE093B01015,NSE,Unknown,BE
ALSAMARINE,ALSA MARINE AND HARVESTS,INE444501014,NSE,Unknown,EQ
ALTOS,ALTOS (I) LTD,INE490401010,NSE,Unknown,EQ
ALUWIND,ALUWIND INFRA-TECH LTD,INE0STM01017,NSE,Unknown,SM
AMANTA,AMANTA HEALTHCARE LIMITED,INE084K01015,NSE,Unknown,BE
AMARDYCHEM,AMAR DYECHEM LTD.,INE444701010,NSE,Unknown,EQ
AMBANIORGO,AMBANI ORGOCHEM LIMITED,INE00C501018,NSE,Unknown,SM
AMBASARABH,AMBALAL SARABHAI  ENTER,INE432A01017,NSE,Unknown,BE
AMBER,AMBER ENTERPRISES (I) LTD,INE371P01015,NSE,Unknown,BE
AMBEY,AMBEY LABORATORIES LTD,INE0M3I01029,NSE,Unknown,SM
AMBICAAGAR,AMBICA AGAR & AROMAINDLTD,INE792B01012,NSE,Unknown,BE
AMBIKCO,AMBIKA COTTON MILL LTD.,INE540G01014,NSE,Unknown,BE
AMBUJACEM,AMBUJA CEMENTS LTD,INE079A01024,NSE,Unknown,BE
AMBUJACEM,AMBUJA ELECTROCASTING LTD,INE445001014,NSE,Unknown,EQ
AMCL,ANB METAL CAST LIMITED,INE0VG001016,NSE,Unknown,SM
AMDIND,AMD INDUSTRIES LIMITED,INE005I01014,NSE,Unknown,BE
AMEYA,AMEYA PRECISION ENG LTD,INE0KT901015,NSE,Unknown,SM
AMFORGEIND,AMFORGE INDS LTD DEPO,INE991A01012,NSE,Unknown,BE
AMIABLE,AMIABLE LOGISTICS (I) LTD,INE0MTP01013,NSE,Unknown,SM
AMJLAND,AMJ LAND HOLDINGS LIMITED,INE606A01024,NSE,Unknown,BE
AMJUMBO,A AND M JUMBO BAGS LTD,INE749Y01014,NSE,Unknown,SM
AMNPLST,AMINES & PLASTICIZERS LTD,INE275D01022,NSE,Unknown,BE
AMRUTANJAN,AMRUTAJAN HEALTH LTD,INE098F01031,NSE,Unknown,BE
AMRUTIND,AMRUT INDUSTRIES LTD,INE389801015,NSE,Unknown,EQ
AMTEKAUTO,AMTEL AUTO LTD,INE130C01021,NSE,Unknown,BE
ANANDRATHI,ANAND RATHI WEALTH LTD,INE463V01026,NSE,Unknown,BE
ANANTRAJ,ANANT RAJ LIMITED,INE242C01024,NSE,Unknown,BE
ANDHRACEMT,ANDHRA CEMENTS LIMITED,INE666E01012,NSE,Unknown,BE
ANDHRAPAP,ANDHRA PAPER LIMITED,INE435A01051,NSE,Unknown,BE
ANDHRAPET,ANDHRA PETROCHEMICALSLTD.,INE714B01016,NSE,Unknown,BE
ANDHRSUGAR,ANDHRA SUGARS LTD.,INE715B01021,NSE,Unknown,BE
ANGELONE,ANGEL ONE LIMITED,INE732I01013,NSE,Unknown,BE
ANIKINDS,ANIK INDUSTRIES LTD,INE087B01017,NSE,Unknown,BE
ANKITMETAL,ANKIT MET & POW LTD,INE106I01010,NSE,Unknown,BE
ANLON,ANLON TECHNOLOGY SOL LTD,INE0LR101013,NSE,Unknown,SM
ANMOL,ANMOL INDIA LIMITED,INE02AR01019,NSE,Unknown,BE
ANNAPURNA,ANNAPURNA SWADISHT LTD,INE0MGM01017,NSE,Unknown,SM
ANONDITA,ANONDITA MEDICARE LIMITED,INE0VTV01012,NSE,Unknown,SM
ANSALAPI,ANSAL PROP & INFRA LTD,INE436A01026,NSE,Unknown,BE
ANSALHSG,ANSAL HOUSING LIMITED,INE880B01015,NSE,Unknown,BE
ANTELOPUS,ANTELOPUS SELAN ENRGY LTD,INE818A01017,NSE,Unknown,BE
ANTFRIBEAR,ANTFRIBEAR DEPO SETT.,INE779A01011,NSE,Unknown,BE
ANTGRAPHIC,ANTARCTICA LTD,INE414B01021,NSE,Unknown,BE
ANTHEM,ANTHEM BIOSCIENCES LTD,INE0CZ201020,NSE,Unknown,BE
ANUHPHR,ANUH PHARMA LIMITED,INE489G01022,NSE,Unknown,BE
ANUP,THE ANUP ENGINEERING LTD,INE294Z01018,NSE,Unknown,BE
ANURAS,ANUPAM RASAYAN INDIA LTD,INE930P01018,NSE,Unknown,BE
ANYA,ANYA POLYTECH & FERTI LTD,INE0SI601032,NSE,Unknown,SM
AONEGOLD,AONEAMC - AONEGOLD,INF1J2R01114,NSE,Unknown,EQ
AONELIQUID,AONEAMC - AONELIQUID,INF1J2R01056,NSE,Unknown,EQ
AONENIFTY,AONEAMC - AONENIFTY,INF1J2R01064,NSE,Unknown,EQ
AONETOTAL,AONEAMC - AONETOTAL,INF1J2R01015,NSE,Unknown,EQ
APARINDS,APAR INDUSTRIES LTD.,INE372A01015,NSE,Unknown,BE
APCL,ANJANI PORTLAND CEM LTD,INE071F01012,NSE,Unknown,BE
APCOTEXIND,APCOTEX INDUSTRIES LIMITE,INE116A01032,NSE,Unknown,BE
APEX,APEX FROZEN FOODS LIMITED,INE346W01013,NSE,Unknown,BE
APEXECO,APEX ECOTECH LIMITED,INE0T4V01015,NSE,Unknown,SM
APLAPOLLO,APL APOLLO TUBES LTD,INE702C01027,NSE,Unknown,BE
APLLTD,ALEMBIC PHARMA LTD,INE901L01018,NSE,Unknown,BE
APOLLO,APOLLO MICRO SYSTEMS LTD,INE713T01028,NSE,Unknown,BE
APOLLOHOSP,APOLLO HOSPITALS LTD-DEPO,INE437A01024,NSE,Unknown,BE
APOLLOPIPE,APOLLO PIPES LIMITED,INE126J01016,NSE,Unknown,BE
APOLLOTUBE,APOLLO TUBES LTD.,INE004301011,NSE,Unknown,EQ
APOLSINHOT,APOLLO SINDOORI HOTEL LTD,INE451F01024,NSE,Unknown,BE
APRAMEYA,APRAMEYA ENGINEERING LTD,INE0LQG01010,NSE,Unknown,SM
APS,AUSTRALIAN PREM SOLAR I L,INE0P0001010,NSE,Unknown,SM
APTECHT,APTECH LIMITED,INE266F01018,NSE,Unknown,BE
APTUS,APTUS VALUE HSG FIN I LTD,INE852O01025,NSE,Unknown,BE
ARABIAN,ARABIAN PETROLEUM LIMITED,INE08NJ01024,NSE,Unknown,SM
ARAVALISEC,ARAVALI SECURITIES AND FI,INE445901015,NSE,Unknown,EQ
ARCHIDPLY,ARCHIDPLY IND. LTD,INE877I01016,NSE,Unknown,BE
ARCHIES,ARCHIES LTD,INE731A01020,NSE,Unknown,BE
ARCIIL,ARC INSULATION & INSU LTD,INE0YDV01010,NSE,Unknown,SM
ARCOTECH,ARCOTECH LIMITED,INE574I01035,NSE,Unknown,BE
ARFIN,ARFIN INDIA LIMITED,INE784R01023,NSE,Unknown,BE
ARHAM,ARHAM TECHNOLOGIES LTD,INE0L2Y01011,NSE,Unknown,SM
ARIES,ARIES AGRO LTD.,INE298I01015,NSE,Unknown,BE
ARIHANT,ARIHANT FOUN & HOU LTD,INE413D01011,NSE,Unknown,BE
ARIHANTACA,ARIHANT ACADEMY LIMITED,INE0NCC01015,NSE,Unknown,SM
ARIHANTCAP,ARIHANT CAPITAL MKTS LTD,INE420B01036,NSE,Unknown,BE
ARIHANTSUP,ARIHANT SUPERSTRUCT LTD,INE643K01018,NSE,Unknown,BE
ARISINFRA,ARISINFRA SOLUTIONS LTD,INE0H9P01028,NSE,Unknown,BE
ARISTO,ARISTO BIO T AND LIFESC L,INE082101010,NSE,Unknown,SM
ARKADE,ARKADE DEVELOPERS LIMITED,INE0QRL01017,NSE,Unknown,BE
ARMANFIN,ARMAN FIN SERV LTD,INE109C01017,NSE,Unknown,BE
AROGRANITE,ARO GRANITE IND. LTD.,INE210C01013,NSE,Unknown,BE
ARSHIYA,ARSHIYA LIMITED,INE968D01022,NSE,Unknown,BE
ARSSBL,ANAND RATHI SH N STK BR L,INE549H01021,NSE,Unknown,BE
ARSSINFRA,ARSS INFRA PROJ. LTD,INE267I01010,NSE,Unknown,BE
ARTEDZ,ARTEDZ FABS LIMITED,INE00CO01016,NSE,Unknown,SM
ARTEMISMED,ARTEMIS MED SERVICE LTD,INE025R01021,NSE,Unknown,BE
ARTNIRMAN,ART NIRMAN LIMITED,INE738V01013,NSE,Unknown,BE
ARTSONENGG,ARTSON ENGINEERING LTD,INE533801010,NSE,Unknown,EQ
ARUNASUGAR,ARUNA SUGARS AND ENTERP.,INE008101011,NSE,Unknown,EQ
ARUNAYA,ARUNAYA ORGANICS LIMITED,INE0TTG01017,NSE,Unknown,SM
ARVEE,ARVEE LABORATORIES I LTD,INE006Z01016,NSE,Unknown,BE
ARVIND,ARVIND LIMITED,INE034A01011,NSE,Unknown,BE
ARVINDFASN,ARVIND FASHIONS LIMITED,INE955V01021,NSE,Unknown,BE
ARVINDPORT,ARVIND PORT AND INFRA LTD,INE0P4T01013,NSE,Unknown,SM
ARVSMART,ARVIND SMARTSPACES LTD,INE034S01021,NSE,Unknown,BE
ARYAFINFAB,ARYAN FINEFAB LTD,INE008901014,NSE,Unknown,EQ
ASAHIINDIA,ASAHI INDIA GLASS LIMITED,INE439A01020,NSE,Unknown,BE
ASAHISONG,ASAHI SONGWON COLOR LTD,INE228I01012,NSE,Unknown,BE
ASAL,AUTOMOTIVE STAMPINGS & AS,INE900C01027,NSE,Unknown,BE
ASALCBR,ASSO ALCOHOLS & BREW LTD,INE073G01016,NSE,Unknown,BE
ASCOM,ASCOM LEASIN & INVEST LTD,INE08KD01015,NSE,Unknown,SM
ASHALOG,ASHAPURA LOGISTICS LTD,INE0LAA01017,NSE,Unknown,SM
ASHAPURMIN,ASHAPURA MINECHEM LTD,INE348A01023,NSE,Unknown,BE
ASHIANA,ASHIANA HOUSING LTD,INE365D01021,NSE,Unknown,BE
ASHIMASYN,ASHIMA LTD,INE440A01010,NSE,Unknown,BE
ASHOKA,ASHOKA BUILDCON LTD,INE442H01029,NSE,Unknown,BE
ASHOKALCO,ASHOK ALCO-CHEM LTD,INE010401011,NSE,Unknown,EQ
ASHOKAMET,ASHOKA METCAST LIMITED,INE760Y01011,NSE,Unknown,BE
ASHOKLEY,ASHOK LEYLAND -DEP SETT,INE208A01029,NSE,Unknown,BE
ASHOKORG,ASHOK ORGANIC INDUS. LTD.,INE010901010,NSE,Unknown,EQ
ASIANALLOY,ASIAN ALLOYS LTD,INE011301012,NSE,Unknown,EQ
ASIANCONSO,ASIAN CONSOLIDATED INDUST,INE011901019,NSE,Unknown,EQ
ASIANENE,ASIAN ENERGY SERVICES LTD,INE276G01015,NSE,Unknown,BE
ASIANHOTNR,ASIAN HOTELS (NORTH) LTD,INE363A01022,NSE,Unknown,BE
ASIANPAINT,ASIAN PAINTS LIMITED,INE021A01026,NSE,Unknown,BE
ASIANTILES,ASIAN GRANITO IND. LTD.,INE022I01019,NSE,Unknown,BE
ASIL,AMIT SPINNING IND. LTD,INE988A01026,NSE,Unknown,BE
ASILIND,ASIL INDUSTRIES LTD.,INE012901018,NSE,Unknown,EQ
ASKAUTOLTD,ASK AUTOMOTIVE LIMITED,INE491J01022,NSE,Unknown,BE
ASLIND,ASL INDUSTRIES LIMITED,INE617I01024,NSE,Unknown,SM
ASMS,BARTRONICS INDIA LIMITED,INE855F01042,NSE,Unknown,BE
ASOCALCHOL,ASSOCIATED ALCOHOL & BREW,INE013401018,NSE,Unknown,EQ
ASPINWALL,ASPINWALL & CO LTD,INE991I01015,NSE,Unknown,BE
ASSAMFRONT,AFT INDUSTRIES LTD.,INE417A01018,NSE,Unknown,BE
ASTEC,ASTEC LIFESCIENCES LTD,INE563J01010,NSE,Unknown,BE
ASTERDM,ASTER DM HEALTHCARE LTD.,INE914M01019,NSE,Unknown,BE
ASTRAL,ASTRAL LIMITED,INE006I01046,NSE,Unknown,BE
ASTRAMICRO,ASTRA MICROWAVE LTD,INE386C01029,NSE,Unknown,BE
ASTRAZEN,ASTRAZENECA PHARMA IND LT,INE203A01020,NSE,Unknown,BE
ASTRON,ASTRON PAPER BORD MIL LTD,INE646X01014,NSE,Unknown,BE
ATAM,ATAM VALVES LIMITED,INE09KD01013,NSE,Unknown,BE
ATASHIND,ATASH INDUSTRIES LTD,INE014001015,NSE,Unknown,EQ
ATCENERGY,ATC ENERGIES SYSTEM LTD,INE0V0Q01019,NSE,Unknown,SM
ATCOM,ATCOM TECHNOLOGIES LTD,INE834A01014,NSE,Unknown,BE
ATGL,ADANI TOTAL GAS LIMITED,INE399L01023,NSE,Unknown,BE
ATL,ALLCARGO TERMINALS LTD,INE0NN701020,NSE,Unknown,BE
ATLANTAA,ATLANTAA LIMITED,INE285H01022,NSE,Unknown,BE
ATLANTAELE,ATLANTA ELECTRICALS LTD,INE0Z4F01028,NSE,Unknown,BE
ATLANTSPG,ATLANTIC SPG & WVG MILLS,INE014401017,NSE,Unknown,EQ
ATLASCOPCO,ATLAS COPCO (I) LTD DEPO,INE445A01019,NSE,Unknown,BE
ATLASCYCLE,ATLAS CYCLE (HARYANA) LTD,INE446A01025,NSE,Unknown,BE
ATMASTCO,ATMASTCO LIMITED,INE05DH01017,NSE,Unknown,SM
ATNINTER,ATN INTERNATIONAL LTD,INE803A01027,NSE,Unknown,BE
ATUL,ATUL LTD,INE100A01010,NSE,Unknown,BE
ATULAUTO,ATUL AUTO LIMITED,INE951D01028,NSE,Unknown,BE
ATVPETRO,SVC SUPERCHEM LTD. - DEPO,INE038B01010,NSE,Unknown,BE
ATVPROJ,ATV PROJECTS INDIA LTD,INE015201010,NSE,Unknown,EQ
AUBANK,AU SMALL FINANCE BANK LTD,INE949L01017,NSE,Unknown,BE
AURANPAPER,AURANGABAD PAPER MILLS LT,INE015401016,NSE,Unknown,EQ
AURDIS,AURANGABAD DISTILLERY LTD,INE448V01019,NSE,Unknown,SM
AURIONPRO,AURIONPRO SOLN LTD,INE132H01018,NSE,Unknown,BE
AUROIMPEX,AURO IMPEX & CHEMICALS L,INE0NUL01018,NSE,Unknown,SM
AUROPHARMA,AUROPHARMA-DEP SETT,INE406A01037,NSE,Unknown,BE
AURUM,AURUM PROPTECH LIMITED,INE898S01029,NSE,Unknown,BE
AUSL,ADITYA ULTRA STEEL LTD,INE01YQ01013,NSE,Unknown,SM
AUSOMENT,AUSOM ENTERPRISE LIMITED,INE218C01016,NSE,Unknown,BE
AUSTRAL,AUSTRAL COKE & PRO LTD,INE455J01027,NSE,Unknown,BE
AUTOAXLES,AUTOMOTIVE AXLES LIMITED,INE449A01011,NSE,Unknown,BE
AUTOBEES,NIPPONAMC - NETFAUTO,INF204KC1337,NSE,Unknown,EQ
AUTOCORP,AUTOMOBILE CORP OF GOA LT,INE016201019,NSE,Unknown,EQ
AUTOIETF,ICICIPRAMC - ICICIAUTO,INF109KC10V2,NSE,Unknown,EQ
AUTOIND,AUTOLINE INDUSTRIES LTD,INE718H01014,NSE,Unknown,BE
AUTOLEC,AUTOLEC INDUSTRIES LTD.,INE134C01015,NSE,Unknown,BE
AUTOLITIND,AUTOLITE (INDIA) LIMITED,INE448A01013,NSE,Unknown,BE
AUTOPALIND,AUTOPAL INDUSTRIES LTD,INE016401015,NSE,Unknown,EQ
AUTORIDFIN,AUTORIDERS FINANCE LTD.,INE450A01019,NSE,Unknown,BE
AVADHSUGAR,AVADH SUG & ENERGY LTD,INE349W01017,NSE,Unknown,BE
AVALON,AVALON TECHNOLOGIES LTD,INE0LCL01028,NSE,Unknown,BE
AVANTEL,AVANTEL LIMITED,INE005B01027,NSE,Unknown,BE
AVANTIFEED,AVANTI FEEDS LIMITED,INE871C01038,NSE,Unknown,BE
AVERY,AVERY INDIA LTD-DEPO,INE906A01010,NSE,Unknown,BE
AVG,AVG LOGISTICS LIMITED,INE680Z01018,NSE,Unknown,BE
AVIANSH,AVI ANSH TEXTILE LIMITED,INE0TFB01017,NSE,Unknown,SM
AVL,ADITYA VISION LIMITED,INE679V01027,NSE,Unknown,BE
AVONIND,AVON INDUSTRIES LTD,INE446301017,NSE,Unknown,EQ
AVPINFRA,AVP INFRACON LIMITED,INE0R9401019,NSE,Unknown,SM
AVROIND,AVRO INDIA LIMITED,INE652Z01017,NSE,Unknown,BE
AVSL,AVSL INDUSTRIES LIMITED,INE522V01011,NSE,Unknown,SM
AVTNPL,AVT NATURAL PRODUCTS LTD,INE488D01021,NSE,Unknown,BE
AWFIS,AWFIS SPACE SOLUTIONS LTD,INE108V01019,NSE,Unknown,BE
AWHCL,ANTONY WASTE HDG CELL LTD,INE01BK01022,NSE,Unknown,BE
AWL,AWL AGRI BUSINESS LIMITED,INE699H01024,NSE,Unknown,BE
AXISBANK,AXIS BANK LIMITED,INE238A01034,NSE,Unknown,BE
AXISBNKETF,AXISAMC - AXISBNKETF,INF846K01X63,NSE,Unknown,EQ
AXISBPSETF,AXISAMC - AXISBPSETF,INF846K01Z04,NSE,Unknown,EQ
AXISCADES,AXISCADES TECH LTD,INE555B01013,NSE,Unknown,BE
AXISCETF,AXISAMC - AXISCETF,INF846K016C7,NSE,Unknown,EQ
AXISGOLD,AXIS MF - AXIS GOLD ETF,INF846K01W80,NSE,Unknown,EQ
AXISHCETF,AXISAMC - AXISHCETF,INF846K01Z12,NSE,Unknown,EQ
AXISILVER,AXISAMC - AXISILVER,INF846K011K1,NSE,Unknown,EQ
AXISNIFTY,AXISAMC - AXISNIFTY,INF846K01W98,NSE,Unknown,EQ
AXISTECETF,AXISAMC - AXISTECETF,INF846K01Y96,NSE,Unknown,EQ
AXISVALUE,AXISAMC - AXISVALUE,INF846KA1119,NSE,Unknown,EQ
AXITA,AXITA COTTON LIMITED,INE02EZ01022,NSE,Unknown,BE
AXSENSEX,AXISAMC - AXSENSEX,INF846K010Q0,NSE,Unknown,EQ
AYMSYNTEX,AYM SYNTEX LIMITED,INE193B01039,NSE,Unknown,BE
AZAD,AZAD ENGINEERING LIMITED,INE02IJ01035,NSE,Unknown,BE
BABAFOOD,BABA AGRO FOOD LIMITED,INE672X01010,NSE,Unknown,SM
BABAFP,BABA FOOD PROCESSING,INE0QW501012,NSE,Unknown,SM
BAFNAPH,BAFNA PHARMACEUTICALS LTD,INE878I01022,NSE,Unknown,BE
BAFNAPHARM,BAFNA PHARMACEUTICALS L,INE878I01014,NSE,Unknown,BE
BAGFILMS,B.A.G FILMS AND MEDIA LTD,INE116D01028,NSE,Unknown,BE
BAGWATIGAS,BHAGWATI GASES LTD.,INE447201018,NSE,Unknown,EQ
BAHETI,BAHETI RECYCLING IND LTD,INE029Q01017,NSE,Unknown,SM
BAIDFIN,BAID FINSERV LIMITED,INE020D01022,NSE,Unknown,BE
BAJAJCON,BAJAJ CONSUMER CARE LTD,INE933K01021,NSE,Unknown,BE
BAJAJELEC,BAJAJ ELECT.LTD,INE193E01025,NSE,Unknown,BE
BAJAJFINSV,BAJAJ FINSERV LTD.,INE918I01026,NSE,Unknown,BE
BAJAJHFL,BAJAJ HOUSING FINANCE LTD,INE377Y01014,NSE,Unknown,BE
BAJAJHIND,BAJAJ HINDUSTHAN SUGAR LT,INE306A01021,NSE,Unknown,BE
BAJAJHLDNG,BAJAJ HOLDINGS & INVS LTD,INE118A01012,NSE,Unknown,BE
BAJAJINDEF,INDEF MANUFACTURING LTD,INE0O9T01021,NSE,Unknown,BE
BAJEL,BAJEL PROJECTS LIMITED,INE0KQN01018,NSE,Unknown,BE
BAJFINANCE,BAJAJ FINANCE LIMITED,INE296A01032,NSE,Unknown,BE
BAKELHYLAM,BAKELITE HYLAM LTD.,INE019301014,NSE,Unknown,EQ
BALAJEE,SHREE TIRUPATI BALAJEE L,INE0S2G01011,NSE,Unknown,BE
BALAJHOTEL,BALAJIHOTELS-ROLL SETT,INE454A01011,NSE,Unknown,BE
BALAJIDIST,BALAJI DISTILLERIES LTD.,INE453A01013,NSE,Unknown,BE
BALAJIIND,BALAJIINDCORPORATION LTD.,INE455A01018,NSE,Unknown,BE
BALAJIPHOS,BALAJI PHOSPHATES LIMITED,INE0PQ601019,NSE,Unknown,SM
BALAJITELE,BALAJI TELEFILMS LTD.,INE794B01026,NSE,Unknown,BE
BALAMINES,BALAJI AMINES LIMITED,INE050E01027,NSE,Unknown,BE
BALAXI,BALAXI PHARMA LTD,INE618N01022,NSE,Unknown,BE
BALKRISHNA,BALKRISHNA PAPER MILLS L,INE875R01011,NSE,Unknown,BE
BALKRISIND,BALKRISHNA IND. LTD,INE787D01026,NSE,Unknown,BE
BALLARPUR,BALLARPUR INDUSTRIES LTD,INE294A01037,NSE,Unknown,BE
BALMLAWRIE,BALMER LAWRIE & CO.LTD.,INE164A01016,NSE,Unknown,BE
BALPHARMA,BAL PHARMA LTD.,INE083D01012,NSE,Unknown,BE
BALRAMCHIN,BALRAMPUR CHINI - DEP SET,INE119A01028,NSE,Unknown,BE
BALUFORGE,BALU FORGE INDUSTRIES LTD,INE011E01029,NSE,Unknown,BE
BALURTRANS,BALURGHAT TECHNOLOGIES LT,INE447101010,NSE,Unknown,EQ
BANARBEADS,BANARASBEADSLTD-ROLLSETT,INE655B01011,NSE,Unknown,BE
BANARISUG,BANNARI AMMAN SUGAR LTD.,INE459A01010,NSE,Unknown,BE
BANCOINDIA,BANCO PRODUCTS (I) LTD,INE213C01025,NSE,Unknown,BE
BANCOPROD,BANCOPRODUCTS INDIA LTD.,INE213C01017,NSE,Unknown,BE
BANDHANBNK,BANDHAN BANK LIMITED,INE545U01014,NSE,Unknown,BE
BANG,BANG OVERSEAS LTD.,INE863I01016,NSE,Unknown,BE
BANKA,BANKA BIOLOO LIMITED,INE862Y01015,NSE,Unknown,BE
BANKBARODA,BOB - DEPO SETT,INE028A01039,NSE,Unknown,BE
BANKBEES,NIP IND ETF BANK BEES,INF204KB15I9,NSE,Unknown,EQ
BANKBETF,BFAM - BANKBETF,INF0QA701714,NSE,Unknown,EQ
BANKETF,MIRAEAMC - BANKETF,INF769K01KR3,NSE,Unknown,EQ
BANKETFADD,DSPAMC - DSPBANKETF,INF740KA1RX3,NSE,Unknown,EQ
BANKIETF,ICICIPRAMC - IPRU5008,INF109KC15I8,NSE,Unknown,EQ
BANKINDIA,BANK OF INDIA - DEPO. SET,INE084A01016,NSE,Unknown,BE
BANKNIFTY1,KOTAKMAMC-KOTAKBKETF,INF174K01F59,NSE,Unknown,EQ
BANKPSU,MIRAEAMC - BANKPSU,INF769K01LZ4,NSE,Unknown,EQ
BANSAL,BANSAL MULTIFLEX LIMITED,INE668X01018,NSE,Unknown,SM
BANSWRAS,BANSWARA SYNTEX LIMITED,INE629D01020,NSE,Unknown,BE
BARBEQUE,BARBEQUE NATION HOSP. LTD,INE382M01027,NSE,Unknown,BE
BARFLEX,BARFLEX POLYFILMS LIMITED,INE0QX401014,NSE,Unknown,SM
BARODARAYN,BARODA RAYON CO LTD,INE022701010,NSE,Unknown,EQ
BARTRONICS,BARTRONICS INDIA LIMITED,INE855F01034,NSE,Unknown,BE
BASF,BASF INDIA LTD- DEPO SETT,INE373A01013,NSE,Unknown,BE
BASILIC,BASILIC FLY STUDIO LTD,INE0OCC01013,NSE,Unknown,SM
BASML,BANNARI AM SPIN MILL LTD.,INE186H01022,NSE,Unknown,BE
BATAINDIA,BATA INDIA DEP RS,INE176A01028,NSE,Unknown,BE
BAUSCHLOMB,RAYBAN SUN OPTICS IND LTD,INE854A01012,NSE,Unknown,BE
BAWEJA,BAWEJA STUDIOS LIMITED,INE0JFJ01011,NSE,Unknown,SM
BAYERCROP,BAYER CROPSCIENCE LTD,INE462A01022,NSE,Unknown,BE
BBETF0432,EDELAMC - BBETF0432,INF754K01OB1,NSE,Unknown,EQ
BBL,BHARAT BIJLEE LTD,INE464A01036,NSE,Unknown,BE
BBNPNBETF,BARODABNP - BBNPNBETF,INF251K01TL6,NSE,Unknown,EQ
BBOX,BLACK BOX LIMITED,INE676A01027,NSE,Unknown,BE
BBTC,BOMBAY BURMAH TRAD CORP,INE050A01025,NSE,Unknown,BE
BBTCL,B&B TRIPLEWALL CONT LTD,INE01EE01011,NSE,Unknown,BE
BCG,BRIGHTCOM GROUP LIMITED,INE425B01027,NSE,Unknown,BE
BCLIND,BCL INDUSTRIES LIMITED,INE412G01024,NSE,Unknown,BE
BCONCEPTS,BRAND CONCEPTS LIMITED,INE977Y01011,NSE,Unknown,BE
BCP,B.C. POWER CONTROLS LTD,INE905P01028,NSE,Unknown,BE
BDL,BHARAT DYNAMICS LIMITED,INE171Z01026,NSE,Unknown,BE
BEACON,BEACON TRUSTEESHIP LTD,INE639X01027,NSE,Unknown,SM
BEARDSELL,BEARDSELL LIMITED,INE520H01022,NSE,Unknown,BE
BECTORFOOD,MRS BECTORS FOOD SPE LTD,INE495P01012,NSE,Unknown,BE
BEDMUTHA,BEDMUTHA INDUST LTD,INE844K01012,NSE,Unknown,BE
BEL,BHARAT ELECT LTD-DEPO SET,INE263A01024,NSE,Unknown,BE
BELCONTROL,BELLS CONTROLS LTD,INE025C01015,NSE,Unknown,BE
BELLACASA,BELLA CASA FASH AND RET L,INE344T01014,NSE,Unknown,BE
BELLARYSTL,BELLARYSTEELS-ROLLSETT,INE166C01017,NSE,Unknown,BE
BELRISE,BELRISE INDUSTRIES LTD,INE894V01022,NSE,Unknown,BE
BEML,BEML LIMITED,INE258A01016,NSE,Unknown,BE
BEPL,BHANSALI ENG. POLYMERS LT,INE922A01025,NSE,Unknown,BE
BERGEPAINT,BERGER PAINTS(I)LTD,INE463A01038,NSE,Unknown,BE
BESTAGRO,BEST AGROLIFE LIMITED,INE052T01013,NSE,Unknown,BE
BESTAVISON,BESTA VISION ELECTRONICS,INE025201018,NSE,Unknown,EQ
BETA,BETA DRUGS LIMITED,INE351Y01019,NSE,Unknown,SM
BETANAPTOL,BETA NAPHTHOL LTD,INE025301016,NSE,Unknown,EQ
BEWLTD,BEW ENGINEERING LIMITED,INE0HQI01014,NSE,Unknown,SM
BFINVEST,BF INVESTMENT LIMITED,INE878K01010,NSE,Unknown,BE
BFSI,MIRAEAMC - MAFSETF,INF769K01HI8,NSE,Unknown,EQ
BFUTILITIE,BF UTILITIES LIMITED,INE243D01012,NSE,Unknown,BE
BGLOBAL,BHARATIYA GLOBAL INFO LTD,INE224M01013,NSE,Unknown,BE
BHADORA,BHADORA INDUSTRIES LTD,INE0ZRC01017,NSE,Unknown,SM
BHAGCHEM,BHAGIRADHA CHEM & INDS L,INE414D01027,NSE,Unknown,BE
BHAGERIA,BHAGERIA INDUSTRIES LTD,INE354C01027,NSE,Unknown,BE
BHAGYANGR,BHAGYANAGAR INDIA LIMITED,INE458B01036,NSE,Unknown,BE
BHAGYAPROP,BHAGYANAGAR PRO LTD,INE363W01018,NSE,Unknown,BE
BHANDARI,BHANDARI HOSIERY EXP LTD,INE474E01029,NSE,Unknown,BE
BHARATFORG,BHARAT FORGE LTD,INE465A01025,NSE,Unknown,BE
BHARATGEAR,BHARAT GEARS LTD,INE561C01019,NSE,Unknown,BE
BHARATHOT,BHARAT HOTELS LTD,INE466A01015,NSE,Unknown,BE
BHARATIDIL,BHARATI DEF & INFRA LTD,INE673G01013,NSE,Unknown,BE
BHARATRAS,BHARAT RASAYAN LTD,INE838B01013,NSE,Unknown,BE
BHARATSE,BHARAT SEATS LIMITED,INE415D01024,NSE,Unknown,BE
BHARTIARTL,BHARTI AIRTEL LIMITED,INE397D01024,NSE,Unknown,BE
BHARTIHEXA,BHARTI HEXACOM LIMITED,INE343G01021,NSE,Unknown,BE
BHEL,BHARAT HEAVY ELEC-DEPSET,INE257A01026,NSE,Unknown,BE
BHUPENCAP,BHUPENDRA CAP & FINANCE,INE030601012,NSE,Unknown,EQ
BIGBLOC,BIGBLOC CONSTRUCTION LTD,INE412U01025,NSE,Unknown,BE
BIHARALLOY,UMI SPECIAL STEEL LTD,INE447501011,NSE,Unknown,EQ
BIHARCAUST,BIHARCAUSTIC-ROLL SETT,INE605B01016,NSE,Unknown,BE
BIHARSPONG,BIHAR SPONGE IRON LTD.,INE031301018,NSE,Unknown,EQ
BIKAJI,BIKAJI FOODS INTERN LTD,INE00E101023,NSE,Unknown,BE
BIKEWO,BIKEWO GREEN TECH LIMITED,INE0SQH01013,NSE,Unknown,SM
BIL,BHARTIYA INETRNATIONAL LT,INE828A01016,NSE,Unknown,BE
BILENERGY,BIL ENERGY SYSTEMS LTD,INE607L01029,NSE,Unknown,BE
BILPOWER,BILPOWER LIMITED,INE952D01018,NSE,Unknown,BE
BILVYAPAR,BIL VYAPAR LIMITED,INE071A01013,NSE,Unknown,BE
BIMETBRG,BIMETAL BEARINGS LTD,INE469A01019,NSE,Unknown,BE
BIOCON,BIOCON LIMITED,INE376G01013,NSE,Unknown,BE
BIOFILCHEM,BIOFIL CHEM & PHARMA LTD.,INE829A01014,NSE,Unknown,BE
BIRDYS,GRILL SPLENDOUR SER LTD,INE0PC901019,NSE,Unknown,SM
BIRLACABLE,BIRLA CABLE LIMITED,INE800A01015,NSE,Unknown,BE
BIRLACORPN,BIRLA CORPORATION LTD,INE340A01012,NSE,Unknown,BE
BIRLAMONEY,ADITYA BIRLA MONEY LTD,INE865C01022,NSE,Unknown,BE
BIRLANU,BIRLANU LIMITED,INE557A01011,NSE,Unknown,BE
BIRLAYAMAH,BIRLA YAMAHA LTD,INE224B01016,NSE,Unknown,BE
BKMINDST,BKM INDUSTRIES LIMITED,INE831Q01016,NSE,Unknown,BE
BLACKBUCK,BLACKBUCK LIMITED,INE0UIZ01018,NSE,Unknown,BE
BLAL,BEML LAND ASSETS LIMITED,INE0N7W01012,NSE,Unknown,BE
BLBLIMITED,BLB LIMITED,INE791A01024,NSE,Unknown,BE
BLISSGVS,BLISS GVS PHARMA LTD,INE416D01022,NSE,Unknown,BE
BLKASHYAP,B.L.KASHYAP & SON LTD,INE350H01032,NSE,Unknown,BE
BLS,BLS INTL SERVS LTD,INE153T01027,NSE,Unknown,BE
BLSE,BLS E-SERVICES LIMITED,INE0NLT01010,NSE,Unknown,BE
BLUEBLENDS,BLUE BLENDS (I) LTD,INE113O01014,NSE,Unknown,BE
BLUECHIP,BLUE CHIP INDIA LIMITED,INE657B01025,NSE,Unknown,BE
BLUECOAST,BLUE COAST HOTELS LIMITED,INE472B01011,NSE,Unknown,BE
BLUEDART,BLUE DART EXPRESS LTD.,INE233B01017,NSE,Unknown,BE
BLUEJET,BLUE JET HEALTHCARE LTD,INE0KBH01020,NSE,Unknown,BE
BLUEPEBBLE,BLUE PEBBLE LIMITED,INE0SAK01011,NSE,Unknown,SM
BLUESTARCO,BLUE STAR LIMITED DEPO,INE472A01039,NSE,Unknown,BE
BLUESTONE,BLUESTONE JEWEL LFSTL LTD,INE304W01038,NSE,Unknown,BE
BLUEWATER,BLUE WATER LOGISTICS LTD,INE0X3M01010,NSE,Unknown,SM
BLUSPRING,BLUSPRING ENTERPRISES LTD,INE0U4101014,NSE,Unknown,BE
BMETRICS,BOMBAY METRICS S C LTD,INE0I3Y01014,NSE,Unknown,SM
BMWVENTLTD,BMW VENTURES LIMITED,INE965W01036,NSE,Unknown,BE
BODALCHEM,BODAL CHEMICALS LTD,INE338D01028,NSE,Unknown,BE
BOHRA,BOHRA INDUSTRIES LIMITED,INE802W01015,NSE,Unknown,SM
BOHRAIND,BOHRA INDUSTRIES LIMITED,INE802W01023,NSE,Unknown,BE
BOMDYEING,BOM DYEING - DEPO SETT.,INE032A01023,NSE,Unknown,BE
BORANA,BORANA WEAVES LIMITED,INE16SF01016,NSE,Unknown,BE
BOROGLASS,BOROSIL GLASS WORKS LTD.,INE036101017,NSE,Unknown,EQ
BOROLTD,BOROSIL LIMITED,INE02PY01013,NSE,Unknown,BE
BOROSCI,BOROSIL SCIENTIFIC LTD,INE02L001032,NSE,Unknown,BE
BOSCHLTD,BOSCH LIMITED,INE323A01026,NSE,Unknown,BE
BOSS,BOSS PACKAGING SOLU LTD,INE0QNI01012,NSE,Unknown,SM
BPCL,BPCL - DEPO. SETT,INE029A01011,NSE,Unknown,BE
BPL,BPL LTD,INE110A01019,NSE,Unknown,BE
BRACEPORT,BRACE PORT LOGISTICS LTD,INE0R4Z01018,NSE,Unknown,SM
BRFL,BOMBAY RAYON FASHIONS LTD,INE589G01011,NSE,Unknown,BE
BRIGADE,BRIGADE ENTER. LTD,INE791I01019,NSE,Unknown,BE
BRIGHOTEL,BRIGADE HOTEL VENTURE LTD,INE03NU01014,NSE,Unknown,BE
BRIGHT,BRIGHT SOLAR LIMITED,INE684Z01010,NSE,Unknown,SM
BRIGHTBROS,BRIGHT BROTHERS LTD,INE538901013,NSE,Unknown,EQ
BRITANNIA,BRITANNIA INDUST.DEP SETT,INE216A01030,NSE,Unknown,BE
BRITEAUTO,BRITE AUTOMOTIVE & PLAST,INE037101016,NSE,Unknown,EQ
BRNL,BHARAT ROAD NETWORK LTD,INE727S01012,NSE,Unknown,BE
BROOKS,BROOKS LAB LIMITED,INE650L01011,NSE,Unknown,BE
BSE,BSE LIMITED,INE118H01025,NSE,Unknown,BE
BSE500IETF,ICICIPRAMC - ICICI500,INF109KC1V59,NSE,Unknown,EQ
BSELINFRA,BSEL INFRASTRUCTURE REALT,INE395A01016,NSE,Unknown,BE
BSHSL,BOMBAY SUPER HYBRID SEEDS,INE032Z01012,NSE,Unknown,SM
BSHSL,BOMBAY SUPER HYBRID SEEDS,INE032Z01020,NSE,Unknown,BE
BSI,BSI LTD.,INE446901014,NSE,Unknown,EQ
BSL,BSL LTD,INE594B01012,NSE,Unknown,BE
BSLGOLDETF,ADITYBIRLA SL GOLD ETF-GR,INF209KB18D3,NSE,Unknown,EQ
BSLIMITED,BS LIMITED,INE043K01029,NSE,Unknown,BE
BSLNIFTY,ADITYBIRLA SL NIF ETF-GR,INF209KB19D1,NSE,Unknown,EQ
BSLSENETFG,BIRLASLAMC - BSLSENETFG,INF209KB10E8,NSE,Unknown,EQ
BSOFT,BIRLASOFT LIMITED,INE836A01035,NSE,Unknown,BE
BTML,BODHI TREE MULTIMEDIA LTD,INE0EEJ01023,NSE,Unknown,BE
BTML,BODHI TREE MULTIMEDIA LTD,INE0EEJ01015,NSE,Unknown,SM
BTWIND,BTW INDUSTRIES LTD,INE037601015,NSE,Unknown,EQ
BULKCORP,BULKCORP INTERNATIONAL L,INE0SZ301012,NSE,Unknown,SM
BURNPUR,BURNPUR CEMENT LTD.,INE817H01014,NSE,Unknown,BE
BURRBROWN,BURR BROWN (I) LTD,INE038101015,NSE,Unknown,EQ
BURRWELCOM,BURRWELCOM DEP RS,INE157A01010,NSE,Unknown,BE
BUTTERFLY,BTRFLY GANDHI APPL LTD,INE295F01017,NSE,Unknown,BE
BUWALKASTL,BHUWALKA STEEL INDUS. LTD,INE031001014,NSE,Unknown,EQ
BVCL,BARAK VALLEY CEM. LTD.,INE139I01011,NSE,Unknown,BE
BYKE,THE BYKE HOSPITALITY LTD,INE319B01014,NSE,Unknown,BE
C2C,C2C ADVANCED SYSTEMS LTD,INE0U7V01015,NSE,Unknown,SM
CABOTINDIA,CABOT INDIA LTD,INE144B01016,NSE,Unknown,BE
CADBURY,CADBURY - DEPO. SETT.,INE184A01014,NSE,Unknown,BE
CADSYS,CADSYS (INDIA) LIMITED,INE090Y01013,NSE,Unknown,SM
CALSOFT,CALIFORNIA SOFTWARE CO LT,INE526B01014,NSE,Unknown,BE
CAMLINFINE,CAMLIN FINE SCIENCES LTD,INE052I01032,NSE,Unknown,BE
CAMPALLIED,CAMPHOR AND ALLIED PRODUC,INE039601013,NSE,Unknown,EQ
CAMPUS,CAMPUS ACTIVEWEAR LIMITED,INE278Y01022,NSE,Unknown,BE
CAMS,COMPUTER AGE MNGT SER LTD,INE596I01012,NSE,Unknown,BE
CANARYS,CANARYS AUTOMATIONS LTD,INE0QG301017,NSE,Unknown,SM
CANBK,CANARA BANK,INE476A01022,NSE,Unknown,BE
CANDC,C&C CONST. LTD.,INE874H01015,NSE,Unknown,BE
CANFINHOME,CANFIN HOMES LTD,INE477A01020,NSE,Unknown,BE
CANTABIL,CANTABIL RETAIL LTD,INE068L01024,NSE,Unknown,BE
CAPACITE,CAPACITE INFRAPROJECT LTD,INE264T01014,NSE,Unknown,BE
CAPITALSFB,CAPITAL SMALL FIN BANK L,INE646H01017,NSE,Unknown,BE
CAPLIPOINT,CAPLIN POINT LAB LTD.,INE475E01026,NSE,Unknown,BE
CAPRIHANS,CAPRIHANS INDIA LTD.,INE479A01018,NSE,Unknown,BE
CAPTRUST,CAPITAL TRUST LIMITED,INE707C01018,NSE,Unknown,BE
CARBORUNIV,CARBORUNDUM UNIV LTD.,INE120A01034,NSE,Unknown,BE
CARRARO,CARRARO INDIA LIMITED,INE0V7W01012,NSE,Unknown,BE
CARRIERAIR,CARRIER AIRCON LTD DEPO,INE480A01016,NSE,Unknown,BE
CARTRADE,CARTRADE TECH LIMITED,INE290S01011,NSE,Unknown,BE
CARYSIL,CARYSIL LIMITED,INE482D01024,NSE,Unknown,BE
CASHIETF,ICICIPRAMC - CASHIETF,INF109K1A021,NSE,Unknown,EQ
CASTEXTECH,CASTEX TECHNOLOGIES LTD.,INE068D01021,NSE,Unknown,BE
CASTROLIND,CASTROL INDIA LIMITED,INE172A01027,NSE,Unknown,BE
CBAZAAR,NET AVENUE TECHNOLOGIES L,INE518X01015,NSE,Unknown,SM
CCCL,CONS. CONST. CONSORT LTD,INE429I01024,NSE,Unknown,BE
CCHHL,COUNTRY CLUB HOSP HOL LTD,INE652F01027,NSE,Unknown,BE
CCI,CABLE CORPORATION-DEPO,INE475A01016,NSE,Unknown,BE
CCL,CCL PRODUCTS (I) LTD,INE421D01022,NSE,Unknown,BE
CDSL,CENTRAL DEPO SER (I) LTD,INE736A01011,NSE,Unknown,BE
CEATLTD,CEAT LIMITED,INE482A01020,NSE,Unknown,BE
CEDAAR,CEDAAR TEXTILE LIMITED,INE11J101017,NSE,Unknown,SM
CEENIKEXPO,CEENIK EXPORTS (I) LTD,INE539101013,NSE,Unknown,EQ
CEIGALL,CEIGALL INDIA LIMITED,INE0AG901020,NSE,Unknown,BE
CELEBRITY,CELEBRITY FASHIONS LTD,INE185H01016,NSE,Unknown,BE
CELESTE,CELESTE INTERNATIONAL LTD,INE042801014,NSE,Unknown,EQ
CELESTIAL,CELESTIAL BIOLABS LTD,INE221I01017,NSE,Unknown,BE
CELLECOR,CELLECOR GADGETS LIMITED,INE0OMO01025,NSE,Unknown,SM
CELLO,CELLO WORLD LIMITED,INE0LMW01024,NSE,Unknown,BE
CELLPOINT,CELL POINT (INDIA) LTD,INE0O0001013,NSE,Unknown,SM
CEMPRO,CEMINDIA PROJECTS LIMITED,INE686A01026,NSE,Unknown,BE
CENTAKCHEM,CENTAK CHEMICALS LTD,INE942A01015,NSE,Unknown,BE
CENTENKA,CENTURY ENKA LTD.,INE485A01015,NSE,Unknown,BE
CENTEXT,CENTURY EXTRUSIONS LTD,INE281A01026,NSE,Unknown,BE
CENTRALBK,CENTRAL BANK OF INDIA,INE483A01010,NSE,Unknown,BE
CENTRLROAD,CENTRAL  ROADLINES CORPN,INE043601017,NSE,Unknown,EQ
CENTRUM,CENTRUM CAPITAL LIMITED,INE660C01027,NSE,Unknown,BE
CENTUM,CENTUM ELECTRONICS LTD,INE320B01020,NSE,Unknown,BE
CENTURYPLY,CENTURY PLYBOARDS (I) LTD,INE348B01021,NSE,Unknown,BE
CERA,CERA SANITARYWARE LTD,INE739E01017,NSE,Unknown,BE
CESC,CESC - DEPO,INE486A01021,NSE,Unknown,BE
CEWATER,CONCORD ENVIRO SYSTEMS L,INE037Z01029,NSE,Unknown,BE
CGCL,CAPRI GLOBAL CAPITAL LTD,INE180C01042,NSE,Unknown,BE
CGGLASS,CG GLASS LTD,INE045001018,NSE,Unknown,EQ
CGPOWER,CG POWER AND IND SOL LTD,INE067A01029,NSE,Unknown,BE
CGRAPHICS,CREATIVE GRAPHICS S IND L,INE0R7401011,NSE,Unknown,SM
CHALET,CHALET HOTELS LIMITED,INE427F01016,NSE,Unknown,BE
CHAMBLFERT,CHAMBAL FERT - DEPO SETT.,INE085A01013,NSE,Unknown,BE
CHAMUNDA,CHAMUNDA ELECTRICAL LTD,INE11HG01018,NSE,Unknown,SM
CHANDAN,CHANDAN HEALTHCARE LTD,INE0B2N01016,NSE,Unknown,SM
CHAVDA,CHAVDA INFRA LIMITED,INE0PT101017,NSE,Unknown,SM
CHEMBOND,CHEMBOND MATERIALTECH LTD,INE995D01025,NSE,Unknown,BE
CHEMBONDCH,CHEMBOND CHEMICAL LIMITED,INE0TGX01019,NSE,Unknown,BE
CHEMCON,CHEMCON SPECIAL CHEM LTD,INE03YM01018,NSE,Unknown,BE
CHEMFAB,CHEMFAB ALKALIS LIMITED,INE783X01023,NSE,Unknown,BE
CHEMOXSEC,CHEMOX SECURITIES LTD,INE047001016,NSE,Unknown,EQ
CHEMPLASTS,CHEMPLAST SANMAR LIMITED,INE488A01050,NSE,Unknown,BE
CHENNPETRO,CHENNAI PETRO CORP LTD DE,INE178A01016,NSE,Unknown,BE
CHETANA,CHETANA EDUCATION LIMITED,INE0U1T01012,NSE,Unknown,SM
CHETNADCEM,CHETTINAD CEMENT LTD.,INE132B01011,NSE,Unknown,BE
CHEVIOT,CHEVIOT COMPANY LIMITED,INE974B01016,NSE,Unknown,BE
CHOICEIN,CHOICE INTERNATIONAL LTD,INE102B01014,NSE,Unknown,BE
CHOKAINTL,CHOKHANI INTERNATIONAL LT,INE448401013,NSE,Unknown,EQ
CHOKSITUBE,CHOKSI TUBE CO. LTD,INE048501014,NSE,Unknown,EQ
CHOLAFIN,CHOLAMANDALAM IN & FIN CO,INE121A01024,NSE,Unknown,BE
CHOLAHLDNG,CHOLAMANDALAM FIN HOL LTD,INE149A01033,NSE,Unknown,BE
CHOWGULSTM,CHOWGUL STEAMSHIP DEPO,INE490A01015,NSE,Unknown,BE
CHROMATIC,CHROMATIC INDIA LTD,INE662C01015,NSE,Unknown,BE
CIBASPEC,CIBA SPEC. (I) LTD - DEPO,INE908A01016,NSE,Unknown,BE
CIEINDIA,CIE AUTOMOTIVE INDIA LTD,INE536H01010,NSE,Unknown,BE
CIFL,CAPITAL INDIA FINANCE LTD,INE345H01024,NSE,Unknown,BE
CIGNITITEC,CIGNITI TECHNOLOGIES LTD,INE675C01017,NSE,Unknown,BE
CIMCOBIRLA,CIMMCO BIRLA LTD,INE184C01010,NSE,Unknown,BE
CIMMCO,CIMMCO LIMITED,INE184C01028,NSE,Unknown,BE
CINELINE,CINELINE INDIA LIMITED,INE704H01022,NSE,Unknown,BE
CINEVISTA,CINEVISTA LIMITED,INE039B01026,NSE,Unknown,BE
CIPLA,CIPLA - DEPO SETT,INE059A01026,NSE,Unknown,BE
CITURGIBIO,CITURGIA BIOCHEMICALS LTD,INE795B01015,NSE,Unknown,BE
CKFSL,COX & KINGS FIN SERV LTD,INE391Z01012,NSE,Unknown,BE
CLASSICEIL,CLASSIC ELECTRODE (IND) L,INE0UQ601012,NSE,Unknown,SM
CLEAN,CLEAN SCIENCE & TECH LTD,INE227W01023,NSE,Unknown,BE
CLEDUCATE,CL EDUCATE LIMITED,INE201M01029,NSE,Unknown,BE
CLIFCO,COIMBATORE LAKSHMI INVEST,INE051901010,NSE,Unknown,EQ
CLOUD,VARANIUM CLOUD LIMITED,INE0JOO01021,NSE,Unknown,SM
CLSEL,CHAMAN LAL SETIA EXP LTD,INE419D01026,NSE,Unknown,BE
CLSL,CROP LIFE SCIENCE LIMITED,INE00NH01017,NSE,Unknown,SM
CMICABLES,CMI LIMITED,INE981B01011,NSE,Unknown,BE
CMMIPL,CMM INFRAPROJECTS LIMITED,INE289S01013,NSE,Unknown,SM
CMNL,CHAMAN METALLICS LIMITED,INE06PV01010,NSE,Unknown,SM
CMRSL,CYBER MEDIA RES & SER LTD,INE075Z01011,NSE,Unknown,SM
CMSINFO,CMS INFO SYSTEMS LIMITED,INE925R01014,NSE,Unknown,BE
CNOVAPETRO,CIL NOVA PETROCHEM LTD,INE672K01025,NSE,Unknown,BE
COALINDIA,COAL INDIA LTD,INE522F01014,NSE,Unknown,BE
COASTCORP,COASTAL CORPORATION LTD,INE377E01024,NSE,Unknown,BE
COCHINSHIP,COCHIN SHIPYARD LIMITED,INE704P01025,NSE,Unknown,BE
COFFEEDAY,COFFEE DAY ENTERPRISE LTD,INE335K01011,NSE,Unknown,BE
COFORGE,COFORGE LIMITED,INE591G01025,NSE,Unknown,BE
COHANCE,COHANCE LIFESCIENCES LTD,INE03QK01018,NSE,Unknown,BE
COLPAL,COLGATE PALMOLIVE LTD.,INE259A01022,NSE,Unknown,BE
COMMITTED,COMMITTED CARGO CARE LTD,INE597Z01014,NSE,Unknown,SM
COMMOIETF,ICICIPRAMC - ICICICOMMO,INF109KC19O8,NSE,Unknown,EQ
COMPACDISC,COMPACT DISC LTD,INE052701013,NSE,Unknown,EQ
COMPINFO,COMPUAGE INFOCOM LTD,INE070C01037,NSE,Unknown,BE
COMPUSOFT,COMPUCOM SOFTWARE LTD,INE453B01029,NSE,Unknown,BE
COMSYN,COMMERCIAL SYN BAGS LTD,INE073V01015,NSE,Unknown,BE
CONCOR,CONCOR - DEP RS,INE111A01025,NSE,Unknown,BE
CONCORDBIO,CONCORD BIOTECH LIMITED,INE338H01029,NSE,Unknown,BE
CONFIPET,CONFIDENCE PETRO IND LTD.,INE552D01024,NSE,Unknown,BE
CONNPLEX,CONNPLEX CINEMAS LIMITED,INE0EAS01014,NSE,Unknown,SM
CONS,KOTAKMAMC - KOTAKCONS,INF174KA1JE5,NSE,Unknown,EQ
CONSOFINVT,CONSO. FIN. & HOLD. LTD.,INE025A01027,NSE,Unknown,BE
CONSUMBEES,NIP IND ETF CONSUMPTION,INF204KA1LD7,NSE,Unknown,EQ
CONSUMER,MIRAEAMC - CONSUMER,INF769K01NS5,NSE,Unknown,EQ
CONSUMIETF,ICICIPRAMC - ICICICONSU,INF109KC1V42,NSE,Unknown,EQ
CONTI,CONTINENTAL SEED CHEM LTD,INE340Z01019,NSE,Unknown,SM
CONTNLCONS,CONTINENTALCONST-ROLLSETT,INE970B01014,NSE,Unknown,BE
CONTROLPR,CONTROL PRINT LIMITED,INE663B01015,NSE,Unknown,BE
COOLCAPS,COOL CAPS INDUSTRIES LTD,INE0HS001028,NSE,Unknown,SM
CORALFINAC,CORAL INDIA FIN & HOUS LT,INE558D01021,NSE,Unknown,BE
CORDSCABLE,CORDS CABLE INDUS LTD.,INE792I01017,NSE,Unknown,BE
COROMANDEL,COROMANDEL INTERNTL. LTD,INE169A01031,NSE,Unknown,BE
COSMOFIRST,COSMO FIRST LIMITED,INE757A01017,NSE,Unknown,BE
COUNCODOS,COUNTRY CONDO S LIMITED,INE695B01025,NSE,Unknown,BE
COXKINGS,COX & KINGS LIMITED,INE008I01026,NSE,Unknown,BE
CPCAP,CP CAPITAL LIMITED,INE521J01018,NSE,Unknown,BE
CPEDU,CAREER POINT EDUTECH LTD,INE0P6P01016,NSE,Unknown,BE
CPS,C P S SHAPERS LIMITED,INE0QBU01012,NSE,Unknown,SM
CPSEETF,CPSE ETF,INF457M01133,NSE,Unknown,EQ
CRAFTSMAN,CRAFTSMAN AUTOMATION LTD,INE00LO01017,NSE,Unknown,BE
CRAYONS,CRAYONS ADVERTISING LTD,INE0OFK01019,NSE,Unknown,SM
CRISIL,CRISIL LTD,INE007A01025,NSE,Unknown,BE
CRIZAC,CRIZAC LIMITED,INE0S4R01014,NSE,Unknown,BE
CROMPTON,CROMPT GREA CON ELEC LTD,INE299U01018,NSE,Unknown,BE
CROWN,CROWN LIFTERS LIMITED,INE491V01019,NSE,Unknown,BE
CSBBANK,CSB BANK LIMITED,INE679A01013,NSE,Unknown,BE
CSLFINANCE,CSL FINANCE LIMITED,INE718F01018,NSE,Unknown,BE
CTCOTTON,CT COTTON YARN LTD,INE038601014,NSE,Unknown,EQ
CTE,CAMBRIDGE TECH ENTER LTD,INE627H01017,NSE,Unknown,BE
CUB,CITY UNION BANK LTD,INE491A01021,NSE,Unknown,BE
CUBEXTUB,CUBEXTUBINGS-ROLLSETT,INE144D01012,NSE,Unknown,BE
CUDML,CASH UR DRIVE MARKETING L,INE0WL201014,NSE,Unknown,SM
CUMMINSIND,CUMMINS INDIA LTD,INE298A01020,NSE,Unknown,BE
CUPID,CUPID LIMITED,INE509F01029,NSE,Unknown,BE
CURAA,CURA TECHNOLOGIES LIMITED,INE117B01020,NSE,Unknown,BE
CURATECH,CURA TECHNOLOGIES LTD,INE117B01012,NSE,Unknown,BE
CYBERMEDIA,CYBER MEDIA (INDIA) LTD.,INE278G01037,NSE,Unknown,BE
CYBERTECH,CYBERTECH SYSTEMS & SOFTW,INE214A01019,NSE,Unknown,BE
CYIENT,CYIENT LIMITED,INE136B01020,NSE,Unknown,BE
CYIENTDLM,CYIENT DLM LIMITED,INE055S01018,NSE,Unknown,BE
DABUR,DABUR - DEPO. SETT.,INE016A01026,NSE,Unknown,BE
DAGERFORST,DAGGER-FORST TOOLS LTD,INE542201012,NSE,Unknown,EQ
DAICHIKARK,DAI ICHI KARKARIA LTD,INE059401013,NSE,Unknown,EQ
DALBHARAT,DALMIA BHARAT LIMITED,INE00R701025,NSE,Unknown,BE
DALMIASUG,DALMIA BHARAT SUG IN LTD,INE495A01022,NSE,Unknown,BE
DAMANIAAIR,SKYLINE NEPC LTD.,INE059701016,NSE,Unknown,EQ
DAMCAPITAL,DAM CAPITAL ADVISORS LTD,INE284H01025,NSE,Unknown,BE
DAMODARIND,DAMODAR INDUSTRIES LTD,INE497D01022,NSE,Unknown,BE
DANGEE,DANGEE DUMS LIMITED,INE688Y01014,NSE,Unknown,SM
DANGEE,DANGEE DUMS LIMITED,INE688Y01022,NSE,Unknown,BE
DANISH,DANISH POWER LIMITED,INE0YU901016,NSE,Unknown,SM
DATAMATICS,DATAMATICS GLOBAL SER LTD,INE365B01017,NSE,Unknown,BE
DATAPATTNS,DATA PATTERNS INDIA LTD,INE0IX101010,NSE,Unknown,BE
DATAPROINF,DATAPROINFO - ROLL SETT,INE873A01012,NSE,Unknown,BE
DATAPROINF,DATAPRO INFORMATION TECHN,INE060301012,NSE,Unknown,EQ
DATARSWICH,DATAR SWITCHGEAR LTD,INE060401010,NSE,Unknown,BE
DAURALAORG,DAURALA ORAN LTD,INE060701013,NSE,Unknown,BE
DBCORP,D.B.CORP LTD,INE950I01011,NSE,Unknown,BE
DBEIL,DEEPAK BUILDERS & ENG I L,INE0OPA01019,NSE,Unknown,BE
DBL,DILIP BUILDCON LIMITED,INE917M01012,NSE,Unknown,BE
DBOL,DHAMPUR BIO ORGANICS LTD,INE0I3401014,NSE,Unknown,BE
DBSTOCKBRO,DB (INT) STOCK BROKERS,INE921B01025,NSE,Unknown,BE
DCAL,DISHMAN CARBO AMCIS LTD,INE385W01011,NSE,Unknown,BE
DCBBANK,DCB BANK LIMITED,INE503A01015,NSE,Unknown,BE
DCCL,DAR CREDIT & CAPITAL LTD,INE04Q901010,NSE,Unknown,SM
DCG,DCG CABLES & WIRES LTD,INE0S8401018,NSE,Unknown,SM
DCI,DC INFOTECH AND COMUN LTD,INE0A1101019,NSE,Unknown,BE
DCM,DCM LIMITED,INE498A01018,NSE,Unknown,BE
DCMDAEWOO,DCM DAEWOO MOTORS LTD.,INE497A01010,NSE,Unknown,BE
DCMFINSERV,DCM FINANCIAL SERVICES LT,INE891B01012,NSE,Unknown,BE
DCMNVL,DCM NOUVELLE LIMITED,INE08KP01019,NSE,Unknown,BE
DCMSHRIRAM,DCM SHRIRAM LIMITED,INE499A01024,NSE,Unknown,BE
DCMSRIND,DCM SHRIRAM IND LTD,INE843D01027,NSE,Unknown,BE
DCMSRMIND,DCM SHRIRAM IND LTD,INE061501016,NSE,Unknown,BE
DCW,DCW LTD,INE500A01029,NSE,Unknown,BE
DCXINDIA,DCX SYSTEMS LIMITED,INE0KL801015,NSE,Unknown,BE
DDEVPLSTIK,DDEV PLASTIKS IND LTD,INE0HR601026,NSE,Unknown,BE
DECANGRAN,DECCAN GRANITES LTD,INE061701012,NSE,Unknown,EQ
DECCANCE,DECCAN CEMENTS LIMITED,INE583C01021,NSE,Unknown,BE
DECCANTRAN,DECCAN TRANSCON LEASING L,INE0S7C01019,NSE,Unknown,SM
DEEDEV,DEE DEVELOPMENT ENG LTD,INE841L01016,NSE,Unknown,BE
DEEM,DEEM ROLL TECH LIMITED,INE586O01011,NSE,Unknown,SM
DEEPAKFERT,DEEPAK FERTILIZERS DEPO,INE501A01019,NSE,Unknown,BE
DEEPAKNITR,DEEPAK NITRITE LTD.,INE288B01011,NSE,Unknown,BE
DEEPAKNTR,DEEPAK NITRITE LTD,INE288B01029,NSE,Unknown,BE
DEEPAKSPIN,DEEPAK SPINNERS LTD,INE062401018,NSE,Unknown,EQ
DEEPENR,DEEP ENE RESOURCES LTD,INE677H01012,NSE,Unknown,BE
DEEPHARMA,DEE-PHARMA LTD,INE062501015,NSE,Unknown,EQ
DEEPINDS,DEEP INDUSTRIES LIMITED,INE0FHS01024,NSE,Unknown,BE
DELAPLEX,DELAPLEX LIMITED,INE0SK801018,NSE,Unknown,SM
DELHIVERY,DELHIVERY LIMITED,INE148O01028,NSE,Unknown,BE
DELPHIFX,DELPHI WORLD MONEY LTD,INE726L01019,NSE,Unknown,BE
DELTACORP,DELTA CORP LIMITED,INE124G01033,NSE,Unknown,BE
DELTAMAGNT,DELTA MANUFACTURING LTD,INE393A01011,NSE,Unknown,BE
DELTIC,DELTA AUTOCORP LIMITED,INE0XRN01019,NSE,Unknown,SM
DEN,DEN NETWORKS LTD,INE947J01015,NSE,Unknown,BE
DENEERS,DE NEERS TOOLS LIMITED,INE0JWV01011,NSE,Unknown,SM
DENMURFAX,DENMUR FAX ROLL LTD,INE063301019,NSE,Unknown,EQ
DENORA,DE NORA INDIA LIMITED,INE244A01016,NSE,Unknown,BE
DENTA,DENTA WATER N INFRA SOL L,INE0R4L01018,NSE,Unknown,BE
DENTALKART,VASA DENTICITY LIMITED,INE0N5801013,NSE,Unknown,SM
DESTINY,DESTINY LOGISTICS & I LTD,INE0IGO01011,NSE,Unknown,SM
DEVIT,DEV INFO TECHNOLOGY LTD,INE060X01034,NSE,Unknown,BE
DEVIT,DEV INFO TECHNOLOGY LTD,INE060X01018,NSE,Unknown,SM
DEVX,DEV ACCELERATOR LIMITED,INE0VOV01021,NSE,Unknown,BE
DEVYANI,DEVYANI INTERNATIONAL LTD,INE872J01023,NSE,Unknown,BE
DEWANRUB,DEWAN RUBBER LTD,INE064201010,NSE,Unknown,EQ
DEWANSTEEL,DEWAN STEELS LTD,INE064301018,NSE,Unknown,EQ
DFMFOODS,DFM FOODS LIMITED,INE456C01020,NSE,Unknown,BE
DGCONTENT,DIGICONTENT LIMITED,INE03JI01017,NSE,Unknown,BE
DHAMPURSUG,DHAMPUR SUGAR MILLS LTD.,INE041A01016,NSE,Unknown,BE
DHANBANK,DHANLAXMI BANK LIMITED,INE680A01011,NSE,Unknown,BE
DHANI,DHANI SERVICES LIMITED,INE274G01010,NSE,Unknown,BE
DHANLAXMI,DHANLAXMI CROP SCIENCE L,INE0V9V01010,NSE,Unknown,SM
DHANUKA,DHANUKA AGRITECH LTD,INE435G01025,NSE,Unknown,BE
DHARAMORAR,DHARAMSI MORARJI DEPO,INE505A01010,NSE,Unknown,BE
DHARAN,DHARAN INFRA-EPC LIMITED,INE278R01034,NSE,Unknown,BE
DHARIWAL,DHARIWALCORP LIMITED,INE0YRN01017,NSE,Unknown,SM
DHARMAJ,DHARMAJ CROP GUARD LTD,INE00OQ01016,NSE,Unknown,BE
DHARNENIND,DHARNENDRA INDUSTRIES LTD,INE449301014,NSE,Unknown,EQ
DHARSUGAR,DHARANISUGARS &CHEMICALS,INE988C01014,NSE,Unknown,BE
DHFL,DEWAN HOUSING FIN CORP LT,INE202B01012,NSE,Unknown,BE
DHRUV,DHRUV CONSULTANCY SER LTD,INE506Z01015,NSE,Unknown,BE
DHTL,DOCMODE HEALTH TECH LTD,INE0OGG01015,NSE,Unknown,SM
DHUNINV,DHUNSERI INVESTMENTS LTD,INE320L01011,NSE,Unknown,BE
DIACABS,DIAMOND POWER INFRA LTD,INE989C01038,NSE,Unknown,BE
DIAMINESQ,DIAMINES & CHEMICALS LTD,INE591D01014,NSE,Unknown,BE
DIAMONDYD,PRATAAP SNACKS LIMITED,INE393P01035,NSE,Unknown,BE
DIAPOWER,DIAMOND POWER INFRA LTD,INE989C01012,NSE,Unknown,BE
DICIND,DIC INDIA LIMITED,INE303A01010,NSE,Unknown,BE
DIFFNKG,DIFFUSION ENGINEERS LTD,INE184O01015,NSE,Unknown,BE
DIGIDRIVE,DIGIDRIVE DISTRIBUTORS L,INE0PSC01024,NSE,Unknown,BE
DIGISPICE,DIGISPICE TECHNOLOGIES LT,INE927C01020,NSE,Unknown,BE
DIGITIDE,DIGITIDE SOLUTIONS LTD,INE0U4701011,NSE,Unknown,BE
DIGJAMLMTD,DIGJAM LTD,INE731U01028,NSE,Unknown,BE
DIGJAMLTD,DIGJAM LIMITED,INE731U01010,NSE,Unknown,BE
DIL,DEBOCK INDUSTRIES LIMITED,INE411Y01011,NSE,Unknown,BE
DISHTV,DISH TV INDIA LTD.,INE836F01026,NSE,Unknown,BE
DIVGIITTS,DIVGI TORQTRANSFER SYST L,INE753U01022,NSE,Unknown,BE
DIVINEHIRA,DIVINE HIRA JEWELLERS LTD,INE0NA501011,NSE,Unknown,SM
DIVISLAB,DIVI S LABORATORIES LTD,INE361B01024,NSE,Unknown,BE
DIVYADHAN,DIVYADHAN RECYCLING IND L,INE0QYI01019,NSE,Unknown,SM
DIXON,DIXON TECHNO (INDIA) LTD,INE935N01020,NSE,Unknown,BE
DJML,DJ MEDIAPRINT & LOG LTD,INE0B1K01014,NSE,Unknown,BE
DKEGL,D K ENTERPRISES GLOBAL L,INE0GN101014,NSE,Unknown,SM
DLF,DLF LIMITED,INE271C01023,NSE,Unknown,BE
DLINKINDIA,D-LINK INDIA LTD,INE250K01012,NSE,Unknown,BE
DMART,AVENUE SUPERMARTS LIMITED,INE192R01011,NSE,Unknown,BE
DNAMEDIA,DILIGENT MEDIA CORP LTD.,INE016M01021,NSE,Unknown,BE
DODLA,DODLA DAIRY LIMITED,INE021O01019,NSE,Unknown,BE
DOLATALGO,DOLAT ALGOTECH LIMITED,INE966A01022,NSE,Unknown,BE
DOLLAR,DOLLAR INDUSTRIES LIMITED,INE325C01035,NSE,Unknown,BE
DOLLEX,DOLLEX AGROTECH LIMITED,INE0JHH01011,NSE,Unknown,SM
DOLPHIN,DOLPHIN OFF ENT (IND) L,INE920A01037,NSE,Unknown,BE
DOLPHINOFF,DOLPHIN OFF. ENT IND LTD.,INE920A01011,NSE,Unknown,BE
DOMS,DOMS INDUSTRIES LIMITED,INE321T01012,NSE,Unknown,BE
DONEAR,DONEAR IND. LIMITED,INE668D01028,NSE,Unknown,BE
DPABHUSHAN,D. P. ABHUSHAN LIMITED,INE266Y01019,NSE,Unknown,BE
DPEL,DIVINE POWER ENERGY LTD,INE0SCO01019,NSE,Unknown,SM
DPSCLTD,DPSC LIMITED,INE360C01024,NSE,Unknown,BE
DQE,DQ ENTERTAINMENT INT LTD,INE656K01010,NSE,Unknown,BE
DRBECK,DR BECK & CO (I) LTD.,INE280B01018,NSE,Unknown,BE
DRCSYSTEMS,DRC SYSTEMS INDIA LIMITED,INE03RS01027,NSE,Unknown,BE
DRL,DHANUKA REALTY LIMITED,INE704V01015,NSE,Unknown,SM
DRONE,DRONE DESTINATION LIMITED,INE0P7201019,NSE,Unknown,SM
DRSCARGO,DRS CARGO MOVERS LIMITED,INE0QZM01018,NSE,Unknown,SM
DRSDILIP,DRS DILIP ROADLINES LTD.,INE02CV01017,NSE,Unknown,SM
DSKULKARNI,DS KULKARNI DEVELOPERS LT,INE891A01014,NSE,Unknown,BE
DSSL,DYNACONS SYS & SOLN LTD,INE417B01040,NSE,Unknown,BE
DTIL,DHUNSERI TEA & IND. LTD.,INE341R01014,NSE,Unknown,BE
DTL,DIENSTEN TECH LIMITED,INE0JRD01019,NSE,Unknown,SM
DUCOL,DUCOL ORGS AND COLOURS LT,INE0LZO01015,NSE,Unknown,SM
DUCON,DUCON INFRATECHNOLOGIES L,INE741L01018,NSE,Unknown,BE
DUGLOBAL,DUDIGITAL GLOBAL LIMITED,INE0HPK01020,NSE,Unknown,SM
DUNCANSIND,DUNCANS INDUSTRIES LTD.,INE508A01014,NSE,Unknown,BE
DUNLOP,DUNLOP (I) LTD,INE070201012,NSE,Unknown,EQ
DURLAX,DURLAX TOP SURFACE LTD,INE0OUW01013,NSE,Unknown,SM
DVL,DHUNSERI VENTURES LIMITED,INE477B01010,NSE,Unknown,BE
DWARKESH,DWARIKESH SUGAR IND LTD,INE366A01041,NSE,Unknown,BE
DYCL,DYNAMIC CABLES LIMITED,INE600Y01019,NSE,Unknown,BE
DYNAMATECH,DYNAMATIC TECHNOLOGIES,INE221B01012,NSE,Unknown,BE
DYNAMIC,DYNAMIC SRVCS & SEC LTD,INE0DZ701010,NSE,Unknown,SM
DYNAPHARMA,DYNACHEM PHARMA (EXPORTS),INE070801019,NSE,Unknown,EQ
DYNPRO,DYNEMIC PRODUCTS LIMITED,INE256H01015,NSE,Unknown,BE
E2E,E2E NETWORKS LIMITED,INE255Z01019,NSE,Unknown,BE
EARNHEALTH,EARNEST HEALTHCARE LTD,INE071901016,NSE,Unknown,EQ
EASEMYTRIP,EASY TRIP PLANNERS LTD,INE07O001026,NSE,Unknown,BE
EASTMINING,EASTERN MINING & ALL. LTD,INE072701019,NSE,Unknown,EQ
EASTOVERSE,EASTERN OVERSEAS LTD,INE072801017,NSE,Unknown,EQ
EASTSILK,EASTERN SILK INDUSTRIES L,INE962C01035,NSE,Unknown,BE
EBANK,EDELWEISS ETF-NIFTY BANK,INF754K01EL1,NSE,Unknown,EQ
EBANKNIFTY,EDELAMC - EBANKNIFTY,INF754K01TE4,NSE,Unknown,EQ
EBBETF0423,EDELAMC - EBBETF0423,INF754K01KN4,NSE,Unknown,EQ
EBBETF0425,EDELAMC - EBBETF0425,INF754K01LD3,NSE,Unknown,EQ
EBBETF0430,EDELAMC - EBBETF0430,INF754K01KO2,NSE,Unknown,EQ
EBBETF0431,EDELAMC - EBBETF0431,INF754K01LE1,NSE,Unknown,EQ
EBBETF0433,EDELAMC - EBBETF0433,INF754K01QX0,NSE,Unknown,EQ
EBGNG,GNG ELECTRONICS LIMITED,INE18JU01028,NSE,Unknown,BE
ECLERX,ECLERX SERVICES LTD,INE738I01010,NSE,Unknown,BE
ECOLINE,ECOLINE EXIM LIMITED,INE0VBS01016,NSE,Unknown,SM
ECOSMOBLTY,ECOS (INDIA) MOB & HOSP L,INE06HJ01020,NSE,Unknown,BE
EDELWEISS,EDELWEISS FIN SERV LTD,INE532F01054,NSE,Unknown,BE
EDL,EMPEE DISTI. LTD.,INE180G01019,NSE,Unknown,BE
EDUCOMP,EDUCOMP SOLUTIONS LTD,INE216H01027,NSE,Unknown,BE
EEPL,EPPELTONE ENGINEERS LTD,INE11HF01010,NSE,Unknown,SM
EFACTOR,E FACTOR EXPERIENCES LTD,INE0KFF01017,NSE,Unknown,SM
EFCIL,EFC (I) LIMITED,INE886D01026,NSE,Unknown,BE
EFFWA,EFFWA INFRA & RESEARCH L,INE0U9101019,NSE,Unknown,SM
EFORCE,ELECTRO FORCE (INDIA) LTD,INE0Q1W01012,NSE,Unknown,SM
EGOLD,EDELAMC - EGOLD,INF754K01SE6,NSE,Unknown,EQ
EICHERMOT,EICHER MOTOR LTD.,INE066A01021,NSE,Unknown,BE
EIDPARRY,EID PARRY - DEP RS,INE126A01031,NSE,Unknown,BE
EIEL,ENVIRO INFRA ENGINEERS L,INE0LLY01014,NSE,Unknown,BE
EIFFL,EURO (I) FRESH FOODS LTD,INE546V01010,NSE,Unknown,BE
EIHAHOTELS,EIH ASSOCIATED HOTELS LTD,INE276C01014,NSE,Unknown,BE
EIHOTEL,EIH LIMITED DEP RS,INE230A01023,NSE,Unknown,BE
EIMCOELECO,EIMCO ELECON (INDIA) LTD,INE158B01016,NSE,Unknown,BE
EKC,EVEREST KANTO CYLINDERLTD,INE184H01027,NSE,Unknown,BE
ELBEE,ELBEE SERVICES-ROLL SETT,INE030B01017,NSE,Unknown,BE
ELDEHSG,ELDECO HSG & IND LTD.,INE668G01021,NSE,Unknown,BE
ELECON,ELECON ENG. CO. LTD,INE205B01031,NSE,Unknown,BE
ELECONENGG,ELECON ENGG CO. LTD,INE205B01015,NSE,Unknown,BE
ELECTCAST,ELECTR CASTINGS DEPO SETT,INE086A01029,NSE,Unknown,BE
ELECTHERM,ELECTROTHERM (I) LTD.,INE822G01016,NSE,Unknown,BE
ELECTRA,ELECTRA (I) LTD,INE075101019,NSE,Unknown,EQ
ELECTRX,ELECTREX (I) LTD,INE075301015,NSE,Unknown,EQ
ELGIEQUIP,ELGI EQUIPMENTS LTD,INE285A01027,NSE,Unknown,BE
ELGIRUBCO,ELGI RUBBER CO. LTD,INE819L01012,NSE,Unknown,BE
ELGNZ,ELEGANZ INTERIORS LIMITED,INE0R9101015,NSE,Unknown,SM
ELIN,ELIN ELECTRONICS LIMITED,INE050401020,NSE,Unknown,BE
ELLEN,ELLENBARRIE INDUS GASES L,INE236E01022,NSE,Unknown,BE
ELM250,EDELAMC - ELM250,INF754K01VV4,NSE,Unknown,EQ
ELNET,ELNET TECH. LTD,INE033C01019,NSE,Unknown,BE
ELPROINTL,ELPRO INTERNATIONAL LTD,INE579B01013,NSE,Unknown,BE
EMAMILTD,EMAMI LIMITED,INE548C01032,NSE,Unknown,BE
EMAMIPAP,EMAMI PAPER MILLS LIMITED,INE830C01026,NSE,Unknown,BE
EMAPARTNER,EMA PARTNERS INDIA LTD,INE0ZOL01023,NSE,Unknown,SM
EMBDL,EMBASSY DEVELOPMENTS LTD,INE069I01010,NSE,Unknown,BE
EMCO,EMCO LIMITED,INE078A01026,NSE,Unknown,BE
EMCOTRANS,EMCO LTD.,INE078A01018,NSE,Unknown,BE
EMIL,ELECTRONICS MART IND LTD,INE02YR01019,NSE,Unknown,BE
EMKAY,EMKAY GLOBAL FIN SERV LTD,INE296H01011,NSE,Unknown,BE
EMKAYTOOLS,EMKAY TAP & CUT. TOOL LTD,INE332S01011,NSE,Unknown,SM
EMMBI,EMMBI INDUSTRIES LIMITED,INE753K01015,NSE,Unknown,BE
EMMIL,ENERGY MISSION MACH IND L,INE0S1L01013,NSE,Unknown,SM
EMPEESUG,EMPEE SUGAR AND CHEM LTD,INE928B01012,NSE,Unknown,BE
EMPEESUGAR,EMPEE SUGARS AND CHEMICAL,INE077601016,NSE,Unknown,EQ
EMSLIMITED,EMS LIMITED,INE0OV601013,NSE,Unknown,BE
EMUDHRA,EMUDHRA LIMITED,INE01QM01018,NSE,Unknown,BE
EMULTIMQ,EDELAMC - EMULTIMQ,INF754K01TF1,NSE,Unknown,EQ
ENARAIFIN,ENARAI FINANCE LTD,INE078001018,NSE,Unknown,EQ
ENDURANCE,ENDURANCE TECHNO. LTD.,INE913H01037,NSE,Unknown,BE
ENERGYDEV,ENERGY DEVE. CO.LTD,INE306C01019,NSE,Unknown,BE
ENFUSE,ENFUSE SOLUTIONS LIMITED,INE0S3X01014,NSE,Unknown,SM
ENGINERSIN,ENGINEERS INDIA - DEPO,INE510A01028,NSE,Unknown,BE
ENIL,ENTERTAIN NET. IND. LTD.,INE265F01028,NSE,Unknown,BE
ENRIN,SIEMENS ENERGY INDIA LTD,INE1NPP01017,NSE,Unknown,BE
ENSER,ENSER COMMUNICATIONS LTD,INE0R9I01021,NSE,Unknown,SM
ENTERO,ENTERO HEALTHCARE SOLU L,INE010601016,NSE,Unknown,BE
ENVIRO,ENVIROTECH SYSTEMS LTD,INE0SUH01015,NSE,Unknown,SM
EON,EON ELECTRIC LIMITED,INE076H01025,NSE,Unknown,BE
EPACK,EPACK DURABLE LIMITED,INE0G5901015,NSE,Unknown,BE
EPACKPEB,EPACK PREFAB TECHN LTD,INE0MLS01022,NSE,Unknown,BE
EPIGRAL,EPIGRAL LIMITED,INE071N01016,NSE,Unknown,BE
EPL,EPL LIMITED,INE255A01020,NSE,Unknown,BE
EQ30,EDEL ETF NIFTY 100 QUAL30,INF754K01EM9,NSE,Unknown,EQ
EQUAL200,MIRAEAMC - EQUAL200,INF769K01OA1,NSE,Unknown,EQ
EQUAL50,MIRAEAMC - EQUAL50,INF769K01OO2,NSE,Unknown,EQ
EQUAL50ADD,DSPAMC - DSPNEWETF,INF740KA1QK2,NSE,Unknown,EQ
EQUITAS,EQUITAS HOLDINGS LIMITED,INE988K01017,NSE,Unknown,BE
EQUITASBNK,EQUITAS SMALL FIN BNK LTD,INE063P01018,NSE,Unknown,BE
ERIS,ERIS LIFESCIENCES LIMITED,INE406M01024,NSE,Unknown,BE
EROSMEDIA,EROS INTL MEDIA LTD,INE416L01017,NSE,Unknown,BE
ESABINDIA,ESAB INDIA LTD,INE284A01012,NSE,Unknown,BE
ESAFSFB,ESAF SMALL FINANCE BANK L,INE818W01011,NSE,Unknown,BE
ESCONET,ESCONET TECHNOLOGIES LTD,INE0RQZ01017,NSE,Unknown,SM
ESCORTS,ESCORTS KUBOTA LIMITED,INE042A01014,NSE,Unknown,BE
ESCORTSFIN,ESCORTS FINANCE LTD,INE359A01012,NSE,Unknown,BE
ESFL,ESSEN SPECIALITY FILMS L,INE0ITO01014,NSE,Unknown,SM
ESG,MIRAEAMC - MAESGETF,INF769K01GS9,NSE,Unknown,EQ
ESILVER,EDELAMC - ESILVER,INF754K01SF3,NSE,Unknown,EQ
ESL,ELECTROSTEEL STEELS LTD,INE481K01013,NSE,Unknown,BE
ESPRIT,ESPRIT STONES LIMITED,INE0SBP01018,NSE,Unknown,SM
ESSARPORTS,ESSAR PORTS LIMITED,INE282A01024,NSE,Unknown,BE
ESSARSHPNG,ESSAR SHIPPING LTD,INE122M01019,NSE,Unknown,BE
ESSDEE,ESS DEE ALUM LTD,INE825H01017,NSE,Unknown,BE
ESSENTIA,INTEGRA ESSENTIA LIMITED,INE418N01035,NSE,Unknown,BE
ESTCSTSTEL,EAST COAST STEEL LTD,INE072001014,NSE,Unknown,EQ
ESTER,ESTER INDUSTRIES LTD,INE778B01029,NSE,Unknown,BE
ESTERIND,ESTERINDUS-ROLL SETT,INE778B01011,NSE,Unknown,BE
ESTERIND,ESTER INDUSTRIES LTD,INE080101012,NSE,Unknown,EQ
ESTWSTRAV,EAST WEST TRAVEL & TRADE,INE072401016,NSE,Unknown,EQ
ETERNAL,ETERNAL LIMITED,INE758T01015,NSE,Unknown,BE
ETHOSLTD,ETHOS LIMITED,INE04TZ01018,NSE,Unknown,BE
ETL,EMKAY TOOLS LIMITED,INE0PXC01024,NSE,Unknown,SM
ETML,EMERALD TYRE MANUF LTD,INE0RHD01013,NSE,Unknown,SM
EUPHARMLAB,EUPHARMA LAB LTD,INE909A01014,NSE,Unknown,BE
EUROBOND,EURO PANEL PRODUCTS LTD,INE505V01016,NSE,Unknown,BE
EUROCERA,EURO CERAMICS LTD,INE649H01011,NSE,Unknown,BE
EUROMULTI,EURO MULTIVISION LTD,INE063J01011,NSE,Unknown,BE
EUROPRATIK,EURO PRATIK SALES LIMITED,INE198501012,NSE,Unknown,BE
EUROTEXIND,EUROTEX IND & EXPORTS LTD,INE022C01012,NSE,Unknown,BE
EVIETF,ICICIPRAMC - EVIETF,INF109K1A153,NSE,Unknown,EQ
EVINDIA,MIRAEAMC - EVINDIA,INF769K01LQ3,NSE,Unknown,EQ
EXCEL,EXCEL REALTY N INFRA LTD,INE688J01023,NSE,Unknown,BE
EXCELINDUS,EXCEL INDUSTRIES LTD,INE369A01029,NSE,Unknown,BE
EXCELLENT,EXCELLENT WIRES N PACK L,INE0Y4801011,NSE,Unknown,SM
EXICOM,EXICOM TELE SYSTEMS LTD,INE777F01014,NSE,Unknown,BE
EXIDEIND,EXIDE IND LTD-DEP SETT,INE302A01020,NSE,Unknown,BE
EXPLEOSOL,EXPLEO SOLUTIONS LIMITED,INE201K01015,NSE,Unknown,BE
EXXARO,EXXARO TILES LIMITED,INE0GFE01026,NSE,Unknown,BE
FACT,FERT & CHEM TRAVANCORE,INE188A01015,NSE,Unknown,BE
FAIRCHEMOR,FAIRCHEM ORGANICS LIMITED,INE0DNW01011,NSE,Unknown,BE
FALCONTECH,FALCON TECHNOPROJ IND LTD,INE0PQK01013,NSE,Unknown,SM
FASTCAP,FAST CAPITAL GROWTH LTD,INE547101019,NSE,Unknown,EQ
FAZE3Q,FAZE THREE LIMITED,INE963C01033,NSE,Unknown,BE
FCL,FINEOTEX CHEMICAL LIMITED,INE045J01026,NSE,Unknown,BE
FCONSUMER,FUTURE CONSUMER LIMITED,INE220J01025,NSE,Unknown,BE
FCSSOFT,FCS SOFTWARE SOLN. LTD.,INE512B01022,NSE,Unknown,BE
FDC,FDC LIMITED,INE258B01022,NSE,Unknown,BE
FEDERALBNK,FEDERAL BANK LTD-DEP SET,INE171A01029,NSE,Unknown,BE
FEDFINA,FEDBANK FINANCIAL SER L,INE007N01010,NSE,Unknown,BE
FEL,FUTURE ENTERPRISES LTD,INE623B01027,NSE,Unknown,BE
FELDVR,FUTURE ENTERPRISES LTD,IN9623B01058,NSE,Unknown,BE
FELIX,FELIX INDUSTRIES LTD.,INE901X01013,NSE,Unknown,SM
FEMNORMIN,FEMNOR MINERAL (I) LTD,INE082201018,NSE,Unknown,EQ
FERROALLOY,FERRO ALLOYS CORPORATION,INE082401014,NSE,Unknown,EQ
FGPIND,FGP LTD,INE456101018,NSE,Unknown,EQ
FIBERWEB,FIBERWEB INDIA LIMITED,INE296C01020,NSE,Unknown,BE
FICOMORGAN,FICOM ORGANICS LTD,INE082701017,NSE,Unknown,EQ
FIDEL,FIDEL SOFTECH LIMITED,INE0LQQ01019,NSE,Unknown,SM
FIEMIND,FIEM INDUSTRIES LIMITED,INE737H01014,NSE,Unknown,BE
FILATEX,FILATEX INDIA LTD,INE816B01035,NSE,Unknown,BE
FILATFASH,FILATEX FASHIONS LIMITED,INE185E01021,NSE,Unknown,BE
FINCABLES,FINOLEX CABLES LTD-DEP SE,INE235A01022,NSE,Unknown,BE
FINEORG,FINE ORGANIC IND. LTD.,INE686Y01026,NSE,Unknown,BE
FINIETF,ICICIPRAMC-ICICIFIN,INF109KC17L8,NSE,Unknown,EQ
FINKURVE,FINKURVE FINANCIAL SERV L,INE734I01027,NSE,Unknown,BE
FINOPB,FINO PAYMENTS BANK LTD,INE02NC01014,NSE,Unknown,BE
FINPIPE,FINOLEX IND LTD DEPO SETT,INE183A01024,NSE,Unknown,BE
FIRSTCRY,BRAINBEES SOLUTIONS LTD,INE02RE01045,NSE,Unknown,BE
FISCHER,FISCHER MEDICAL VENTURE L,INE771F01041,NSE,Unknown,BE
FISHFALCON,FISHING FALCONS LTD,INE084301014,NSE,Unknown,EQ
FIVESTAR,FIVE-STAR BUS FIN LTD,INE128S01021,NSE,Unknown,BE
FLAIR,FLAIR WRITING INDUST LTD,INE00Y201027,NSE,Unknown,BE
FLATPROD,FLATPRODEQUIP-ROLL SETT,INE515A01019,NSE,Unknown,BE
FLEXITUFF,FLEXITUFF VENTURES INT L,INE060J01017,NSE,Unknown,BE
FLFL,FUT LIFESTYLE FASH LTD,INE452O01016,NSE,Unknown,BE
FLUOROCHEM,GUJARAT FLUOROCHEM LTD,INE09N301011,NSE,Unknown,BE
FLYSBS,FLYSBS AVIATION LIMITED,INE0VCK01011,NSE,Unknown,SM
FMCGIETF,ICICIPRAMC - ICICIFMCG,INF109KC19V3,NSE,Unknown,EQ
FMGOETZE,FEDERAL-MOGUL GOETZE (IND,INE529A01010,NSE,Unknown,BE
FMNL,FUTURE MKT NETWORKS LTD,INE360L01017,NSE,Unknown,BE
FOCE,FOCE INDIA LIMITED,INE0I7D01019,NSE,Unknown,SM
FOCUS,FOCUS LIGHTG & FIXTRS LTD,INE593W01028,NSE,Unknown,BE
FOCUS,FOCUS LIGHTG & FIXTRS LTD,INE593W01010,NSE,Unknown,SM
FONEBOX,FONEBOX RETAIL LIMITED,INE0Q4701019,NSE,Unknown,SM
FOODSIN,FOODS & INNS LIMITED,INE976E01023,NSE,Unknown,BE
FORBESGOK,FORBES GOKAK LTD,INE518A01013,NSE,Unknown,BE
FORCAS,FORCAS STUDIO LIMITED,INE0U2501017,NSE,Unknown,SM
FORCEMOT,FORCE MOTORS LIMITED,INE451A01017,NSE,Unknown,BE
FORGEAUTO,FORGE AUTO INTERNATION L,INE0YKW01013,NSE,Unknown,SM
FORTIS,FORTIS HEALTHCARE LTD,INE061F01013,NSE,Unknown,BE
FORTISFIN,FORTIS FIN SERV LTD,INE991C01018,NSE,Unknown,BE
FOSECOIND,FOSECO INDIA LTD,INE519A01011,NSE,Unknown,BE
FOURTHDIM,FOURTH DIMEN. SOLUT. LTD,INE382T01014,NSE,Unknown,SM
FROG,FROG CELLSAT LIMITED,INE385O01018,NSE,Unknown,SM
FSC,FUTURE SUPP CHAIN SOL LTD,INE935Q01015,NSE,Unknown,BE
FSL,FIRSTSOURCE SOLU. LTD.,INE684F01012,NSE,Unknown,BE
FULFORD,FULFORD (I) LTD,INE521A01017,NSE,Unknown,BE
FUSION,FUSION FINANCE LIMITED,INE139R01012,NSE,Unknown,BE
GABRIEL,GABRIEL INDIA LTD,INE524A01029,NSE,Unknown,BE
GAEL,GUJARAT AMB EXP LTD,INE036B01030,NSE,Unknown,BE
GAIL,GAIL (INDIA) LTD,INE129A01019,NSE,Unknown,BE
GAJANAND,GAJANAND INTERNATIONAL L,INE0QTE01018,NSE,Unknown,SM
GALAXYSURF,GALAXY SURFACTANTS LTD,INE600K01018,NSE,Unknown,BE
GALLANTT,GALLANTT ISPAT LIMITED,INE297H01019,NSE,Unknown,BE
GALLISPAT,GALLANTT ISPAT LTD,INE528K01029,NSE,Unknown,BE
GALPOWTEL,GALADAPOWER&TELE-ROLL SET,INE255C01018,NSE,Unknown,BE
GAMMONIND,GAMMON INDIA LTD,INE259B01020,NSE,Unknown,BE
GANDHAR,GANDHAR OIL REFINE IND L,INE717W01049,NSE,Unknown,BE
GANDHITUBE,GANDHI SPL. TUBES LTD,INE524B01027,NSE,Unknown,BE
GANECOS,GANESHA ECOSPHERE LIMITED,INE845D01014,NSE,Unknown,BE
GANESHANHY,GANESH ANHYDRIDE LTD-DEPO,INE418A01016,NSE,Unknown,BE
GANESHBE,GANESH BENZOPLAST LIMITED,INE388A01029,NSE,Unknown,BE
GANESHBENZ,GANESH BENZOPLAST LTD.,INE388A01011,NSE,Unknown,BE
GANESHCP,GANESH CONSUMER PRODUCT L,INE652V01016,NSE,Unknown,BE
GANESHHOU,GANESH HOUSING LIMITED,INE460C01014,NSE,Unknown,BE
GANESHIN,GANESH INFRAWORLD LIMITED,INE0TVT01024,NSE,Unknown,SM
GANGABATH,GANGA BATH FITTINGS LTD,INE0ZI101018,NSE,Unknown,SM
GANGAFORGE,GANGA FORGING LIMITED,INE691Z01023,NSE,Unknown,BE
GANGAFORGE,GANGA FORGING LIMITED,INE691Z01015,NSE,Unknown,SM
GANGESSECU,GANGES SECURITIES LIMITED,INE335W01016,NSE,Unknown,BE
GANGOTEX,GANGOTRI TEXTILES LTD,INE548101018,NSE,Unknown,EQ
GANGOTEX,GANGOTRITEXTILES-ROLLSETT,INE670B01010,NSE,Unknown,BE
GANGOTRI,GANGOTRI TEXTILES LTD.,INE670B01028,NSE,Unknown,BE
GARDENSILK,GARDEN SILK MILLS LTD.,INE526A01016,NSE,Unknown,BE
GARUDA,GARUDA CONSTRUCT N ENG L,INE0JVO01026,NSE,Unknown,BE
GARWARPOLY,GARWAR POLYESTERS LTD.,INE291A01017,NSE,Unknown,BE
GARWARSHIP,GARWARE SHIPPING CORP. LT,INE091701016,NSE,Unknown,EQ
GATECH,GACM TECHNOLOGIES LIMITED,INE224E01028,NSE,Unknown,BE
GATECHDVR,GACM TECHNOLOGIES LIMITED,INE224E01036,NSE,Unknown,BE
GATEWAY,GATEWAY DISTRIPARKS LTD,INE079J01017,NSE,Unknown,BE
GAYAHWS,GAYATRI HIGHWAYS LIMITED,INE287Z01012,NSE,Unknown,BE
GAYAPROJ,GAYATRI PROJECTS LTD,INE336H01023,NSE,Unknown,BE
GBGLOBAL,GB GLOBAL LIMITED,INE087J01028,NSE,Unknown,BE
GCHOTELS,GRAND CONTINENT HOTELS L,INE12E301017,NSE,Unknown,SM
GCSL,GRETEX CORPORATE SERVICES,INE199P01028,NSE,Unknown,BE
GDL,GATEWAY DISTRIPARKS LTD.,INE852F01015,NSE,Unknown,BE
GECALSTHOM,ALSTOM LTD,INE200A01018,NSE,Unknown,BE
GEECEE,GEECEE VENTURES LIMITED,INE916G01016,NSE,Unknown,BE
GEEKAYEXIM,GEEKAY EXIM (I) LTD,INE451601012,NSE,Unknown,EQ
GEMAROMA,GEM AROMATICS LIMITED,INE06XZ01023,NSE,Unknown,BE
GEMSPIN,GEM SPINNERS (I) LTD,INE092501019,NSE,Unknown,EQ
GENCON,GENERIC ENG CONS PROJ LTD,INE854S01022,NSE,Unknown,BE
GENESYS,GENESYS INTL CORPN LTD,INE727B01026,NSE,Unknown,BE
GENSOL,GENSOL ENGINEERING LTD,INE06H201014,NSE,Unknown,BE
GENUSPAPER,GENUS P&B LIMITED,INE949P01018,NSE,Unknown,BE
GENUSPOWER,GENUS POWER INFRASTRU LTD,INE955D01029,NSE,Unknown,BE
GEOJITFSL,GEOJIT FINANCIAL SER L,INE007B01023,NSE,Unknown,BE
GEORGFISCH,GEORG FISCHER - ROLL SETT,INE131C01011,NSE,Unknown,BE
GESHIP,THE GE SHPG.LTD,INE017A01032,NSE,Unknown,BE
GESTETNER,GESTETNERINDIA-ROLLSETT,INE223C01016,NSE,Unknown,BE
GFLLIMITED,GFL LIMITED,INE538A01037,NSE,Unknown,BE
GFSTEELS,GRAND FOUNDRY LTD,INE534A01028,NSE,Unknown,BE
GGBL,GANESH GREEN BHARAT LTD,INE0R8C01018,NSE,Unknown,SM
GHCL,GHCL LIMITED,INE539A01019,NSE,Unknown,BE
GHCLTEXTIL,GHCL TEXTILES LIMITED,INE0PA801013,NSE,Unknown,BE
GICBAL,GIC MUTUAL FUND-BAL FD,INE451001015,NSE,Unknown,BE
GICHSGFIN,GIC HOUSING FINANCE LTD.,INE289B01019,NSE,Unknown,BE
GICL,GLOBE INTL CARRIERS LTD,INE947T01014,NSE,Unknown,SM
GILLANDERS,GILLANDERS ARBUTHNOT LTD,INE047B01011,NSE,Unknown,BE
GILLETTE,GILLETTE INDIA L-DEP SETT,INE322A01010,NSE,Unknown,BE
GILT5YBEES,RELCAPAMC - NETFGILT5Y,INF204KC1030,NSE,Unknown,EQ
GINNIFILA,GINNIFILAMENTS LTD.,INE424C01010,NSE,Unknown,BE
GIPCL,GUJ IND POW CO - DEP RS,INE162A01010,NSE,Unknown,BE
GIRIRAJ,GIRIRAJ CIVIL DEVP LTD,INE614Z01017,NSE,Unknown,SM
GITANJALI,GITANJALI GEMS LIMITED,INE346H01014,NSE,Unknown,BE
GKENERGY,GK ENERGY LIMITED,INE1AG301022,NSE,Unknown,BE
GKWLIMITED,GKW LIMITED,INE528A01020,NSE,Unknown,BE
GLAND,GLAND PHARMA LIMITED,INE068V01023,NSE,Unknown,BE
GLAXO,GLAXOSMITHKLINE PHARMA LT,INE159A01016,NSE,Unknown,BE
GLENMARK,GLENMARK PHARMACEUTICALS,INE935A01035,NSE,Unknown,BE
GLFL,GUJARAT LEASE FINANCING L,INE540A01017,NSE,Unknown,BE
GLOBABOARD,GLOBAL BOARDS LTD,INE085D01017,NSE,Unknown,BE
GLOBAL,GLOBAL EDUCATION LIMITED,INE291W01011,NSE,Unknown,SM
GLOBAL,GLOBAL EDUCATION LIMITED,INE291W01037,NSE,Unknown,BE
GLOBALE,GLOBALE TESSILE LIMITED,INE0URU01010,NSE,Unknown,BE
GLOBALPET,GLOBAL PET INDUSTRIES LTD,INE0PS501019,NSE,Unknown,SM
GLOBALVECT,GLOBAL VEC HELICORP LTD,INE792H01019,NSE,Unknown,BE
GLOBE,GLOBE TEXTILES (I) LTD.,INE581X01013,NSE,Unknown,SM
GLOBE,GLOBE TEXTILES (I) LTD.,INE581X01021,NSE,Unknown,BE
GLOBECIVIL,GLOBE CIVIL PROJECTS LTD,INE0V3U01015,NSE,Unknown,BE
GLOBOFFS,GLOBAL OFFSHORE SERV LTD,INE446C01013,NSE,Unknown,BE
GLOBUSSPR,GLOBUS SPIRITS LTD,INE615I01010,NSE,Unknown,BE
GLOSTERLTD,GLOSTER LIMITED,INE350Z01018,NSE,Unknown,BE
GMDCLTD,GUJARAT MINERAL DEV CORP,INE131A01031,NSE,Unknown,BE
GML,GALAXY MEDICARE LIMITED,INE09A801015,NSE,Unknown,SM
GMMPFAUDLR,GMM PFAUDLER LIMITED,INE541A01023,NSE,Unknown,BE
GMRAIRPORT,GMR AIRPORTS LIMITED,INE776C01039,NSE,Unknown,BE
GMRPUI,GMR POW AND URBAN INFRA L,INE0CU601026,NSE,Unknown,BE
GMRVASAVI,GMR TECHNOLOGIES & INDUST,INE353B01013,NSE,Unknown,BE
GMSIND,G M S INDUSTRIES (I) LTD,INE549201015,NSE,Unknown,EQ
GNA,GNA AXLES LIMITED,INE934S01014,NSE,Unknown,BE
GNFC,GUJ NAR VAL FER & CHEM L,INE113A01013,NSE,Unknown,BE
GOACARBON,GOA CARBON LIMITED,INE426D01013,NSE,Unknown,BE
GOCLCORP,GOCL CORPORATION LIMITED,INE077F01035,NSE,Unknown,BE
GOCOLORS,GO FASHION INDIA LTD,INE0BJS01011,NSE,Unknown,BE
GODAVARIB,GODAVARI BIOREFINERIES L,INE497S01012,NSE,Unknown,BE
GODFRYPHLP,GODFREY PHILIPS-DEPO,INE260B01028,NSE,Unknown,BE
GODHA,GODHA CABCON INSULAT LTD,INE925Y01010,NSE,Unknown,SM
GODHA,GODHA CABCON INSULAT LTD,INE925Y01036,NSE,Unknown,BE
GODIGIT,GO DIGIT GENERAL INS LTD,INE03JT01014,NSE,Unknown,BE
GOENKA,GOENKA DIAMOND&JEWELS LTD,INE516K01024,NSE,Unknown,BE
GOKEX,GOKALDAS EXPORTS LTD.,INE887G01027,NSE,Unknown,BE
GOKUL,GOKUL REFOILS & SOLV LTD,INE020J01029,NSE,Unknown,BE
GOKULAGRO,GOKUL AGRO RESOURCES LTD,INE314T01025,NSE,Unknown,BE
GOLD1,KOTAK GOLD ETF,INF174KA1HJ8,NSE,Unknown,EQ
GOLD360,360ONEAMC - GOLD360,INF579M01BB5,NSE,Unknown,EQ
GOLDBEES,NIP IND ETF GOLD BEES,INF204KB17I5,NSE,Unknown,EQ
GOLDCASE,ZERODHAAMC - GOLDCASE,INF0R8F01042,NSE,Unknown,EQ
GOLDENTOBC,GOLDEN TOBACCO LIMITED,INE973A01010,NSE,Unknown,BE
GOLDETF,MIRAEAMC - MAGOLDETF,INF769K01JP9,NSE,Unknown,EQ
GOLDETFADD,DSPAMC - DSPGOLDETF,INF740KA1SW3,NSE,Unknown,EQ
GOLDIAM,GOLDIAM INTERNATIONAL LTD,INE025B01025,NSE,Unknown,BE
GOLDIETF,ICICI PRUDENTIAL GOLD ETF,INF109KC1NT3,NSE,Unknown,EQ
GOLDKART,GOLDKART JEWELS LIMITED,INE06MH01016,NSE,Unknown,SM
GOLDSTAR,GOLDSTAR POWER LIMITED,INE405Y01021,NSE,Unknown,SM
GOLDTECH,AION-TECH SOLUTIONS LTD,INE805A01014,NSE,Unknown,BE
GONTERPEIP,GONTERMANN PEIPERS DEPO,INE530A01018,NSE,Unknown,BE
GOODLUCK,GOODLUCK INDIA LIMITED,INE127I01024,NSE,Unknown,BE
GOODRICKE,GOODRICKE GRP LTD,INE300A01016,NSE,Unknown,BE
GOODVALUE,GOOD VALUE MARKETING CO.,INE097901016,NSE,Unknown,EQ
GOODYEAR,GOODYEAR INDIA LIMITED,INE533A01012,NSE,Unknown,BE
GOPAL,GOPAL SNACKS LIMITED,INE0L9R01028,NSE,Unknown,BE
GORDONHERB,GORDON HERBERT LTD,INE098401016,NSE,Unknown,EQ
GOVINRUBER,GOVIND RUBBER-ROLL SETT,INE011C01015,NSE,Unknown,BE
GOYALALUM,GOYAL ALUMINIUMS LIMITED,INE705X01026,NSE,Unknown,BE
GOYALSALT,GOYAL SALT LIMITED,INE0QFE01017,NSE,Unknown,SM
GPECO,GP ECO SOLUTIONS INDIA L,INE0S7E01015,NSE,Unknown,SM
GPIL,GODAWARI POW & ISP LTD,INE177H01039,NSE,Unknown,BE
GPTHEALTH,GPT HEALTHCARE LIMITED,INE486R01017,NSE,Unknown,BE
GPTINFRA,GPT INFRAPROJECTS LTD,INE390G01014,NSE,Unknown,BE
GRANDFONRY,GRAND FOUNDRY LTD,INE534A01010,NSE,Unknown,BE
GRANULES,GRANULES INDIA LIMITED,INE101D01020,NSE,Unknown,BE
GRAPCOMIN,GRAPCO MINING AND CO. LTD,INE099401015,NSE,Unknown,EQ
GRAPHISAD,GRAPHISADS LIMITED,INE0POU01017,NSE,Unknown,SM
GRAPHITE,GRAPHITE INDIA LTD,INE371A01025,NSE,Unknown,BE
GRASIM,GRASIM-DEPO SETT,INE047A01021,NSE,Unknown,BE
GRAUWEIL,GRAUER & WEIL IND LTD,INE266D01021,NSE,Unknown,BE
GRAVITA,GRAVITA INDIA LIMITED,INE024L01027,NSE,Unknown,BE
GRCL,GAYATRI RUBB AND CHEM LTD,INE0LVM01018,NSE,Unknown,SM
GRINDWELL,GRINDWELL NORTON LIMITED,INE536A01023,NSE,Unknown,BE
GRINFRA,G R INFRAPROJECTS LIMITED,INE201P01022,NSE,Unknown,BE
GRINWELNOR,GRINDWELL NORTON LTD.,INE536A01015,NSE,Unknown,BE
GRMOVER,GRM OVERSEAS LIMITED,INE192H01020,NSE,Unknown,BE
GROBTEA,THE GROB TEA COMPANY LTD,INE646C01018,NSE,Unknown,BE
GROWWDEFNC,GROWWAMC - GROWWDEFNC,INF666M01IO8,NSE,Unknown,EQ
GROWWEV,GROWWAMC - GROWWEV,INF666M01IH2,NSE,Unknown,EQ
GROWWGOLD,GROWWAMC - GROWWGOLD,INF666M01IW1,NSE,Unknown,EQ
GROWWLIQID,GROWWAMC - GROWWLIQID,INF666M01IP5,NSE,Unknown,EQ
GROWWLOVOL,GROWWAMC - GROWWLOVOL,INF666M01LB9,NSE,Unknown,EQ
GROWWMOM50,GROWWAMC - GROWWMOM50,INF666M01KJ4,NSE,Unknown,EQ
GROWWN200,GROWWAMC - GROWWN200,INF666M01JV1,NSE,Unknown,EQ
GROWWNET,GROWWAMC - GROWWNET,INF666M01LI4,NSE,Unknown,EQ
GROWWNIFTY,GROWWAMC - GROWWNIFTY,INF666M01LL8,NSE,Unknown,EQ
GROWWNXT50,GROWWAMC - GROWWNXT50,INF666M01LZ8,NSE,Unknown,EQ
GROWWPOWER,GROWWAMC - GROWWPOWER,INF666M01LM6,NSE,Unknown,EQ
GROWWRAIL,GROWWAMC - GROWWRAIL,INF666M01JJ6,NSE,Unknown,EQ
GROWWSLVR,GROWWAMC - GROWWSLVR,INF666M01LA1,NSE,Unknown,EQ
GRPLTD,GRP LIMITED,INE137I01015,NSE,Unknown,BE
GRSE,GARDEN REACH SHIP&ENG LTD,INE382Z01011,NSE,Unknown,BE
GSCLCEMENT,GUJARAT SIDHEE CEM. LTD.,INE542A01039,NSE,Unknown,BE
GSEC10ABSL,BIRLASLAMC - GSEC10ABSL,INF209KC1142,NSE,Unknown,EQ
GSEC10IETF,ICICIPRAMC - ICICI10GS,INF109KC18O0,NSE,Unknown,EQ
GSEC10YEAR,MIRAEAMC - MAGS813ETF,INF769K01KF8,NSE,Unknown,EQ
GSEC5IETF,ICICIPRAMC - ICICI5GSEC,INF109KC14A8,NSE,Unknown,EQ
GSFC,GSFC - DEPO SETT,INE026A01025,NSE,Unknown,BE
GSL,GSL (I) LTD,INE184901010,NSE,Unknown,EQ
GSLSU,GLOBAL SURFACES LIMITED,INE0JSX01015,NSE,Unknown,BE
GSMFOILS,GSM FOILS LIMITED,INE0SQY01018,NSE,Unknown,SM
GSPL,GUJARAT STATE PETRO LTD,INE246F01010,NSE,Unknown,BE
GSS,GSS INFOTECH LIMITED,INE871H01011,NSE,Unknown,BE
GSTL,GLOBESECURE TECHNO LTD,INE00WS01056,NSE,Unknown,SM
GTECJAINX,G-TEC JAINX EDUCATION LTD,INE586X01012,NSE,Unknown,BE
GTL,GTL LTD,INE043A01012,NSE,Unknown,BE
GTLINFRA,GTL INFRA.LTD,INE221H01019,NSE,Unknown,BE
GTNIND,GTN INDUSTRIES LIMITED,INE537A01013,NSE,Unknown,BE
GTNTEX,GTN TEXTILES LIMITED,INE302H01017,NSE,Unknown,BE
GTPL,GTPL HATHWAY LIMITED,INE869I01013,NSE,Unknown,BE
GUFICBIO,GUFIC BIOSCIENCES LTD.,INE742B01025,NSE,Unknown,BE
GUJALKALI,GUJRAT AL & CHEMICALS LTD,INE186A01019,NSE,Unknown,BE
GUJAPOLLO,GUJ. APOLLO IND. LTD.,INE826C01016,NSE,Unknown,BE
GUJBOROSIL,GUJARATBOROSIL-ROLL SETT,INE059C01014,NSE,Unknown,BE
GUJCOTEX,GUJARAT COTEX LTD,INE452201010,NSE,Unknown,EQ
GUJGASLTD,GUJARAT GAS LIMITED,INE844O01030,NSE,Unknown,BE
GUJOPTICAL,GUJARAT OPTICAL COMM LTD,INE452401016,NSE,Unknown,EQ
GUJRAFFIA,GUJARAT RAFFIA INDUST LTD,INE610B01024,NSE,Unknown,BE
GUJRATTELE,GUJARAT TELEPHONE CABLES,INE261B01018,NSE,Unknown,EQ
GUJRATTELE,GUJARAT TELEPHONE CABLES,INE452601011,NSE,Unknown,BE
GUJTHEM,GUJARAT THEMIS BIOSYN LTD,INE942C01045,NSE,Unknown,BE
GUJTHEMIS,GUJARAT THEMIS BIOSYN LTD,INE183701015,NSE,Unknown,EQ
GULFOILLUB,GULF OIL LUB. IND. LTD.,INE635Q01029,NSE,Unknown,BE
GULFPETRO,GP PETROLEUMS LIMITED,INE586G01017,NSE,Unknown,BE
GULPOLY,GULSHAN POLYOLS LIMITED,INE255D01024,NSE,Unknown,BE
GURUNANAK,GURUNANAK AGRICULTUR IN L,INE1CCX01012,NSE,Unknown,SM
GVKPIL,GVK POW. & INFRA LTD.,INE251H01024,NSE,Unknown,BE
GVPIL,GE POWER INDIA LIMITED,INE878A01011,NSE,Unknown,BE
GVPTECH,GVP INFOTECH LIMITED,INE382T01030,NSE,Unknown,BE
GVTD,GE VERNOVA T&D INDIA LTD,INE200A01026,NSE,Unknown,BE
HAL,HINDUSTAN AERONAUTICS LTD,INE066F01020,NSE,Unknown,BE
HARDWYN,HARDWYN INDIA LIMITED,INE626Z01029,NSE,Unknown,BE
HARIAEXPO,HARIAEXPORTS-ROLL SETT,INE772B01014,NSE,Unknown,BE
HARIGCRANK,HARIG CRANKSHAFTS LTD,INE180501012,NSE,Unknown,EQ
HARIOMPIPE,HARIOM PIPE INDUSTRIES L,INE00EV01017,NSE,Unknown,BE
HARITASEAT,HARITA SEATING SYS. LTD,INE939D01015,NSE,Unknown,BE
HARRMALAYA,HARRISONS MALAYALAM,INE544A01019,NSE,Unknown,BE
HARSHA,HARSHA ENGINEERS INT LTD,INE0JUS01029,NSE,Unknown,BE
HARYANPETR,HARYANA PETROCHEMICALS LT,INE174901012,NSE,Unknown,EQ
HATHWAY,HATHWAY CABLE & DATACOM,INE982F01036,NSE,Unknown,BE
HATSUN,HATSUN AGRO PRODUCT LTD.,INE473B01035,NSE,Unknown,BE
HAVELLS,HAVELLSINDIA,INE176B01034,NSE,Unknown,BE
HAVISHA,SRI HAVISHA HOSP & INFR L,INE293B01029,NSE,Unknown,BE
HAWKINCOOK,HAWKINSCOOKERS-ROLL SETT,INE979B01015,NSE,Unknown,BE
HBLENGINE,HBL ENGINEERING LTD,INE292B01021,NSE,Unknown,BE
HBSL,HB STOCKHOLDINGS LIMITED,INE550B01022,NSE,Unknown,BE
HCC,HINDUSTAN CONSTRUC,INE549A01026,NSE,Unknown,BE
HCG,HEALTHCARE GLOB. ENT. LTD,INE075I01017,NSE,Unknown,BE
HCLTECH,HCL TECHNOLOGIES LTD,INE860A01027,NSE,Unknown,BE
HDBFS,HDB FINANCIAL SERVICES L,INE756I01012,NSE,Unknown,BE
HDFC,HDFC LTD- DEPO SETT.,INE001A01036,NSE,Unknown,BE
HDFCAMC,HDFC AMC LIMITED,INE127D01025,NSE,Unknown,BE
HDFCBANK,HDFC BANK-DEPO. SETT.,INE040A01034,NSE,Unknown,BE
HDFCBSE500,HDFCAMC - HDFCBSE500,INF179KC1EZ4,NSE,Unknown,EQ
HDFCGOLD,HDFC GOLD ETF,INF179KC1981,NSE,Unknown,EQ
HDFCGROWTH,HDFCAMC - HDFCGROWTH,INF179KC1DJ0,NSE,Unknown,EQ
HDFCLIFE,HDFC LIFE INS CO LTD,INE795G01014,NSE,Unknown,BE
HDFCLIQUID,HDFCAMC - HDFCLIQUID,INF179KC1JG3,NSE,Unknown,EQ
HDFCLOWVOL,HDFCAMC - HDFCLOWVOL,INF179KC1HU8,NSE,Unknown,EQ
HDFCMID150,HDFCAMC - HDFCMID150,INF179KC1HT0,NSE,Unknown,EQ
HDFCMOMENT,HDFCAMC - HDFCMOMENT,INF179KC1HV6,NSE,Unknown,EQ
HDFCNEXT50,HDFCAMC - HDFCNEXT50,INF179KC1HS2,NSE,Unknown,EQ
HDFCNIF100,HDFCAMC - HDFCNIF100,INF179KC1HR4,NSE,Unknown,EQ
HDFCNIFBAN,HDFCAMC - HDFCNIFBAN,INF179KC1HY0,NSE,Unknown,EQ
HDFCNIFIT,HDFCAMC - HDFCNIFIT,INF179KC1IA8,NSE,Unknown,EQ
HDFCNIFTY,HDFCAMC - HDFCNIFTY,INF179KC1965,NSE,Unknown,EQ
HDFCPSUBK,HDFCAMC HDFCPSUBK,INF179KC1HW4,NSE,Unknown,EQ
HDFCPVTBAN,HDFCAMC - HDFCPVTBAN,INF179KC1HZ7,NSE,Unknown,EQ
HDFCQUAL,HDFCAMC - HDFCQUAL,INF179KC1DL6,NSE,Unknown,EQ
HDFCSENSEX,HDFCAMC - HDFCSENSEX,INF179KC1HX2,NSE,Unknown,EQ
HDFCSILVER,HDFCAMC - HDFCSILVER,INF179KC1DI2,NSE,Unknown,EQ
HDFCSML250,HDFCAMC - HDFCSML250,INF179KC1FB2,NSE,Unknown,EQ
HDFCVALUE,HDFCAMC - HDFCVALUE,INF179KC1DK8,NSE,Unknown,EQ
HDIL,HOUSING DEV & INFRA LTD,INE191I01012,NSE,Unknown,BE
HEADSUP,HEADS UP VENTURES LIMITED,INE759V01019,NSE,Unknown,BE
HEALTHADD,DSPAMC - HEALTHADD,INF740KA1UF4,NSE,Unknown,EQ
HEALTHIETF,ICICIPRAMC - ICICIPHARM,INF109KC1Q72,NSE,Unknown,EQ
HEALTHY,BIRLASLAMC - HEALTHY,INF209KB10C2,NSE,Unknown,EQ
HECPROJECT,HEC INFRA PROJECTS LTD,INE558R01013,NSE,Unknown,BE
HEG,HEG LIMITED,INE545A01024,NSE,Unknown,BE
HEIDELBERG,HEIDELBERGCEMENT (I) LTD,INE578A01017,NSE,Unknown,BE
HEMIPROP,HEMISPHERE PROP IND LTD,INE0AJG01018,NSE,Unknown,BE
HERANBA,HERANBA INDUSTRIES LTD,INE694N01015,NSE,Unknown,BE
HERBETSON,HERBETSONS LTD,INE176301013,NSE,Unknown,BE
HERCULES,HERCULES HOI. LTD.,INE688E01024,NSE,Unknown,BE
HERDIOXIDE,HERDILLIA OXIDES & ELECTR,INE176501018,NSE,Unknown,EQ
HERITGFOOD,HERITAGE FOODS LTD,INE978A01027,NSE,Unknown,BE
HEROMOTOCO,HERO MOTOCORP LIMITED,INE158A01026,NSE,Unknown,BE
HESTERBIO,HESTER BIOSCIENCES LTD,INE782E01017,NSE,Unknown,BE
HEUBACHIND,HEUBACH COLORANTS IND LTD,INE492A01029,NSE,Unknown,BE
HEXATRADEX,HEXA TRADEX LIMITED,INE750M01017,NSE,Unknown,BE
HEXT,HEXAWARE TECHNOLOGIES LTD,INE093A01041,NSE,Unknown,BE
HFCL,HFCL LIMITED,INE548A01028,NSE,Unknown,BE
HGINFRA,H.G.INFRA ENGINEERING LTD,INE926X01010,NSE,Unknown,BE
HGM,HANDSON GBL MNGMNT LTD,INE596H01014,NSE,Unknown,BE
HGS,HINDUJA GLOBAL SOLS. LTD.,INE170I01016,NSE,Unknown,BE
HIGHGROUND,HIGH GROUND ENTP LTD,INE361M01021,NSE,Unknown,BE
HIKAL,HIKALLIMITED,INE475B01022,NSE,Unknown,BE
HILINFRA,HIGHWAY INFRASTRUCTURE L,INE00RL01028,NSE,Unknown,BE
HILTON,HILTON METAL FORGING LTD,INE788H01017,NSE,Unknown,BE
HIMADCHEM,HIMADRI CHEMICALS AND IND,INE019C01026,NSE,Unknown,EQ
HIMATSEIDE,HIMATSIN SEIDE-DEPO SETT,INE049A01027,NSE,Unknown,BE
HINDALCO,HINDALCO - DEPO. SETT,INE038A01020,NSE,Unknown,BE
HINDCOMPOS,HINDUSTAN COMPOSITES LTD,INE310C01029,NSE,Unknown,BE
HINDCON,HINDCON CHEMICALS LIMITED,INE642Y01029,NSE,Unknown,BE
HINDCON,HINDCON CHEMICALS LIMITED,INE642Y01011,NSE,Unknown,SM
HINDIND,HIND INDUSTRIES-ROLL SETT,INE675B01019,NSE,Unknown,BE
HINDIND,HIND INDUSTRIES LTD,INE173501011,NSE,Unknown,EQ
HINDINDCHM,HINDUSTAN INDUSTRIAL CHEM,INE169201014,NSE,Unknown,EQ
HINDMOTORS,HINDUSTAN MOTORS LIMITED,INE253A01025,NSE,Unknown,BE
HINDNATGLS,HIND NATL GLASS & IND LTD,INE952A01022,NSE,Unknown,BE
HINDNITRO,HINDUSTAN NITROPROD GUJRA,INE169501017,NSE,Unknown,EQ
HINDOILEXP,HINDOILEXP,INE345A01011,NSE,Unknown,BE
HINDPETRO,HIND. PETROLEUM - DEP. RS,INE094A01015,NSE,Unknown,BE
HINDPHOTO,HINDUSTAN PHOTO FILMS MFG,INE453901014,NSE,Unknown,EQ
HINDSYNTEX,HIND SYNTEX LTD.,INE155B01012,NSE,Unknown,BE
HINDTINWRK,HINDUSTAN TIN WORKS LTD,INE554501010,NSE,Unknown,EQ
HINDUNILVR,HINDUSTAN UNILEVER LTD.,INE030A01027,NSE,Unknown,BE
HINDZINC,HINDUSTAN ZINC LIMITED,INE267A01025,NSE,Unknown,BE
HINPOWPLUS,HINDPOWERPLUS LTD,INE554A01018,NSE,Unknown,BE
HISARMETAL,HISAR METAL IND. LIMITED,INE598C01011,NSE,Unknown,BE
HITECH,HI-TECH PIPES LIMITED,INE106T01017,NSE,Unknown,SM
HITECH,HI-TECH PIPES LIMITED,INE106T01025,NSE,Unknown,BE
HITECHCORP,HITECH CORPORATION LTD,INE120D01012,NSE,Unknown,BE
HITECHGEAR,THE HI-TECH GEARS LIMITED,INE127B01011,NSE,Unknown,BE
HLEGLAS,HLE GLASCOAT LIMITED,INE461D01028,NSE,Unknown,BE
HLVLTD,HLV LIMITED,INE102A01024,NSE,Unknown,BE
HMAAGRO,HMA AGRO INDUSTRIES LTD,INE0ECP01024,NSE,Unknown,BE
HMT,HMT LTD -,INE262A01018,NSE,Unknown,BE
HMVL,HINDUSTAN MEDIA VENT LTD,INE871K01015,NSE,Unknown,BE
HNDFDS,HINDUSTAN FOODS LIMITED,INE254N01026,NSE,Unknown,BE
HNGSNGBEES,NIP IND ETF HANGSENG BEES,INF204KB19I1,NSE,Unknown,EQ
HOACFOODS,HOAC FOODS INDIA LIMITED,INE0S6S01017,NSE,Unknown,SM
HOGANAS,HOGANAS INDIA LTD,INE132A01013,NSE,Unknown,BE
HOLMARC,HOLMARC OPTO MECHATRO L,INE0LXA01019,NSE,Unknown,SM
HOMEFIRST,HOME FIRST FIN CO IND LTD,INE481N01025,NSE,Unknown,BE
HOMESFY,HOMESFY REALTY LIMITED,INE0N7F01017,NSE,Unknown,SM
HONASA,HONASA CONSUMER LIMITED,INE0J5401028,NSE,Unknown,BE
HONAUT,HONEYWELL AUTOMATION IND,INE671A01010,NSE,Unknown,BE
HONDAPOWER,HONDA I POWER PRODUCT LTD,INE634A01018,NSE,Unknown,BE
HOTLINGLAS,HOTLINEGLASSLTD,INE676B01017,NSE,Unknown,BE
HPAL,HP ADHESIVES LIMITED,INE0GSL01024,NSE,Unknown,BE
HPIL,HINDPRAKASH INDUSTRY LTD,INE05X901010,NSE,Unknown,BE
HPL,HPL ELECTRIC & POWER LTD,INE495S01016,NSE,Unknown,BE
HPTL,HP TELECOM INDIA LIMITED,INE0VA601019,NSE,Unknown,SM
HRHNEXT,HRH NEXT SERVICES LIMITED,INE0R3501012,NSE,Unknown,SM
HTMEDIA,HT MEDIA LIMITED,INE501G01024,NSE,Unknown,BE
HUBTOWN,HUBTOWN LIMITED,INE703H01016,NSE,Unknown,BE
HUDCO,HSG & URBAN DEV CORPN LTD,INE031A01017,NSE,Unknown,BE
HUHTAMAKI,HUHTAMAKI INDIA LIMITED,INE275B01026,NSE,Unknown,BE
HUSYSLTD,HUSYS CONSULTING LTD.,INE336T01010,NSE,Unknown,SM
HVAX,HVAX TECHNOLOGIES LIMITED,INE0TO501019,NSE,Unknown,SM
HYBRIDFIN,HYBRID FINANCIAL SERVICE,INE965B01022,NSE,Unknown,BE
HYTSNMAGNT,HYTAISUN MAGNETICS LTD.,INE165301016,NSE,Unknown,EQ
HYUNDAI,HYUNDAI MOTOR INDIA LTD,INE0V6F01027,NSE,Unknown,BE
IBLFL,IBL FINANCE LIMITED,INE0O7401018,NSE,Unknown,SM
IBMFNIFTY,IBULLSAMC - IBMFNIFTY,INF666M01FS5,NSE,Unknown,EQ
ICDSLTD,ICDSLTD,INE613B01010,NSE,Unknown,BE
ICEMAKE,ICE MAKE REFRIGERAT LTD,INE520Y01019,NSE,Unknown,BE
ICICIB22,ICICIPRAMC - BHARATIWIN,INF109KB15Y7,NSE,Unknown,EQ
ICICIBANK,ICICI BANK LTD DEPO SETT,INE090A01021,NSE,Unknown,BE
ICICIGI,ICICI LOMBARD GIC LIMITED,INE765G01017,NSE,Unknown,BE
ICICIPRULI,ICICI PRU LIFE INS CO LTD,INE726G01019,NSE,Unknown,BE
ICIL,INDO COUNT INDUSTRIES LTD,INE483B01026,NSE,Unknown,BE
ICRA,ICRA LIMITED,INE725G01011,NSE,Unknown,BE
ICSA,ICSA (INDIA) LIMITED,INE306B01029,NSE,Unknown,BE
IDBI,IDBI BANK LIMITED,INE008A01015,NSE,Unknown,BE
IDEA,VODAFONE IDEA LIMITED,INE669E01016,NSE,Unknown,BE
IDEAFORGE,IDEAFORGE TECHNO LTD,INE349Y01013,NSE,Unknown,BE
IDEALTECHO,IDEAL TECHNOPLAST IND LTD,INE0T9I01011,NSE,Unknown,SM
IDENTICAL,IDENTICAL BRAINS STUDIO L,INE0TD101011,NSE,Unknown,SM
IDFC,IDFC LIMITED,INE043D01016,NSE,Unknown,BE
IDFCFIRSTB,IDFC FIRST BANK LIMITED,INE092T01019,NSE,Unknown,BE
IDFNIFTYET,BANDHANAMC - IDFNIFTYET,INF194KA1U07,NSE,Unknown,EQ
IDLCHEM,IDL INDUSTRIES LTD,INE077F01027,NSE,Unknown,EQ
IEL,INDIABULLS ENT LTD,INE059901020,NSE,Unknown,BE
IEML,INDIAN EMULSIFIERS LTD,INE0RRU01016,NSE,Unknown,SM
IEX,INDIAN ENERGY EXC LTD,INE022Q01020,NSE,Unknown,BE
IFBAGRO,IFB AGRO INDUSTRIES LTD,INE076C01018,NSE,Unknown,BE
IFBIND,IFB INDUSTRIES LTD,INE559A01017,NSE,Unknown,BE
IFBVENTUR,IFB VENTURE CAPITAL LTD,INE455201017,NSE,Unknown,EQ
IFCI,IFCI-DEPO SETT.,INE039A01010,NSE,Unknown,BE
IFGLEXPOR,IFGL REFRACTORIES LIMITED,INE133Y01011,NSE,Unknown,BE
IGARASHI,IGARASHI MOTORS INDIA LTD,INE188B01013,NSE,Unknown,BE
IGCL,INDOGULF CROPSCIENCES LTD,INE05J901018,NSE,Unknown,BE
IGIL,INTERNATIO GEMM INS (I) L,INE0Q9301021,NSE,Unknown,BE
IGL,INDRAPRASTHA GAS LTD,INE203G01027,NSE,Unknown,BE
IGPL,I G PETROCHEMICALS LTD,INE204A01010,NSE,Unknown,BE
IIFL,IIFL FINANCE LIMITED,INE530B01024,NSE,Unknown,BE
IIFLCAPS,IIFL CAPITAL SERVICES LTD,INE489L01022,NSE,Unknown,BE
IITL,INDUSTRIAL INV TRUST LTD,INE886A01014,NSE,Unknown,BE
IKIO,IKIO TECHNOLOGIES LIMITED,INE0LOJ01019,NSE,Unknown,BE
IKS,INVENTURUS KNOWLEDGE SO L,INE115Q01022,NSE,Unknown,BE
ILFSENGG,IL&FS ENG AND CONS CO LTD,INE369I01014,NSE,Unknown,BE
ILFSTRANS,IL&FS TRANS NET LTD,INE975G01012,NSE,Unknown,BE
IMAGICAA,IMAGICAAWORLD ENT LTD,INE172N01012,NSE,Unknown,BE
IMFA,INDIAN METALS & FERRO,INE919H01018,NSE,Unknown,BE
IMPAL,IND MOTOR PART & ACC LTD,INE547E01014,NSE,Unknown,BE
IMPEXFERRO,IMPEX FERRO TECH LIMITED,INE691G01015,NSE,Unknown,BE
INDAIRYSPE,INDIANA DAIRY SPEC. LTD,INE158101019,NSE,Unknown,EQ
INDAL,INDIAN ALUMINIUM CO LTD.,INE249A01015,NSE,Unknown,BE
INDBANK,INDBANK MERCH BANK,INE841B01017,NSE,Unknown,BE
INDBIOFOOD,INDO BIOTECH FOODS LTD.,INE159001010,NSE,Unknown,EQ
INDGN,INDEGENE LIMITED,INE065X01017,NSE,Unknown,BE
INDHOTEL,THE INDIAN HOTELS CO. LTD,INE053A01029,NSE,Unknown,BE
INDIACEM,THE INDIA CEMENTS LIMITED,INE383A01012,NSE,Unknown,BE
INDIAGLYCO,INDIA GLYCOLS LTD,INE560A01023,NSE,Unknown,BE
INDIALEASE,INDIA LEASE DEVELOPMENT L,INE162101013,NSE,Unknown,EQ
INDIAMART,INDIAMART INTERMESH LTD,INE933S01016,NSE,Unknown,BE
INDIANACRY,INDIANACRYLICS-ROLL SETT,INE862B01013,NSE,Unknown,BE
INDIANB,INDIAN BANK,INE562A01011,NSE,Unknown,BE
INDIANCARD,INDIAN CARD,INE061A01014,NSE,Unknown,BE
INDIANHUME,INDIAN HUME PIPE CO. LTD.,INE323C01030,NSE,Unknown,BE
INDIANORG,INDIAN ORG CHEM LTD,INE564A01017,NSE,Unknown,BE
INDIAPHOTO,INDIAPHOTO - DEP SETT,INE377A01014,NSE,Unknown,BE
INDIASEC,INDIA SECURITIES -DEP SET,INE134A01019,NSE,Unknown,BE
INDIASHLTR,INDIA SHELTER FIN CORP L,INE922K01024,NSE,Unknown,BE
INDIFRA,INDIFRA LIMITED,INE0PS301014,NSE,Unknown,SM
INDIGO,INTERGLOBE AVIATION LTD,INE646L01027,NSE,Unknown,BE
INDIGOPNTS,INDIGO PAINTS LIMITED,INE09VQ01012,NSE,Unknown,BE
INDIQUBE,INDIQUBE SPACES LIMITED,INE06ST01018,NSE,Unknown,BE
INDLMETER,IMP POWERS LTD,INE065B01013,NSE,Unknown,BE
INDOAMIN,INDO AMINES LIMITED,INE760F01028,NSE,Unknown,BE
INDOASAHI,INDO ASAHI GLASS CO LTD,INE158701016,NSE,Unknown,EQ
INDOBORAX,INDO BORAX & CHEMICAL LTD,INE803D01021,NSE,Unknown,BE
INDOCO,INDOCO REMEDIES LTD.,INE873D01024,NSE,Unknown,BE
INDOCOUNT,INDO COUNT INDS-,INE483B01018,NSE,Unknown,BE
INDOFARM,INDO FARM EQUIPMENT LTD,INE622H01018,NSE,Unknown,BE
INDOGULF,INDO GULF CORP-DEPO SETT,INE022A01016,NSE,Unknown,BE
INDORAMA,INDO RAMA SYNTHETICS LTD,INE156A01020,NSE,Unknown,BE
INDORAMSYN,INDO RAMA SYNT. DEP RS,INE156A01012,NSE,Unknown,BE
INDOSTAR,INDOSTAR CAPITAL FIN LTD,INE896L01010,NSE,Unknown,BE
INDOTECH,INDO TECH TRANSFORM LTD.,INE332H01014,NSE,Unknown,BE
INDOTHAI,INDO THAI SEC LTD,INE337M01021,NSE,Unknown,BE
INDOUS,INDO US BIOTECH LTD,INE250Z01010,NSE,Unknown,BE
INDOWIND,INDOWIND ENERGY LTD,INE227G01018,NSE,Unknown,BE
INDOZINC,INDO ZINC LTD,INE160901018,NSE,Unknown,EQ
INDRAMEDCO,INDRAPRASTHA MED-ROLLSETT,INE681B01017,NSE,Unknown,BE
INDRATNA,IND RATNA,INE457501018,NSE,Unknown,EQ
INDSEAMFIN,INDIAN SEAMLESS FIN SERV,INE164101011,NSE,Unknown,EQ
INDSTMSHIP,INDIA STEAMSHIP CO LTD.,INE162601012,NSE,Unknown,EQ
INDSWFTLAB,IND SWIFT LABORATORIES LT,INE915B01019,NSE,Unknown,BE
INDSWFTLTD,IND-SWIFT LIMITED,INE788B01028,NSE,Unknown,BE
INDTERRAIN,IND TERRAIN FASHIONS LTD,INE611L01021,NSE,Unknown,BE
INDTRADECO,IND TRA DECO LTD,INE455501010,NSE,Unknown,EQ
INDUNISSAN,INDU NISSAN OXO CHEM IND.,INE155401016,NSE,Unknown,EQ
INDUSFILA,INDUSFILALIMITED,INE025I01012,NSE,Unknown,BE
INDUSINDBK,INDUSIND DEPO SETT,INE095A01012,NSE,Unknown,BE
INDUSTOWER,INDUS TOWERS LIMITED,INE121J01017,NSE,Unknown,BE
INDYESTUF,IDI LIMITED-DEPO,INE888A01010,NSE,Unknown,BE
INERTIAIND,INERTIA INDUSTRIES LTD.,INE155901015,NSE,Unknown,EQ
INFARINDIA,INFARINDIALTD,INE568A01018,NSE,Unknown,BE
INFIBEAM,INFIBEAM AVENUES LIMITED,INE483S01020,NSE,Unknown,BE
INFINIUM,INFINIUM PHARMACHEM LTD,INE0MRE01011,NSE,Unknown,SM
INFLUX,INFLUX HEALTHTECH LIMITED,INE0MYZ01012,NSE,Unknown,SM
INFOBEAN,INFOBEANS TECHNO. LTD.,INE344S01016,NSE,Unknown,BE
INFOLLION,INFOLLION RESEARCH SER L,INE0NNZ01013,NSE,Unknown,SM
INFOMEDIA,INFOMEDIA PRESS LIMITED,INE669A01022,NSE,Unknown,BE
INFRABEES,NIP IND ETF INFRA BEES,INF732E01268,NSE,Unknown,EQ
INFRAIETF,ICICIPRAMC - ICICIINFRA,INF109KC16E5,NSE,Unknown,EQ
INFY,INFOSYS LIMITED,INE009A01021,NSE,Unknown,BE
INGERRAND,INGERSOLL-RAND DEPO-SETT.,INE177A01018,NSE,Unknown,BE
INM,INTERIORS & MORE LIMITED,INE0OPC01015,NSE,Unknown,SM
INNOMET,INNOMET ADVANCED MATERI L,INE0S1D01010,NSE,Unknown,SM
INNOVACAP,INNOVA CAPTAB LIMITED,INE0DUT01020,NSE,Unknown,BE
INNOVANA,INNOVANA THINKLABS LTD,INE403Y01018,NSE,Unknown,BE
INNOVATIVE,INNOVATIVE TYRES & TUBES,INE070Y01015,NSE,Unknown,SM
INOVATMARN,INNOVATIVE MARINE FOODS L,INE156701018,NSE,Unknown,EQ
INOXINDIA,INOX INDIA LIMITED,INE616N01034,NSE,Unknown,BE
INOXLEISUR,INOX LEISURE LIMITED,INE312H01016,NSE,Unknown,BE
INOXWIND,INOX WIND LIMITED,INE066P01011,NSE,Unknown,BE
INSECTICID,INSECTICIDES (I) LTD,INE070I01018,NSE,Unknown,BE
INSILCO,INSILCO LIMITED DEPO,INE901A01011,NSE,Unknown,BE
INSPIRISYS,INSPIRISYS SOLUTIONS LTD,INE020G01017,NSE,Unknown,BE
INTCOMTECH,ICES SOFTWARE LTD.,INE152901018,NSE,Unknown,EQ
INTEGRFIN,INTEGRATED FINANCE LTD.,INE157801015,NSE,Unknown,EQ
INTEGRITY,INTEGRITY INFRABUILD DE L,INE0YSH01017,NSE,Unknown,SM
INTELLECT,INTELLECT DESIGN ARENA,INE306R01017,NSE,Unknown,BE
INTENTECH,INTENSE TECHNOLOGIES LTD,INE781A01025,NSE,Unknown,BE
INTERARCH,INTERARCH BLDNG SOLTN LTD,INE00M901018,NSE,Unknown,BE
INTERNET,MIRAEAMC - INTERNET,INF769K01PB6,NSE,Unknown,EQ
INTLCONV,INTL CONVEYORS LIMITED,INE575C01027,NSE,Unknown,BE
INTLTRAVHS,INTL TRAVEL HOUSE,INE262B01016,NSE,Unknown,BE
INVELTRANS,GKN DRIVESHAFTS(I)LTD,INE527A01014,NSE,Unknown,BE
IOB,IOB,INE565A01014,NSE,Unknown,BE
IOC,INDIAN OIL CORPLTD-DEP SE,INE242A01010,NSE,Unknown,BE
IOLCP,IOL CHEM AND PHARMA LTD,INE485C01029,NSE,Unknown,BE
IONEXCHANG,ION EXCHANGE (INDIA) LTD,INE570A01022,NSE,Unknown,BE
IPCALAB,IPCA LABS LTD,INE571A01038,NSE,Unknown,BE
IPHL,INDIAN PHOSPHATE LIMITED,INE0DHF01018,NSE,Unknown,SM
IPL,INDIA PESTICIDES LIMITED,INE0D6701023,NSE,Unknown,BE
IPRINGS,IP RINGS LTD,INE558A01019,NSE,Unknown,BE
IPSL,INTEGRATED PERSO SER LTD,INE02EE01019,NSE,Unknown,SM
IRB,IRB INFRA DEV LTD.,INE821I01022,NSE,Unknown,BE
IRCON,IRCON INTERNATIONAL LTD,INE962Y01021,NSE,Unknown,BE
IRCTC,INDIAN RAIL TOUR CORP LTD,INE335Y01020,NSE,Unknown,BE
IRFC,INDIAN RAILWAY FIN CORP L,INE053F01010,NSE,Unknown,BE
IRIS,IRIS BUSINESS SERV LTD,INE864K01010,NSE,Unknown,BE
IRMENERGY,IRM ENERGY LIMITED,INE07U701015,NSE,Unknown,BE
ISEC,ICICI SECURITIES LIMITED,INE763G01038,NSE,Unknown,BE
ISFT,INTRASOFT TECH. LTD,INE566K01011,NSE,Unknown,BE
ISGEC,ISGEC HEAVY ENG LTD,INE858B01029,NSE,Unknown,BE
ISHAN,ISHAN INTERNATIONAL LTD,INE0LCW01025,NSE,Unknown,SM
ISHANCH,ISHAN DYES N CHEMICALS L,INE561M01018,NSE,Unknown,BE
ISIBARS,ISIBARS,INE072A01011,NSE,Unknown,BE
ISMTLTD,ISMT LIMITED,INE732F01019,NSE,Unknown,BE
ISPATALLOY,ISPAT ALLOY LTD-DEP SETT,INE135A01016,NSE,Unknown,BE
ISPATALLOY,ISPAT ALLOYS LTD,INE458501017,NSE,Unknown,EQ
ISSAL,INDIANSEAMLESS-ROLLSETT,INE879C01015,NSE,Unknown,BE
ISWARMEDIC,ISHWAR MEDICAL SERVICES L,INE458401010,NSE,Unknown,EQ
IT,KOTAKMAMC - KOTAKIT,INF174KA1GC5,NSE,Unknown,EQ
ITALIANE,ITALIAN EDIBLES LIMITED,INE0R7R01018,NSE,Unknown,SM
ITBEES,NIP IND ETF IT,INF204KB15V2,NSE,Unknown,EQ
ITC,ITC LTD-DEP SETT,INE154A01025,NSE,Unknown,BE
ITCHOTELS,ITC HOTELS LIMITED,INE379A01028,NSE,Unknown,BE
ITDC,INDIA TOUR. DEV. CO. LTD.,INE353K01014,NSE,Unknown,BE
ITETF,MIRAEAMC - ITETF,INF769K01KV5,NSE,Unknown,EQ
ITETFADD,DSPAMC - DSPITETF,INF740KA1SX1,NSE,Unknown,EQ
ITI,ITI LTD,INE248A01017,NSE,Unknown,BE
ITIETF,ICICIPRAMC - ICICITECH,INF109KC16I6,NSE,Unknown,EQ
ITTL,INNOVATIVE TYRE & TUBE LT,INE070Y01023,NSE,Unknown,SM
ITWSIGNODE,ITW SIGNODE LTD-DEP SETT,INE240A01014,NSE,Unknown,BE
IVALUE,IVALUE INFOSOLUTIONS LTD,INE056801025,NSE,Unknown,BE
IVC,IL&FS INVESTMENT MANAGERS,INE050B01023,NSE,Unknown,BE
IVP,IVP LIMITED,INE043C01018,NSE,Unknown,BE
IVRCLINFRA,IVRCL LIMITED,INE875A01025,NSE,Unknown,BE
IVZINGOLD,INVESCO INDIA GOLD ETF,INF205K01361,NSE,Unknown,EQ
IVZINNIFTY,INVESCO INDIA NIFTY ETF,INF205K01DA9,NSE,Unknown,EQ
IWEL,INOX WIND ENERGY LIMITED,INE0FLR01028,NSE,Unknown,BE
IXIGO,LE TRAVENUES TECHNOLOGY L,INE0HV901016,NSE,Unknown,BE
IZMO,IZMO LIMITED,INE848A01014,NSE,Unknown,BE
JAGAJITIND,JAGAJITINDUS-ROLL SETT,INE574A01016,NSE,Unknown,BE
JAGRAN,JAGRAN PRAKASHAN LIMITED,INE199G01027,NSE,Unknown,BE
JAGSNPHARM,JAGSONPAL PHARMA,INE048B01035,NSE,Unknown,BE
JAIBALAJI,JAI BALAJI INDUSTRIES LTD,INE091G01026,NSE,Unknown,BE
JAICORPLTD,JAI CORP LIMITED,INE070D01027,NSE,Unknown,BE
JAIHINDPRO,JAIHIND PROJECTS LTD,INE343D01010,NSE,Unknown,BE
JAINAM,JAINAM FER ALLOYS (I) LTD,INE02KC01010,NSE,Unknown,SM
JAINIK,JAINIK POWER CABLES LTD,INE0XIL01012,NSE,Unknown,SM
JAINPLAST,JAIN PLASTICS & CHEM LTD,INE145901018,NSE,Unknown,EQ
JAINSTUDIO,JAIN STUDIOS LIMITED,INE486B01011,NSE,Unknown,BE
JAIPARBOLI,JAIPARABOLIC-ROLL SETT,INE686B01016,NSE,Unknown,BE
JAIPURKURT,NANDANI CREATION LIMITED,INE696V01013,NSE,Unknown,BE
JAKHARIA,JAKHARIA FABRIC LIMITED,INE00N401018,NSE,Unknown,SM
JALAN,JALAN TRANSOLU. INDIA LTD,INE349X01015,NSE,Unknown,SM
JALANFORG,JALAN FORGINGS LTD,INE146501015,NSE,Unknown,EQ
JAMNAAUTO,JAMNA AUTO IND LTD,INE039C01032,NSE,Unknown,BE
JAMNAUTO,JAMNA AUTO IND LTD,INE147001015,NSE,Unknown,EQ
JARO,JARO INS OF TEC MG N RE L,INE00YJ01010,NSE,Unknown,BE
JASCHIND,JASCH INDUSTRIES LTD,INE147601012,NSE,Unknown,EQ
JASH,JASH ENGINEERING LIMITED,INE039O01011,NSE,Unknown,SM
JASH,JASH ENGINEERING LIMITED,INE039O01029,NSE,Unknown,BE
JASWALGRAN,JASWAL GRANITES LTD,INE147801018,NSE,Unknown,EQ
JAYAGROGN,JAYAGROGN -,INE785A01026,NSE,Unknown,BE
JAYBARMARU,JAYBHARATMARU-,INE571B01036,NSE,Unknown,BE
JAYBEE,JAY BEE LAMINATIONS LTD,INE0SMY01017,NSE,Unknown,SM
JAYBUSMAC,JAYANTI BUSINESS MACHINES,INE142501019,NSE,Unknown,EQ
JAYDYSTUF,JAYSYNTH DYESTUFF (I) LTD,INE142901011,NSE,Unknown,EQ
JAYNECOIND,JAYASWAL NECO INDUSTR LTD,INE854B01010,NSE,Unknown,BE
JBCHEPHARM,JBCHEPHARM,INE572A01036,NSE,Unknown,BE
JBFIND,JBF INDUS LTD -DEP-LS ML,INE187A01017,NSE,Unknown,BE
JBMA,JBM AUTO LIMITED,INE927D01051,NSE,Unknown,BE
JCHAC,JOHNSON CONTROLS HITACHI,INE782A01015,NSE,Unknown,BE
JCT,JCT LTD-DEPO,INE945A01018,NSE,Unknown,BE
JERSY,JERSY INDIA LTD,INE143501018,NSE,Unknown,EQ
JETAIRWAYS,JET AIRWAYS (INDIA) LTD.,INE802G01018,NSE,Unknown,BE
JETKNIT,JET KNITWEARS LTD.,INE564T01017,NSE,Unknown,SM
JEYYAM,JEYYAM GLOBAL FOODS LTD,INE0RXB01022,NSE,Unknown,SM
JFLABS,JFLABORATORIES-ROLL SETT,INE226C01019,NSE,Unknown,BE
JFLLIFE,JFL LIFE SCIENCES LIMITED,INE0LA901015,NSE,Unknown,SM
JGCHEM,J.G.CHEMICALS LIMITED,INE0MB501011,NSE,Unknown,BE
JHS,JHS SVEND. LAB. LTD,INE544H01014,NSE,Unknown,BE
JIKIND,JIK INDUSTRIES LTD,INE026B01049,NSE,Unknown,BE
JINDALDRUG,JINDAL DRUGS LTD,INE459101015,NSE,Unknown,EQ
JINDALPHOT,JINDAL PHOTO LIMITED,INE796G01012,NSE,Unknown,BE
JINDALPOLY,JINDAL POLY FILMS LIMITED,INE197D01010,NSE,Unknown,BE
JINDALSAW,JINDAL SAW LIMITED,INE324A01032,NSE,Unknown,BE
JINDALSTEL,JINDAL STEEL LIMITED,INE749A01030,NSE,Unknown,BE
JINDCOT,JINDAL COTEX LTD,INE904J01016,NSE,Unknown,BE
JINDRILL,JINDAL DRILLING IND. LTD,INE742C01031,NSE,Unknown,BE
JINDWORLD,JINDAL WORLDWIDE LTD,INE247D01039,NSE,Unknown,BE
JIOFIN,JIO FIN SERVICES LTD,INE758E01017,NSE,Unknown,BE
JISLJALEQS,JAIN IRRIGATION SYSTEMS,INE175A01038,NSE,Unknown,BE
JITFINFRA,JITF INFRALOGISTICS LTD,INE863T01013,NSE,Unknown,BE
JIWANRAM,JIWANRAM SHEODUTTRA IND L,INE0N5H01017,NSE,Unknown,SM
JIYAECO,JIYA ECO-PRODUCTS LTD,INE023S01016,NSE,Unknown,BE
JKBANK,J&K BANK,INE168A01041,NSE,Unknown,BE
JKCEMENT,JK CEMENT LIMITED,INE823G01014,NSE,Unknown,BE
JKCORP,JK CORP LTD,INE786A01016,NSE,Unknown,BE
JKDAIRY,JK DAIRY AND FOODS LTD,INE458701013,NSE,Unknown,EQ
JKIL,JKUMAR INFR.LTD.,INE576I01022,NSE,Unknown,BE
JKIND,JK INDUSTRIES LTD,INE573A01018,NSE,Unknown,BE
JKLAKSHMI,JK LAKSHMI CEMENT LTD,INE786A01032,NSE,Unknown,BE
JKPAPER,JK PAPER LIMITED,INE789E01012,NSE,Unknown,BE
JKPHARMA,JKPHARMACHEM,INE335C01018,NSE,Unknown,BE
JKSYNTHETC,JK SYNTHETICS LTD,INE150501018,NSE,Unknown,EQ
JKSYNTHETC,JK SYNTHETICS LTD - DEPO,INE903A01017,NSE,Unknown,BE
JKUDYOG,JKUDAIPURUDYOG,INE225C01011,NSE,Unknown,BE
JLHL,JUPITER LIFE LINE HOSP L,INE682M01012,NSE,Unknown,BE
JMA,JULLUNDUR MOT AGENCY LTD,INE412C01023,NSE,Unknown,BE
JMCPROJECT,JMC PROJECTS (I) LTD.,INE890A01024,NSE,Unknown,BE
JMFINANCIL,JM FINANCIAL LIMITED,INE780C01023,NSE,Unknown,BE
JMTAUTOLTD,JMT AUTO LIMITED,INE988E01036,NSE,Unknown,BE
JNKINDIA,JNK INDIA LIMITED,INE0OAF01028,NSE,Unknown,BE
JOCIL,JOCIL LIMITED,INE839G01010,NSE,Unknown,BE
JORDENGG,JORD ENGINEERS (I) LTD,INE138601013,NSE,Unknown,EQ
JPASSOCIAT,JAIPRAKASH ASSOCIATES LTD,INE455F01025,NSE,Unknown,BE
JPINFRATEC,JAYPEE INFRATECH LTD,INE099J01015,NSE,Unknown,BE
JPOLYINVST,JIND POL INV & FIN CO LTD,INE147P01019,NSE,Unknown,BE
JSFB,JANA SMALL FIN BANK LTD,INE953L01027,NSE,Unknown,BE
JSL,JINDAL STAINLESS LIMITED,INE220G01021,NSE,Unknown,BE
JSLHISAR,JINDAL STAINLESS (H) LTD,INE455T01018,NSE,Unknown,BE
JSLL,JEENA SIKHO LIFECARE LTD,INE0J5801029,NSE,Unknown,BE
JSWCEMENT,JSW CEMENT LIMITED,INE718I01012,NSE,Unknown,BE
JSWENERGY,JSW ENERGY LIMITED,INE121E01018,NSE,Unknown,BE
JSWHL,JSW HOLDINGS LIMITED,INE824G01012,NSE,Unknown,BE
JSWINFRA,JSW INFRASTRUCTURE LTD,INE880J01026,NSE,Unknown,BE
JSWISPL,JSW ISPAT SPE PRO LTD,INE743C01021,NSE,Unknown,BE
JSWSTEEL,JSW STEEL LIMITED,INE019A01038,NSE,Unknown,BE
JTEKTINDIA,JTEKT INDIA LIMITED,INE643A01035,NSE,Unknown,BE
JTLIND,JTL INDUSTRIES LIMITED,INE391J01032,NSE,Unknown,BE
JUBLCPL,JUBILANT AGRI N CON PRO L,INE03CC01015,NSE,Unknown,BE
JUBLFOOD,JUBILANT FOODWORKS LTD,INE797F01020,NSE,Unknown,BE
JUBLINDS,JUBILANT INDUSTRIES LTD,INE645L01011,NSE,Unknown,BE
JUBLPHARMA,JUBILANT PHARMOVA LTD,INE700A01033,NSE,Unknown,BE
JUNIORBEES,NIP IND ETF JUNIOR BEES,INF732E01045,NSE,Unknown,EQ
JUNIPER,JUNIPER HOTELS LIMITED,INE696F01016,NSE,Unknown,BE
JUPITER,JUPITER BIOSCIENCE LTD,INE918B01013,NSE,Unknown,BE
JUSTDIAL,JUSTDIAL LTD.,INE599M01018,NSE,Unknown,BE
JVLAGRO,JVL AGRO INDUSTRIES LTD,INE430G01026,NSE,Unknown,BE
JWL,JUPITER WAGONS LIMITED,INE209L01016,NSE,Unknown,BE
JYOTHYLAB,JYOTHY LABS LIMITED,INE668F01031,NSE,Unknown,BE
JYOTICNC,JYOTI CNC AUTOMATION LTD,INE980O01024,NSE,Unknown,BE
JYOTIGLOBL,JYOTI GLOBAL PLAST LTD,INE1M3T01017,NSE,Unknown,SM
JYOTISTRUC,JYOTI STRUCTURES,INE197A01024,NSE,Unknown,BE
K2INFRA,K2 INFRAGEN LIMITED,INE0DEZ01013,NSE,Unknown,SM
KABRAEXTRU,KABRAEXTRUSION,INE900B01029,NSE,Unknown,BE
KAJARIACER,KAJARIA CERAMICS LTD,INE217B01036,NSE,Unknown,BE
KAKATCEM,KAKATIYA CEM SUGAR &IND L,INE437B01014,NSE,Unknown,BE
KALAMANDIR,SAI SILKS (KALAMANDIR) L,INE438K01021,NSE,Unknown,BE
KALANA,KALANA ISPAT LIMITED,INE0T0L01014,NSE,Unknown,SM
KALPATARU,KALPATARU LIMITED,INE227J01012,NSE,Unknown,BE
KALYANI,KALYANI COMMERCIALS LTD,INE610E01010,NSE,Unknown,BE
KALYANIFRG,KALYANI FORGE LIMITED,INE314G01014,NSE,Unknown,BE
KALYANISHP,KALYANI SHARP I LTD,INE207B01011,NSE,Unknown,BE
KALYANISTL,KALYANI STEELS LTD,INE907A01018,NSE,Unknown,BE
KALYANKJIL,KALYAN JEWELLERS IND LTD,INE303R01014,NSE,Unknown,BE
KAMATHOTEL,KAMAT HOTELS (I) LTD,INE967C01018,NSE,Unknown,BE
KAMDHENU,KAMDHENU LIMITED,INE390H01020,NSE,Unknown,BE
KAMOPAINTS,KAMDHENU VENTURES LIMITED,INE0BTI01037,NSE,Unknown,BE
KANAKSTEEL,KANAKDHARA STEEL LTD,INE137801010,NSE,Unknown,EQ
KANANIIND,KANANI INDUSTRIES LTD,INE879E01037,NSE,Unknown,BE
KANDARP,KANDARP DG SMART BPO LTD,INE0MOT01016,NSE,Unknown,SM
KANELOIL,KANEL OILS & EXPO. INDS.,INE138101014,NSE,Unknown,EQ
KANORICHEM,KANORIACHEMICALS-,INE138C01024,NSE,Unknown,BE
KANPRPLA,KANPUR PLASTIPACK LIMITED,INE694E01014,NSE,Unknown,BE
KANSAINER,KANSAI NEROLAC PAINTS LTD,INE531A01024,NSE,Unknown,BE
KAPSTON,KAPSTON SERVICES LIMITED,INE542Z01010,NSE,Unknown,SM
KAPSTON,KAPSTON SERVICES LIMITED,INE542Z01028,NSE,Unknown,BE
KARMAENG,KARMA ENERGY LIMITED,INE725L01011,NSE,Unknown,BE
KARNIKA,KARNIKA INDUSTRIES LTD,INE0MGA01012,NSE,Unknown,SM
KARURVYSYA,KARURVYSYABANK,INE036D01028,NSE,Unknown,BE
KATARIA,KATARIA INDUSTRIES LTD,INE0SVY01018,NSE,Unknown,SM
KAUSHALYA,KAUSHALYA INFRA DEV LTD.,INE234I01028,NSE,Unknown,BE
KAVDEFENCE,KAVVERI DFS & WIR TEC LTD,INE641C01019,NSE,Unknown,BE
KAYA,KAYA LIMITED,INE587G01015,NSE,Unknown,BE
KAYNES,KAYNES TECHNOLOGY IND LTD,INE918Z01012,NSE,Unknown,BE
KAYTEX,KAYTEX FABRICS LIMITED,INE13ZD01013,NSE,Unknown,SM
KCEIL,KAY CEE ENERGY & INFRA L,INE0RCG01017,NSE,Unknown,SM
KCK,KCK INDUSTRIES LTD,INE0J1E01027,NSE,Unknown,SM
KCP,KCP LIMITED,INE805C01028,NSE,Unknown,BE
KCPSUGIND,KCPSUGARINDUS,INE790B01024,NSE,Unknown,BE
KDDL,KDDL LIMITED,INE291D01011,NSE,Unknown,BE
KDL,KORE DIGITAL LIMITED,INE0O4R01018,NSE,Unknown,SM
KEC,KEC INTL. LIMITED,INE389H01022,NSE,Unknown,BE
KECL,KIRLOSKAR ELECTRIC CO LTD,INE134B01017,NSE,Unknown,BE
KEEPLEARN,DSJ KEEP LEARNING LTD,INE055C01020,NSE,Unknown,BE
KEI,KEI INDUSTRIES LTD.,INE878B01027,NSE,Unknown,BE
KEL,KUNDAN EDIFICE LIMITED,INE0OWX01025,NSE,Unknown,SM
KELLTONTEC,KELLTON TECH SOL LTD,INE164B01030,NSE,Unknown,BE
KEN,KEN ENTERPRISES LIMITED,INE15DO01012,NSE,Unknown,SM
KENNAMET,KENNAMETAL INDIA LIMITED,INE717A01029,NSE,Unknown,BE
KERALACHEM,KERALA CHEMICALS,INE265B01019,NSE,Unknown,BE
KERNEX,KERNEX MICROSYS(I) LTD,INE202H01019,NSE,Unknown,BE
KESORAMIND,KESORAM INDUSTRIES LTD,INE087A01019,NSE,Unknown,BE
KESWANISYN,KESWANI SYNTHETIC IND LTD,INE130801017,NSE,Unknown,EQ
KEYFINSERV,KEYNOTE FIN SERV LTD.,INE681C01015,NSE,Unknown,BE
KFINTECH,KFIN TECHNOLOGIES LIMITED,INE138Y01010,NSE,Unknown,BE
KGDENIM,K G DENIM LTD- DEPO SETT,INE104A01012,NSE,Unknown,BE
KGKHOSLA,KGKHOSLA - DEPO,INE811A01012,NSE,Unknown,BE
KGL,KARUTURI GLOBAL LIMITED,INE299C01024,NSE,Unknown,BE
KHADIM,KHADIM INDIA LIMITED,INE834I01025,NSE,Unknown,BE
KHAICHEM,KHAITAN CHEM & FERT LTD,INE745B01028,NSE,Unknown,BE
KHAITANELE,KHAITAN ELECTRICALS LTD,INE761A01019,NSE,Unknown,BE
KHAITANLTD,KHAITAN (INDIA)LTD.,INE731C01018,NSE,Unknown,BE
KHANDSE,KHANDWALA SECURITIES LTD,INE060B01014,NSE,Unknown,BE
KHATJUNKER,INDOKEM LTD,INE131901014,NSE,Unknown,EQ
KHFM,KHFM HOS FAC MANA SER LTD,INE00UG01014,NSE,Unknown,SM
KICL,KALYANI INVEST CO LTD,INE029L01018,NSE,Unknown,BE
KILBUNENGG,KILBURN ENGG. LTD.,INE126501019,NSE,Unknown,EQ
KILITCH,KILITCH DRUGS INDIA LTD,INE729D01010,NSE,Unknown,BE
KIMS,KRISHNA INST OF MED SCI L,INE967H01025,NSE,Unknown,BE
KINETICENG,KINETIC ENGG,INE266B01017,NSE,Unknown,BE
KINGFA,KINGFA SCI & TEC IND LTD.,INE473D01015,NSE,Unknown,BE
KINGSINTL,KINGS INTERNATIONAL AQUA,INE127201015,NSE,Unknown,EQ
KIOCL,KIOCL LIMITED,INE880L01014,NSE,Unknown,BE
KIRANOVER,KIRAN OVERSEAS EXPORTS LT,INE127401011,NSE,Unknown,EQ
KIRIINDUS,KIRI INDUSTRIES LIMITED,INE415I01015,NSE,Unknown,BE
KIRLFER,KIRLOSKAR FERROUS IND LTD,INE884B01025,NSE,Unknown,BE
KIRLOSBROS,KIRLOSKAR BROTHERS LTD,INE732A01036,NSE,Unknown,BE
KIRLOSELEC,KIRLOSKAR ELECTRODYNE LTD,INE459501016,NSE,Unknown,EQ
KIRLOSENG,KIRLOSKAR OIL ENG LTD,INE146L01010,NSE,Unknown,BE
KIRLOSFERR,KIRLOSKARFERROUS,INE884B01017,NSE,Unknown,BE
KIRLOSIND,KIRLOSKAR INDUSTRIES LTD,INE250A01039,NSE,Unknown,BE
KIRLOSINV,KIRLOSINV INV&FIN-DEPO,INE195B01018,NSE,Unknown,BE
KIRLOSPNEU,KIRLOSKAR PNEU CL-DEP SET,INE328A01017,NSE,Unknown,BE
KIRLPNU,KIRLOSKAR PNEUMATIC COM L,INE811A01020,NSE,Unknown,BE
KITEX,KITEX GARMENTS LTD,INE602G01020,NSE,Unknown,BE
KITSTEEL,KITTI STEELS LTD.,INE128601015,NSE,Unknown,EQ
KJINTL,KJ INTL. LTD.,INE459201013,NSE,Unknown,EQ
KKCL,KEWAL KIRAN CLOTHING LTD,INE401H01017,NSE,Unknown,BE
KKJEWELS,KABRA JEWELS LIMITED,INE0XOW01017,NSE,Unknown,SM
KKVAPOW,KKV AGRO POWERS LTD.,INE239T01016,NSE,Unknown,SM
KLL,KAUSHALYA LOGISTICS LTD,INE0Q2V01012,NSE,Unknown,SM
KMEW,KNOWLEDGE MARINE & EN W L,INE0CJD01011,NSE,Unknown,BE
KMSUGAR,K M SUGAR MILLS LTD,INE157H01023,NSE,Unknown,BE
KNAGRI,KN AGRI RESOURCES LIMITED,INE0KNW01016,NSE,Unknown,SM
KNRCON,KNR CONSTRU LTD.,INE634I01029,NSE,Unknown,BE
KODYTECH,KODY TECHNOLAB LIMITED,INE0Q7P01013,NSE,Unknown,SM
KOHINOOR,KOHINOOR FOODS LIMITED,INE080B01012,NSE,Unknown,BE
KOKUYOCMLN,KOKUYO CAMLIN LIMITED,INE760A01029,NSE,Unknown,BE
KOLTEPATIL,KOLTE PATIL DEV. LTD.,INE094I01018,NSE,Unknown,BE
KONSTELEC,KONSTELEC ENGINEERS LTD,INE0QEI01011,NSE,Unknown,SM
KONTOR,KONTOR SPACE LIMITED,INE0KZ301010,NSE,Unknown,SM
KOPRAN,KOPRAN LTD,INE082A01010,NSE,Unknown,BE
KOTAKBANK,KOTAK MAHINDRA BANK LTD,INE237A01028,NSE,Unknown,BE
KOTARISUG,KOTHARI SUG & CHEM LTD.,INE419A01022,NSE,Unknown,BE
KOTHARINDL,KOTHARI INDUSTRIAL CORPOR,INE972A01012,NSE,Unknown,EQ
KOTHARIPET,KOTHARI PETROCHEM LTD,INE720A01015,NSE,Unknown,BE
KOTHARIPRO,KOTHARI PRODUCTS,INE823A01017,NSE,Unknown,BE
KOTYARK,KOTYARK INDUSTRIES LTD,INE0J0B01017,NSE,Unknown,SM
KOVAI,KOVAI MEDICAL CENTER & HO,INE177F01017,NSE,Unknown,BE
KPEL,K.P. ENERGY LIMITED,INE127T01021,NSE,Unknown,BE
KPIL,KALPATARU PROJECT INT LTD,INE220B01022,NSE,Unknown,BE
KPITTECH,KPIT TECHNOLOGIES LIMITED,INE04I401011,NSE,Unknown,BE
KPRMILL,KPR MILL LTD.,INE930H01031,NSE,Unknown,BE
KRBL,KRBL LIMITED,INE001B01026,NSE,Unknown,BE
KRIDHANINF,KRIDHAN INFRA LIMITED,INE524L01026,NSE,Unknown,BE
KRISHANA,KRISHANA PHOSCHEM LIMITED,INE506W01012,NSE,Unknown,BE
KRISHCA,KRISHCA STRAPPING SLTN L,INE0NR701018,NSE,Unknown,SM
KRISHIVAL,KRISHIVAL FOODS LIMITED,INE0GGO01015,NSE,Unknown,BE
KRISHNADEF,KRISHNA DEF AND ALD IND L,INE0J5601015,NSE,Unknown,SM
KRISNAFILA,KRISHNAFILA - DEPO.SETT,INE073A01019,NSE,Unknown,BE
KRITI,KRITI INDUSTRIES IND LTD,INE479D01038,NSE,Unknown,BE
KRITIKA,KRITIKA WIRES LIMITED,INE00Z501011,NSE,Unknown,SM
KRITIKA,KRITIKA WIRES LIMITED,INE00Z501029,NSE,Unknown,BE
KRITINUT,KRITI NUTRIENTS LIMITED,INE798K01010,NSE,Unknown,BE
KRN,KRN HEAT EXCHANGE N REF L,INE0Q3J01015,NSE,Unknown,BE
KRONECOMM,KRONE COMM LTD,INE833A01016,NSE,Unknown,BE
KRONOX,KRONOX LAB SCIENCES LTD,INE0ATZ01017,NSE,Unknown,BE
KROSS,KROSS LIMITED,INE0O6601022,NSE,Unknown,BE
KRSNAA,KRSNAA DIAGNOSTICS LTD,INE08LI01020,NSE,Unknown,BE
KRYSTAL,KRYSTAL INTEGRATED SER L,INE0QN801017,NSE,Unknown,BE
KSB,KSB LIMITED,INE999A01023,NSE,Unknown,BE
KSCL,KAVERI SEED CO. LTD.,INE455I01029,NSE,Unknown,BE
KSERASERA,KSS LIMITED,INE216D01026,NSE,Unknown,BE
KSHITIJPOL,KSHITIJ POLYLINE LIMITED,INE013801027,NSE,Unknown,BE
KSHITIJPOL,KSHITIJ POLYLINE LIMITED,INE013801019,NSE,Unknown,SM
KSK,KSK ENERGY VENTURES LTD,INE143H01015,NSE,Unknown,BE
KSL,KALYANI STEELS LIMITED,INE907A01026,NSE,Unknown,BE
KSOLVES,KSOLVES INDIA LIMITED,INE0D6I01015,NSE,Unknown,SM
KSOLVES,KSOLVES INDIA LIMITED,INE0D6I01023,NSE,Unknown,BE
KTKBANK,KARNATAKABANK-,INE614B01018,NSE,Unknown,BE
KTL,KALAHRIDHAAN TRENDZ LTD,INE02M801018,NSE,Unknown,SM
KUANTUM,KUANTUM PAPERS LIMITED,INE529I01021,NSE,Unknown,BE
KUNDANMM,KUNDAN MIN AND METALS LTD,INE889B01016,NSE,Unknown,BE
KUSUMINGOT,KUSUM INGOTS & ALLOYS LTD,INE121501014,NSE,Unknown,EQ
KWALITY,KWALITY LIMITED,INE775B01025,NSE,Unknown,BE
LABHCONST,LABH CONSTRUCTION LTD.,INE116101010,NSE,Unknown,EQ
LAGNAM,LAGNAM SPINTEX LIMITED,INE548Z01017,NSE,Unknown,BE
LAKHNNATNL,LAKHANPAL NATIONAL,INE795A01017,NSE,Unknown,BE
LAKSELECON,LAKSHMI ELECT CONTROL SYS,INE117401013,NSE,Unknown,EQ
LAKSHMIEFL,LAKSHMI ENG. & FOODS LTD,INE992B01026,NSE,Unknown,BE
LAKSHMILL,LAKSHMILLSCO,INE938C01019,NSE,Unknown,BE
LAKSHVILAS,LAKSHMIVILASBANK,INE694C01018,NSE,Unknown,BE
LAKSHYA,LAKSHYA POWERTECH LIMITED,INE0VZS01015,NSE,Unknown,SM
LAL,LORENZINI APPARELS LTD,INE740X01023,NSE,Unknown,BE
LALPATHLAB,DR. LAL PATH LABS LTD.,INE600L01024,NSE,Unknown,BE
LAMBODHARA,LAMBODHARA TEXTILES LTD.,INE112F01022,NSE,Unknown,BE
LAMOSAIC,LAMOSAIC INDIA LIMITED,INE0R0201012,NSE,Unknown,SM
LANCER,LANCER CONTAINER LINE LTD,INE359U01028,NSE,Unknown,BE
LANCOIND,LANCO INDUSTRIES,INE943C01019,NSE,Unknown,BE
LANCORHOL,LANCOR HOLDINGS LIMITED,INE572G01025,NSE,Unknown,BE
LANDMARK,LANDMARK CARS LIMITED,INE559R01029,NSE,Unknown,BE
LAOPALA,LA OPALA RG LIMITED,INE059D01020,NSE,Unknown,BE
LASA,LASA SUPERGENERICS LTD,INE670X01014,NSE,Unknown,BE
LATENTVIEW,LATENT VIEW ANALYTICS LTD,INE0I7C01011,NSE,Unknown,BE
LATTEYS,LATTEYS INDUSTRIES LTD,INE262Z01023,NSE,Unknown,BE
LAURUSLABS,LAURUS LABS LIMITED,INE947Q01028,NSE,Unknown,BE
LAWSIKHO,ADDICTIVE LEARNING TECH L,INE0RDH01021,NSE,Unknown,SM
LAXMICOT,LAXMI COTSPIN LIMITED,INE801V01019,NSE,Unknown,BE
LAXMIDENTL,LAXMI DENTAL LIMITED,INE0WO601020,NSE,Unknown,BE
LAXMIINDIA,LAXMI INDIA FINANCE LTD,INE06WU01026,NSE,Unknown,BE
LCCINFOTEC,LCC INFOTECH LTD,INE938A01021,NSE,Unknown,BE
LDTEXT,LD TEXTILES IND. LTD.,INE122001014,NSE,Unknown,EQ
LEEL,LEEL ELECTRICALS LIMITED,INE245C01019,NSE,Unknown,BE
LEENATEX,LEENA TEXTILES LTD,INE113401017,NSE,Unknown,EQ
LEMERITE,LE MERITE EXPORTS LIMITED,INE0G1L01017,NSE,Unknown,SM
LEXUS,LEXUS GRANITO (INDIA) LTD,INE500X01013,NSE,Unknown,BE
LFIC,LAKSHMI FIN IND CORP LTD,INE850E01012,NSE,Unknown,BE
LGBBROSLTD,LG BALAKRISHNAN & BROS,INE337A01034,NSE,Unknown,BE
LGBFORGE,LGB FORGE LIMITED,INE201J01017,NSE,Unknown,BE
LGHL,LAXMI GOLDORNA HOUSE LTD,INE258Y01016,NSE,Unknown,BE
LIBAS,LIBAS CONSU PRODUCTS LTD,INE908V01012,NSE,Unknown,BE
LIBERTSHOE,LIBERTYSHOESLTD,INE557B01019,NSE,Unknown,BE
LICHSGFIN,LIC HOUSING. FIN.- DEP RS,INE115A01026,NSE,Unknown,BE
LICI,LIFE INSURA CORP OF INDIA,INE0J1Y01017,NSE,Unknown,BE
LICMFGOLD,LIC MF - LIC GOLD ETF,INF397L01554,NSE,Unknown,EQ
LICNETFGSC,LICNAMC - LICNMFET,INF767K01MV5,NSE,Unknown,EQ
LICNETFN50,LICNAMC - LICNFENGP,INF767K01OS7,NSE,Unknown,EQ
LICNETFSEN,LICNAMC - LICNFESGP,INF767K01OT5,NSE,Unknown,EQ
LICNFNHGP,LICNAMC - LICNFNHGP,INF767K01PC8,NSE,Unknown,EQ
LICNMID100,LICNAMC - LICNMID100,INF767K01RN1,NSE,Unknown,EQ
LIKHITHA,LIKHITHA INFRASTRUC LTD,INE060901027,NSE,Unknown,BE
LINC,LINC LIMITED,INE802B01027,NSE,Unknown,BE
LINCOLN,LINCOLN PHARMA LTD,INE405C01035,NSE,Unknown,BE
LINDEINDIA,LINDE INDIA LIMITED,INE473A01011,NSE,Unknown,BE
LIQGRWBEES,NIPPONAMC - LIQGRWBEES,INF204KC1FU1,NSE,Unknown,EQ
LIQUID,MIRAEAMC - LIQUID,INF769K01KS1,NSE,Unknown,EQ
LIQUID1,KOTAKMAMC - KOTAKLIQ,INF174KA1LV5,NSE,Unknown,EQ
LIQUIDADD,DSPAMC - LIQUIDADD,INF740KA1UM0,NSE,Unknown,EQ
LIQUIDBEES,NIP IND ETF LIQUID BEES,INF732E01037,NSE,Unknown,EQ
LIQUIDBETF,BFAM - LIQUIDBETF,INF0QA701854,NSE,Unknown,EQ
LIQUIDCASE,ZERODHAAMC - LIQUIDCASE,INF0R8F01034,NSE,Unknown,EQ
LIQUIDETF,DSP LIQUID ETF,INF740KA1EU7,NSE,Unknown,EQ
LIQUIDIETF,ICICIPRAMC - ICICILIQ,INF109KC1KT9,NSE,Unknown,EQ
LIQUIDPLUS,MIRAEAMC - LIQUIDPLUS,INF769K01MY5,NSE,Unknown,EQ
LIQUIDSBI,SBIAMC - LIQUIDSBI,INF200KA13Z8,NSE,Unknown,EQ
LIQUIDSHRI,SHRIRAM - LIQUIDSHRI,INF680P01422,NSE,Unknown,EQ
LKPMERFIN,LKP MERCHANT FINANCING LT,INE115201019,NSE,Unknown,EQ
LLOYDMETAL,LLOYD METALS & ENGG LTD,INE115301017,NSE,Unknown,EQ
LLOYDMETAL,LLOYDSMETALENG-ROLL SETT,INE281B01016,NSE,Unknown,BE
LLOYDS,LLOYDS LUXURIES LIMITED,INE0DTQ01028,NSE,Unknown,SM
LLOYDSENGG,LLOYDS ENGG WORK LIMITED,INE093R01011,NSE,Unknown,BE
LLOYDSENT,LLOYDS ENTERPRISES LTD,INE080I01025,NSE,Unknown,BE
LLOYDSME,LLOYDS METALS N ENERGY L,INE281B01032,NSE,Unknown,BE
LMW,LMW LIMITED,INE269B01029,NSE,Unknown,BE
LODHA,LODHA DEVELOPERS LIMITED,INE670K01029,NSE,Unknown,BE
LOKESHMACH,LOKESH MACHINES LTD,INE397H01017,NSE,Unknown,BE
LOKHSG,LOK HOUSING & CONSTRUCTIO,INE115701018,NSE,Unknown,EQ
LORDSCHLO,LORDS CHLORO ALKALI LTD,INE846D01012,NSE,Unknown,BE
LOTUSDEV,SRI LOTUS DEVLPRS N RTY L,INE0V9Q01010,NSE,Unknown,BE
LOTUSEYE,LOTUS EYE HOSP & INST L,INE947I01017,NSE,Unknown,BE
LOVABLE,LOVABLE LINGERIE LTD,INE597L01014,NSE,Unknown,BE
LOWVOL,MIRAEAMC - MANV30F,INF769K01JU9,NSE,Unknown,EQ
LOWVOL1,KOTAKMAMC - KOTAKLOVOL,INF174KA1IY5,NSE,Unknown,EQ
LOWVOLIETF,ICICI PR NIF LW VL 30 ETF,INF109KC19U5,NSE,Unknown,EQ
LOYALTEX,LOYAL TEXTILE MILLS LTD,INE970D01010,NSE,Unknown,BE
LPDC,LANDMARK PR.DEV.CO.LTD,INE197J01017,NSE,Unknown,BE
LRRPL,LEAD REC AND RUB PROD LTD,INE0H4B01011,NSE,Unknown,SM
LT,LARSEN & TOUBRO LTD.,INE018A01030,NSE,Unknown,BE
LTF,L&T FINANCE LIMITED,INE498L01015,NSE,Unknown,BE
LTFOODS,LT FOODS LIMITED,INE818H01020,NSE,Unknown,BE
LTGILTBEES,NIP IND ETF LONGTERM GILT,INF204KB1882,NSE,Unknown,EQ
LTGILTCASE,ZERODHAAMC - LTGILTCASE,INF0R8F01133,NSE,Unknown,EQ
LTIM,LTIMINDTREE LIMITED,INE214T01019,NSE,Unknown,BE
LTTS,L&T TECHNOLOGY SER. LTD.,INE010V01017,NSE,Unknown,BE
LUMAXIND,LUMAX INDUSTRIES LTD,INE162B01018,NSE,Unknown,BE
LUMAXTECH,LUMAX AUTO TECH LTD,INE872H01027,NSE,Unknown,BE
LUNARDIAM,LUNAR DIAMONDS LTD,INE109601018,NSE,Unknown,EQ
LUPIN,LUPIN LIMITED,INE326A01037,NSE,Unknown,BE
LUXIND,LUX INDUSTRIES LIMITED,INE150G01020,NSE,Unknown,BE
LXCHEM,LAXMI ORGANIC INDUS LTD,INE576O01020,NSE,Unknown,BE
LYKALABS,LYKA LABS LTD.,INE933A01014,NSE,Unknown,BE
LYPSAGEMS,LYPSA GEMS & JEWEL LTD,INE142K01011,NSE,Unknown,BE
MAANALU,MAAN ALUMINIUM LIMITED,INE215I01027,NSE,Unknown,BE
MACOBSTECH,MACOBS TECHNOLOGIES LTD,INE0R0J01010,NSE,Unknown,SM
MACPOWER,MACPOWER CNC MACHINES LTD,INE155Z01011,NSE,Unknown,BE
MADHAV,MADHAV MARBLE & GRANITE,INE925C01016,NSE,Unknown,BE
MADHAVBAUG,VAIDYA SANE AYUR LAB LTD,INE0JR301013,NSE,Unknown,SM
MADHUCON,MADHUCON PROJECTS LTD.,INE378D01032,NSE,Unknown,BE
MADHURFOOD,MADHUR FOOD PRODUCTS LTD,INE112401018,NSE,Unknown,EQ
MADHUSUDAN,MADHUSUDAN MASALA LIMITED,INE0P6701019,NSE,Unknown,SM
MADHUSYNTX,MADHUMILAN SYNTEX LTD,INE112301010,NSE,Unknown,EQ
MADRASALMN,MADRAS ALUMINUM CO.,INE223B01018,NSE,Unknown,BE
MADRASFERT,MADRAS FERTILISERS LTD,INE414A01015,NSE,Unknown,BE
MADRASMFIN,MADRAS MOTOR FIN. & GUAR.,INE106801017,NSE,Unknown,EQ
MADSUDIND,MADHUSUDAN IND. LTD.,INE112501015,NSE,Unknown,EQ
MADURACOAT,MADURA COATS  LTD.,INE122A01014,NSE,Unknown,BE
MAFANG,MIRAEAMC - MAFANG,INF769K01HF4,NSE,Unknown,EQ
MAFATLAFIN,MAFATLALFINANCE,INE965B01014,NSE,Unknown,BE
MAFATLAIND,MAFATLALINDUS-ROLLSETT,INE270B01019,NSE,Unknown,BE
MAGADSUGAR,MAGADH SUGAR & ENERGY LTD,INE347W01011,NSE,Unknown,BE
MAGNUM,MAGNUM VENTURES LTD.,INE387I01016,NSE,Unknown,BE
MAGSON,MAGSON RETAIL AND DIST L,INE0O1S01012,NSE,Unknown,SM
MAHABANK,BANK OF MAHARASHTRA,INE457A01014,NSE,Unknown,BE
MAHAGRO,MAHADEV INDUSTRIES LTD.,INE460801017,NSE,Unknown,EQ
MAHAPEXLTD,MAHA RASHTRA APEX COPR. L,INE843B01013,NSE,Unknown,BE
MAHASTEEL,MAHAMAYA STEEL INDS LTD,INE451L01014,NSE,Unknown,BE
MAHENDSUIT,MAHENDRA PETROCHEMICALS L,IN8452H01019,NSE,Unknown,EQ
MAHEPC,MAHINDRA EPC IRRIG LTD,INE215D01010,NSE,Unknown,BE
MAHESHWARI,MAHESHWARI LOGISTICS LTD.,INE263W01010,NSE,Unknown,BE
MAHICKRA,MAHICKRA CHEMICAL LIMITED,INE961Y01015,NSE,Unknown,SM
MAHKTECH,MIRAEAMC - MAHKTECH,INF769K01HS7,NSE,Unknown,EQ
MAHLIFE,MAHINDRA LIFESPACE DEVLTD,INE813A01018,NSE,Unknown,BE
MAHLOG,MAHINDRA LOGISTIC LIMITED,INE766P01016,NSE,Unknown,BE
MAHSCOOTER,MAHSCOOTER - DEP SETT,INE288A01013,NSE,Unknown,BE
MAHSEAMLES,MAHARASHTRA SEAMLESS LTD,INE271B01025,NSE,Unknown,BE
MAIKALFIBR,MAIKAAL FIBRES LTD,INE104601013,NSE,Unknown,EQ
MAITHANALL,MAITHAN ALLOYS LTD,INE683C01011,NSE,Unknown,BE
MAJESAUTO,MAJESTIC AUTO LTD,INE201B01014,NSE,Unknown,BE
MAJESTIND,MAJESTIC INDUSTRIES LTD,INE104801019,NSE,Unknown,EQ
MAKEINDIA,MIRAEAMC - MAMFGETF,INF769K01IB1,NSE,Unknown,EQ
MAKS,MAKS ENERGY SOL INDIA LTD,INE0CDK01019,NSE,Unknown,SM
MAL,MANGALAM ALLOYS LIMITED,INE00C401011,NSE,Unknown,SM
MALLCOM,MALLCOM (INDIA) LIMITED,INE389C01015,NSE,Unknown,BE
MALUPAPER,MALU PAPER MILLS LIMITED,INE383H01017,NSE,Unknown,BE
MAMATA,MAMATA MACHINERY LIMITED,INE0TO701015,NSE,Unknown,BE
MANAKALUCO,MANAK ALUMINIUM CO. LTD.,INE859Q01017,NSE,Unknown,BE
MANAKCOAT,MAN COAT METAL & IND LTD,INE830Q01018,NSE,Unknown,BE
MANAKSIA,MANAKSIA LTD.,INE015D01022,NSE,Unknown,BE
MANAKSTEEL,MANAKSIA STEELS LTD,INE824Q01011,NSE,Unknown,BE
MANALIPETC,MANALI PETROCHEMICALS LT,INE201A01024,NSE,Unknown,BE
MANALUMN,MAN INDUSTRIES (I) LTD,INE993A01026,NSE,Unknown,EQ
MANALUMN,MAN INDUSTRIES(I)LTD DEPO,INE993A01018,NSE,Unknown,BE
MANBA,MANBA FINANCE LIMITED,INE939X01013,NSE,Unknown,BE
MANDEEP,MANDEEP AUTO INDUSTRIES L,INE0R3T01013,NSE,Unknown,SM
MANDHANA,MANDHANA INDUS. LTD,INE087J01010,NSE,Unknown,BE
MANGALAM,MANGALAM DRUG & CHEM LTD,INE584F01014,NSE,Unknown,BE
MANGCHEFER,MANG.CHEM.FERT.LTD,INE558B01017,NSE,Unknown,BE
MANGLMCEM,MANGLMCEM,INE347A01017,NSE,Unknown,BE
MANGTIMBER,MANGALAM TIMBER PRODUCTS,INE805B01012,NSE,Unknown,BE
MANINFRA,MAN INFRA LTD,INE949H01023,NSE,Unknown,BE
MANKIND,MANKIND PHARMA LIMITED,INE634S01028,NSE,Unknown,BE
MANOMAY,MANOMAY TEX INDIA LTD,INE784W01015,NSE,Unknown,BE
MANORAMA,MANORAMA INDUSTRIES LTD,INE00VM01036,NSE,Unknown,BE
MANORG,MANGALAM ORGANICS LIMITED,INE370D01013,NSE,Unknown,BE
MANPASAND,MANPASAND BEVERAGES LTD.,INE122R01018,NSE,Unknown,BE
MANTRIHSG,MANTRI HSG & CONST LTD,INE102101016,NSE,Unknown,EQ
MANUFGBEES,NIPPONAMC - MANUFGBEES,INF204KC1GH6,NSE,Unknown,EQ
MANUGRAIND,MANUGRAPH INDUSTRIES LTD,INE562701016,NSE,Unknown,EQ
MANUGRAPH,MANUGRAPH INDIA LIMITED,INE867A01022,NSE,Unknown,BE
MANYAVAR,VEDANT FASHIONS LIMITED,INE825V01034,NSE,Unknown,BE
MAPMYINDIA,C.E. INFO SYSTEMS LIMITED,INE0BV301023,NSE,Unknown,BE
MARALOVER,MARAL OVERSEAS LTD,INE882A01013,NSE,Unknown,BE
MARATHON,MARATHON NXTGEN REALT LTD,INE182D01020,NSE,Unknown,BE
MARCO,MARCO CABLE & CONDUCTOR L,INE0QP001012,NSE,Unknown,SM
MARICO,MARICO LIMITED,INE196A01026,NSE,Unknown,BE
MARINE,MARINE ELECTRICAL (I) LTD,INE01JE01010,NSE,Unknown,SM
MARINE,MARINE ELECTRICAL (I) LTD,INE01JE01028,NSE,Unknown,BE
MARINETRAN,MARINETRANS INDIA LIMITED,INE0P1P01017,NSE,Unknown,SM
MARKSANS,MARKSANS PHARMA LIMITED,INE750C01026,NSE,Unknown,BE
MARNITPOLY,MPL CORPORATION LTD,INE187601013,NSE,Unknown,EQ
MARSHALL,MARSHALL MACHINES LTD,INE00SZ01018,NSE,Unknown,BE
MARUTI,MARUTI SUZUKI INDIA LTD.,INE585B01010,NSE,Unknown,BE
MASFIN,MAS FINANCIAL SERV LTD,INE348L01012,NSE,Unknown,BE
MASKINVEST,MASK INVESTMENTS LIMITED,INE885F01015,NSE,Unknown,BE
MASON,MASON INFRATECH LIMITED,INE0SH001010,NSE,Unknown,SM
MASPTOP50,MIRAEAMC - MASPTOP50,INF769K01HP3,NSE,Unknown,EQ
MASTEK,MASTEK DEPO SETT,INE759A01021,NSE,Unknown,BE
MASTER,MASTER COMPONENTS LIMITED,INE0OJM01017,NSE,Unknown,SM
MASTERTR,MASTER TRUST LIMITED,INE677D01037,NSE,Unknown,BE
MATHPLATT,MATHER&PLATT,INE844C01019,NSE,Unknown,BE
MATRIMONY,MATRIMONY.COM LIMITED,INE866R01028,NSE,Unknown,BE
MAWANASUG,MAWANA SUGARS LIMITED,INE636A01039,NSE,Unknown,BE
MAXESTATES,MAX ESTATES LIMITED,INE03EI01018,NSE,Unknown,BE
MAXHEALTH,MAX HEALTHCARE INS LTD,INE027H01010,NSE,Unknown,BE
MAXIND,MAX INDIA LIMITED,INE0CG601016,NSE,Unknown,BE
MAXORCHARD,MAXWORTH ORCHARDS INDIA L,INE189201010,NSE,Unknown,EQ
MAXVIL,MAX VENTURES AND INDS LTD,INE154U01015,NSE,Unknown,BE
MAXVOLT,MAXVOLT ENERGY INDUS L,INE10A501018,NSE,Unknown,SM
MAYASHEEL,MAYASHEEL VENTURES LTD,INE0ZTO01018,NSE,Unknown,SM
MAYURUNIQ,MAYUR UNIQUOTERS LTD,INE040D01038,NSE,Unknown,BE
MAZDA,MAZDA LIMITED,INE885E01042,NSE,Unknown,BE
MAZDALEASE,MAZDA IND. & LEASING LTD.,INE461201019,NSE,Unknown,EQ
MAZDOCK,MAZAGON DOCK SHIPBUIL LTD,INE249Z01020,NSE,Unknown,BE
MBAPL,MADHYA BHARAT AGRO P. LTD,INE900L01010,NSE,Unknown,BE
MBECL,MCNALLY BH. ENG. CO.LTD,INE748A01016,NSE,Unknown,BE
MBEL,M AND B ENGINEERING LTD,INE08N601015,NSE,Unknown,BE
MBLINFRA,MBL INFRASTRUCTURE LTD,INE912H01013,NSE,Unknown,BE
MCDHOLDING,MCDOWELL HOLDINGS LTD.,INE836H01014,NSE,Unknown,BE
MCL,MADHAV COPPER LIMITED,INE813V01022,NSE,Unknown,BE
MCLEODRUSS,MCLEOD RUSSEL INDIA LTD.,INE942G01012,NSE,Unknown,BE
MCLOUD,MAGELLANIC CLOUD LIMITED,INE613C01026,NSE,Unknown,BE
MCON,MCON RASAYAN INDIA LTD,INE0O4M01019,NSE,Unknown,SM
MCX,MULTI COMMODITY EXCHANGE,INE745G01035,NSE,Unknown,BE
MDL,MARVEL DECOR LIMITED,INE575Z01010,NSE,Unknown,SM
MEDANTA,GLOBAL HEALTH LIMITED,INE474Q01031,NSE,Unknown,BE
MEDIASSIST,MEDI ASSIST HEALTH SER L,INE456Z01021,NSE,Unknown,BE
MEDICAMEQ,MEDICAMEN BIOTECH LIMITED,INE646B01010,NSE,Unknown,BE
MEDICAPS,MEDI CAPS LTD.,INE190701016,NSE,Unknown,EQ
MEDICO,MEDICO REMEDIES LIMITED,INE630Y01024,NSE,Unknown,BE
MEDICOTECH,MEDICORP TECH (I) LTD,INE904A01015,NSE,Unknown,BE
MEDIORG,MEDICAMEN ORGANICS LTD,INE0PE401018,NSE,Unknown,SM
MEDISTEP,MEDISTEP HEALTHCARE LTD,INE0UOY01019,NSE,Unknown,SM
MEDPLUS,MEDPLUS HEALTH SERV LTD,INE804L01022,NSE,Unknown,BE
MEGAFLEX,MEGA FLEX PLASTICS LTD,INE0G1D01014,NSE,Unknown,SM
MEGASOFT,MEGASOFT LTD,INE933B01012,NSE,Unknown,BE
MEGASTAR,MEGASTAR FOODS LIMITED,INE00EM01016,NSE,Unknown,BE
MEGATHERM,MEGATHERM INDUCTION LTD,INE531R01010,NSE,Unknown,SM
MEGH,MEGHMANI ORGANICS LTD.,INE974H01013,NSE,Unknown,BE
MEIL,MANGAL ELECTRICAL IND L,INE0PKD01011,NSE,Unknown,BE
MELSTAR,MELSTAR INFORMATION TECH,INE817A01019,NSE,Unknown,BE
MENONBE,MENON BEARINGS LIMITED,INE071D01033,NSE,Unknown,BE
MEP,MEP INFRA. DEVELOPERS LTD,INE776I01010,NSE,Unknown,BE
MERCATOR,MERCATOR LIMITED,INE934B01028,NSE,Unknown,BE
MERIND,MERIND LTD. DEPO. SETT.,INE215A01016,NSE,Unknown,BE
MESCOPHARM,MESCO PHARMA. LTD,INE192601016,NSE,Unknown,EQ
METAL,MIRAEAMC - METAL,INF769K01LY7,NSE,Unknown,EQ
METALFORGE,METALYST FORGINGS LIMITED,INE425A01011,NSE,Unknown,BE
METALIETF,ICICIPRAMC - METALIETF,INF109KC19W1,NSE,Unknown,EQ
METALPIPE,METALMAN INDUSTRIES LTD.,INE192801012,NSE,Unknown,EQ
METAZINC,MTZ (INDIA) LTD DEPO,INE865A01018,NSE,Unknown,BE
METROBRAND,METRO BRANDS LIMITED,INE317I01021,NSE,Unknown,BE
METROCHEM,METROCHEMINDS,INE732B01018,NSE,Unknown,BE
METROPOLIS,METROPOLIS HEALTHCARE LTD,INE112L01020,NSE,Unknown,BE
MFML,MAHALAXMI FABRIC MILLS LT,INE0US801024,NSE,Unknown,BE
MFSL,MAX FINANCIAL SERV LTD,INE180A01020,NSE,Unknown,BE
MGEL,MANGALAM GLOBAL ENT LTD,INE0APB01032,NSE,Unknown,BE
MGEL,MANGALAM GLOBAL ENT LTD,INE0APB01016,NSE,Unknown,SM
MGL,MAHANAGAR GAS LTD.,INE002S01010,NSE,Unknown,BE
MGSL,MATRIX GEO SOLUTIONS LTD,INE132901013,NSE,Unknown,SM
MHHL,MOHINI HEALTH&HYGIENE LTD,INE450S01011,NSE,Unknown,SM
MHLXMIRU,MAHALAXMI RUBTECH LIMITED,INE112D01035,NSE,Unknown,BE
MHRIL,MAHINDRA HOLIDAYS LTD,INE998I01010,NSE,Unknown,BE
MIC,MIC ELECTRONICS LIMITED,INE287C01029,NSE,Unknown,BE
MICEL,MIC ELECTRONICS LTD,INE287C01037,NSE,Unknown,BE
MICROPLANT,MICRO PLANTAE LTD.,INE193901019,NSE,Unknown,EQ
MICROPRO,MICROPRO SOFTWARE SOL L,INE0PZK01014,NSE,Unknown,SM
MID150,KOTAKMAMC - MID150,INF174KA1VW2,NSE,Unknown,EQ
MID150BEES,NIP IND ETF MIDCAP 150,INF204KB1V68,NSE,Unknown,EQ
MID150CASE,ZERODHAAMC - MID150CASE,INF0R8F01059,NSE,Unknown,EQ
MIDCAP,KOTAKMAMC - KOTAKMID50,INF174KA1IB3,NSE,Unknown,EQ
MIDCAPETF,MIRAEAMC - MAM150ETF,INF769K01IC9,NSE,Unknown,EQ
MIDCAPIETF,ICICIPRAMC - ICICIM150,INF109KC11W8,NSE,Unknown,EQ
MIDEASTI,MIDEAST INDIA LTD,INE194401019,NSE,Unknown,EQ
MIDEASTSTL,MIDEAST INTEGRATED STEEL,INE194501016,NSE,Unknown,EQ
MIDHANI,MISHRA DHATU NIGAM LTD,INE099Z01011,NSE,Unknown,BE
MIDINDIA,MID INDIA INDUSTRIES LTD.,INE563601017,NSE,Unknown,EQ
MIDQ50ADD,DSPAMC - DSPQ50ETF,INF740KA1QL0,NSE,Unknown,EQ
MIDSELIETF,ICICI PRUD MIDCAP SEL ETF,INF109KC10W0,NSE,Unknown,EQ
MIDSMALL,MIRAEAMC - MIDSMALL,INF769K01LJ8,NSE,Unknown,EQ
MIDWESTIRN,MIDWEST IRON & STEEL CO L,INE195001016,NSE,Unknown,EQ
MIEL,MANGLAM INFRA & ENG LTD,INE0R3101011,NSE,Unknown,SM
MILTON,MILTON INDUSTRIES LIMITED,INE376Y01016,NSE,Unknown,SM
MILTONPLAS,MILTONPLAS,INE343A01016,NSE,Unknown,BE
MINDACORP,MINDA CORPORATION LTD,INE842C01021,NSE,Unknown,BE
MINDPOOL,MINDPOOL TECHNOLOGIES LTD,INE00RQ01019,NSE,Unknown,SM
MINDTECK,MINDTECK (INDIA) LIMITED,INE110B01017,NSE,Unknown,BE
MIRCELECTR,MIRCELECTR-DEPO,INE831A01028,NSE,Unknown,BE
MIRZAINT,MIRZA INTERNATIONAL LIMIT,INE771A01026,NSE,Unknown,BE
MITCON,MITCON CON & ENG SER LTD,INE828O01033,NSE,Unknown,BE
MITTAL,MITTAL LIFE STYLE LIMITED,INE997Y01027,NSE,Unknown,BE
MITTAL,MITTAL LIFE STYLE LIMITED,INE997Y01019,NSE,Unknown,SM
MKPL,M K PROTEINS LIMITED,INE964W01021,NSE,Unknown,BE
MKPL,M K PROTEINS LIMITED,INE964W01013,NSE,Unknown,SM
MM,M&M - DEP RS,INE101A01026,NSE,Unknown,BE
MMEL,MOVING MEDIA ENTER LTD,INE0XM301010,NSE,Unknown,SM
MMFIN,M&M FIN. SERVICES LTD,INE774D01024,NSE,Unknown,BE
MMFL,MM FORGINGS LTD,INE227C01017,NSE,Unknown,BE
MMP,MMP INDUSTRIES LIMITED,INE511Y01018,NSE,Unknown,BE
MMTC,MMTC LIMITED,INE123F01029,NSE,Unknown,BE
MNC,KOTAKMAMC - KOTAKMNC,INF174KA1JF2,NSE,Unknown,EQ
MOALPHA50,MOTILALAMC - MOALPHA50,INF247L01FR8,NSE,Unknown,EQ
MOBIKWIK,ONE MOBIKWIK SYSTEMS LTD,INE0HLU01028,NSE,Unknown,BE
MOCAPITAL,MOTILALAMC - MOCAPITAL,INF247L01EV3,NSE,Unknown,EQ
MODEFENCE,MOTILALAMC - MODEFENCE,INF247L01DJ0,NSE,Unknown,EQ
MODERNDENM,MODERN DENIM LTD,INE197201010,NSE,Unknown,EQ
MODERNMAL,MODERN MALLEABLE LTD,INE197401016,NSE,Unknown,EQ
MODERNWOOL,MODERN TERRY TOWELS LTD,INE198001013,NSE,Unknown,EQ
MODIALKALI,MODI ALKALIES & CHEM LTD.,INE198101011,NSE,Unknown,EQ
MODINSULAT,MODERN INSULATORS LTD,INE197301018,NSE,Unknown,EQ
MODIOLIVET,MODI OLIVETTI LTD,INE198801016,NSE,Unknown,EQ
MODIPON,MODIPON LTD,INE199401014,NSE,Unknown,EQ
MODIRUBBER,MODI RUBBER LTD,INE832A01018,NSE,Unknown,BE
MODISONLTD,MODISON LIMITED,INE737D01021,NSE,Unknown,BE
MODRNSYNTX,MODERN SYNTEX (INDIA) LTD,INE197801017,NSE,Unknown,EQ
MOGOLD,MOTILALAMC - MOGOLD,INF247L01FY4,NSE,Unknown,EQ
MOGSEC,MOTILALAMC - G5,INF247L01AK4,NSE,Unknown,EQ
MOHEALTH,MOTILALAMC - MOHEALTH,INF247L01BB1,NSE,Unknown,EQ
MOHITIND,MOHIT INDUSTRIES LTD,INE954E01012,NSE,Unknown,BE
MOHOTAIND,MOHOTA INDUSTRIES LIMITED,INE313D01013,NSE,Unknown,BE
MOIL,MOIL LIMITED,INE490G01020,NSE,Unknown,BE
MOINFRA,MOTILALAMC - MOINFRA,INF247L01FL1,NSE,Unknown,EQ
MOKSH,MOKSH ORNAMENTS LIMITED,INE514Y01020,NSE,Unknown,BE
MOKSH,MOKSH ORNAMENTS LIMITED,INE514Y01012,NSE,Unknown,SM
MOL,MEGHMANI ORGANICS LIMITED,INE0CT101020,NSE,Unknown,BE
MOLDPLAST,MOLD-TEK PLASTICS LTD,INE200001019,NSE,Unknown,EQ
MOLDTECH,MOLD-TEK TECHNOLOGIES LTD,INE835B01035,NSE,Unknown,BE
MOLDTKPAC,MOLD-TEK PACKAGING LTD,INE893J01029,NSE,Unknown,BE
MOLOWVOL,MOTILALAMC - MOLOWVOL,INF247L01BL0,NSE,Unknown,EQ
MOM100,MOTILAL OS MIDCAP100 ETF,INF247L01023,NSE,Unknown,EQ
MOM30IETF,ICICIPRAMC - ICICIMOM30,INF109KC17C7,NSE,Unknown,EQ
MOM50,MOTILAL OSWAL M50 ETF,INF247L01536,NSE,Unknown,EQ
MOMENTUM,BIRLASLAMC - MOMENTUM,INF209KB14K7,NSE,Unknown,EQ
MOMENTUM50,MOTILALAMC - MOMENTUM50,INF247L01DK8,NSE,Unknown,EQ
MOMGF,MOTILALAMC - MOMGF,INF247L01FK3,NSE,Unknown,EQ
MOMIDMTM,MOTILALAMC - MOMIDMTM,INF247L01FQ0,NSE,Unknown,EQ
MOMOMENTUM,MOTILALAMC - MOMOMENTUM,INF247L01BK2,NSE,Unknown,EQ
MON100,MOTILAL OS NASDAQ100 ETF,INF247L01AP3,NSE,Unknown,EQ
MON50EQUAL,MOTILALAMC - MON50EQUAL,INF247L01FC0,NSE,Unknown,EQ
MONARCH,MONARCH NETWORTH CAP LTD,INE903D01011,NSE,Unknown,BE
MONEXT50,MOTILALAMC - MONEXT50,INF247L01FD8,NSE,Unknown,EQ
MONICAELEC,MONICA ELECTRONICS LTD,INE200501018,NSE,Unknown,EQ
MONIFTY500,MOTILALAMC - MONIFTY500,INF247L01BU1,NSE,Unknown,EQ
MONNETISPA,MONNET ISPAT & ENERGY LTD,INE743C01013,NSE,Unknown,BE
MONOLITH,MONOLITHISCH INDIA LTD,INE1DV401010,NSE,Unknown,SM
MONOPHARMA,MONO PHARMACARE LIMITED,INE0OIP01012,NSE,Unknown,SM
MONQ50,MOTILALAMC - MONQ50,INF247L01AU3,NSE,Unknown,EQ
MONTARIND,MONTARI INDUSTRIES LTD,INE201201014,NSE,Unknown,EQ
MONTECARLO,MONTE CARLO FASHIONS LTD.,INE950M01013,NSE,Unknown,BE
MOPSE,MOTILALAMC - MOPSE,INF247L01FO5,NSE,Unknown,EQ
MORARJEE,MORARJEE TEXTILES LIMITED,INE161G01027,NSE,Unknown,BE
MOS,MOS UTILITY LIMITED,INE0N7S01028,NSE,Unknown,SM
MOSCHIP,MOSCHIP TECHNOLOGIES LTD,INE935B01025,NSE,Unknown,BE
MOSILVER,MOTILALAMC - MOSILVER,INF247L01FZ1,NSE,Unknown,EQ
MOSMALL250,MOTILALAMC - MOSMALL250,INF247L01CH6,NSE,Unknown,EQ
MOTHERSON,SAMVRDHNA MTHRSN INTL LTD,INE775A01035,NSE,Unknown,BE
MOTILALOFS,MOTILAL OSWAL FIN LTD,INE338I01027,NSE,Unknown,BE
MOTISONS,MOTISONS JEWELLERS LTD,INE0FRK01020,NSE,Unknown,BE
MOTOGENFIN,MOTOR & GENERAL FINANCE L,INE861B01023,NSE,Unknown,BE
MOTOUR,MOTILALAMC - MOTOUR,INF247L01FP2,NSE,Unknown,EQ
MOVALUE,MOTILALAMC - MOVALUE,INF247L01BE5,NSE,Unknown,EQ
MOXSH,MOXSH OVERSEAS EDUCON LTD,INE0N6D01014,NSE,Unknown,SM
MPHASIS,MPHASIS LIMITED,INE356A01018,NSE,Unknown,BE
MPSLTD,MPS LIMITED,INE943D01017,NSE,Unknown,BE
MPTODAY,M P TODAY MEDIA LIMITED,INE105Y01019,NSE,Unknown,SM
MRF,MRF LIMITED DEPO,INE883A01011,NSE,Unknown,BE
MRIL,MAHENDRA REALTO & INFRA L,INE632Q01018,NSE,Unknown,SM
MRPL,MRPL - DEP RS,INE103A01014,NSE,Unknown,BE
MSCIINDIA,KOTAKMAMC - MSCIINDIA,INF174KA1VD2,NSE,Unknown,EQ
MSLIND,MSL INDUSTRIES LTD,INE203501015,NSE,Unknown,EQ
MSPL,MSP STEEL & POWER LTD.,INE752G01015,NSE,Unknown,BE
MSSHOES,M S SHOES EAST LTD,INE501201011,NSE,Unknown,EQ
MSTCLTD,MSTC LIMITED,INE255X01014,NSE,Unknown,BE
MSUMI,MOTHERSON SUMI WRNG IND L,INE0FS801015,NSE,Unknown,BE
MTARTECH,MTAR TECHNOLOGIES LIMITED,INE864I01014,NSE,Unknown,BE
MTNL,MTNL - DEPO. SETT.,INE153A01019,NSE,Unknown,BE
MUFIN,MUFIN GREEN FINANCE LTD,INE08KJ01020,NSE,Unknown,BE
MUFTI,CREDO BRANDS MARKETING L,INE220Q01020,NSE,Unknown,BE
MUKANDENGG,MUKAND ENGINEERS LIMITED,INE022B01014,NSE,Unknown,BE
MUKANDLTD,MUKAND LTD.,INE304A01026,NSE,Unknown,BE
MUKATPIPE,MUKAT PIPES LTD,INE203601013,NSE,Unknown,EQ
MUKERPAPER,MUKERIAN PAPER LTD.,INE203801019,NSE,Unknown,EQ
MUKKA,MUKKA PROTEINS LIMITED,INE0CG401037,NSE,Unknown,BE
MUKTAARTS,MUKTA ARTS LIMITED,INE374B01019,NSE,Unknown,BE
MULTIARC,MULTI-ARC INDIA LTD,INE204301019,NSE,Unknown,EQ
MULTICAP,MIRAEAMC - MULTICAP,INF769K01LX9,NSE,Unknown,EQ
MUNJALAU,MUNJAL AUTO IND. LTD.,INE672B01032,NSE,Unknown,BE
MUNJALSHOW,MUNJAL SHOWA LTD,INE577A01027,NSE,Unknown,BE
MURABLACK,MURABLACK LTD,INE461501012,NSE,Unknown,EQ
MURUDCERA,MURUDESHWAR CERAMICS LTD,INE692B01014,NSE,Unknown,BE
MUTHOOTCAP,MUTHOOT CAP SERV LTD,INE296G01013,NSE,Unknown,BE
MUTHOOTFIN,MUTHOOT FINANCE LIMITED,INE414G01012,NSE,Unknown,BE
MUTHOOTMF,MUTHOOT MICROFIN LIMITED,INE046W01019,NSE,Unknown,BE
MVGJL,MANOJ VAIBHAV GEM N JEW L,INE0KNT01012,NSE,Unknown,BE
MVKAGRO,M.V.K. AGRO FOOD PROD LTD,INE0SGC01015,NSE,Unknown,SM
MVL,MVL LIMITED,INE744I01034,NSE,Unknown,BE
MWL,MANGALAM WORLDWIDE LTD,INE0JYY01011,NSE,Unknown,BE
MYMUDRA,MY MUDRA FINCORP LIMITED,INE0RVQ01016,NSE,Unknown,SM
MYSORPETRO,MYSORE PETROCHEM LTD DEPO,INE741A01011,NSE,Unknown,BE
NACLIND,NACL INDUSTRIES LIMITED,INE295D01020,NSE,Unknown,BE
NAGAFERT,NAGARJUN FERT AND CHE LTD,INE454M01024,NSE,Unknown,BE
NAGARJUFIN,NAGARJUNA FINANCE LTD,INE207401014,NSE,Unknown,EQ
NAGAROIL,NAGARJUNA OIL REFINERY,INE453M01018,NSE,Unknown,BE
NAHARCAP,NAHAR CAP & FIN.,INE049I01012,NSE,Unknown,BE
NAHARINDUS,NAHAR INDS ENT LTD,INE289A01011,NSE,Unknown,BE
NAHARPOLY,NAHAR POLY FILMS LIMITED,INE308A01027,NSE,Unknown,BE
NAHARSPING,NAHAR SPINNING MILLS LTD.,INE290A01027,NSE,Unknown,BE
NAHARSUGAR,NAHAR SUGARS & ALLIED IND,INE208101019,NSE,Unknown,EQ
NAHARSUGAR,NAHAR SUGAR DEPO-SETT.,INE361A01018,NSE,Unknown,BE
NAKODA,NAKODA LIMITED,INE559B01023,NSE,Unknown,BE
NAKODATEX,NAKODA TEXTILE INDS LTD,INE208301015,NSE,Unknown,EQ
NALCOCHEM,NALCOCHEMICALS-ROLL SETT,INE582A01019,NSE,Unknown,BE
NAMAN,NAMAN IN-STORE (INDIA) L,INE0RJM01010,NSE,Unknown,SM
NAMOEWASTE,NAMO EWASTE MANAGEMENT L,INE08NZ01012,NSE,Unknown,SM
NAMTECHELE,NAMTECHELECTRONICS DEVICE,INE607C01010,NSE,Unknown,BE
NARMADA,NARMADA AGROBASE LIMITED,INE117Z01011,NSE,Unknown,BE
NARMADASUG,GIRDHARILAL SUGAR ALLIED,INE209601017,NSE,Unknown,BE
NATCAPSUQ,NATURAL CAPSULES LIMITED,INE936B01015,NSE,Unknown,BE
NATCOPHARM,NATCO PHARMA LTD.,INE987B01026,NSE,Unknown,BE
NATHBIOGEN,NATH BIO-GENES (I) LTD,INE448G01010,NSE,Unknown,BE
NATHPULP,NATHPULP&PAPER-DEPO,INE776A01017,NSE,Unknown,BE
NATIONALUM,NATIONALUM-DEP SETT,INE139A01034,NSE,Unknown,BE
NATNLSTEEL,NATIONAL STEEL & AGRO IND,INE088B01015,NSE,Unknown,BE
NAUKRI,INFO EDGE (I) LTD,INE663F01032,NSE,Unknown,BE
NAZARA,NAZARA TECHNOLOGIES LTD,INE418L01047,NSE,Unknown,BE
NBCC,NBCC (INDIA) LIMITED,INE095N01031,NSE,Unknown,BE
NBIFIN,N.B.I. IND. FIN. CO. LTD,INE365I01020,NSE,Unknown,BE
NCC,NCC LIMITED,INE868B01028,NSE,Unknown,BE
NCLIND,NCL INDUSTRIES LIMITED,INE732C01016,NSE,Unknown,BE
NDGL,NAGA DHUNSERI GROUP LTD,INE756C01015,NSE,Unknown,BE
NDL,NANDAN DENIM LIMITED,INE875G01048,NSE,Unknown,BE
NDRAUTO,NDR AUTO COMPONENTS LTD,INE07OG01012,NSE,Unknown,BE
NDTV,NDTV LTD,INE155G01029,NSE,Unknown,BE
NECCLTD,NORTH EAST CARRY CORP LTD,INE553C01016,NSE,Unknown,BE
NECLIFE,NECTAR LIFESCIENCES LTD.,INE023H01027,NSE,Unknown,BE
NEDUNGBANK,NEDUNGADIBANK-ROLL SETT,INE586A01010,NSE,Unknown,BE
NEELAM,NEELAM LINENS & GAR (I) L,INE0N1401016,NSE,Unknown,SM
NELCAST,NELCAST LIMITED,INE189I01024,NSE,Unknown,BE
NELCO,NELCO LTD,INE045B01015,NSE,Unknown,BE
NEOGEN,NEOGEN CHEMICALS LIMITED,INE136S01016,NSE,Unknown,BE
NEOSACK,NEO SACK LTD,INE214101011,NSE,Unknown,EQ
NEPCPAPER,NEPCPAPER - ROLL SETT,INE471B01013,NSE,Unknown,BE
NEPTUNE,NEPTUNE PETROCHEMICALS L,INE156901014,NSE,Unknown,SM
NESCO,NESCO LTD.,INE317F01035,NSE,Unknown,BE
NESTLEIND,NESTLE INDIA LIMITED,INE239A01024,NSE,Unknown,BE
NETF,TATAAML - NETF,INF277K015R5,NSE,Unknown,EQ
NETWEB,NETWEB TECH INDIA LTD,INE0NT901020,NSE,Unknown,BE
NETWORK,NETWORK LTD,INE214801016,NSE,Unknown,EQ
NETWORK18,NETWORK18 MEDIA & INV LTD,INE870H01013,NSE,Unknown,BE
NEULANDLAB,NEULAND LAB LTD.,INE794A01010,NSE,Unknown,BE
NEWGEN,NEWGEN SOFTWARE TECH LTD,INE619B01017,NSE,Unknown,BE
NEWJAISA,NEWJAISA TECHNOLOGIES LTD,INE0PW501021,NSE,Unknown,SM
NEXT30ADD,DSPAMC - NEXT30ADD,INF740KA1VE5,NSE,Unknown,EQ
NEXT50,MIRAEAMC - MANXT50,INF769K01FN2,NSE,Unknown,EQ
NEXT50IETF,ICICIPRAMC - ICICINXT50,INF109KC1NS5,NSE,Unknown,EQ
NEXTMEDIA,NEXT MEDIAWORKS LIMITED,INE747B01016,NSE,Unknown,BE
NFL,NATIONAL FERT. LTD,INE870D01012,NSE,Unknown,BE
NGIL,NAKODA GROUP OF IND. LTD,INE236Y01012,NSE,Unknown,BE
NGLFINE,NGL FINE CHEM LIMITED,INE887E01022,NSE,Unknown,BE
NH,NARAYANA HRUDAYALAYA LTD.,INE410P01011,NSE,Unknown,BE
NHPC,NHPC LTD,INE848E01016,NSE,Unknown,BE
NIACL,THE NEW INDIA ASSU CO LTD,INE470Y01017,NSE,Unknown,BE
NIBE,NIBE LIMITED,INE149O01018,NSE,Unknown,BE
NIBL,NRB INDUS. BEARINGS LTD.,INE047O01014,NSE,Unknown,BE
NIDAN,NIDAN LABS AND HEALTH LTD,INE0J6L01013,NSE,Unknown,SM
NIF100BEES,NIP IND ETF NIFTY 100,INF204K014N5,NSE,Unknown,EQ
NIF100IETF,ICICI PRUD NIFTY 100 ETF,INF109KC16V9,NSE,Unknown,EQ
NIF10GETF,UTIAMC - NIF10GETF,INF789F1AZF3,NSE,Unknown,EQ
NIF5GETF,UTIAMC - NIF5GETF,INF789F1AZE6,NSE,Unknown,EQ
NIFITETF,UTIAMC - NIFITETF,INF789F1AZD8,NSE,Unknown,EQ
NIFMID150,UTIAMC - NIFMID150,INF789F1AYX9,NSE,Unknown,EQ
NIFTY1,KOTAK NIFTY ETF,INF174K014P6,NSE,Unknown,EQ
NIFTY100EW,KOTAKMAMC - NIFTY100EW,INF174KA1UW4,NSE,Unknown,EQ
NIFTY50ADD,DSPAMC - DSPN50ETF,INF740KA1CL0,NSE,Unknown,EQ
NIFTYBEES,NIP IND ETF NIFTY BEES,INF204KB14I2,NSE,Unknown,EQ
NIFTYBETF,BFAM - NIFTYBETF,INF0QA701722,NSE,Unknown,EQ
NIFTYEES,EDELWEISS ETF - NIFTY 50,INF754K01EK3,NSE,Unknown,EQ
NIFTYETF,MIRAEAMC - MAN50ETF,INF769K01EG9,NSE,Unknown,EQ
NIFTYIETF,ICICI PRUD NIFTY ETF,INF109K012R6,NSE,Unknown,EQ
NIFTYQLITY,BIRLASLAMC - NIFTYQLITY,INF209KB15K4,NSE,Unknown,EQ
NIHONIRMAN,NIHON NIRMAAN LTD,INE216801014,NSE,Unknown,EQ
NIITLTD,NIIT LIMITED,INE161A01038,NSE,Unknown,BE
NIITMTS,NIIT LEARNING SYSTEMS LTD,INE342G01023,NSE,Unknown,BE
NIKITA,NIKITA PAPERS LIMITED,INE0FLF01015,NSE,Unknown,SM
NILAINFRA,NILA INFRASTRUCTURES LTD,INE937C01029,NSE,Unknown,BE
NILASPACES,NILA SPACES LIMITED,INE00S901012,NSE,Unknown,BE
NILKAMAL,NILKAMAL LIMITED,INE310A01015,NSE,Unknown,BE
NINSYS,NINTEC SYSTEMS LIMITED,INE395U01014,NSE,Unknown,BE
NIRAJ,NIRAJ CEMENT STRUC LTD,INE368I01016,NSE,Unknown,BE
NIRAJISPAT,NIRAJ ISPAT IND LTD,INE326T01011,NSE,Unknown,BE
NIRAJPETRO,NIRAJ PETRO LTD,INE217601017,NSE,Unknown,EQ
NIRLON,NIRLON LIMITED,INE910A01012,NSE,Unknown,BE
NIRMAN,NIRMAN AGRI GENTICS LTD,INE0OK701014,NSE,Unknown,SM
NITCO,NITCO LIMITED,INE858F01012,NSE,Unknown,BE
NITINSPIN,NITIN SPINNERS LIMITED,INE229H01012,NSE,Unknown,BE
NITIRAJ,NITIRAJ ENGINEERS LTD,INE439T01012,NSE,Unknown,BE
NIVABUPA,NIVA BUPA HEALTH INS CO L,INE995S01015,NSE,Unknown,BE
NKIND,NKINDUSTRIES LTD,INE542C01019,NSE,Unknown,BE
NLCINDIA,NLC INDIA LIMITED,INE589A01014,NSE,Unknown,BE
NMDC,NMDC LTD.,INE584A01023,NSE,Unknown,BE
NMSTEEL,NEWMALAYALAM STEEL LTD,INE0TP801012,NSE,Unknown,SM
NOCIL,NOCIL LIMITED,INE163A01018,NSE,Unknown,BE
NOESISIND,NOESIS INDUSTRIES LIMITED,INE141B01020,NSE,Unknown,BE
NOIDATOLL,NOIDA TOLL BRIDGE CO LTD,INE781B01015,NSE,Unknown,BE
NORBTEAEXP,NORBEN TEA &EXPORTS LTD,INE369C01017,NSE,Unknown,BE
NORTHARC,NORTHERN ARC CAPITAL LTD,INE850M01015,NSE,Unknown,BE
NORTHSUG,NORTHLAND SUGAR COM. LTD,INE219501017,NSE,Unknown,EQ
NOVAAGRI,NOVA AGRITECH LIMITED,INE02H701025,NSE,Unknown,BE
NOVARTIND,NOVARTIS INDIA LIMITED,INE234A01025,NSE,Unknown,BE
NPBET,TATAAML - NPBET,INF277K010X4,NSE,Unknown,EQ
NPST,NETWORK PEOPLE SRV TECH L,INE0FFK01017,NSE,Unknown,BE
NRAIL,N R AGARWAL INDS LTD,INE740D01017,NSE,Unknown,BE
NRBBEARING,NRB BEARING LTD,INE349A01021,NSE,Unknown,BE
NRL,NUPUR RECYCLERS LIMITED,INE0JM501013,NSE,Unknown,BE
NRVANDANA,N R VANDANA TEX IND LTD,INE104101014,NSE,Unknown,SM
NSIL,NALWA SONS INVESTMENT LTD,INE023A01030,NSE,Unknown,BE
NSLNISP,NMDC STEEL LIMITED,INE0NNS01018,NSE,Unknown,BE
NTL,NEUEON TOWERS LIMITED,INE333I01036,NSE,Unknown,BE
NTPC,NTPC LTD,INE733E01010,NSE,Unknown,BE
NUCLEUS,NUCLEUS SOFTWARE EXPORTS,INE096B01018,NSE,Unknown,BE
NUTEK,NU TEK INDIA LTD,INE318J01027,NSE,Unknown,BE
NUVAMA,NUVAMA WEALTH MANAGE LTD,INE531F01015,NSE,Unknown,BE
NUVOCO,NUVOCO VISTAS CORP LTD,INE118D01016,NSE,Unknown,BE
NV20,KOTAKMAMC - KTKNV20ETF,INF174K01Z71,NSE,Unknown,EQ
NV20BEES,NIP IND ETF ETF NV20,INF204KB18I3,NSE,Unknown,EQ
NV20IETF,ICICI PRUDENTIAL NV20 ETF,INF109KC11V0,NSE,Unknown,EQ
NYKAA,FSN E COMMERCE VENTURES,INE388Y01029,NSE,Unknown,BE
OAL,ORIENTAL AROMATICS LTD,INE959C01023,NSE,Unknown,BE
OBCL,ORISSA BENGAL CARRIER LTD,INE426Z01016,NSE,Unknown,BE
OBEROIRLTY,OBEROI REALTY LIMITED,INE093I01010,NSE,Unknown,BE
OBSCP,OBSC PERFECTION LIMITED,INE0YHV01011,NSE,Unknown,SM
OCCL,ORIENTAL CARBN & CHEM LTD,INE321D01016,NSE,Unknown,BE
OCCLLTD,OCCL LIMITED,INE0PK601023,NSE,Unknown,BE
ODIGMA,ODIGMA CONSULTANCY SOL L,INE054301028,NSE,Unknown,BE
OFSS,ORACLE FIN SERV SOFT LTD.,INE881D01027,NSE,Unknown,BE
OIL,OIL INDIA LTD,INE274J01014,NSE,Unknown,BE
OILCOUNTUB,OIL COUNTRY TUBULAR LTD.,INE591A01010,NSE,Unknown,BE
OILIETF,ICICIPRAMC - OILIETF,INF109KC18W3,NSE,Unknown,EQ
OISL,OCL IRON AND STEEL LTD,INE196J01019,NSE,Unknown,BE
OLAELEC,OLA ELECTRIC MOBILITY LTD,INE0LXG01040,NSE,Unknown,BE
OLECTRA,OLECTRA GREENTECH LIMITED,INE260D01016,NSE,Unknown,BE
OLIL,ONECLICK LOGISTICS IND L,INE0OPS01011,NSE,Unknown,SM
OMAXAUTO,OMAX AUTOS LTD,INE090B01011,NSE,Unknown,BE
OMAXE,OMAXE LIMITED,INE800H01010,NSE,Unknown,BE
OMFURN,OMFURN INDIA LIMITED,INE338Y01016,NSE,Unknown,SM
OMINFRAL,OM INFRA LIMITED,INE239D01028,NSE,Unknown,BE
OMKARCHEM,OMKAR SPL CHEM LTD,INE474L01016,NSE,Unknown,BE
ONDOOR,ON DOOR CONCEPTS LIMITED,INE00ER01015,NSE,Unknown,SM
ONELIFECAP,ONELIFE CAP ADVISORS LTD,INE912L01015,NSE,Unknown,BE
ONEPOINT,ONE POINT ONE SOL LTD,INE840Y01029,NSE,Unknown,BE
ONEPOINT,ONE POINT ONE SOL LTD,INE840Y01011,NSE,Unknown,SM
ONESOURCE,ONESOURCE SPECL PHARMA L,INE013P01021,NSE,Unknown,BE
ONGC,ONGC DEPO. SETT.,INE213A01029,NSE,Unknown,BE
ONIDASAVAK,ONIDA SAVAK LTD,INE224101019,NSE,Unknown,EQ
ONMOBILE,ONMOBILE GLOBAL LTD.,INE809I01019,NSE,Unknown,BE
ONWARDTEC,ONWARD TECHNOLOGIES LTD.,INE229A01017,NSE,Unknown,BE
ONYX,ONYX BIOTEC LIMITED,INE0WVU01018,NSE,Unknown,SM
OPAL,OPAL LUXURY TIME PROD LTD,INE520N01012,NSE,Unknown,SM
OPTELCOMM,OPTEL TELECOM. LTD,INE567701011,NSE,Unknown,EQ
OPTIEMUS,OPTIEMUS INFRACOM LTD,INE350C01017,NSE,Unknown,BE
OPTIVALUE,OPTIVALUE TEK CONSULT LTD,INE15B101011,NSE,Unknown,SM
OPTOCIRCUI,OPTO CIRCUITS (I) LTD,INE808B01016,NSE,Unknown,BE
ORBTEXP,ORBIT EXPORTS LIMITED,INE231G01010,NSE,Unknown,BE
ORCHASP,ORCHASP LIMITED,INE215B01022,NSE,Unknown,BE
ORCHIDPHAR,ORCHID PHARMA LIMITED,INE191A01019,NSE,Unknown,BE
ORCHPHARMA,ORCHID PHARMA LIMITED,INE191A01027,NSE,Unknown,BE
ORIANA,ORIANA POWER LIMITED,INE0OUT01019,NSE,Unknown,SM
ORICONENT,ORICON ENTERPRISES LTD,INE730A01022,NSE,Unknown,BE
ORIENTALTL,ORIENTAL TRIMEX LTD,INE998H01012,NSE,Unknown,BE
ORIENTBELL,ORIENT BELL LIMITED,INE607D01018,NSE,Unknown,BE
ORIENTCARB,ORIENTAL CARBON & CHEM,INE225301014,NSE,Unknown,EQ
ORIENTCEM,ORIENT CEMENT LTD.,INE876N01018,NSE,Unknown,BE
ORIENTCER,ORIENT CERATECH LIMITED,INE569C01020,NSE,Unknown,BE
ORIENTCONT,ORIENTAL CONTAINERS LTD.,INE730A01014,NSE,Unknown,BE
ORIENTELEC,ORIENT ELECTRIC LIMITED,INE142Z01019,NSE,Unknown,BE
ORIENTHOT,ORIENT HOTELS LTD.,INE750A01020,NSE,Unknown,BE
ORIENTLTD,ORIENT PRESS LIMITED,INE609C01024,NSE,Unknown,BE
ORIENTTECH,ORIENT TECHNOLOGIES LTD,INE0PPK01015,NSE,Unknown,BE
ORISSAMINE,ORISSA MIN DEV CO LTD,INE725E01024,NSE,Unknown,BE
ORKAY,ORKAY INDUSTRIES LTD,INE226801012,NSE,Unknown,EQ
ORTEL,ORTEL COMMUNICATIONS LTD,INE849L01019,NSE,Unknown,BE
ORTINGLOBE,ORTIN GLOBAL LIMITED,INE749B01020,NSE,Unknown,BE
ORTINLABSS,ORTIN LABORATORIES LTD,INE749B01012,NSE,Unknown,BE
ORTONSYNTH,ORTON SYNTHETICS LTD,INE462101010,NSE,Unknown,EQ
OSELDEVICE,OSEL DEVICES LIMITED,INE0RMF01018,NSE,Unknown,SM
OSIAHYPER,OSIA HYPER RETAIL LTD,INE06IR01013,NSE,Unknown,SM
OSIAHYPER,OSIA HYPER RETAIL LIMITED,INE06IR01021,NSE,Unknown,BE
OSWALAGFUR,OSWAL AGRO FURANE LTD,INE227301012,NSE,Unknown,EQ
OSWALAGRO,OSWAL AGRO MILLS LTD,INE142A01012,NSE,Unknown,BE
OSWALPUMPS,OSWAL PUMPS LIMITED,INE0BYP01024,NSE,Unknown,BE
OSWALSEEDS,SHREEOSWAL S AND CHE LTD,INE00IK01011,NSE,Unknown,SM
OSWALSEEDS,SHREEOSWAL S AND CHE LTD,INE00IK01029,NSE,Unknown,BE
OSWALSPG,OSWAL SPG & WEAVING MILLS,INE227701013,NSE,Unknown,EQ
OSWALSUG,OSWAL SUGARS LTD,INE227801011,NSE,Unknown,EQ
OTIS,OTIS - DEP RS,INE099A01014,NSE,Unknown,BE
OTOKLIN,OTOKLIN PLANTS & EQUIP. L,INE228201013,NSE,Unknown,EQ
OWAIS,OWAIS METAL & MINERAL,INE0R8M01017,NSE,Unknown,SM
PAAMDRUG,PAAM DRUGS & PHARMA LTD,INE229401018,NSE,Unknown,EQ
PAAMPHARMA,PAAM PHARMACEUTICALS LTD,INE229501015,NSE,Unknown,EQ
PACIFICIND,PACIFIC INDUSTRIES LTD,INE229701011,NSE,Unknown,EQ
PADMINPOLY,PADMINI TECH-ROLLING SETT,INE114B01019,NSE,Unknown,BE
PAEL,PAE LIMITED,INE766A01018,NSE,Unknown,BE
PAGEIND,PAGE INDUSTRIES LTD,INE761H01022,NSE,Unknown,BE
PAISALO,PAISALO DIGITAL LIMITED,INE420C01059,NSE,Unknown,BE
PAKKA,PAKKA LIMITED,INE551D01018,NSE,Unknown,BE
PALASHSECU,PALASH SECURITIES LTD,INE471W01019,NSE,Unknown,BE
PANACEABIO,PANACEA BIOTEC LTD.,INE922B01023,NSE,Unknown,BE
PANACHE,PANACHE DIGILIFE LIMITED,INE895W01019,NSE,Unknown,BE
PANAMAPET,PANAMA PETROCHEM LTD,INE305C01029,NSE,Unknown,BE
PANASIGLOB,PAN ASIA GLOBAL LTD,INE568001015,NSE,Unknown,EQ
PANCARBON,PANA CARBON IND CO LTD,INE013E01017,NSE,Unknown,BE
PANCHMSTEL,PANCHMAHAL STEEL LTD,INE231301016,NSE,Unknown,EQ
PANDGRAPH,PANDIAN GRAPHITES (I) LTD,INE231401014,NSE,Unknown,EQ
PANSARI,PANSARI DEVELOPERS LTD,INE697V01011,NSE,Unknown,BE
PANYAMCEM,PANYAM CEMENT MINING INDS,INE232101019,NSE,Unknown,EQ
PAR,PAR DRUGS AND CHEM LTD,INE04LG01015,NSE,Unknown,BE
PARABDRUGS,PARABOLIC DRUGS LTD,INE618H01016,NSE,Unknown,BE
PARACABLES,PARAMOUNT COMM LTD,INE074B01023,NSE,Unknown,BE
PARADEEP,PARADEEP PHOSPHATES LTD,INE088F01024,NSE,Unknown,BE
PARAGMILK,PARAG MILK FOODS LTD.,INE883N01014,NSE,Unknown,BE
PARAGON,PARAGON FINE S.C. LTD.,INE0N4G01012,NSE,Unknown,SM
PARAMATRIX,PARAMATRIX TECHNOLOGIES L,INE0S2W01018,NSE,Unknown,SM
PARAMOUNT,PARAMOUNT DYE TEC LIMITED,INE0TG801013,NSE,Unknown,SM
PARAS,PARAS DEF AND SPCE TECH L,INE045601023,NSE,Unknown,BE
PARASIND,PARASRAMPURIA INDUSTRIES,INE462601019,NSE,Unknown,EQ
PARASPETRO,PARAS PETROFILS LTD.,INE162C01024,NSE,Unknown,BE
PARIN,PARIN ENTERPRISES LIMITED,INE00U801010,NSE,Unknown,SM
PARKEDAVIS,PARKE DAVIS LTD - DEP SET,INE254A01015,NSE,Unknown,BE
PARKHOTELS,PARKHOTELS,INE988S01028,NSE,Unknown,BE
PARRYAGRO,PARRY AGRO INDUSTRIES LTD,INE187C01013,NSE,Unknown,BE
PARSSYNTH,PARASRAMPURIA SYNTHETICS,INE232501010,NSE,Unknown,EQ
PARSVNATH,PARSVNATH DEVELOPER LTD,INE561H01026,NSE,Unknown,BE
PARTH,PARTH ELEC & ENG LTD,INE1H7V01011,NSE,Unknown,SM
PARTYCRUS,PARTY CRUISERS LIMITED,INE06ZX01015,NSE,Unknown,SM
PASHUPATI,PASHUPATI COTSPIN LIMITED,INE124Y01010,NSE,Unknown,BE
PASUPATSPG,PASHUPATI SPG & WVG MILLS,INE234301013,NSE,Unknown,EQ
PASUPTAC,PASUPATI ACRYLON LIMITED,INE818B01023,NSE,Unknown,BE
PASUPTACRY,PASUPATIACRYLON-ROLLSETT,INE818B01015,NSE,Unknown,BE
PASUPTACRY,PASUPATI ACRYLON LTD,INE234101017,NSE,Unknown,EQ
PATANJALI,PATANJALI FOODS LIMITED,INE619A01035,NSE,Unknown,BE
PATELENG,PATEL ENGINEERING LTD.,INE244B01030,NSE,Unknown,BE
PATELRMART,PATEL RETAIL LIMITED,INE0R8B01010,NSE,Unknown,BE
PATILAUTOM,PATIL AUTOMATION LIMITED,INE17GV01016,NSE,Unknown,SM
PATINTLOG,PATEL INT. LOG. LTD,INE529D01014,NSE,Unknown,BE
PATSPINLTD,PATSPIN INDIALTD.,INE790C01014,NSE,Unknown,BE
PATTECH,PATTECH FITWELL TUB COM L,INE0NZW01014,NSE,Unknown,SM
PAVNAIND,PAVNA INDUSTRIES LIMITED,INE07S101038,NSE,Unknown,BE
PAVNAIND,PAVNA INDUSTRIES LIMITED,INE07S101020,NSE,Unknown,SM
PAYTM,ONE 97 COMMUNICATIONS LTD,INE982J01020,NSE,Unknown,BE
PBAINFRA,PBA INFRASTRUCTURE LTD.,INE160H01019,NSE,Unknown,BE
PCBL,PCBL CHEMICAL LIMITED,INE602A01031,NSE,Unknown,BE
PCCL,PETRO CARBON AND CHEMI L,INE998U01015,NSE,Unknown,SM
PCJEWELLER,PC JEWELLER LTD,INE785M01021,NSE,Unknown,BE
PCL,PERTECH COMPUTERS LTD,INE238701010,NSE,Unknown,EQ
PDMJEPAPER,PUDUMJEE PAPER PRO. LTD,INE865T01018,NSE,Unknown,BE
PDPL,PARENTERAL DRUGS LTD,INE904D01019,NSE,Unknown,BE
PDSL,PDS LIMITED,INE111Q01021,NSE,Unknown,BE
PEARLPOLY,PEARL POLYMERS LTD,INE844A01013,NSE,Unknown,BE
PEERABASAN,PEERLESS ABASAN FINANCE L,INE236501016,NSE,Unknown,EQ
PEL,PIRAMAL ENTERPRISES LTD,INE140A01024,NSE,Unknown,BE
PELATRO,PELATRO LIMITED,INE0VG601013,NSE,Unknown,SM
PENAPATSEC,PENNAR PATERSON LTD.,INE237201012,NSE,Unknown,EQ
PENARSTEEL,PENNAR INDSLTD-DEPO,INE932A01016,NSE,Unknown,BE
PENIND,PENNAR INDUSTRIES LTD,INE932A01024,NSE,Unknown,BE
PENINLAND,PENINSULA LAND LIMITED,INE138A01028,NSE,Unknown,BE
PENNARALUM,PENNAR ALUMIMIUM  CO LTD.,INE057C01018,NSE,Unknown,BE
PENTAGOLD,PENTA GOLD LIMITED,INE175Y01012,NSE,Unknown,SM
PENTAGON,PENTAGON RUBBER LIMITED,INE0ORS01017,NSE,Unknown,SM
PENTFRPROD,PENTAFOUR PRODUCTS LTD,INE237501015,NSE,Unknown,BE
PENTFRSOLC,PENTAFOUR SOLEC TECHNOLOG,INE237701011,NSE,Unknown,EQ
PERFECT,PERFECT INFRAENGINEER LTD,INE925S01012,NSE,Unknown,SM
PERMAGNET,PERMANENT MAGNETS LTD,INE462801015,NSE,Unknown,EQ
PERSISTENT,PERSISTENT SYSTEMS LTD,INE262H01021,NSE,Unknown,BE
PETRONENGG,PETRON ENGG CONSTRUCT LTD,INE742A01019,NSE,Unknown,BE
PETRONET,PETRONET LNG LIMITED,INE347G01014,NSE,Unknown,BE
PFC,POWER FIN CORP LTD.,INE134E01011,NSE,Unknown,BE
PFIMXPHARM,PFIMEX PHARMACEUTICALS LT,INE239101012,NSE,Unknown,EQ
PFIZER,PFIZER LTD. - DEPO. SETT.,INE182A01018,NSE,Unknown,BE
PFOCUS,PRIME FOCUS LIMITED,INE367G01038,NSE,Unknown,BE
PFS,PTC INDIA FIN SERV LTD,INE560K01014,NSE,Unknown,BE
PGEL,PG ELECTROPLAST LTD,INE457L01029,NSE,Unknown,BE
PGHH,P&G HYGIENE & HEALTH CARE,INE179A01014,NSE,Unknown,BE
PGHL,PROCTER & GAMBLE HEALTH L,INE199A01012,NSE,Unknown,BE
PGIL,PEARL GLOBAL IND LIMITED,INE940H01022,NSE,Unknown,BE
PHANTOMFX,PHANTOM DIGITAL EFF LTD,INE0MLZ01019,NSE,Unknown,SM
PHARMABEES,NIPPONAMC - NETFPHARMA,INF204KC1089,NSE,Unknown,EQ
PHILIPS,PHILIPS DEPO (ODD LOT),INE319A01016,NSE,Unknown,BE
PHOENIXLTD,THE PHOENIX MILLS LTD,INE211B01039,NSE,Unknown,BE
PHOENXINTL,PHOENIX INTERNATIONAL LTD,INE245B01011,NSE,Unknown,BE
PHOGLOBAL,PHOENIX OVERSEAS LIMITED,INE0FPO01018,NSE,Unknown,SM
PICCADIL,PICCADILY AGRO INDUSTRI L,INE546C01010,NSE,Unknown,BE
PICCADSUG,PICCADILLY SUGAR & ALLIED,INE240601018,NSE,Unknown,EQ
PIDILITIND,PIDILITIND -DEPO (OL),INE318A01026,NSE,Unknown,BE
PIGL,POWER INSTRUMENT (G) LTD,INE557Z01018,NSE,Unknown,BE
PIIND,PI INDUSTRIES LTD,INE603J01030,NSE,Unknown,BE
PILANIINVS,PILANI INV & IND COR LTD,INE417C01014,NSE,Unknown,BE
PILITA,PIL ITALICA LIFESTYLE LTD,INE600A01035,NSE,Unknown,BE
PINCON,PINCON SPIRIT LTD,INE675G01018,NSE,Unknown,BE
PIONDIST,PIONEER DIST LTD,INE889E01010,NSE,Unknown,BE
PITTIECEM,PITTIE CEMENT LTD,INE242101017,NSE,Unknown,EQ
PITTIEFIN,PITTIE FINANCE- ROLL SETT,INE331B01019,NSE,Unknown,BE
PITTIEFIN,PITTIE FINANCE LTD,INE242201015,NSE,Unknown,EQ
PITTIENG,PITTI ENGINEERING LIMITED,INE450D01021,NSE,Unknown,BE
PIXTRANS,PIX TRANSMISSIONS LIMITED,INE751B01018,NSE,Unknown,BE
PKTEA,THE P K TEA PROD CO LTD,INE431F01018,NSE,Unknown,BE
PLADAINFO,PLADA INFOTECH SERVICES L,INE0PXD01014,NSE,Unknown,SM
PLASTIBLEN,PLASTIBLENDS INDIA LTD,INE083C01022,NSE,Unknown,BE
PLATIND,PLATINUM INDUSTRIES LTD,INE0PT501018,NSE,Unknown,BE
PLAZACABLE,PLAZA WIRES LIMITED,INE0INJ01017,NSE,Unknown,BE
PNB,PUNJAB NATIONAL BANK,INE160A01022,NSE,Unknown,BE
PNBGILTS,PNB GILTS LIMITED,INE859A01011,NSE,Unknown,BE
PNBHOUSING,PNB HOUSING FIN LTD.,INE572E01012,NSE,Unknown,BE
PNC,PRITISH NANDY COMMUNICATI,INE392B01011,NSE,Unknown,BE
PNCINFRA,PNC INFRATECH LTD.,INE195J01029,NSE,Unknown,BE
PNGJL,P N GADGIL JEWELLERS LTD,INE953R01016,NSE,Unknown,BE
POCHIRAJU,POCHIRAJU IND LTD,INE332G01032,NSE,Unknown,BE
POCL,PONDY OXIDES & CHEM LTD,INE063E01053,NSE,Unknown,BE
PODARPIGMT,PODDAR PIGMENTS LTD,INE243001018,NSE,Unknown,EQ
PODDARHOUS,PODDAR HOUSE & DVPT LTD,INE888B01018,NSE,Unknown,BE
PODDARMENT,PODDAR PIGMENTS LIMITED,INE371C01013,NSE,Unknown,BE
POKARNA,POKARNA LIMITED,INE637C01025,NSE,Unknown,BE
POLICYBZR,PB FINTECH LIMITED,INE417T01026,NSE,Unknown,BE
POLYCAB,POLYCAB INDIA LIMITED,INE455K01017,NSE,Unknown,BE
POLYMED,POLY MEDICURE LIMITED,INE205C01021,NSE,Unknown,BE
POLYPLEX,POLYPLEX CORPORATION LTD.,INE633B01018,NSE,Unknown,BE
POLYSIL,POLYSIL IRRIGATION SYST L,INE517M01028,NSE,Unknown,SM
PONDYOXIDE,PONDY OXIDE LTD,INE063E01038,NSE,Unknown,BE
PONNIERODE,PONNIE SUGARS (ERODE) LTD,INE838E01017,NSE,Unknown,BE
POONAWALLA,POONAWALLA FINCORP LTD,INE511C01022,NSE,Unknown,BE
PORRITSPEN,PORRITTS&SPENCER-ROLLSETT,INE285C01015,NSE,Unknown,BE
POSITRON,POSITRON ENERGY LIMITED,INE0S3H01017,NSE,Unknown,SM
POWERFUL,POWERFUL TECHNOLOGIES LTD,INE650Z01011,NSE,Unknown,SM
POWERGRID,POWER GRID CORP. LTD.,INE752E01010,NSE,Unknown,BE
POWERINDIA,HITACHI ENERGY INDIA LTD,INE07Y701011,NSE,Unknown,BE
POWERMECH,POWER MECH PROJECTS LTD.,INE211R01019,NSE,Unknown,BE
PRABHA,PRABHA ENERGY LIMITED,INE0I0M01023,NSE,Unknown,BE
PRABHAT,PRABHAT DAIRY LIMITED,INE302M01033,NSE,Unknown,BE
PRADIP,PRADIP OVERSEAS LTD,INE495J01015,NSE,Unknown,BE
PRAENG,PRAJAY ENG. SYN. LTD.,INE505C01016,NSE,Unknown,BE
PRAGBOSIMI,PRAG BOSIMI SYNTHETICS LT,INE463101019,NSE,Unknown,EQ
PRAJIND,PRAJ INDUST. LTD,INE074A01025,NSE,Unknown,BE
PRAKASH,PRAKASH INDUSTRIES LTD,INE603A01013,NSE,Unknown,BE
PRAKASHSTL,PRAKASH STEELAGE LTD,INE696K01024,NSE,Unknown,BE
PRAMARA,PRAMARA PROMOTIONS LTD,INE0O7A01017,NSE,Unknown,SM
PRANIK,PRANIK LOGISTICS LIMITED,INE0VJG01014,NSE,Unknown,SM
PRATHAM,PRATHAM EPC PROJECTS LTD,INE0QA601016,NSE,Unknown,SM
PRATIBHA,PRATIBHA INDS. LTD.,INE308H01022,NSE,Unknown,BE
PRAXIS,PRAXIS HOME RETAIL LTD,INE546Y01022,NSE,Unknown,BE
PRICOLLTD,PRICOL LIMITED,INE726V01018,NSE,Unknown,BE
PRIMECAB,PRIME CABLE INDUSTRIES L,INE0CQA01020,NSE,Unknown,SM
PRIMESECU,PRIME SECURITIES LIMITED,INE032B01021,NSE,Unknown,BE
PRIMO,PRIMO CHEMICALS LIMITED,INE607A01022,NSE,Unknown,BE
PRINCEPIPE,PRINCE PIPES FITTINGS LTD,INE689W01016,NSE,Unknown,BE
PRITI,PRITI INTERNATIONAL LTD,INE974Z01015,NSE,Unknown,BE
PRITIKA,PRITIKA ENG COMPO LTD,INE0MJQ01020,NSE,Unknown,SM
PRITIKAUTO,PRITIKA AUTO INDUS LTD,INE583R01029,NSE,Unknown,BE
PRIVISCL,PRIVI SPECIALITY CHE LTD,INE959A01019,NSE,Unknown,BE
PRIYADCEM,PRIDERSHINI CEMENT LTD,INE855B01017,NSE,Unknown,BE
PRIYADYES,PRIYA LTD.,INE249301016,NSE,Unknown,EQ
PRIZOR,PRIZOR VIZTECH LIMITED,INE0V9N01017,NSE,Unknown,SM
PRLIND,PREMIER ROADLINES LIMITED,INE0CFG01012,NSE,Unknown,SM
PROFX,PRO FX TECH LIMITED,INE0VJT01017,NSE,Unknown,SM
PROLIFE,PROLIFE INDUSTRIES LTD,INE994V01012,NSE,Unknown,SM
PROPEQUITY,P. E. ANALYTICS LIMITED,INE0KN801013,NSE,Unknown,SM
PROSEED,PROSEED INDIA LIMITED,INE217G01027,NSE,Unknown,BE
PROSTARM,PROSTARM INFO SYSTEMS LTD,INE0BX301013,NSE,Unknown,BE
PROTEAN,PROTEAN EGOV TECHNO LTD,INE004A01022,NSE,Unknown,BE
PROV,PROVENTUS AGROCOM LIMITED,INE0ONE01016,NSE,Unknown,SM
PROVOGE,PROVOGUE (INDIA) LIMITED,INE968G01033,NSE,Unknown,BE
PROZONER,PROZONE REALTY LIMITED,INE195N01013,NSE,Unknown,BE
PRSMJOHNSN,PRISM JOHNSON LIMITED,INE010A01011,NSE,Unknown,BE
PRUDENT,PRUDENT CORP ADV SER LTD,INE00F201020,NSE,Unknown,BE
PRUDMOULI,PRUDENTIAL SUGAR CORPORAT,INE024D01016,NSE,Unknown,BE
PSB,PUNJAB & SIND BANK,INE608A01012,NSE,Unknown,BE
PSFL,PARAMOUNT SPECIALI FORG L,INE0Q6001012,NSE,Unknown,SM
PSIDATASYS,PSIDATASYS - DEP SETT,INE299A01010,NSE,Unknown,BE
PSL,PSL LIMITED,INE474B01017,NSE,Unknown,BE
PSMSPGMILL,PSM SPINNING MILLS LTD,INE503001013,NSE,Unknown,EQ
PSRAJ,P S RAJ STEELS LIMITED,INE0XUS01012,NSE,Unknown,SM
PSUBANK,KOTAK PSU BANK,INF373I01023,NSE,Unknown,EQ
PSUBANKADD,DSPAMC - DSPPSBKETF,INF740KA1SY9,NSE,Unknown,EQ
PSUBNKBEES,NIP IND ETF PSU BANK BEES,INF204KB16I7,NSE,Unknown,EQ
PSUBNKIETF,ICICIPRAMC - PSUBANKICI,INF109KC10S8,NSE,Unknown,EQ
PTC,PTC INDIA LIMITED,INE877F01012,NSE,Unknown,BE
PTCIL,PTC INDUSTRIES LIMITED,INE596F01018,NSE,Unknown,BE
PTL,PTL ENTERPRISES LTD,INE034D01049,NSE,Unknown,BE
PULZ,PULZ ELECTRONICS LIMITED,INE335X01014,NSE,Unknown,SM
PUNALKALI,PUNJAB ALKALIES&CHEM,INE607A01014,NSE,Unknown,BE
PUNANDLAMP,PUNJABANANDLAMP-INDL LTD,INE276B01016,NSE,Unknown,BE
PUNJABCHEM,PUNJAB CHEM & CROP PROT L,INE277B01014,NSE,Unknown,BE
PUNJABWOOL,PUNJAB WOOLCOMBERS LTD,INE252301010,NSE,Unknown,EQ
PUNJCOMMU,PUNJAB COMMUNCATION,INE609A01010,NSE,Unknown,BE
PUNJLLOYD,PUNJ LLOYD LIMITED,INE701B01021,NSE,Unknown,BE
PUNSUMI,PUNSUMI (I) LTD,INE252401018,NSE,Unknown,EQ
PURPLEUTED,PURPLE UNITED SALES LTD,INE0P5R01014,NSE,Unknown,SM
PURVA,PURAVANKARA LIMITED,INE323I01011,NSE,Unknown,BE
PURVFLEXI,PURV FLEXIPACK LIMITED,INE0R6C01012,NSE,Unknown,SM
PUSHPA,PUSHPA JEWELLERS LIMITED,INE154801018,NSE,Unknown,SM
PVP,PVP VENTURES LIMITED,INE362A01016,NSE,Unknown,BE
PVRINOX,PVR INOX LIMITED,INE191H01014,NSE,Unknown,BE
PVSL,POPULAR VEHICLES N SER L,INE772T01024,NSE,Unknown,BE
PVTBANIETF,ICICIPRAMC - ICICIBANKP,INF109KC18U7,NSE,Unknown,EQ
PVTBANKADD,DSPAMC - DSPPVBKETF,INF740KA1TA7,NSE,Unknown,EQ
PYRAMID,PYRAMID TECHNOPLAST LTD,INE0MIS01010,NSE,Unknown,BE
QFIL,QUALITY FOILS (INDIA) LTD,INE0O1M01015,NSE,Unknown,SM
QGOLDHALF,QUANTUM GOLD FUND,INF082J01408,NSE,Unknown,EQ
QMSMEDI,QMS MEDICAL ALLIED S LTD,INE0FMW01018,NSE,Unknown,SM
QNIFTY,QUANTUM NIFTY 50 ETF,INF082J01028,NSE,Unknown,EQ
QPOWER,QUALITY POWER ELEC EQUP L,INE0SII01026,NSE,Unknown,BE
QUADPRO,QUADPRO ITES LIMITED,INE0GOJ01027,NSE,Unknown,SM
QUAL30IETF,ICICIPRAMC - ICICIQTY30,INF109KC18V5,NSE,Unknown,EQ
QUALITY30,KOTAKMAMC - QUALITY30,INF174KA1WT6,NSE,Unknown,EQ
QUESS,QUESS CORP LIMITED,INE615P01015,NSE,Unknown,BE
QUESTLAB,QUEST LABORATORIES LTD,INE0TNW01017,NSE,Unknown,SM
QUICKHEAL,QUICK HEAL TECH LTD,INE306L01010,NSE,Unknown,BE
QUICKTOUCH,QUICKTOUCH TECHNOLOGIES L,INE0K4D01020,NSE,Unknown,SM
QUINTEGRA,QUINTEGRA SOLUTIONS LTD.,INE033B01011,NSE,Unknown,BE
QVCEL,QVC EXPORTS LIMITED,INE0KZF01015,NSE,Unknown,SM
RACE,RACE ECO CHAIN LIMITED,INE084Q01012,NSE,Unknown,BE
RACLGEAR,RACL GEARTECH LIMITED,INE704B01017,NSE,Unknown,BE
RADAAN,RADAAN MEDIAWORKS (I) LTD,INE874F01027,NSE,Unknown,BE
RADHIKAJWE,RADHIKA JEWELTECH LIMITED,INE583V01021,NSE,Unknown,BE
RADIANTCMS,RADIANT CASH MGMT SER LTD,INE855R01021,NSE,Unknown,BE
RADICO,RADICO KHAITAN LTD,INE944F01028,NSE,Unknown,BE
RADICOKHAI,RADICO KHAITAN LTD,INE381B01014,NSE,Unknown,BE
RADIOCITY,MUSIC BROADCAST LIMITED,INE919I01024,NSE,Unknown,BE
RADIOWALLA,RADIOWALLA NETWORK LTD,INE430U01019,NSE,Unknown,SM
RAILTEL,RAILTEL CORP OF IND LTD,INE0DD101019,NSE,Unknown,BE
RAIN,RAIN INDUSTRIES LIMITED,INE855B01025,NSE,Unknown,BE
RAINBOW,RAINBOW CHILDRENS MED LTD,INE961O01016,NSE,Unknown,BE
RAINBOWPAP,RAINBOW PAPERS LTD,INE028D01025,NSE,Unknown,BE
RAJESHEXPO,RAJESH EXPORTS LTD,INE343B01030,NSE,Unknown,BE
RAJINDLTD,RAJPUTANA INDUSTRIES LTD,INE0PCU01012,NSE,Unknown,SM
RAJMET,RAJNANDINI METAL LIMITED,INE00KV01014,NSE,Unknown,SM
RAJMET,RAJNANDINI METAL LIMITED,INE00KV01022,NSE,Unknown,BE
RAJOIL,RAJ OIL MILLS LTD,INE294G01018,NSE,Unknown,BE
RAJOOENG,RAJOO ENGINEERS LIMITED,INE535F01024,NSE,Unknown,BE
RAJPUTANA,RAJPUTANA BIODIESEL LTD,INE0VHU01019,NSE,Unknown,SM
RAJRATAN,RAJRATAN GLOBAL WIRE LTD,INE451D01029,NSE,Unknown,BE
RAJRAYON,RAJ RAYON INDUSTRIES LTD,INE533D01024,NSE,Unknown,BE
RAJRILTD,RAJ RAYON INDUSTRIES LTD,INE533D01032,NSE,Unknown,BE
RAJTV,RAJ TV NETWORK LTD,INE952H01027,NSE,Unknown,BE
RAJVIR,RAJVIR INDUSTRIES LIMITED,INE011H01014,NSE,Unknown,BE
RALLIS,RALLIS INDIA LTD,INE613A01020,NSE,Unknown,BE
RAMANEWS,SHREE RAMA NEWSPRINT LTD,INE278B01020,NSE,Unknown,BE
RAMAPETRO,RAMAPETRO - DEPO,INE783A01013,NSE,Unknown,BE
RAMAPHO,RAMA PHOSPHATES LIMITED,INE809A01032,NSE,Unknown,BE
RAMAPHOSP,RAMA PHOSPHATES LTD,INE463501010,NSE,Unknown,EQ
RAMASTEEL,RAMA STEEL TUBES LIMITED,INE230R01035,NSE,Unknown,BE
RAMAVISION,RAMA VISION - ROLL SETT,INE763B01013,NSE,Unknown,BE
RAMCOCEM,THE RAMCO CEMENTS LIMITED,INE331A01037,NSE,Unknown,BE
RAMCOIND,RAMCOINDUSTRIES LTD,INE614A01028,NSE,Unknown,BE
RAMCOSYS,RAMCO SYSTEMS LTD,INE246B01019,NSE,Unknown,BE
RAMGOPOLY,RAMGOPAL POLYTEX LIMITED,INE410D01017,NSE,Unknown,BE
RAMKY,RAMKY INFRA LTD,INE874I01013,NSE,Unknown,BE
RAMRAT,RAM RATNA WIRES LIMITED,INE207E01023,NSE,Unknown,BE
RAMSARUP,RAMSARUP INDUSTRIES LTD.,INE005D01015,NSE,Unknown,BE
RANASUG,RANA SUGARS LTD.,INE625B01014,NSE,Unknown,BE
RANEENGINE,RANE ENG VALVE LTD,INE222J01013,NSE,Unknown,BE
RANEHOLDIN,RANE HOLDINGS LIMITED,INE384A01010,NSE,Unknown,BE
RAPIDFLEET,RAPID FLEET MGT SERVICE L,INE0QX901013,NSE,Unknown,SM
RASLAMIPAK,RASPROPACK LTD,INE279B01010,NSE,Unknown,BE
RATEGAIN,RATEGAIN TRAVEL TECHN LTD,INE0CLI01024,NSE,Unknown,BE
RATHIALLOY,RATHI ALLOYS AND STEELS L,INE263601010,NSE,Unknown,EQ
RATNAMANI,RATNAMANI MET & TUB LTD.,INE703B01027,NSE,Unknown,BE
RAVALSUGAR,RAVALGAONSUGAR FARM,INE615A01017,NSE,Unknown,BE
RAYMOND,RAYMOND - DEP SETT,INE301A01014,NSE,Unknown,BE
RAYMONDLSL,RAYMOND LIFESTYLE LIMITED,INE02ID01020,NSE,Unknown,BE
RAYMONDSYN,RECRON SYNTH LTD,INE616A01015,NSE,Unknown,BE
RBA,RESTAURANT BRAND ASIA LTD,INE07T201019,NSE,Unknown,BE
RBL,RANE BRAKE LINING LTD,INE244J01017,NSE,Unknown,BE
RBLBANK,RBL BANK LIMITED,INE976G01028,NSE,Unknown,BE
RBMINFRA,RBM INFRACON LIMITED,INE0NA301016,NSE,Unknown,SM
RBS,RAMDEVBABA SOLVENT LTD,INE0RJH01010,NSE,Unknown,SM
RBZJEWEL,RBZ JEWELLERS LIMITED,INE0PEQ01016,NSE,Unknown,BE
RCDL,RAJGOR CASTOR DERIVATI L,INE0BZQ01011,NSE,Unknown,SM
RCF,RCF-DEPO SETT,INE027A01015,NSE,Unknown,BE
RCOM,RELIANCE COMMUNICATIONS L,INE330H01018,NSE,Unknown,BE
RGL,RENAISSANCE GLOBAL LTD,INE722H01024,NSE,Unknown,BE
RHETAN,RHETAN TMT LIMITED,INE0KKN01029,NSE,Unknown,BE
RHFL,RELIANCE HOME FINANCE LTD,INE217K01011,NSE,Unknown,BE
RHIM,RHI MAGNESITA INDIA LTD,INE743M01012,NSE,Unknown,BE
RHL,ROBUST HOTELS LIMITED,INE508K01013,NSE,Unknown,BE
RICHA,RICHA INFO SYSTEMS LTD,INE0J1P01015,NSE,Unknown,SM
RICHSILK,RICHIMEN SILK LTD,INE269401019,NSE,Unknown,EQ
RICOAUTO,RICO AUTO INDUSTRIES LTD,INE209B01025,NSE,Unknown,BE
RIIL,RIIL LTD,INE046A01015,NSE,Unknown,BE
RILINFRA,RACHANA INFRA LTD,INE02OY01016,NSE,Unknown,SM
RISHABH,RISHABH INSTRUMENTS LTD,INE0N2P01017,NSE,Unknown,BE
RISHIPACK,RISHI PACKERS LTD,INE271301017,NSE,Unknown,EQ
RITCO,RITCO LOGISTICS LIMITED,INE01EG01016,NSE,Unknown,BE
RITES,RITES LIMITED,INE320J01015,NSE,Unknown,BE
RITEZONE,RITE ZONE CHEMCON IND LTD,INE0MRA01019,NSE,Unknown,SM
RKDL,RAVI KUMAR DIST. LTD.,INE722J01012,NSE,Unknown,BE
RKEC,RKEC PROJECTS LIMITED,INE786W01010,NSE,Unknown,BE
RKFORGE,RAMKRISHNA FORGINGS LTD,INE399G01023,NSE,Unknown,BE
RKSWAMY,R K SWAMY LIMITED,INE0NQ801033,NSE,Unknown,BE
RMCL,RADHA MADHAV CO. LTD.,INE172H01014,NSE,Unknown,BE
RMDRIP,R M DRIP & SPRINK SYS LTD,INE219Y01026,NSE,Unknown,BE
RMDRIP,R M DRIP & SPRINK SYS LTD,INE219Y01018,NSE,Unknown,SM
RML,RANE (MADRAS) LIMITED,INE050H01012,NSE,Unknown,BE
RMMIL,RESURGERE MINES & MINERAL,INE774I01031,NSE,Unknown,BE
RNBDENIMS,R&B DENIMS LIMITED,INE012Q01021,NSE,Unknown,BE
RNFI,RNFI SERVICES LIMITED,INE0SA001017,NSE,Unknown,SM
RNPL,RENOL POLYCHEM LIMITED,INE0VZX01015,NSE,Unknown,SM
ROCKINGDCE,ROCKINGDEALS CIRCU ECO L,INE0PTR01012,NSE,Unknown,SM
ROHITFERRO,ROHIT FERRO-TECH LIMITED,INE248H01012,NSE,Unknown,BE
ROHLTD,ROYAL ORCHID HOTELS LTD,INE283H01019,NSE,Unknown,BE
ROLATAN,ROLLATAINERS LTD - DEPO,INE927A01016,NSE,Unknown,BE
ROLATAN,ROLLATAINERS LTD,INE273101019,NSE,Unknown,EQ
ROLEXRINGS,ROLEX RINGS LIMITED,INE645S01016,NSE,Unknown,BE
ROLLT,ROLLATAINERS LIMITED,INE927A01040,NSE,Unknown,BE
ROLTA,ROLTA INDIA - DEP SETT,INE293A01013,NSE,Unknown,BE
ROMIND,ROM INDUSTRIES LTD,INE573501017,NSE,Unknown,EQ
ROML,RAJ OIL MILLS LIMITED,INE294G01026,NSE,Unknown,BE
ROSSARI,ROSSARI BIOTECH LIMITED,INE02A801020,NSE,Unknown,BE
ROSSELL,ROSSELINDUSTRIES-ROLLSETT,INE166D01015,NSE,Unknown,BE
ROSSELLIND,ROSSELL INDIA LIMITED,INE847C01020,NSE,Unknown,BE
ROSSTECH,ROSSELL TECHSYS LIMITED,INE0OJW01016,NSE,Unknown,BE
ROTO,ROTO PUMPS LIMITED,INE535D01037,NSE,Unknown,BE
ROUTE,ROUTE MOBILE LIMITED,INE450U01017,NSE,Unknown,BE
ROXHITECH,ROX HI TECH LIMITED,INE0PDJ01013,NSE,Unknown,SM
ROYALARC,ROYAL ARC ELECTRODES LTD,INE0EO401019,NSE,Unknown,SM
ROYALCUSHN,ROYAL CUSHION VINYL PRODU,INE464001010,NSE,Unknown,EQ
RPEL,RAGHAV PRODUCTIVITY ENH L,INE912T01018,NSE,Unknown,BE
RPGLIFE,RPG LIFE SCIENCES LTD,INE105J01010,NSE,Unknown,BE
RPOWER,RELIANCE POWER LTD.,INE614G01033,NSE,Unknown,BE
RPSGVENT,RPSG VENTURES LIMITED,INE425Y01011,NSE,Unknown,BE
RPTECH,RASHI PERIPHERALS LIMITED,INE0J1F01024,NSE,Unknown,BE
RRKABEL,R R KABEL LIMITED,INE777K01022,NSE,Unknown,BE
RSWM,RSWM LIMITED,INE611A01016,NSE,Unknown,BE
RSYSTEMS,R SYS INTERNATIONAL LTD,INE411H01032,NSE,Unknown,BE
RTL,RAMA TELECOM LIMITED,INE14W901010,NSE,Unknown,SM
RTNINDIA,RATTANINDIA ENT LIMITED,INE834M01019,NSE,Unknown,BE
RTNPOWER,RATTANINDIA POWER LIMITED,INE399K01017,NSE,Unknown,BE
RUBFILA,RUBFILA INTERNATIONAL LTD,INE642C01025,NSE,Unknown,BE
RUBFILINTL,RUBFILAINTLLTD-ROLLSETT,INE642C01017,NSE,Unknown,BE
RUBYMILLS,THE RUBY MILLS LTD,INE301D01026,NSE,Unknown,BE
RUCHINFRA,RUCHI INFRASTRUCTURE LTD,INE413B01023,NSE,Unknown,BE
RUCHIRA,RUCHIRA PAPERS LIMITED,INE803H01014,NSE,Unknown,BE
RUCHISOYA,RUCHI SOYA INDUSTRIES LTD,INE619A01027,NSE,Unknown,BE
RUCHISTRIP,RUCHI STRIPS AND ALLOYS L,INE275101017,NSE,Unknown,EQ
RULKA,RULKA ELECTRICALS LIMITED,INE0R7301013,NSE,Unknown,SM
RUPA,RUPA & COMPANY LTD,INE895B01021,NSE,Unknown,BE
RUSHIL,RUSHIL DECOR LIMITED,INE573K01025,NSE,Unknown,BE
RUSTOMJEE,KEYSTONE REALTORS LIMITED,INE263M01029,NSE,Unknown,BE
RVHL,RAVINDER HEIGHTS LIMITED,INE09E501017,NSE,Unknown,BE
RVNL,RAIL VIKAS NIGAM LIMITED,INE415G01027,NSE,Unknown,BE
RVTH,REVATHI EQUIPMENT INDIA L,INE0DAB01012,NSE,Unknown,BE
SAAKSHI,SAAKSHI MEDTEC N PANELS L,INE0PSK01027,NSE,Unknown,SM
SAATVIKGL,SAATVIK GREEN ENERGY LTD,INE13B501022,NSE,Unknown,BE
SABAR,SABAR FLEX INDIA LIMITED,INE0DZ101013,NSE,Unknown,SM
SABEVENTS,SAB EVENTS & GOVERNANCE,INE860T01019,NSE,Unknown,BE
SABTN,SRI ADHIKARI BROS.,INE416A01036,NSE,Unknown,BE
SABTNL,SRI ADHIKARI BRO TELE N L,INE416A01044,NSE,Unknown,BE
SACHEEROME,SACHEEROME LIMITED,INE1ARD01016,NSE,Unknown,SM
SADBHAV,SADBHAV ENGINEERING LTD,INE226H01026,NSE,Unknown,BE
SADBHIN,SADBHAV INFRA PROJ LTD.,INE764L01010,NSE,Unknown,BE
SADHAV,SADHAV SHIPPING LIMITED,INE0K5H01010,NSE,Unknown,SM
SADHNANIQ,SADHANA NITROCHEM LIMITED,INE888C01040,NSE,Unknown,BE
SAFARI,SAFARI IND (INDIA) LTD,INE429E01023,NSE,Unknown,BE
SAFEENTP,SAFE ENTER RETAIL FIX LTD,INE17D601016,NSE,Unknown,SM
SAGARCEM,SAGAR CEMENTS LTD,INE229C01013,NSE,Unknown,EQ
SAGARDEEP,SAGARDEEP ALLOYS LIMITED,INE976T01013,NSE,Unknown,BE
SAGCEM,SAGAR CEMENTS LIMITED,INE229C01021,NSE,Unknown,BE
SAGILITY,SAGILITY LIMITED,INE0W2G01015,NSE,Unknown,BE
SAHAJ,SAHAJ FASHIONS LIMITED,INE013901017,NSE,Unknown,SM
SAHAJSOLAR,SAHAJ SOLAR LIMITED,INE0P4701011,NSE,Unknown,SM
SAHANA,SAHANA SYSTEM LIMITED,INE0LEX01011,NSE,Unknown,SM
SAHASRA,SAHASRA ELECTRONIC SOLU L,INE0RBQ01018,NSE,Unknown,SM
SAHYADRI,SAHYADRI INDUSTRIES LTD,INE280H01015,NSE,Unknown,BE
SAIFL,SAMEERA AGRO AND INFRA L,INE0PZA01015,NSE,Unknown,SM
SAIL,SAIL - DEP RS,INE114A01011,NSE,Unknown,BE
SAILIFE,SAI LIFE SCIENCES LIMITED,INE570L01029,NSE,Unknown,BE
SAISERVICE,SAI SERVICES STATION LTD,INE278801019,NSE,Unknown,EQ
SAJHOTELS,SAJ HOTELS LIMITED,INE00MT01022,NSE,Unknown,SM
SAKAR,SAKAR HEALTHCARE LIMITED,INE732S01012,NSE,Unknown,BE
SAKHTISUG,SAKHTISUG SUGARS LTD,INE623A01011,NSE,Unknown,BE
SAKSOFT,SAKSOFT LIMITED,INE667G01023,NSE,Unknown,BE
SAKTHIFIN,SAKTHI FINANCE LTD,INE302E01014,NSE,Unknown,BE
SAKUMA,SAKUMA EXPORTS LIMITED,INE190H01024,NSE,Unknown,BE
SALASAR,SALASAR TECHNO ENGG. LTD.,INE170V01027,NSE,Unknown,BE
SALONA,SALONA COTSPIN LTD.,INE498E01010,NSE,Unknown,BE
SALSTEEL,S.A.L. STEEL LTD.,INE658G01014,NSE,Unknown,BE
SAMAY,SAMAY PROJECT SERVICES L,INE124101010,NSE,Unknown,SM
SAMBHAAV,SAMBHAAV MEDIA LTD,INE699B01027,NSE,Unknown,BE
SAMBHV,SAMBHV STEEL TUBES LTD,INE12NJ01018,NSE,Unknown,BE
SAMHI,SAMHI HOTELS LIMITED,INE08U801020,NSE,Unknown,BE
SAMMAANCAP,SAMMAAN CAPITAL LIMITED,INE148I01020,NSE,Unknown,BE
SAMPANN,SAMPANN UTPADAN INDIA LTD,INE735M01018,NSE,Unknown,BE
SAMTELTD,SAMTEL (I) LTD,INE280901013,NSE,Unknown,EQ
SANATHAN,SANATHAN TEXTILES LIMITED,INE0JPD01013,NSE,Unknown,BE
SANCO,SANCO INDUSTRIES LIMITED,INE782L01012,NSE,Unknown,BE
SANDESH,SANDESH LTD,INE583B01015,NSE,Unknown,BE
SANDHAR,SANDHAR TECHNOLOGIES LTD,INE278H01035,NSE,Unknown,BE
SANDUMA,SANDUR MANG & IRON ORES L,INE149K01016,NSE,Unknown,BE
SANDVIKAS,SANDVIK ASIA LIMITED,INE624A01019,NSE,Unknown,BE
SANGAMIND,SANGAM (INDIA) LTD,INE495C01010,NSE,Unknown,BE
SANGANI,SANGANI HOSPITALS LIMITED,INE0OVI01010,NSE,Unknown,SM
SANGHIIND,SANGHI INDUSTRIES ROLLSET,INE999B01013,NSE,Unknown,BE
SANGHVIFOR,SANGHVI FOR & ENG LTD,INE263L01013,NSE,Unknown,BE
SANGHVIMOV,SANGHVI MOVERS LTD,INE989A01032,NSE,Unknown,BE
SANGINITA,SANGINITA CHEMICALS LTD,INE753W01010,NSE,Unknown,BE
SANOFI,SANOFI INDIA LIMITED,INE058A01010,NSE,Unknown,BE
SANOFICONR,SANOFI CONS HEALTHC IND L,INE0UOS01011,NSE,Unknown,BE
SANSERA,SANSERA ENGINEERING LTD,INE953O01021,NSE,Unknown,BE
SANSTAR,SANSTAR LIMITED,INE08NE01025,NSE,Unknown,BE
SANWARIA,SANWARIA CONSUMER LIMITED,INE890C01046,NSE,Unknown,BE
SARASIND,SARASWATI INDL SYNDICATE,INE858B01011,NSE,Unknown,BE
SARDAEN,SARDA ENERGY & MIN LTD,INE385C01021,NSE,Unknown,BE
SARLAPOLY,SARLA PERF. FIBERS LTD,INE453D01025,NSE,Unknown,BE
SAROJA,SAROJA PHARMA INDUS IND L,INE0PCL01011,NSE,Unknown,SM
SARTELE,SAR TELEVENTURE LIMITED,INE0PUC01020,NSE,Unknown,SM
SARVESHWAR,SARVESHWAR FOODS LIMITED,INE324X01018,NSE,Unknown,SM
SARVESHWAR,SARVESHWAR FOODS LIMITED,INE324X01026,NSE,Unknown,BE
SASKEN,SASKEN TECHNOLOGIES LTD,INE231F01020,NSE,Unknown,BE
SASTASUNDR,SASTASUNDAR VENTURES LTD,INE019J01013,NSE,Unknown,BE
SATECH,S A TECH SOFTWARE INDIA L,INE0BSN01013,NSE,Unknown,SM
SATHAISPAT,SATHAVAHANA ISPAT LTD,INE176C01016,NSE,Unknown,BE
SATIA,SATIA INDUSTRIES LIMITED,INE170E01023,NSE,Unknown,BE
SATIN,SATIN CREDIT NET LTD,INE836B01017,NSE,Unknown,BE
SATIPOLY,SATI POLY PLAST LIMITED,INE0RPM01017,NSE,Unknown,SM
SATKARTAR,SAT KARTAR SHOPPING LTD,INE0NB801022,NSE,Unknown,SM
SATTVAENGG,SATTVA ENGINEERING CSTN L,INE14DW01018,NSE,Unknown,SM
SATYAMCEM,SATYAM CEMENTS LTD,INE285201013,NSE,Unknown,EQ
SAURASHCEM,SAURASHTRA CEMENT LIMITED,INE626A01014,NSE,Unknown,BE
SAVY,SAVY INFRA AND LOGI LTD,INE0UCN01017,NSE,Unknown,SM
SAWALIYA,SAWALIYA FOOD PRODUCTS L,INE10VS01016,NSE,Unknown,SM
SAYAJHOTEL,SAYAJI HOTELS LTD,INE286301010,NSE,Unknown,EQ
SBBJ,STATE BANK OF BIKANER AND,INE648A01026,NSE,Unknown,BE
SBC,SBC EXPORTS LIMITED,INE04AK01028,NSE,Unknown,BE
SBCL,SHIVALIK BIMETAL CON. LTD,INE386D01027,NSE,Unknown,BE
SBFC,SBFC FINANCE LIMITED,INE423Y01016,NSE,Unknown,BE
SBGLP,SURATWWALA BUS GROUP LTD,INE05ST01028,NSE,Unknown,BE
SBIBPB,SBIAMC - SBIBPB,INF200KB1712,NSE,Unknown,EQ
SBICARD,SBI CARDS & PAY SER LTD,INE018E01016,NSE,Unknown,BE
SBIETFCON,SBIAMC - SBIETFCON,INF200KA1X17,NSE,Unknown,EQ
SBIETFIT,SBIAMC - SBIETFIT,INF200KA1S14,NSE,Unknown,EQ
SBIETFPB,SBIAMC - SBIETFPB,INF200KA1S22,NSE,Unknown,EQ
SBIETFQLTY,SBIAMC - SBIETFQLTY,INF200KA1WX6,NSE,Unknown,EQ
SBIHOMEFIN,SBI HOME FINANCE LTD.,INE627A01012,NSE,Unknown,BE
SBILIFE,SBI LIFE INSURANCE CO LTD,INE123W01016,NSE,Unknown,BE
SBILIQETF,SBIAMC - SBILIQETF,INF200KB1969,NSE,Unknown,EQ
SBIN,SBIN - DEPO SETT,INE062A01020,NSE,Unknown,BE
SBINEQWETF,SBIAMC - SBINEQWETF,INF200KB1282,NSE,Unknown,EQ
SBISILVER,SBIAMC - SBISILVER,INF200KB1217,NSE,Unknown,EQ
SBT,STATE BANK OF TRAVANCORE,INE654A01024,NSE,Unknown,BE
SCHAEFFLER,SCHAEFFLER INDIA LIMITED,INE513A01022,NSE,Unknown,BE
SCHAND,S CHAND AND COMPANY LTD,INE807K01035,NSE,Unknown,BE
SCHNEIDER,SCHNEIDER ELECTRIC INFRA,INE839M01018,NSE,Unknown,BE
SCI,SHIPPING CORP OF INDIA LT,INE109A01011,NSE,Unknown,BE
SCILAL,SHIPPING CORP OF ILA LTD,INE0PB301013,NSE,Unknown,BE
SCML,SHARP CHUCKS N MACHINES L,INE460Q01014,NSE,Unknown,SM
SCODATUBES,SCODA TUBES LIMITED,INE090501011,NSE,Unknown,BE
SCPL,SHEETAL COOL PRODUCTS LTD,INE501Y01019,NSE,Unknown,BE
SDBL,SOM DIST & BREW LTD,INE480C01038,NSE,Unknown,BE
SDL24BEES,NIPPON INDIA- NIMFXX,INF204KB18W4,NSE,Unknown,EQ
SDL26BEES,RELCAPAMC-NETFSDL26,INF204KC1022,NSE,Unknown,EQ
SEAMECLTD,SEAMEC LIMITED,INE497B01018,NSE,Unknown,BE
SECALS,SECALS LTD,INE287901016,NSE,Unknown,EQ
SECL,SALASAR EXTERIOR CONT LTD,INE00Y701026,NSE,Unknown,SM
SECMARK,SECMARK CONSULTANCY LTD,INE0BTM01013,NSE,Unknown,BE
SECURKLOUD,SECUREKLOUD TECH LIMITED,INE650K01021,NSE,Unknown,BE
SEJAL,SEJAL GLASS LIMITED,INE955I01036,NSE,Unknown,BE
SEJALLTD,SEJAL GLASS LIMITED,INE955I01044,NSE,Unknown,BE
SEL,SUNGARNER ENERGIES LTD,INE0O3O01017,NSE,Unknown,SM
SELECTIPO,MIRAEAMC - SELECTIPO,INF769K01ON4,NSE,Unknown,EQ
SELLOWRAP,SELLOWRAP INDUSTRIES LTD,INE0IJF01013,NSE,Unknown,SM
SELMC,SEL MANUFACTURING CO LTD,INE105I01020,NSE,Unknown,BE
SELMCL,SEL MANU. CO. LTD.,INE105I01012,NSE,Unknown,BE
SEMAC,SEMAC CONSTRUCTION LTD,INE617A01013,NSE,Unknown,BE
SENCO,SENCO GOLD LIMITED,INE602W01027,NSE,Unknown,BE
SENSEXADD,DSPAMC - DSPSENXETF,INF740KA1SZ6,NSE,Unknown,EQ
SENSEXETF,MIRAEAMC - SENSEXETF,INF769K01KT9,NSE,Unknown,EQ
SENSEXIETF,ICICI PRUD SENSEX ETF,INF346A01034,NSE,Unknown,EQ
SEPC,SEPC LIMITED,INE964H01014,NSE,Unknown,BE
SEQUENT,SEQUENT SCIENTIFIC LTD.,INE807F01027,NSE,Unknown,BE
SERVICE,SERVICE CARE LIMITED,INE0P1Q01015,NSE,Unknown,SM
SERVOTECH,SERVOTECH REN POW SYS LTD,INE782X01033,NSE,Unknown,BE
SERVOTECH,SERVOTECH POWER SYS LTD.,INE782X01017,NSE,Unknown,SM
SESHAPAPER,SESHASAYE PAPER & BOARD L,INE630A01024,NSE,Unknown,BE
SETCO,SETCO AUTOMOTIVE LTD,INE878E01021,NSE,Unknown,BE
SETF10GILT,SBIAMC - SETF10GILT,INF200KA1JT1,NSE,Unknown,EQ
SETFGOLD,SBI-ETF GOLD,INF200KA16D8,NSE,Unknown,EQ
SETFNIF50,SBI-ETF NIFTY 50,INF200KA1FS1,NSE,Unknown,EQ
SETFNIFBK,SBI-ETF NIFTY BANK,INF200KA1580,NSE,Unknown,EQ
SETFNN50,SBI-ETF NIFTY NEXT 50,INF200KA1598,NSE,Unknown,EQ
SETUINFRA,SETUBANDHAN INFRA LTD,INE023M01027,NSE,Unknown,BE
SEYAIND,SEYA INDUSTRIES LIMITED,INE573R01012,NSE,Unknown,BE
SFL,SHEELA FOAM LIMITED,INE916U01025,NSE,Unknown,BE
SFML,SUPREME FACILITY MGMT LTD,INE0U6N01014,NSE,Unknown,SM
SGFIN,SG FINSERVE LIMITED,INE618R01015,NSE,Unknown,BE
SGFL,SHREE GANESH FORG. LTD,INE883G01018,NSE,Unknown,BE
SGIL,SYNERGY GREEN IND. LTD,INE00QT01015,NSE,Unknown,BE
SGL,STL GLOBAL LIMITED,INE353H01010,NSE,Unknown,BE
SGLTL,STANDARD GLASS LIN TECH L,INE0M4D01010,NSE,Unknown,BE
SGMART,SG MART LIMITED,INE385F01024,NSE,Unknown,BE
SHAANINTER,SHAAN INTERWEL (I) LTD,INE465401011,NSE,Unknown,EQ
SHAH,SHAH METACORP LIMITED,INE482J01021,NSE,Unknown,BE
SHAHALLOYS,SHAH ALLOYS LIMITED,INE640C01011,NSE,Unknown,BE
SHAILY,SHAILY ENG PLASTICS LTD,INE151G01028,NSE,Unknown,BE
SHAIVAL,SHAIVAL REALITY LIMITED,INE262S01010,NSE,Unknown,SM
SHAKTIPUMP,SHAKTI PUMPS (I) LTD,INE908D01010,NSE,Unknown,BE
SHALBY,SHALBY LIMITED,INE597J01018,NSE,Unknown,BE
SHALMPAINT,SHALIMARPAINTS-ROLLSETT,INE849C01018,NSE,Unknown,BE
SHALMPAINT,SHALIMAR PAINTS LTD,INE849C01026,NSE,Unknown,EQ
SHAMKNFAB,SHAMKEN MULTIFAB  LTD.,INE565B01012,NSE,Unknown,BE
SHAMKNSPIN,SHAMKEN SPINNERS LTD.,INE626B01012,NSE,Unknown,BE
SHANKARA,SHANKARA BLDG PRODUCT LTD,INE274V01019,NSE,Unknown,BE
SHANTHALA,SHANTHALA FMCG PRODUCTS L,INE0Q9Q01017,NSE,Unknown,SM
SHANTI,SHANTI OVERSEAS INDIA LTD,INE933X01016,NSE,Unknown,BE
SHANTIGEAR,SHANTHI GEARS LTD,INE631A01022,NSE,Unknown,BE
SHANTIGOLD,SHANTI GOLD INTERNATION L,INE06ZD01017,NSE,Unknown,BE
SHARDACROP,SHARDA CROPCHEM LTD.,INE221J01015,NSE,Unknown,BE
SHARDAMOTR,SHARDA MOTOR INDS LTD,INE597I01028,NSE,Unknown,BE
SHARDATERY,SHARDA TERRY PRODUCTS LTD,INE290801013,NSE,Unknown,EQ
SHARIABEES,NIP IND ETF SHARIAH BEES,INF732E01128,NSE,Unknown,EQ
SHARONBIO,SHARON BIO-MEDI LTD,INE028B01029,NSE,Unknown,BE
SHARTSEFOD,SHARAT INDUSTRIES LTD,INE465501018,NSE,Unknown,EQ
SHAWALLACE,SHAW WALLACE LTD,INE291901010,NSE,Unknown,EQ
SHAWALLACE,SHAW  WALLACE & CO - DEPO,INE402A01010,NSE,Unknown,BE
SHAWGELTIN,SHAW WALLANCE - DEPO,INE869A01010,NSE,Unknown,BE
SHEETAL,SHEETAL UNIVERSAL LIMITED,INE04VX01019,NSE,Unknown,SM
SHEKHAWATI,SHEKHAWATI INDUSTRIES LTD,INE268L01046,NSE,Unknown,BE
SHEMAROO,SHEMAROO ENTER. LTD.,INE363M01019,NSE,Unknown,BE
SHERA,SHERA ENERGY LIMITED,INE0MM001019,NSE,Unknown,SM
SHETRON,SHETRON LTD,INE292401010,NSE,Unknown,EQ
SHIGAN,SHIGAN QUANTUM TECH LTD,INE03KJ01013,NSE,Unknown,SM
SHILPAMED,SHILPA MEDICARE LTD,INE790G01031,NSE,Unknown,BE
SHIVAJWORK,SHIVAJI WORKS LTD,INE294001016,NSE,Unknown,EQ
SHIVALIK,SHIVALIK RASAYAN LIMITED,INE788J01021,NSE,Unknown,BE
SHIVAMAUTO,SHIVAM AUTO.LTD,INE637H01024,NSE,Unknown,BE
SHIVAMILLS,SHIVA MILLS LIMITED,INE644Y01017,NSE,Unknown,BE
SHIVASHRIT,SHIVASHRIT FOODS LIMITED,INE1DLF01018,NSE,Unknown,SM
SHIVATEX,SHIVA TEXYARN LIMITED,INE705C01020,NSE,Unknown,BE
SHIVAUM,SHIV AUM STEELS LIMITED,INE719F01016,NSE,Unknown,SM
SHK,S H KELKAR AND CO. LTD.,INE500L01026,NSE,Unknown,BE
SHKSIL,SHRI HARE-KRI SPO IRON L,INE0NON01025,NSE,Unknown,SM
SHLAKSHMI,SHRI LAKSHMI COTSYN LTD,INE851B01016,NSE,Unknown,BE
SHOPERSTOP,SHOPPERS STOP LIMITED,INE498B01024,NSE,Unknown,BE
SHOPINVFIN,SHOPPERS  INV & FIN  CO.,INE294301010,NSE,Unknown,EQ
SHRADHA,SHRADHA INFRAPROJECTS LTD,INE715Y01015,NSE,Unknown,SM
SHRADHA,SHRADHA INFRAPROJECTS LTD,INE715Y01031,NSE,Unknown,BE
SHRIAHIMSA,SHRI AHIMSA NATURALS LTD,INE0DM401012,NSE,Unknown,SM
SHRIDINESH,SHRI DINESH MLLS LTD,INE297701018,NSE,Unknown,EQ
SHRINGARMS,SHRINGAR HOU OF MANGALS L,INE1B3L01017,NSE,Unknown,BE
SHRIPISTON,SHRIRAM PIST. & RING LTD,INE526E01018,NSE,Unknown,BE
SHRIRAMCIT,SHRIRAM CITYUNI FIN.LTD.,INE722A01011,NSE,Unknown,BE
SHRIRAMFIN,SHRIRAM FINANCE LIMITED,INE721A01047,NSE,Unknown,BE
SHRITECH,SHRI TECHTEX LIMITED,INE0OMF01015,NSE,Unknown,SM
SHRIYAMSEC,SHRIYAM SEC & FIN LTD,INE037B01012,NSE,Unknown,BE
SHUBHLAXMI,SHUBHLAXMI JEWEL ART LTD,INE01Z401013,NSE,Unknown,SM
SHUKRADIAM,SHUKRA DIAMONDS EXPORTS,INE299701016,NSE,Unknown,EQ
SHYAMCENT,SHYAM CENTURY FERROUS LTD,INE979R01011,NSE,Unknown,BE
SHYAMMETL,SHYAM METALICS AND ENGY L,INE810G01011,NSE,Unknown,BE
SHYAMTEL,SHYAM TELECOM LIMITED,INE635A01023,NSE,Unknown,BE
SICAGEN,SICAGEN INDIA LIMITED,INE176J01011,NSE,Unknown,BE
SICAL,SICAL LOGISTICS LIMITED,INE075B01012,NSE,Unknown,BE
SICALLOG,SICAL LOGISTICS LIMITED,INE075B01020,NSE,Unknown,BE
SIDDHATUBE,SIDDHARTH TUBE-ROLL SETT,INE708B01018,NSE,Unknown,BE
SIDDHICOTS,SIDDHI COTSPIN LIMITED,INE0SVO01019,NSE,Unknown,SM
SIDDHIKA,SIDDHIKA COATINGS LIMITED,INE0A1E01018,NSE,Unknown,SM
SIEL,SIEL LTD,INE636A01013,NSE,Unknown,BE
SIEMENS,SIEMENS LTD - DEPO SETT,INE003A01024,NSE,Unknown,BE
SIGACHI,SIGACHI INDUSTRIES LTD,INE0D0K01022,NSE,Unknown,BE
SIGIND,SIGNET INDUSTRIES LIMITED,INE529F01035,NSE,Unknown,BE
SIGMA,SIGMA SOLVE LIMITED,INE0A0S01010,NSE,Unknown,BE
SIGNET,SIGNET INDUSTRIES LIMITED,INE529F01027,NSE,Unknown,BE
SIGNORIA,SIGNORIA CREATION LIMITED,INE0RDE01010,NSE,Unknown,SM
SIGNPOST,SIGNPOST INDIA LIMITED,INE0KGZ01021,NSE,Unknown,BE
SIIL,SUPREME (INDIA) IMPEX LTD,INE971P01012,NSE,Unknown,SM
SIKKO,SIKKO INDUSTRIES LIMITED,INE112X01017,NSE,Unknown,BE
SIL,STANDARD INDUSTRIES LTD.,INE173A01025,NSE,Unknown,BE
SILGO,SILGO RETAIL LIMITED,INE01II01013,NSE,Unknown,BE
SILINV,SIL INVESTMENTS LIMITED,INE923A01015,NSE,Unknown,BE
SILKFLEX,SILKFLEX POLYMERS INDIA L,INE0STN01015,NSE,Unknown,SM
SILKY,SILKY OVERSEAS LIMITED,INE0SN801015,NSE,Unknown,SM
SILLYMONKS,SILLY MONKS ENTERTAIN LTD,INE203Y01012,NSE,Unknown,BE
SILVER,BIRLASLAMC - SILVER,INF209KB19F6,NSE,Unknown,EQ
SILVER1,KOTAKMAMC - KOTAKSILVE,INF174KA1KU9,NSE,Unknown,EQ
SILVER360,360ONEAMC - SILVER360,INF579M01BC3,NSE,Unknown,EQ
SILVERADD,DSPAMC - DSPSILVETF,INF740KA1RE3,NSE,Unknown,EQ
SILVERAG,MIRAEAMC - MASILVER,INF769K01KG6,NSE,Unknown,EQ
SILVERBEES,NIPPONAMC - NETFSILVER,INF204KC1402,NSE,Unknown,EQ
SILVERCASE,ZERODHAAMC - SILVERCASE,INF0R8F01091,NSE,Unknown,EQ
SILVERIETF,ICICIPRAMC - ICICISILVE,INF109KC1Y56,NSE,Unknown,EQ
SILVERLINE,SILVERLINE TEC - DEP SETT,INE368A01013,NSE,Unknown,BE
SILVERTUC,SILVER TOUCH TECHNO LTD,INE625X01018,NSE,Unknown,BE
SIMBHALS,SIMBHAOLI SUGARS LTD.,INE748T01016,NSE,Unknown,BE
SIMBHALSUG,SIMBHAOLI SUGAR MILLS LTD,INE380601018,NSE,Unknown,EQ
SIMPLEX,SIMPLEX PROJECTS LTD.,INE898F01018,NSE,Unknown,BE
SIMPLEXCAS,SIMPLEX CASTING LIMITED,INE658D01011,NSE,Unknown,BE
SIMPLEXINF,SIMPLEX INFRASTRUCTURES L,INE059B01024,NSE,Unknown,BE
SINCLAIR,SINCLAIRS HOTELS LIMITED,INE985A01022,NSE,Unknown,BE
SINDHUTRAD,SINDHU TRADE LINKS LTD,INE325D01025,NSE,Unknown,BE
SINGER,SINGER INDIA LTD,INE381301014,NSE,Unknown,EQ
SINGER,SINGERINDIALTD-ROLL SETT,INE638A01019,NSE,Unknown,BE
SINTERCOM,SINTERCOM INDIA LIMITED,INE129Z01016,NSE,Unknown,BE
SINTEX,SINTEX INDUSTRIES LTD,INE429C01035,NSE,Unknown,BE
SIPAPER,SOUTH INDIA PAPER MILLS,INE581501017,NSE,Unknown,EQ
SIRCA,SIRCA PAINT INDIA LIMITED,INE792Z01011,NSE,Unknown,BE
SIRIS,SIRIS LTD,INE375301012,NSE,Unknown,BE
SIS,SIS LIMITED,INE285J01028,NSE,Unknown,BE
SITINET,SITI NETWORKS LIMITED,INE965H01011,NSE,Unknown,BE
SIYSIL,SIYARAM SILK MILLS LTD,INE076B01028,NSE,Unknown,BE
SJLOGISTIC,S J LOGISTICS (INDIA) LTD,INE0F3301020,NSE,Unknown,SM
SJS,SJS ENTERPRISES LIMITED,INE284S01014,NSE,Unknown,BE
SJVN,SJVN LTD,INE002L01015,NSE,Unknown,BE
SKFINDIA,SKF INDIA LTD,INE640A01023,NSE,Unknown,BE
SKIL,SKIL INFRASTRUCTURE LTD.,INE429F01012,NSE,Unknown,BE
SKMEGGPROD,SKM EGG PROD-ROLL SETT,INE411D01015,NSE,Unknown,BE
SKP,SKP BEARING INDUSTRI. LTD,INE0KZA01016,NSE,Unknown,SM
SKSIND,SKS LTD,INE464901011,NSE,Unknown,EQ
SKSTEXTILE,S K S TEXTILES LIMITED,INE507Y01016,NSE,Unknown,SM
SKUMARSYNF,S KUMARS NATIONWIDE LTD,INE772A01016,NSE,Unknown,BE
SKYGOLD,SKY GOLD AND DIAMONDS LTD,INE01IU01018,NSE,Unknown,BE
SLONE,SLONE INFOSYSTEMS LIMITED,INE0SMA01017,NSE,Unknown,SM
SMALLCAP,MIRAEAMC - SMALLCAP,INF769K01LC3,NSE,Unknown,EQ
SMARTEN,SMARTEN POWER SYSTEMS LTD,INE14GK01016,NSE,Unknown,SM
SMARTLINK,SMARTLINK HOLDINGS LTD,INE178C01020,NSE,Unknown,BE
SMARTWORKS,SMARTWORKS COWORKING SP L,INE0NAZ01010,NSE,Unknown,BE
SMCGLOBAL,SMC GLOBAL SECURITIES LTD,INE103C01036,NSE,Unknown,BE
SMDYECHEM,SM DYECHEM LTD .,INE620A01017,NSE,Unknown,BE
SML100CASE,ZERODHAAMC - SML100CASE,INF0R8F01141,NSE,Unknown,EQ
SMLISUZU,SML ISUZU LIMITED,INE294B01019,NSE,Unknown,BE
SMLT,SARTHAK METALS LIMITED,INE017W01010,NSE,Unknown,BE
SMPL,SPLENDID METAL PRODUCTS L,INE215G01021,NSE,Unknown,BE
SMSLIFE,SMS LIFESCIENCES (I) LTD,INE320X01016,NSE,Unknown,BE
SMSPHARMA,SMS PHARMACEUTICALS LTD.,INE812G01025,NSE,Unknown,BE
SMVD,SMVD POLY PACK LIMITED,INE702Y01013,NSE,Unknown,SM
SNEHAA,SNEHAA ORGANICS LIMITED,INE1OIC01018,NSE,Unknown,SM
SNEHAIND,SNEHADHARA INDUSTRIES LTD,INE377601013,NSE,Unknown,EQ
SNOWMAN,SNOWMAN LOGISTICS LTD.,INE734N01019,NSE,Unknown,BE
SNXT30BEES,NIPPONAMC - SNXT30BEES,INF204KC1EZ3,NSE,Unknown,EQ
SOBHA,SOBHA LIMITED,INE671H01015,NSE,Unknown,BE
SOFTTECH,SOFTTECH ENGINEERS LTD,INE728Z01015,NSE,Unknown,BE
SOLARA,SOLARA ACTIVE PHA SCI LTD,INE624Z01016,NSE,Unknown,BE
SOLARINDS,SOLAR INDUSTRIES (I) LTD,INE343H01029,NSE,Unknown,BE
SOLARSNIND,SOLARSON INDUSTRIES LTD,INE378101013,NSE,Unknown,EQ
SOLARWORLD,SOLARWORLD ENERGY SOL LTD,INE0TY101024,NSE,Unknown,BE
SOLEX,SOLEX ENERGY LIMITED,INE880Y01017,NSE,Unknown,SM
SOLPHARMA,SOL PHARMA LTD,INE377901017,NSE,Unknown,BE
SOMANISWIS,SOMANI SWISS INDS LTD,INE581001018,NSE,Unknown,EQ
SOMANYCERA,SOMANY CERAMICS LIMITED,INE355A01028,NSE,Unknown,BE
SOMATEX,SOMA TEXTILEI NDUSTRIES L,INE314C01013,NSE,Unknown,BE
SOMDUTTFIN,SOM DUTT FIN. CORP. LTD,INE378501014,NSE,Unknown,EQ
SOMICONVEY,SOMI CONVEYOR BELT. LTD.,INE323J01019,NSE,Unknown,BE
SOMKMARINE,SOMKAN MARINE FOODS LTD,INE373101018,NSE,Unknown,EQ
SONACOMS,SONA BLW PRECISION FRGS L,INE073K01018,NSE,Unknown,BE
SONAMAC,SONA MACHINERY LIMITED,INE0Q6H01012,NSE,Unknown,SM
SONAMCLOCK,SONAM CLOCK LIMITED,INE00LM01011,NSE,Unknown,SM
SONAMLTD,SONAM LIMITED,INE00LM01029,NSE,Unknown,BE
SONATSOFTW,SONATA SOFTWARE LTD,INE269A01021,NSE,Unknown,BE
SONISOYA,SONI SOYA PRODUCTS LTD.,INE301Z01011,NSE,Unknown,SM
SONUINFRA,SONU INFRATECH LIMITED,INE0JZA01018,NSE,Unknown,SM
SORILINFRA,SORIL INFRA RESOURCES LTD,INE034H01016,NSE,Unknown,BE
SOTAC,SOTAC PHARMACEUTICALS LTD,INE0O2D01012,NSE,Unknown,SM
SOTL,SAVITA OIL TECHNOLO. LTD,INE035D01020,NSE,Unknown,BE
SOUTHBANK,THE SOUTH INDIAN BANK LTD,INE683A01023,NSE,Unknown,BE
SOUTHNHERB,SOUTHERN HERBALS LTD.,INE001C01016,NSE,Unknown,BE
SOUTHWEST,SOUTH WEST PINNACLE LTD,INE980Y01015,NSE,Unknown,BE
SPAL,S. P. APPARELS LIMITED,INE212I01016,NSE,Unknown,BE
SPANDANA,SPANDANA SPHOORTY FIN LTD,INE572J01011,NSE,Unknown,BE
SPARC,SUN PHARMA ADV.RES.CO.LTD,INE232I01014,NSE,Unknown,BE
SPARTEK,SPARTEK CERAMICS (I) LTD,INE370101011,NSE,Unknown,EQ
SPCENET,SPACENET ENTERS IND LTD,INE970N01027,NSE,Unknown,BE
SPCL,SHIVALIC POWER CONTROL L,INE0T7B01010,NSE,Unknown,SM
SPECIALITY,SPECIALITY REST LTD,INE247M01014,NSE,Unknown,BE
SPECIALSTL,TATA SSL LTD.,INE675A01011,NSE,Unknown,BE
SPECTRUM,SPECTRUM ELECTRIC IND LTD,INE01EO01010,NSE,Unknown,BE
SPECTSTM,SPECTRUM TALENT MGMT LTD,INE0OL001018,NSE,Unknown,SM
SPENCERS,SPENCER S RETAIL LIMITED,INE020801028,NSE,Unknown,BE
SPENTEX,SPENTEX IND. LTD,INE376C01020,NSE,Unknown,BE
SPIC,SPIC LTD,INE147A01011,NSE,Unknown,BE
SPICEJET,SPICEJET LIMITED,INE285B01017,NSE,Unknown,BE
SPICELEC,SPEL SEMICONDUCTOR LTD,INE252A01019,NSE,Unknown,BE
SPICFINE,HENKEL SPIC (I) LTD DEPO,INE902A01019,NSE,Unknown,BE
SPLIL,SPL INDUSTRIES LIMITED,INE978G01016,NSE,Unknown,BE
SPLPETRO,SUPREME PETROCHEM LIMITED,INE663A01033,NSE,Unknown,BE
SPMLINFRA,SPML INFRA LIMITED,INE937A01023,NSE,Unknown,BE
SPORTKING,SPORTKING INDIA LIMITED,INE885H01029,NSE,Unknown,BE
SPRL,SP REFRACTORIES LIMITED,INE0JW501011,NSE,Unknown,SM
SPTL,SINTEX PLASTICS TECH LTD,INE501W01021,NSE,Unknown,BE
SPUNWEB,SPUNWEB NONWOVEN LIMITED,INE19QH01010,NSE,Unknown,SM
SRD,SHANKAR LAL RAMPAL LTD,INE01NE01012,NSE,Unknown,BE
SRF,SRF LIMITED - DEPO,INE647A01010,NSE,Unknown,BE
SRFFINANCE,GE CAPITAL TRANS. FIN SER,INE366201015,NSE,Unknown,EQ
SRGHFL,SRG HOUSING FINANCE L,INE559N01010,NSE,Unknown,BE
SRHHYPOLTD,SREE RAYALSEEMA HHP LTD.,INE917H01012,NSE,Unknown,BE
SRIMANORG,SRIMAN ORGANIC CHEMICAL I,INE367801011,NSE,Unknown,EQ
SRIPIPES,SRIKALAHASTHI PIPES LTD,INE943C01027,NSE,Unknown,BE
SRIRAM,SHRI RAM SWITCHGEARS LTD,INE634W01012,NSE,Unknown,SM
SRISARALOY,SHRI ISHAR ALLOY STEELS L,INE298001012,NSE,Unknown,EQ
SRISHTIVID,SRISHTI VIDEOCORP LTD,INE368301011,NSE,Unknown,EQ
SRIVASAVI,SRIVASAVI ADHESIVE TAPE L,INE0NPI01014,NSE,Unknown,SM
SRIVISHCEM,SRI VISHNU CEMENT LTD,INE286B01015,NSE,Unknown,BE
SRM,SRM CONTRACTORS LIMITED,INE0R6Z01013,NSE,Unknown,BE
SRPL,SHREE RAM PROTEINS LTD.,INE008Z01020,NSE,Unknown,BE
SRPL,SHREE RAM PROTEINS LTD.,INE008Z01012,NSE,Unknown,SM
SRSLTD,SRS LIMITED,INE219H01039,NSE,Unknown,BE
SSDL,SARASWATI SAREE DEPOT LTD,INE0PQ101010,NSE,Unknown,BE
SSEGL,SATHLOKHAR SYN E&C GLOB L,INE0RFP01011,NSE,Unknown,SM
SSFL,SRIVARI SPICES N FOODS L,INE0ON201012,NSE,Unknown,SM
SSIND,S&S INDUSTRIES & ENTERPRI,INE464301014,NSE,Unknown,EQ
SSINFRA,S S INFRA DEVP CONSL LTD,INE182Z01015,NSE,Unknown,SM
SSISPAT,SINGHAL SWAROOP ISPAT LTD,INE578901014,NSE,Unknown,EQ
SSLFINANCE,ARCHANA SOFTWARE LTD-DEPO,INE149B01015,NSE,Unknown,BE
SSPOWER,S&S POWER SWITCHGEARS,INE902B01017,NSE,Unknown,BE
SSWL,STEEL STRIPS WHEELS LTD.,INE802C01033,NSE,Unknown,BE
STALLION,STALLION IND FLUOROCHEM L,INE0RYC01010,NSE,Unknown,BE
STANDRDBAT,STANDARD BATTERIES LTD,INE466001018,NSE,Unknown,EQ
STANLEY,STANLEY LIFESTYLES LTD,INE01A001028,NSE,Unknown,BE
STAR,STRIDES PHARMA SCI LTD,INE939A01011,NSE,Unknown,BE
STARCEMENT,STAR CEMENT LIMITED,INE460H01021,NSE,Unknown,BE
STARHEALTH,STAR HEALTH & AL INS CO L,INE575P01011,NSE,Unknown,BE
STARPAPER,STAR PAPER MILLS LTD,INE733A01018,NSE,Unknown,BE
STARTECK,STARTECK FINANCE LIMITED,INE992I01013,NSE,Unknown,BE
STCINDIA,THE STATE TRADING CORPN,INE655A01013,NSE,Unknown,BE
STEELCAS,STEELCAST LIMITED,INE124E01038,NSE,Unknown,BE
STEELCITY,STEEL CITY SECURITIES LTD,INE395H01011,NSE,Unknown,BE
STEELCOGUJ,STEELCO GUJARAT LTD,INE365201016,NSE,Unknown,EQ
STEELXIND,STEEL EXCHANGE INDIA LTD,INE503B01021,NSE,Unknown,BE
STEL,STEL HOLDINGS LIMITED,INE577L01016,NSE,Unknown,BE
STERLINBIO,STERLING BIOTEC LTD,INE324C01038,NSE,Unknown,BE
STERLINHOL,STERLING HOLIDAY RESORTS,INE359901019,NSE,Unknown,EQ
STERTOOLS,STERLING TOOLS LIMITED,INE334A01023,NSE,Unknown,BE
STILBENCHM,STILBENE CHEMICALS LTD,INE361301018,NSE,Unknown,EQ
STINDIA,STI INDIA LTD,INE090C01019,NSE,Unknown,BE
STLNETWORK,STL NETWORKS LIMITED,INE1VXE01018,NSE,Unknown,BE
STLTECH,STERLITE TECHNOLOGIES LTD,INE089C01029,NSE,Unknown,BE
STOVEKRAFT,STOVE KRAFT LIMITED,INE00IN01015,NSE,Unknown,BE
STUDIOLSD,STUDIO LSD LIMITED,INE17VO01028,NSE,Unknown,SM
STYL,SESHAASAI TECHNOLOGIES L,INE04VU01023,NSE,Unknown,BE
STYLAMIND,STYLAM INDUSTRIES LIMITED,INE239C01020,NSE,Unknown,BE
STYLEBAAZA,BAAZAR STYLE RETAIL LTD,INE01FR01028,NSE,Unknown,BE
SUASHDIMON,SUASHISH DIAMONDS LTD.,INE658A01017,NSE,Unknown,BE
SUBCAPCITY,INTERNATIONAL CONST LTD,INE845C01016,NSE,Unknown,BE
SUBEX,SUBEX LIMITED,INE754A01014,NSE,Unknown,BE
SUBEXLTD,SUBEX LTD,INE754A01055,NSE,Unknown,BE
SUBROS,SUBROS LIMITED,INE287B01021,NSE,Unknown,BE
SUDARSCHEM,SUDARSHAN CHEM IND LTD,INE659A01023,NSE,Unknown,BE
SUDITIND,SUDITI INDUSTRIES LTD,INE583901017,NSE,Unknown,EQ
SUJANAUNI,SUJANA UNI. INDS. LTD.,INE216G01011,NSE,Unknown,BE
SUKHJITS,SUKHJIT STARCH & CHEM LTD,INE450E01029,NSE,Unknown,BE
SULA,SULA VINEYARDS LIMITED,INE142Q01026,NSE,Unknown,BE
SULZER,SULZERINDIALTD,INE297C01010,NSE,Unknown,BE
SUMANMOTEL,SUMANMOTEL - DEPO,INE723A01019,NSE,Unknown,BE
SUMEETINDS,SUMEET IND LIMITED,INE235C01028,NSE,Unknown,BE
SUMEETMACH,SUMEET MACHINES LTD,INE466301012,NSE,Unknown,EQ
SUMICHEM,SUMITOMO CHEM INDIA LTD,INE258G01013,NSE,Unknown,BE
SUMIT,SUMIT WOODS LIMITED,INE748Z01013,NSE,Unknown,BE
SUMMITSEC,SUMMIT SECURITIES LTD,INE519C01017,NSE,Unknown,BE
SUNCLAY,SUNDARAM CLAYTON LIMITED,INE0Q3R01026,NSE,Unknown,BE
SUNDARAM,SUNDARAM MULTI PAP LTD,INE108E01023,NSE,Unknown,BE
SUNDARMFIN,SUNDARAM FINANCE LTD,INE660A01013,NSE,Unknown,BE
SUNDARMHLD,SUNDARAM FINANCE HOLD LTD,INE202Z01029,NSE,Unknown,BE
SUNDRMBRAK,SUNDARAMBRAKE LININGS LTD,INE073D01013,NSE,Unknown,BE
SUNDRMFAST,SUNDRAM FASTENERS LTD,INE387A01021,NSE,Unknown,BE
SUNDROP,SUNDROP BRANDS LIMITED,INE209A01019,NSE,Unknown,BE
SUNFLAG,SUNFLAG IRON AND STEEL CO,INE947A01014,NSE,Unknown,BE
SUNILHITEC,SUNIL HITECH ENGR. LTD,INE305H01028,NSE,Unknown,BE
SUNLITE,SUNLITE RECYCLING IND LTD,INE0U2N01013,NSE,Unknown,SM
SUNPHARMA,SUN PHARMACEUTICAL IND L,INE044A01036,NSE,Unknown,BE
SUNRISESEC,SUNRISE SECURITIES LTD,INE358801012,NSE,Unknown,EQ
SUNSTRCHEM,SUNSTAR CHEMICALS LTD,INE387401016,NSE,Unknown,EQ
SUNTECH,SUNTECH INFRA SOLUTIONS L,INE0SGZ01016,NSE,Unknown,SM
SUNTECK,SUNTECK REALTY LIMITED,INE805D01034,NSE,Unknown,BE
SUNTV,SUN TV NETWORK LIMITED,INE424H01027,NSE,Unknown,BE
SUPERHOUSE,SUPERHOUSE LIMITED,INE712B01010,NSE,Unknown,BE
SUPERSALES,SUPER SALES AGENCIES LTD,INE359401010,NSE,Unknown,EQ
SUPERSPIN,SUPER SPINNING MILLS LTD,INE662A01027,NSE,Unknown,BE
SUPRAJIT,SUPRAJIT ENGINEERING LTD,INE399C01030,NSE,Unknown,BE
SUPRIYA,SUPRIYA LIFESCIENCE LTD,INE07RO01027,NSE,Unknown,BE
SURAJEST,SURAJ ESTATE DEVELOPERS L,INE843S01025,NSE,Unknown,BE
SURAJLTD,SURAJ LIMITED,INE713C01016,NSE,Unknown,BE
SURAKSHA,SURAKSHA DIAGNOSTIC LTD,INE877V01027,NSE,Unknown,BE
SURANACORP,SURANA CORPORATION LTD,INE357D01010,NSE,Unknown,BE
SURANASOL,SURANA SOLAR LIMITED,INE272L01022,NSE,Unknown,BE
SURANATP,SURANA TELECOM AND POW LT,INE130B01031,NSE,Unknown,BE
SURANI,SURANI STEEL TUBES LTD.,INE01ZJ01015,NSE,Unknown,SM
SURYAGROIL,SURYAAGROIL-ROLL SETT,INE780B01017,NSE,Unknown,BE
SURYALAXMI,SURYALAKSHMI COT MIL LTD,INE713B01026,NSE,Unknown,BE
SURYAROSNI,SURYA ROSHNI LTD.,INE335A01020,NSE,Unknown,BE
SURYODAY,SURYODAY SMALL FIN BK LTD,INE428Q01011,NSE,Unknown,BE
SURYVANSPG,SURYAVANSHI SPG MILLS LTD,INE350301011,NSE,Unknown,EQ
SUTLEJTEX,SUTLEJ TEXT & INDUS LTD,INE645H01027,NSE,Unknown,BE
SUULD,SUUMAYA INDUSTRIES LTD,INE591Q01016,NSE,Unknown,BE
SUVARNAQUA,SUVARNA AQUA FARMS AND EX,INE350901018,NSE,Unknown,EQ
SUVEN,SUVEN LIFE SCIENCES LTD,INE495B01038,NSE,Unknown,BE
SUVIDHAA,SUVIDHAA INFOSERVE LTD,INE018401013,NSE,Unknown,BE
SUYOG,SUYOG TELEMATICS LIMITED,INE442P01014,NSE,Unknown,BE
SUZLON,SUZLON ENERGY LIMITED,INE040H01021,NSE,Unknown,BE
SUZLONFIBR,SUZLON FIBRES LTD,INE351201012,NSE,Unknown,EQ
SVADMILLS,SVADESHI MILLS CO LTD,INE466401010,NSE,Unknown,EQ
SVLL,SHREE VASU LOGISTICS LTD,INE00CE01017,NSE,Unknown,BE
SVPGLOB,SVP GLOBAL TEXTILES LTD,INE308E01029,NSE,Unknown,BE
SWANCORP,SWAN CORP LIMITED,INE665A01038,NSE,Unknown,BE
SWANDEF,SWAN DEFENCE N HEVY IND L,INE542F01020,NSE,Unknown,BE
SWARAJ,SWARAJ SUITING LIMITED,INE0GMR01016,NSE,Unknown,SM
SWARAJENG,SWARAJ ENGINES LTD,INE277A01016,NSE,Unknown,BE
SWASTIK,SWASTIK PIPE LIMITED,INE0DGC01025,NSE,Unknown,SM
SWELECTES,SWELECT ENERGY SYS LTD,INE409B01013,NSE,Unknown,BE
SWIGGY,SWIGGY LIMITED,INE00H001014,NSE,Unknown,BE
SWIL,SWIL LIMITED DEPO,INE666A01010,NSE,Unknown,BE
SWSOLAR,STRLNG & WIL REN ENE LTD,INE00M201021,NSE,Unknown,BE
SYLVANPLY,SYLVAN PLYBOARD (INDIA) L,INE01IH01015,NSE,Unknown,SM
SYMPHONY,SYMPHONY LIMITED,INE225D01027,NSE,Unknown,BE
SYNCOM,SYNCOM HEALTHCARE LTD,INE602K01014,NSE,Unknown,BE
SYNCOMF,SYNCOM FORMU (I) LTD,INE312C01025,NSE,Unknown,BE
SYNGENE,SYNGENE INTERNATIONAL LTD,INE398R01022,NSE,Unknown,BE
SYNOPTICS,SYNOPTICS TECHNOLOGIES L,INE0BTR01012,NSE,Unknown,SM
SYRMA,SYRMA SGS TECHNOLOGY LTD,INE0DYJ01015,NSE,Unknown,BE
SYSTANGO,SYSTANGO TECHNOLOGIES LTD,INE0O7R01011,NSE,Unknown,SM
TAC,TAC INFOSEC LIMITED,INE0SOY01013,NSE,Unknown,SM
TAINWALCHM,TAINWALA CHEMICAL AND PLA,INE123C01018,NSE,Unknown,BE
TAJGVK,TAJ GVK HOTELS & RESORT,INE586B01026,NSE,Unknown,BE
TAKE,TAKE SOLUTIONS LTD,INE142I01023,NSE,Unknown,BE
TALBROAUTO,TALBROS AUTO. COMP. LTD,INE187D01029,NSE,Unknown,BE
TALWALKARS,TALWALKAR FITNESS LTD,INE502K01016,NSE,Unknown,BE
TALWGYM,TALWALKARS HEALTHCLUB LTD,INE627Z01019,NSE,Unknown,BE
TANEJAERO,TANEJA AEROSPACE AND AVIA,INE343301011,NSE,Unknown,EQ
TANFAC,TANFAC INDUSTRIES LTD.,INE639B01015,NSE,Unknown,BE
TANKUP,TANKUP ENGINEERS LIMITED,INE0Z7N01017,NSE,Unknown,SM
TANLA,TANLA PLATFORMS LIMITED,INE483C01032,NSE,Unknown,BE
TANTIACONS,TANTIA CONST LTD,INE388G01018,NSE,Unknown,BE
TAPIFRUIT,TAPI FRUIT PROCESSING LTD,INE0M7001010,NSE,Unknown,SM
TARACHAND,TARA CHAND INFRA SOLN LTD,INE555Z01020,NSE,Unknown,BE
TARACHAND,TARA CHAND INFRA SOLN LTD,INE555Z01012,NSE,Unknown,SM
TARAJEWELS,TARA JEWELS LIMITED,INE799L01016,NSE,Unknown,BE
TARAPUR,TARAPUR TRANSFORMERS LTD,INE747K01017,NSE,Unknown,BE
TARC,TARC LIMITED,INE0EK901012,NSE,Unknown,BE
TARIL,TRANS & RECTI. LTD,INE763I01026,NSE,Unknown,BE
TARMAT,TARMAT LIMITED,INE924H01018,NSE,Unknown,BE
TARSONS,TARSONS PRODUCTS LIMITED,INE144Z01023,NSE,Unknown,BE
TASTYBITE,TASTY BITE EATABLES LTD,INE488B01017,NSE,Unknown,BE
TATACHEM,TATACHEM- DEP. RS,INE092A01019,NSE,Unknown,BE
TATACOFFEE,TATA COFFEE LIMITED,INE493A01027,NSE,Unknown,BE
TATACOMM,TATA COMMUNICATIONS LTD,INE151A01013,NSE,Unknown,BE
TATACONSUM,TATA CONSUMER PRODUCT LTD,INE192A01025,NSE,Unknown,BE
TATADVMATL,TATA ADVANCED MATERIALS L,INE344101014,NSE,Unknown,EQ
TATAELXSI,TATA ELXSI LIMITED,INE670A01012,NSE,Unknown,BE
TATAGOLD,TATAAML-TATAGOLD,INF277KA1976,NSE,Unknown,EQ
TATAINVEST,TATA INVESTMENT CORP LTD,INE672A01018,NSE,Unknown,BE
TATAMETALI,TATAMETALIKS LTD.,INE056C01010,NSE,Unknown,BE
TATAMOTORS,TATA MOTORS LIMITED,INE155A01022,NSE,Unknown,BE
TATAMTRDVR,TATA MOTORS DVR  A  ORD,IN9155A01020,NSE,Unknown,BE
TATAPOWER,TATA POWER CO.LTD-DEPO,INE245A01021,NSE,Unknown,BE
TATASTEEL,TATA STEEL LIMITED,INE081A01020,NSE,Unknown,BE
TATASTLBSL,TATA STEEL BSL LIMITED,INE824B01021,NSE,Unknown,BE
TATASTLLP,TATA STEEL LONG PRO LTD,INE674A01014,NSE,Unknown,BE
TATATECH,TATA TECHNOLOGIES LIMITED,INE142M01025,NSE,Unknown,BE
TATAUNISYS,TATA INFOT LTD. DEPO SETT,INE194A01013,NSE,Unknown,BE
TATAYODOGA,TATAYODOGAWA LTD.,INE895C01011,NSE,Unknown,BE
TATIASKYLN,TATIA SKYLINES AND HEALTH,INE345601012,NSE,Unknown,EQ
TATSILV,TATAAML-TATSILV,INF277KA1984,NSE,Unknown,EQ
TATVA,TATVA CHIN PHARM CHEM LTD,INE0GK401011,NSE,Unknown,BE
TAURIAN,TAURIAN MPS LIMITED,INE0XWS01018,NSE,Unknown,SM
TBI,TBI CORN LIMITED,INE0N2D01013,NSE,Unknown,SM
TBOTEK,TBO TEK LIMITED,INE673O01025,NSE,Unknown,BE
TBZ,TRIB BHIMJI ZAVERI LTD,INE760L01018,NSE,Unknown,BE
TCI,TRANSPORT CORPN OF INDIA,INE688A01022,NSE,Unknown,BE
TCIDEVELOP,TCI DEVELOPERS LIMITED,INE662L01016,NSE,Unknown,BE
TCIEXP,TCI EXPRESS LIMITED,INE586V01016,NSE,Unknown,BE
TCIFINANCE,TCIFINANCELTD-ROLL SETT,INE911B01018,NSE,Unknown,BE
TCL,THAAI CASTING LIMITED,INE0QJL01014,NSE,Unknown,SM
TCNSBRANDS,TCNS CLOTHING CO. LIMITED,INE778U01029,NSE,Unknown,BE
TCPLPACK,TCPL PACKAGING LIMITED,INE822C01015,NSE,Unknown,BE
TCS,TATA CONSULTANCY SERV LTD,INE467B01029,NSE,Unknown,BE
TDPOWERSYS,TD POWER SYSTEMS LTD.,INE419M01027,NSE,Unknown,BE
TEAMGTY,TEAM INDIA GUARANTY LTD,INE289C01025,NSE,Unknown,BE
TEAMLEASE,TEAMLEASE SERVICES LTD.,INE985S01024,NSE,Unknown,BE
TECH,BIRLASLAMC - TECH,INF209KB11D8,NSE,Unknown,EQ
TECHD,TECHD CYBERSECURITY LTD,INE0Y5H01014,NSE,Unknown,SM
TECHERA,TECHERA ENGINEER (IND) L,INE0JQS01019,NSE,Unknown,SM
TECHIN,TECHINDIA NIRMAN LIMITED,INE778A01021,NSE,Unknown,BE
TECHLABS,TRIDENT TECHLABS LIMITED,INE0QD201012,NSE,Unknown,SM
TECHM,TECH MAHINDRA LIMITED,INE669C01036,NSE,Unknown,BE
TECHNOE,TECHNO ELEC & ENG CO. LTD,INE285K01026,NSE,Unknown,BE
TECHNOFAB,TECHNOFAB ENG LTD,INE509K01011,NSE,Unknown,BE
TECILCHEM,TECIL CHEMICALS,INE014B01011,NSE,Unknown,BE
TEGA,TEGA INDUSTRIES LIMITED,INE011K01018,NSE,Unknown,BE
TEIL,TRIVENIENGG & INDUSTIRES,INE256C01016,NSE,Unknown,BE
TEJASCARGO,TEJAS CARGO INDIA LIMITED,INE17WC01013,NSE,Unknown,SM
TEJASNET,TEJAS NETWORKS LIMITED,INE010J01012,NSE,Unknown,BE
TELEPHNCAB,TELEPHONECABLES LTD.,INE745C01018,NSE,Unknown,BE
TEMBO,TEMBO GLOBAL IND LTD,INE869Y01010,NSE,Unknown,BE
TERASOFT,TERA SOFTWARE LIMITED,INE482B01010,NSE,Unknown,BE
TEXINFRA,TEXMACO INFRA & HOLDG LTD,INE435C01024,NSE,Unknown,BE
TEXMOPIPES,TEXMO PIPE & PRODUCTS LTD,INE141K01013,NSE,Unknown,BE
TEXRAIL,TEXMACO RAIL & ENG. LTD.,INE621L01012,NSE,Unknown,BE
TEXTOOL,TEXTOOLCOMPANY-ROLL SETT,INE677A01017,NSE,Unknown,BE
TFCILTD,TOURISM FINANCE CORP OF,INE305A01023,NSE,Unknown,BE
TFL,TRANSWARRANTY FIN. LTD.,INE804H01012,NSE,Unknown,BE
TGBHOTELS,TGB BANQUETS&HOTELS LTD,INE797H01018,NSE,Unknown,BE
TGL,TEERTH GOPICON LIMITED,INE0K6601012,NSE,Unknown,SM
THANGAMAYL,THANGAMAYIL JEWELLERY LTD,INE085J01014,NSE,Unknown,BE
THAPARAGRO,THAPAR AGRO MILLS LTD,INE341601016,NSE,Unknown,EQ
THAPARMILK,THAPAR MILK LTD,INE342101016,NSE,Unknown,EQ
THAPRISPAT,THAPAR ISPAT LTD,INE342001018,NSE,Unknown,EQ
THEINVEST,THE INVEST TRUST OF IND L,INE924D01017,NSE,Unknown,BE
THEJO,THEJO ENGINEERING LIMITED,INE121N01019,NSE,Unknown,BE
THELEELA,SCHLOSS BANGALORE LIMITED,INE0AQ201015,NSE,Unknown,BE
THEMISMED,THEMIS MEDICARE LTD.,INE083B01024,NSE,Unknown,BE
THERMAX,THERMAX DEP RS,INE152A01029,NSE,Unknown,BE
THESL,THINKING HATS ENTER SOL L,INE0SHE01019,NSE,Unknown,SM
THIRUSUGAR,THIRU AROORAN SUGARS LTD.,INE409A01015,NSE,Unknown,BE
THOMASCOOK,THOMASCOOK-DEP SETT,INE332A01027,NSE,Unknown,BE
THOMASCOTT,THOMAS SCOTT (INDIA) LTD,INE480M01011,NSE,Unknown,BE
TI,TILAKNAGAR INDUSTRIES LTD,INE133E01013,NSE,Unknown,BE
TICL,TWAMEV CONS AND INFRA LTD,INE388G01026,NSE,Unknown,BE
TIGERLOGS,TIGER LOGISTICS (INDIA) L,INE906O01029,NSE,Unknown,BE
TIIL,TECHNOCRAFT IND LTD,INE545H01011,NSE,Unknown,BE
TIINDIA,TUBE INVEST OF INDIA LTD,INE974X01010,NSE,Unknown,BE
TIJARIA,TIJARIA POLYPIPES LTD,INE440L01017,NSE,Unknown,BE
TIL,TIL LTD,INE806C01018,NSE,Unknown,BE
TIMESCAN,TIMESCAN LOGISTICS IND L,INE0IJY01014,NSE,Unknown,SM
TIMETECHNO,TIME TECHNOPLAST LTD.,INE508G01029,NSE,Unknown,BE
TIMEXWATCH,TIMEX WATCHS,INE064A01018,NSE,Unknown,BE
TIMKEN,TIMKEN INDIA LTD.,INE325A01013,NSE,Unknown,BE
TINNARUBR,TINNA RUBBER AND INFR LTD,INE015C01016,NSE,Unknown,BE
TINPLATE,THE TINPLATE CO. (I) LTD,INE422C01014,NSE,Unknown,BE
TIPSFILMS,TIPS FILMS LIMITED,INE0LQS01015,NSE,Unknown,BE
TIPSMUSIC,TIPS MUSIC LIMITED,INE716B01029,NSE,Unknown,BE
TIRUMALCHM,THIRUMALAI CHEMICALS LTD.,INE338A01024,NSE,Unknown,BE
TIRUPATI,SHREE TIRUPATI BALAJEE,INE238Y01018,NSE,Unknown,SM
TIRUPATIFL,TIRUPATI FORGE LIMITED,INE319Y01024,NSE,Unknown,BE
TIRUPATIFL,TIRUPATI FORGE LIMITED,INE319Y01016,NSE,Unknown,SM
TITAGARH,TITAGARH RAIL SYSTEMS LTD,INE615H01020,NSE,Unknown,BE
TITAGRSTEL,TITAGARH INDUSTRIES LTD,INE333501018,NSE,Unknown,EQ
TITAGRSTEL,TITAGARH INDS LTD,INE824A01015,NSE,Unknown,BE
TITAN,TITAN COMPANY LIMITED,INE280A01028,NSE,Unknown,BE
TMB,TAMILNAD MERCA BANK LTD,INE668A01016,NSE,Unknown,BE
TNIDETF,TATAAML - TNIDETF,INF277KA1364,NSE,Unknown,EQ
TNPETRO,TAMILNADU PETROPRODUCTS L,INE148A01019,NSE,Unknown,BE
TNPL,TNPL - DEPO RS,INE107A01015,NSE,Unknown,BE
TNTELE,TAMILNADU TELECOMMUNICATI,INE141D01018,NSE,Unknown,BE
TOKYOPLAST,TOKYO PLAST  INTL LTD.,INE932C01012,NSE,Unknown,BE
TOLANIBULK,TOLANI BULK CARRIERS LTD.,INE051C01011,NSE,Unknown,BE
TOLINS,TOLINS TYRES LIMITED,INE0RWQ01014,NSE,Unknown,BE
TOP100CASE,ZERODHAAMC - TOP100CASE,INF0R8F01067,NSE,Unknown,EQ
TOP10ADD,DSPAMC - TOP10ADD,INF740KA1UR9,NSE,Unknown,EQ
TOP15IETF,ICICIPRAMC - TOP15IETF,INF109K1A344,NSE,Unknown,EQ
TORNTPHARM,TORNTPHARMA-DEP SETT,INE685A01028,NSE,Unknown,BE
TORNTPOWER,TORRENT POWER LTD,INE813H01021,NSE,Unknown,BE
TOTAL,TOTAL TRANSPORT SYS LTD,INE336X01012,NSE,Unknown,BE
TOUCHWOOD,TOUCHWOOD ENTERTAIN LTD.,INE486Y01013,NSE,Unknown,BE
TPHQ,TEAMO PRODUCTIONS HQ LTD,INE065J01024,NSE,Unknown,BE
TPINDIA,T P I INDIA LTD,INE335601014,NSE,Unknown,EQ
TPLPLASTEH,TPL PLASTECH LIMITED,INE413G01022,NSE,Unknown,BE
TRACXN,TRACXN TECHNOLOGIES LTD,INE0HMF01019,NSE,Unknown,BE
TRANSCHEM,TRANSCHEM LTD,INE019B01010,NSE,Unknown,BE
TRANSPEK,TRANSPEK INDUSTRIES LTD,INE687A01016,NSE,Unknown,BE
TRANSRAILL,TRANSRAIL LIGHTING LTD,INE454P01035,NSE,Unknown,BE
TRANSTEEL,TRANSTEEL SEATING TECH L,INE0NVI01020,NSE,Unknown,SM
TRANSWIND,TRANSWIND INFRA LIMITED,INE792X01016,NSE,Unknown,SM
TRANSWORLD,TRANSWORLD SHIP LINES LTD,INE757B01015,NSE,Unknown,BE
TRAVELFOOD,TRAVEL FOOD SERVICES LTD,INE103V01028,NSE,Unknown,BE
TRF,TRF LIMITED,INE391D01019,NSE,Unknown,BE
TRIDENT,TRIDENT LIMITED,INE064C01022,NSE,Unknown,BE
TRIDHYA,TRIDHYA TECH LIMITED,INE0LWY01029,NSE,Unknown,SM
TRIGYN,TRIGYN TECHNOLOGIES LTD,INE948A01012,NSE,Unknown,BE
TRITURBINE,TRIVENI TURBINE LIMITED,INE152M01016,NSE,Unknown,BE
TRIVENI,TRIVENI ENGG. & INDS. LTD,INE256C01024,NSE,Unknown,BE
TRIVENSHET,TRIVENI GLASS LIMITED,INE332801013,NSE,Unknown,EQ
TROM,TROM INDUSTRIES LIMITED,INE0SYV01018,NSE,Unknown,SM
TRU,TRUCAP FINANCE LIMITED,INE615R01029,NSE,Unknown,BE
TRUST,TRUST FINTECH LIMITED,INE0SWN01019,NSE,Unknown,SM
TSC,TSC INDIA LIMITED,INE16VK01010,NSE,Unknown,SM
TTGIND,T T G INDUSTRIES LTD,INE333001019,NSE,Unknown,EQ
TTL,T T LIMITED,INE592B01024,NSE,Unknown,BE
TTML,TATA TELESERV(MAHARASTRA),INE517B01013,NSE,Unknown,BE
TULSI,TULSI EXTRUSION LTD.,INE474I01012,NSE,Unknown,BE
TULSYAN,TULSYAN NEC LTD,INE463D01016,NSE,Unknown,BE
TUNWAL,TUNWAL E-MOTORS LIMITED,INE0OXV01027,NSE,Unknown,SM
TUTICORALK,TUTICORIN ALKALI-DEP SETT,INE400A01014,NSE,Unknown,BE
TV18BRDCST,TV18 BROADCAST LIMITED,INE886H01027,NSE,Unknown,BE
TVSELECT,TVS ELECTRONICS LTD,INE236G01019,NSE,Unknown,BE
TVSHLTD,TVS HOLDINGS LIMITED,INE105A01035,NSE,Unknown,BE
TVSMOTOR,TVS MOTOR COMPANY LTD,INE494B01023,NSE,Unknown,BE
TVSSCS,TVS SUPPLY CHAIN SOL L,INE395N01027,NSE,Unknown,BE
TVSSRICHAK,TVS SRICHAKRA LIMITED,INE421C01016,NSE,Unknown,BE
TVTODAY,TV TODAY NETWORK LTD,INE038F01029,NSE,Unknown,BE
TVVISION,TV VISION LIMITED,INE871L01013,NSE,Unknown,BE
UBL,UNITED BREWERIES LTD,INE686F01025,NSE,Unknown,BE
UCAL,UCAL LIMITED,INE139B01016,NSE,Unknown,BE
UCL,USHANTI COLOUR CHEM LTD,INE00NI01015,NSE,Unknown,SM
UCOBANK,UCO BANK,INE691A01018,NSE,Unknown,BE
UDAICEMENT,UDAIPUR CEMENT WORKS LTD,INE225C01029,NSE,Unknown,BE
UDS,UPDATER SERVICES LIMITED,INE851I01011,NSE,Unknown,BE
UEL,UJAAS ENERGY LIMITED,INE899L01030,NSE,Unknown,BE
UFLEX,UFLEX LIMITED,INE516A01017,NSE,Unknown,BE
UFO,UFO MOVIEZ INDIA LTD.,INE527H01019,NSE,Unknown,BE
UGARSUGAR,THE UGAR SUGAR WORKS LTD,INE071E01023,NSE,Unknown,BE
UGROCAP,UGRO CAPITAL LIMITED,INE583D01011,NSE,Unknown,BE
UHTL,UNITED HEAT TRANSFER LTD,INE0SMR01011,NSE,Unknown,SM
UJAAS,UJAAS ENERGY LIMITED,INE899L01022,NSE,Unknown,BE
UJJIVAN,UJJIVAN FIN. SERVC. LTD.,INE334L01012,NSE,Unknown,BE
UJJIVANSFB,UJJIVAN SMALL FINANC BANK,INE551W01018,NSE,Unknown,BE
ULTRACEMCO,ULTRATECH CEMENT LIMITED,INE481G01011,NSE,Unknown,BE
ULTRMARINE,ULTRMARINE & PIGMENT LTD,INE405A01013,NSE,Unknown,BE
UMA,UMA CONVERTER LIMITED,INE067901012,NSE,Unknown,SM
UMAEXPORTS,UMA EXPORTS LIMITED,INE0GIU01018,NSE,Unknown,BE
UMANGDAIRY,UMANG DAIRIES LIMITED,INE864B01027,NSE,Unknown,BE
UMESLTD,USHA MARTIN EDU & SOL LTD,INE240C01028,NSE,Unknown,BE
UNICHEMLAB,UNICHEMLAB - DEPO,INE351A01035,NSE,Unknown,BE
UNIDT,UNITED DRILLING TOOLS LTD,INE961D01019,NSE,Unknown,BE
UNIECOM,UNICOMMERCE ESOLUTIONS L,INE00U401027,NSE,Unknown,BE
UNIENTER,UNIPHOS ENTERPRISES LTD,INE037A01022,NSE,Unknown,BE
UNIFLEX,UNIFLEX CABLES LTD.,INE146B01011,NSE,Unknown,BE
UNIHEALTH,UNIHEALTH HOSPITALS LTD,INE0PRF01011,NSE,Unknown,SM
UNIINFO,UNIINFO TELECOM SERVI LTD,INE481Z01011,NSE,Unknown,BE
UNILEX,UNILEX COLOURS AND CHEM L,INE0B2801011,NSE,Unknown,SM
UNIMECH,UNIMECH AEROSPACE N MFG L,INE0U3I01011,NSE,Unknown,BE
UNIMIN,UNIMIN INDIA LTD,INE467801010,NSE,Unknown,EQ
UNIONBANK,UNION BANK OF INDIA,INE692A01016,NSE,Unknown,BE
UNIONGOLD,UNIONAMC - UNIONGOLD,INF582M01KS4,NSE,Unknown,EQ
UNIPARTS,UNIPARTS INDIA LIMITED,INE244O01017,NSE,Unknown,BE
UNIPLAS,UNIPLAS INDIA LTD,INE324701015,NSE,Unknown,EQ
UNIPLY,UNIPLY INDUSTRIES LIMITED,INE950G01023,NSE,Unknown,BE
UNITDSPR,UNITED SPIRITS LIMITED,INE854D01024,NSE,Unknown,BE
UNITECH,UNITECH LIMITED,INE694A01020,NSE,Unknown,BE
UNITEDPOLY,UNITED POLYFAB GUJ. LTD.,INE368U01029,NSE,Unknown,BE
UNITEDPOLY,UNITED POLYFAB GUJ. LTD.,INE368U01011,NSE,Unknown,SM
UNITEDTEA,UNITED NILGIRI TEA LTD,INE458F01011,NSE,Unknown,BE
UNITY,UNITY INFRAPROJECTS LTD,INE466H01028,NSE,Unknown,BE
UNIVAFOODS,UNIVA FOODS LIMITED,INE275F01019,NSE,Unknown,BE
UNIVASTU,UNIVASTU INDIA LIMITED,INE562X01013,NSE,Unknown,BE
UNIVCABLES,UNIVERSAL CABLES LTD,INE279A01012,NSE,Unknown,BE
UNIVPHOTO,UNIVERSUS IMAGINGS LTD,INE03V001013,NSE,Unknown,BE
UNOMINDA,UNO MINDA LIMITED,INE405E01023,NSE,Unknown,BE
UPL,UPL LIMITED,INE628A01036,NSE,Unknown,BE
URAVI,URAVI T AND WEDG LAMP LTD,INE568Z01015,NSE,Unknown,SM
URBAN,URBAN ENVIRO WASTE MGMT L,INE0O0201019,NSE,Unknown,SM
URBANCO,URBAN COMPANY LIMITED,INE0CAZ01013,NSE,Unknown,BE
URJA,URJA GLOBAL LIMITED,INE550C01020,NSE,Unknown,BE
USASEEDS,UPSURGE SEEDS OF AGRI LTD,INE0CBM01019,NSE,Unknown,SM
USHAFIN,USHA FINANCIAL SERVICES L,INE0LS001014,NSE,Unknown,SM
USHAINDIA,USHA INDIA - DEPO SETT,INE068A01019,NSE,Unknown,BE
USHAISPAT,USHA ISPAT - DEP RS,INE150A01015,NSE,Unknown,BE
USHAMART,USHA MARTIN LTD.,INE228A01035,NSE,Unknown,BE
USK,UDAYSHIVAKUMAR INFRA LTD,INE0N0Y01013,NSE,Unknown,BE
UTIAMC,UTI ASSET MNGMT CO LTD,INE094J01016,NSE,Unknown,BE
UTIBANKETF,UTIAMC - UTIBANKETF,INF789F1AUV1,NSE,Unknown,EQ
UTINEXT50,UTIAMC - UTINEXT50,INF789F1AUW9,NSE,Unknown,EQ
UTINIFTETF,UTIAMC - UTINIFTETF,INF789F1AZC0,NSE,Unknown,EQ
UTISENSETF,UTIAMC - UTISENSETF,INF789FB1X58,NSE,Unknown,EQ
UTISXN50,UTIAMC - UTISXN50,INF789F1AUU3,NSE,Unknown,EQ
UTKARSHBNK,UTKARSH SMALL FIN BANK L,INE735W01017,NSE,Unknown,BE
UTSSAV,UTSSAV CZ GOLD JEWELS LTD,INE06IJ01010,NSE,Unknown,SM
UTTAMSTL,UTTAM GALVA STEELS LTD,INE699A01011,NSE,Unknown,BE
UTTAMSUGAR,UTTAM SUGAR MILLS LTD.,INE786F01031,NSE,Unknown,BE
UTTAMVALUE,UTTAM VALUE STEELS LTD,INE292A01015,NSE,Unknown,BE
UVSL,UTTAM VALUE STEELS LTD,INE292A01023,NSE,Unknown,BE
UWCSL,ULTRA WIRING CONN SYS LTD,INE00F301010,NSE,Unknown,SM
UYFINCORP,U. Y. FINCORP LIMITED,INE152C01025,NSE,Unknown,BE
VADILALIND,VADILAL INDUSTRIES LTD,INE694D01016,NSE,Unknown,BE
VAIBHAVGBL,VAIBHAV GLOBAL LIMITED,INE884A01027,NSE,Unknown,BE
VAISHALI,VAISHALI PHARMA LIMITED,INE972X01022,NSE,Unknown,BE
VAISHALI,VAISHALI PHARMA LIMITED,INE972X01014,NSE,Unknown,SM
VAKRANGEE,VAKRANGEE LIMITED,INE051B01021,NSE,Unknown,BE
VAL30IETF,ICICIPRAMC - VAL30IETF,INF109KC16X5,NSE,Unknown,EQ
VALECHAENG,VALECHA ENG. LIMITED,INE624C01015,NSE,Unknown,BE
VALIANTLAB,VALIANT LABORATORIES LTD,INE0JWS01017,NSE,Unknown,BE
VALIANTORG,VALIANT ORGANICS LIMITED,INE565V01010,NSE,Unknown,BE
VALUEIND,VALUE INDUSTRIES LIMITED,INE352A01017,NSE,Unknown,BE
VANADYCHEM,VANAVIL DYES & CHEM LTD,INE204B01018,NSE,Unknown,BE
VARDHACRLC,VARDHAMAN ACRYLICS LTD,INE116G01013,NSE,Unknown,BE
VARDMNPOLY,VARDHMAN POLYTEX LTD.,INE835A01029,NSE,Unknown,BE
VARROC,VARROC ENGINEERING LTD.,INE665L01035,NSE,Unknown,BE
VARUNSEA,VARUN SEACON LTD,INE319101015,NSE,Unknown,EQ
VASA,VASA RETAIL & OVERSEA LTD,INE068Z01016,NSE,Unknown,SM
VASCONEQ,VASCON ENGINEERS LTD,INE893I01013,NSE,Unknown,BE
VASWANI,VASWANI IND LTD,INE590L01019,NSE,Unknown,BE
VBL,VARUN BEVERAGES LIMITED,INE200M01039,NSE,Unknown,BE
VCL,VAXTEX COTFAB LIMITED,INE098201028,NSE,Unknown,SM
VCL,VAXTEX COTFAB LIMITED,INE098201036,NSE,Unknown,BE
VDEAL,VDEAL SYSTEM LIMITED,INE0U2M01015,NSE,Unknown,SM
VEDL,VEDANTA LIMITED,INE205A01025,NSE,Unknown,BE
VEEDOL,VEEDOL CORPORATION LTD,INE484C01030,NSE,Unknown,BE
VEEKAYEM,VEEKAYEM FASH & APP LTD,INE0KTW01013,NSE,Unknown,SM
VEGPROFOOD,VEGEPRO FOODS AND FEEDS L,INE314301016,NSE,Unknown,EQ
VELS,VELS FILM INTERNATIONAL L,INE0I3H01019,NSE,Unknown,SM
VENKEYS,VENKY S (INDIA) LIMITED,INE398A01010,NSE,Unknown,BE
VENLONPOLY,VENLON POLYSTER FILM LTD,INE314801015,NSE,Unknown,EQ
VENTIVE,VENTIVE HOSPITALITY LTD,INE781S01027,NSE,Unknown,BE
VENUSPIPES,VENUS PIPES & TUBES LTD,INE0JA001018,NSE,Unknown,BE
VENUSUGAR,VENUS SUGARS LTD,INE315101019,NSE,Unknown,EQ
VERA,VERA SYNTHETIC LIMITED,INE709Z01015,NSE,Unknown,SM
VERANDA,VERANDA LEARNING SOL LTD,INE0IQ001011,NSE,Unknown,BE
VERITAAS,VERITAAS ADVERTISING LTD,INE0SRI01019,NSE,Unknown,SM
VERTEXPLUS,VERTEXPLUS TECHNOLOGIES L,INE0NLB01018,NSE,Unknown,SM
VERTOZ,VERTOZ LIMITED,INE188Y01031,NSE,Unknown,BE
VERTOZ,VERTOZ ADVERTISING LTD,INE188Y01015,NSE,Unknown,SM
VESUVIUS,VESUVIUS INDIA LTD,INE386A01023,NSE,Unknown,BE
VETO,VETO SWITCHGEAR CABLE LTD,INE918N01018,NSE,Unknown,BE
VGINFOTECH,VIRTUAL GALAXY INFOTECH L,INE0VRH01015,NSE,Unknown,SM
VGUARD,V-GUARD IND LTD.,INE951I01027,NSE,Unknown,BE
VHL,VARDHMAN HOLDINGS LIMITED,INE701A01023,NSE,Unknown,BE
VHLTD,VICEROY HOTELS LIMITED,INE048C01025,NSE,Unknown,BE
VIAZ,VIAZ TYRES LIMITED,INE0MO401019,NSE,Unknown,SM
VICEROY,VICEROY HOTELS LIMITED,INE048C01017,NSE,Unknown,BE
VICKERSYS,VICKERS SYSTEMS INTL LTD,INE315701016,NSE,Unknown,EQ
VICTGLASS,VICTORY GLASS & INDS LTD,INE315901012,NSE,Unknown,EQ
VIDANIAGRO,VIDIANI AGROTECH LTD,INE316801013,NSE,Unknown,EQ
VIDEOIND,VIDEOCON INDUSTRIES LIMIT,INE703A01011,NSE,Unknown,BE
VIDHIING,VIDHI SPCLTY F INGRDNTS L,INE632C01026,NSE,Unknown,BE
VIDIANIENG,VIDIANI ENGINEERS LTD,INE316901011,NSE,Unknown,EQ
VIESL,VISION INFRA EQUIP SOL L,INE0TR001017,NSE,Unknown,SM
VIGOR,VIGOR PLAST INDIA LIMITED,INE1DM601016,NSE,Unknown,SM
VIJAYA,VIJAYA DIAGNOSTIC CEN LTD,INE043W01024,NSE,Unknown,BE
VIJIFIN,VIJI FINANCE LIMITED,INE159N01027,NSE,Unknown,BE
VIJSHAN,VIJAY SHANTHI BUILD LTD,INE806F01011,NSE,Unknown,BE
VIKASECO,VIKAS ECOTECH LIMITED,INE806A01020,NSE,Unknown,BE
VIKASHYB,VHEL INDUSTRIES LTD,INE311401017,NSE,Unknown,EQ
VIKASLIFE,VIKAS LIFECARE LIMITED,INE161L01027,NSE,Unknown,BE
VIKASPROP,VIKAS PROP & GRANITE LTD,INE767B01022,NSE,Unknown,BE
VIKASWSP,VIKAS WSP LIMITED,INE706A01022,NSE,Unknown,BE
VIKRAMPROJ,VIKRAM PROJECTS LTD,INE311701010,NSE,Unknown,EQ
VIKRAMSOLR,VIKRAM SOLAR LIMITED,INE078V01014,NSE,Unknown,BE
VIKRAN,VIKRAN ENGINEERING LTD,INE01R501028,NSE,Unknown,BE
VILAS,VILAS TRANSCORE LIMITED,INE0AZY01017,NSE,Unknown,SM
VILINBIO,VILIN BIO MED LIMITED,INE0L4V01013,NSE,Unknown,SM
VIMALOIL,VIMAL O & F LTD,INE067D01015,NSE,Unknown,BE
VIMTALABS,VIMTA LABS LIMITED,INE579C01029,NSE,Unknown,BE
VINATIORGA,VINATI ORGANICS LTD,INE410B01037,NSE,Unknown,BE
VINCOFE,VINTAGE COFFEE N BVRGS L,INE498Q01014,NSE,Unknown,BE
VINDHYATEL,VINDHYA TELELINKS LTD,INE707A01012,NSE,Unknown,BE
VINEETLAB,VINEET LABORATORIES LTD,INE505Y01010,NSE,Unknown,BE
VINNY,VINNY OVERSEAS LIMITED,INE01KI01027,NSE,Unknown,BE
VINNY,VINNY OVERSEAS LIMITED,INE01KI01019,NSE,Unknown,SM
VINSYS,VINSYS IT SERVICES IND LT,INE0OSJ01014,NSE,Unknown,SM
VINYAS,VINYAS INNOVATIVE TECH L,INE0OLS01010,NSE,Unknown,SM
VINYLINDIA,VINYL CHEMICALS (I) LTD.,INE250B01029,NSE,Unknown,BE
VINYOGCLOT,VINIYOGA CLOTHEX LTD,INE312601011,NSE,Unknown,EQ
VIPCLOTHNG,VIP CLOTHING LIMITED,INE450G01024,NSE,Unknown,BE
VIPIND,VIP INDUSTRIES LTD,INE054A01027,NSE,Unknown,BE
VIPULLTD,VIPUL LIMITED,INE946H01037,NSE,Unknown,BE
VIRAJALLOY,VIRAJ ALLOYS LTD,INE313301017,NSE,Unknown,EQ
VIRALFILA,VIRAL FILAMENTS LTD,INE313401015,NSE,Unknown,EQ
VIRALSYNTX,VIRAL SYNTEX LTD,INE313501012,NSE,Unknown,EQ
VIRINCHI,VIRINCHI LIMITED,INE539B01017,NSE,Unknown,BE
VISAKAIND,VISAKA INDUSTRIES LTD,INE392A01021,NSE,Unknown,BE
VISAMAN,VISAMAN GLOBAL SALES LTD,INE0BHK01012,NSE,Unknown,SM
VISASTEEL,VISA STEEL LIMITED,INE286H01012,NSE,Unknown,BE
VISESHINFO,VISESH INFOTECNICS LTD,INE861A01058,NSE,Unknown,BE
VISHAL,VISHAL FABRICS LIMITED,INE755Q01025,NSE,Unknown,BE
VISHNU,VISHNU CHEMICALS LIMITED,INE270I01022,NSE,Unknown,BE
VISHNUINFR,VISHNUSURYA PROJ N INFR L,INE0PQ001012,NSE,Unknown,SM
VISHWARAJ,VISHWARAJ SUGAR IND LTD,INE430N01022,NSE,Unknown,BE
VISHWAS,VISHWAS AGRI SEEDS LTD,INE0S2E01016,NSE,Unknown,SM
VISUINTL,VISU INTERNATIONAL LTD,INE965A01016,NSE,Unknown,BE
VITAL,VITAL CHEMTECH LIMITED,INE0L4K01016,NSE,Unknown,SM
VITARACHEM,VITARA CHEMICALS LTD,INE307501010,NSE,Unknown,EQ
VIVIANA,VIVIANA POWER TECH LTD,INE0MEG01014,NSE,Unknown,SM
VIVIDHA,VISAGAR POLYTEX LTD,INE370E01029,NSE,Unknown,BE
VIVIMEDLAB,VIVIMED LABS LIMITED,INE526G01021,NSE,Unknown,BE
VIVO,VIVO COLLAB SOLUTIONS LTD,INE0IA701014,NSE,Unknown,SM
VLEGOV,VL E GOV AND IT SOL LTD,INE03HW01020,NSE,Unknown,BE
VLINFRA,V.L.INFRAPROJECTS LIMITED,INE0QXL01015,NSE,Unknown,SM
VLSFINANCE,VLS FINANCE LTD.,INE709A01018,NSE,Unknown,BE
VMARCIND,V MARC INDIA LIMITED,INE0GXK01018,NSE,Unknown,SM
VMART,VMART RETAIL LTD,INE665J01013,NSE,Unknown,BE
VMJOGENGG,V M JOG ENGG LTD,INE592701010,NSE,Unknown,EQ
VMM,VISHAL MEGA MART LIMITED,INE01EA01019,NSE,Unknown,BE
VMSTMT,VMS TMT LIMITED,INE0SJA01013,NSE,Unknown,BE
VOLERCAR,VOLER CAR LIMITED,INE241X01014,NSE,Unknown,SM
VOLTAMP,VOLTAMP TRANSFORMERS LTD,INE540H01012,NSE,Unknown,BE
VOLTAS,VOLTAS LTD - DEP. SETT,INE226A01021,NSE,Unknown,BE
VPRPL,VISHNU PRAKASH R PUNGLI L,INE0AE001013,NSE,Unknown,BE
VR,V R INFRASPACE LIMITED,INE0QQM01017,NSE,Unknown,SM
VRAJ,VRAJ IRON AND STEEL LTD,INE0S2V01010,NSE,Unknown,BE
VRLLOG,VRL LOGISTICS LIMITED,INE366I01010,NSE,Unknown,BE
VSCL,VADIVARHE SPCLTY CHEM LTD,INE551Q01028,NSE,Unknown,SM
VSSL,VARDHMAN SPC STEEL LTD,INE050M01012,NSE,Unknown,BE
VSTIND,VST INDUSTRIES LTD,INE710A01016,NSE,Unknown,BE
VSTL,VIBHOR STEEL TUBES LTD,INE0QTF01015,NSE,Unknown,BE
VSTTILLERS,VST TILLERS TRACTORS LTD,INE764D01017,NSE,Unknown,BE
VTCIND,V T C INDUSTRIES LTD,INE308501019,NSE,Unknown,EQ
VTL,VARDHMAN TEXTILES LIMITED,INE825A01020,NSE,Unknown,BE
VULCANENG,VULCAN ENGINEERS LTD,INE308701015,NSE,Unknown,EQ
VXLINSTR,VXL INSTRUMENTS LTD,INE756A01019,NSE,Unknown,BE
WABAG,VA TECH WABAG LTD,INE956G01038,NSE,Unknown,BE
WALCHANNAG,WALCHANDNAGAR INDUSTRIES,INE711A01022,NSE,Unknown,BE
WALPAR,WALPAR NUTRITIONS LIMITED,INE0G2G01015,NSE,Unknown,SM
WANBURY,WANBURY LIMITED,INE107F01022,NSE,Unknown,BE
WATERBASE,WATERBASE LIMITED,INE054C01015,NSE,Unknown,BE
WCIL,WESTERN CARRIERS (IND) L,INE0CJF01024,NSE,Unknown,BE
WEALTH,WEALTH FRST PORT. MG. LTD,INE658T01017,NSE,Unknown,BE
WEBELSOLAR,WEBSOL ENERGY SYSTEM LTD,INE855C01015,NSE,Unknown,BE
WEIZMANIND,WEIZMANN LTD,INE080A01014,NSE,Unknown,BE
WEL,WONDER ELECTRICALS LTD,INE02WG01024,NSE,Unknown,BE
WELCORP,WELSPUN CORP LIMITED,INE191B01025,NSE,Unknown,BE
WELDFLUX,UBE INDUSTRIES LTD,INE303601012,NSE,Unknown,EQ
WELENT,WELSPUN ENTERPRISES LTD.,INE625G01013,NSE,Unknown,BE
WELINV,WELSPUN INV & COMM LTD,INE389K01018,NSE,Unknown,BE
WELMANINCA,WELLMAN INCANDESCENT (I),INE303701010,NSE,Unknown,EQ
WELSPUNLIV,WELSPUN LIVING LIMITED,INE192B01031,NSE,Unknown,BE
WELSPUNPOL,WELSPUNINDIALTD-ROLL SETT,INE192B01015,NSE,Unknown,BE
WENDT,WENDT (INDIA) LIMITED,INE274C01019,NSE,Unknown,BE
WESTERNBIO,ECOBOARD IND L- ROLL SETT,INE866A01016,NSE,Unknown,BE
WESTINDSEC,WESTERN INDIA SECURITIES,INE591701011,NSE,Unknown,EQ
WESTLIFE,WESTLIFE FOODWORLD LTD,INE274F01020,NSE,Unknown,BE
WEWIN,WE WIN LIMITED,INE082W01014,NSE,Unknown,BE
WFL,WONDER FIBROMATS LIMITED,INE02WG01016,NSE,Unknown,SM
WHEELS,WHEELS INDIA LTD,INE715A01015,NSE,Unknown,BE
WHIRLPOOL,WHIRLPOOL OF INDIA LTD,INE716A01013,NSE,Unknown,BE
WHITEFORCE,HAPPY SQUARE OUTSOURC S L,INE0TLP01015,NSE,Unknown,SM
WILLAMAGOR,WILLIAMSON MAGOR,INE210A01017,NSE,Unknown,BE
WILLARDLTD,WILLARD INDIA LTD,INE468501015,NSE,Unknown,EQ
WIMPLAST,WIM PLAST LTD,INE015B01018,NSE,Unknown,BE
WINDLAS,WINDLAS BIOTECH LIMITED,INE0H5O01029,NSE,Unknown,BE
WINDMACHIN,WINDSOR MACHINES LIMITED,INE052A01021,NSE,Unknown,BE
WINNY,WINNY IMMIGRA & EDU SER L,INE0S9101013,NSE,Unknown,SM
WINPRO,WINPRO INDUSTRIES LIMITED,INE974C01022,NSE,Unknown,BE
WINSOL,WINSOL ENGINEERS LIMITED,INE0S3D01016,NSE,Unknown,SM
WINSOME,WINSOME YARNS LIMITED,INE784B01035,NSE,Unknown,BE
WIPL,THE WESTERN INDIA PLY LTD,INE215F01023,NSE,Unknown,BE
WIPRO,WIPRO LTD - DEPO. SETT.,INE075A01022,NSE,Unknown,BE
WOCKPHARMA,WOCKHARDT LIMITED-DEPO,INE049B01025,NSE,Unknown,BE
WOL3D,WOL 3D INDIA LIMITED,INE0OO201011,NSE,Unknown,SM
WOMANCART,WOMANCART LIMITED,INE0Q9601016,NSE,Unknown,SM
WONDERLA,WONDERLA HOLIDAYS LTD.,INE066O01014,NSE,Unknown,BE
WOOLWORTH,UNIWORTH LTD-DEP SETT,INE207A01013,NSE,Unknown,BE
WORTH,WORTH PERIPHERALS LIMITED,INE196Y01018,NSE,Unknown,BE
WSI,W.S.INDUSTRIES (I) LTD.,INE100D01014,NSE,Unknown,BE
WSTCSTPAPR,WEST COAST PAPER MILLS,INE976A01021,NSE,Unknown,BE
WTICAB,WISE TRAVEL INDIA LIMITED,INE623Y01011,NSE,Unknown,SM
XCHANGING,XCHANGING SOLUTIONS LTD,INE692G01013,NSE,Unknown,BE
XELPMOC,XELPMOC DESIGN & TECH LTD,INE01P501012,NSE,Unknown,BE
XLENERGY,XL ENERGY LIMITED,INE183H01011,NSE,Unknown,BE
XPROINDIA,XPRO INDIA LIMITED,INE445C01015,NSE,Unknown,BE
XTGLOBAL,XTGLOBAL INFOTECH LIMITED,INE547B01028,NSE,Unknown,BE
YAARI,YAARI DIGI INT SER LTD,INE126M01010,NSE,Unknown,BE
YASHO,YASHO INDUSTRIES LIMITED,INE616Z01012,NSE,Unknown,BE
YASHOPTICS,YASH OPTICS & LENS LTD,INE0TO601017,NSE,Unknown,SM
YATHARTH,YATHARTH HOSP & TRA C S L,INE0JO301016,NSE,Unknown,BE
YATRA,YATRA ONLINE LIMITED,INE0JR601024,NSE,Unknown,BE
YCCL,YASONS CHEMEX CARE LTD,INE08S201019,NSE,Unknown,SM
YESBANK,YES BANK LIMITED,INE528G01035,NSE,Unknown,BE
YOGOPHARM,YOGI PHARMACY LTD,INE302101014,NSE,Unknown,EQ
YUDIZ,YUDIZ SOLUTIONS LIMITED,INE09FA01019,NSE,Unknown,SM
YUKEN,YUKEN INDIA LIMITED,INE384C01016,NSE,Unknown,BE
YUKENINDIA,YUKEN INDIA LTD,INE302501015,NSE,Unknown,EQ
ZAGGLE,ZAGGLE PREPA OCEAN SER L,INE07K301024,NSE,Unknown,BE
ZEAL,ZEAL GLOBAL SERVICES LTD,INE0PPS01018,NSE,Unknown,SM
ZEEL,ZEE ENTERTAINMENT ENT LTD,INE256A01028,NSE,Unknown,BE
ZEELEARN,ZEE LEARN LIMITED,INE565L01011,NSE,Unknown,BE
ZEEMEDIA,ZEE MEDIA CORPORATION LTD,INE966H01019,NSE,Unknown,BE
ZENITHDRUG,ZENITH DRUGS LIMITED,INE0QWN01013,NSE,Unknown,SM
ZENITHEXPO,ZENITH EXPORTS LTD,INE058B01018,NSE,Unknown,BE
ZENITHSTL,ZENITH STEEL PIP IND LTD,INE318D01020,NSE,Unknown,BE
ZENSARTECH,ZENSAR TECHNOLOGIES LTD,INE520A01027,NSE,Unknown,BE
ZENTEC,ZEN TECHNOLOGIES LIMITED,INE251B01027,NSE,Unknown,BE
ZFCVINDIA,ZF COM VE CTR SYS IND LTD,INE342J01019,NSE,Unknown,BE
ZFSTEERING,ZFSTEERINGGEAR-ROLL SETT,INE116C01012,NSE,Unknown,BE
ZICOM,ZICOM ELECT SEC SYS LTD,INE871B01014,NSE,Unknown,BE
ZILONPHARM,ZILLION PHARMACHEM LTD,INE303501014,NSE,Unknown,EQ
ZIMLAB,ZIM LABORATORIES LIMITED,INE518E01015,NSE,Unknown,BE
ZODIAC,ZODIAC ENERGY LIMITED,INE761Y01019,NSE,Unknown,BE
ZODIACLOTH,ZODIAC CLOTHING CO LTD,INE206B01013,NSE,Unknown,BE
ZODJRDMKJ,ZODIAC JRD MKJ- LTD,INE077B01018,NSE,Unknown,BE
ZOTA,ZOTA HEALTH CARE LIMITED,INE358U01012,NSE,Unknown,BE
ZTECH,Z-TECH (INDIA) LIMITED,INE0ISZ01012,NSE,Unknown,SM
ZUARI,ZUARI AGRO CHEMICALS LTD,INE840M01016,NSE,Unknown,BE
ZUARIIND,ZUARI INDUSTRIES LIMITED,INE217A01012,NSE,Unknown,BE
ZYDUSLIFE,ZYDUS LIFESCIENCES LTD,INE010B01027,NSE,Unknown,BE
ZYDUSWELL,ZYDUS WELLNESS LIMITED,INE768C01028,NSE,Unknown,BE
ZYLOG,ZYLOG SYSTEMS LTD.,INE225I01026,NSE,Unknown,BE
ARUNAHTEL,Aruna Hotels Ltd.,INE957C01019,BSE,Unknown,EQ
ATVPR,ATV Projects India Ltd,INE447A01015,BSE,Unknown,EQ
BEML,BEML Ltd,INE258A01024,BSE,Unknown,EQ
BIHSPONG,Bihar Sponge Iron Ltd,INE819C01011,BSE,Unknown,EQ
QUESTCAP,QUEST CAPITAL MARKETS LIMITED,INE418C01012,BSE,Unknown,EQ
FGP,FGP Ltd,INE512A01016,BSE,Unknown,EQ
PHCAP,P.H. Capital Ltd.,INE160F01013,BSE,Unknown,EQ
METROGLOBL,Metroglobal Limited,INE085D01033,BSE,Unknown,EQ
HARCR,Harig Crankshafts Ltd.,INE905C01034,BSE,Unknown,EQ
PRAGBOS,Prag Bosimi Synthetics Ltd.,INE962B01011,BSE,Unknown,EQ
INDLEASE,India Lease Devl. Ltd.,INE333C01013,BSE,Unknown,EQ
MARGOFIN,Margo Finance Limited,INE680B01019,BSE,Unknown,EQ
JASCH,Jasch Industries Ltd.,INE711C01028,BSE,Unknown,EQ
MAFATIND,Mafatlal Industries Ltd.,INE270B01035,BSE,Unknown,EQ
MAJESAUT,Majestic Auto Ltd.,INE201B01022,BSE,Unknown,EQ
BARODARY,Baroda Rayon Corpn. Ltd.,INE461A01024,BSE,Unknown,EQ
MIDINDIA,Mid India Industries Limited,INE401C01018,BSE,Unknown,EQ
NAPEROL,Naperol Investments Limited,INE585A01020,BSE,Unknown,EQ
JAYKAY,Jaykay Enterprises Limited,INE903A01025,BSE,Unknown,EQ
INDSUCR,Indian Sucrose Ltd.,INE557C01017,BSE,Unknown,EQ
PANCM,Panyam Cements & Mineral Inds. Ltd.,INE167E01037,BSE,Unknown,EQ
RAPICUT,Rapicut Carbides Ltd.,INE350D01015,BSE,Unknown,EQ
WELSPLSOL,WELSPUN SPECIALTY SOLUTIONS LIMITED,INE731F01037,BSE,Unknown,EQ
SALORAINTL,Salora International Limited,INE924A01013,BSE,Unknown,EQ
SKPMIL,Shree Krishna Paper Mills & Industr,INE970C01012,BSE,Unknown,EQ
SILVERLINE,Silverline Technologies Ltd.,INE368A01021,BSE,Unknown,EQ
STEELCO,Steelco Gujarat Ltd,INE629B01032,BSE,Unknown,EQ
TIMEX,Timex Group India Ltd,INE064A01026,BSE,Unknown,EQ
TPINDIA,TPI India Ltd.,INE578C01021,BSE,Unknown,EQ
UTLINDS,UTL Industries Limited,INE184E01024,BSE,Unknown,EQ
HOCL,Hindustan Organic Chemicals Ltd.,INE048A01011,BSE,Unknown,EQ
MPILCORPL,MPIL CORPORATION LIMITED,INE844C01027,BSE,Unknown,EQ
TEAM24,TEAM24 CONSUMER PRODUCTS LIMITED,INE601A01017,BSE,Unknown,EQ
SUNRINV,Sunrise Industrial Traders Ltd.,INE371U01015,BSE,Unknown,EQ
ZGOLDINV,Gold Rock Investments Ltd.,INE598F01014,BSE,Unknown,EQ
PEOPLIN,Peoples Investments Ltd.,INE644U01015,BSE,Unknown,EQ
DSINVEST,Dalal Street Investments Ltd.,INE422D01012,BSE,Unknown,EQ
KARTKIN,Kartik Investments Trust Ltd.,INE524U01019,BSE,Unknown,EQ
ANTARIKSH,ANTARIKSH INDUSTRIES LIMITED,INE825M01017,BSE,Unknown,EQ
INDPRUD,Industrial & Prudential Inv. Co. Lt,INE620D01011,BSE,Unknown,EQ
TATAINVEST,Tata Investment Corporation Ltd.,INE672A01026,BSE,Unknown,EQ
JAYBHCR,Jayabharat Credit Ltd.,INE998D01011,BSE,Unknown,EQ
PRISMX,PRISMX GLOBAL VENTURES LIMITED,INE286N01028,BSE,Unknown,EQ
RAPIDIN,Rapid Investments Ltd.,INE154M01012,BSE,Unknown,EQ
WALCHPF,Walchand Peoplefirst Limited,INE695D01021,BSE,Unknown,EQ
ZSWASTSA,Swastik Safe Deposit & Invest. Ltd.,INE094R01019,BSE,Unknown,EQ
WHBRADY,W.H. Brady & Co. Ltd.,INE855A01019,BSE,Unknown,EQ
TECHNVISN,TechNVision Ventures Limited,INE314H01012,BSE,Unknown,EQ
BOMBCYC,Bombay Cycle & Motor Agency Ltd.,INE691K01017,BSE,Unknown,EQ
MULLER,Muller & Phipps (India) Ltd.,INE003F01015,BSE,Unknown,EQ
SFTL,SPRINGFORM TECHNOLOGY LIMITED,INE02ZA01012,BSE,Unknown,EQ
AMALGAM,Amalgamated Electricity Co. Ltd.,INE492N01022,BSE,Unknown,EQ
ANANDPROJ,Anand Projects Ltd,INE134R01013,BSE,Unknown,EQ
INDIANVSH,India Nivesh Limited,INE131H01028,BSE,Unknown,EQ
DHENUBUILD,Dhenu Buildcon Infra Limited,INE758D01027,BSE,Unknown,EQ
ASIIL,ASI INDUSTRIES LIMITED,INE443A01030,BSE,Unknown,EQ
LERTHAI,LERTHAI FINANCE LIMITED,INE347D01011,BSE,Unknown,EQ
TRIVENIGQ,Triveni Glass Ltd.,INE094C01011,BSE,Unknown,EQ
NILACHAL,Nilachal Refractories Ltd.,INE416N01013,BSE,Unknown,EQ
CITADEL,Citadel Realty And Developers Limited,INE906D01014,BSE,Unknown,EQ
NATHIND,NATH INDUSTRIES LIMITED,INE777A01023,BSE,Unknown,EQ
VAPIENTER,VAPI ENTERPRISE LIMITED,INE464D01014,BSE,Unknown,EQ
ZGAEKWAR,Gaekwar Mills Ltd.,INE837X01027,BSE,Unknown,EQ
HPCOTTON,H.P. Cotton Textile Mills Ltd.,INE950C01014,BSE,Unknown,EQ
UNITEDINT,United Interactive Limited,INE706D01018,BSE,Unknown,EQ
JAMSHRI,JAMSHRI REALTY LIMITED,INE462D01034,BSE,Unknown,EQ
KATRSPG,Katare Spinning Mills Ltd.,INE498G01015,BSE,Unknown,EQ
PASUSPG,Pasupati Spg. & Wvg. Mills Ltd.,INE909B01020,BSE,Unknown,EQ
RAJABAH,Raja Bahadur International Ltd,INE491N01016,BSE,Unknown,EQ
VICTMILL,Victoria Mills Ltd.,INE203D01016,BSE,Unknown,EQ
ZSVTRADI,S.V. Trading & Agencies Ltd.,INE404N01019,BSE,Unknown,EQ
ZSVARAJT,Svaraj Trading & Agencies Ltd.,INE406N01014,BSE,Unknown,EQ
KSHITIJ,Kshitij Investments Ltd,INE733N01011,BSE,Unknown,EQ
SALSAIN,Shree Salasar Investment Ltd.,INE315N01017,BSE,Unknown,EQ
INDSOYA,Indsoya Limited,INE314N01028,BSE,Unknown,EQ
ZODIACVEN,Zodiac Ventures Limited,INE945J01027,BSE,Unknown,EQ
SW1,SW Investments Limited,INE948K01011,BSE,Unknown,EQ
TILAK,Tilak Ventures Limited,INE026L01022,BSE,Unknown,EQ
UNIJOLL,Unijolly Investments Co. Ltd.,INE130N01010,BSE,Unknown,EQ
WAGEND,Wagend Infra Venture Limited,INE786K01023,BSE,Unknown,EQ
ELCIDIN,Elcid Investments Ltd.,INE927X01018,BSE,Unknown,EQ
MEDIAONE,Mediaone Global Entertainment Limited,INE828I01019,BSE,Unknown,EQ
HEALINV,Healthy Investments Ltd.,INE160N01017,BSE,Unknown,EQ
MODWOOL,Modella Woollens Ltd.,INE380D01012,BSE,Unknown,EQ
MODIPON,Modipon Ltd.,INE170C01019,BSE,Unknown,EQ
SHRIDINE,Shri Dinesh Mills Ltd.,INE204C01024,BSE,Unknown,EQ
SWADPOL,Swadeshi Polytex Ltd.,INE243N01029,BSE,Unknown,EQ
SHRAJSYNQ,Shree Rajasthan Syntex Ltd.,INE796C01011,BSE,Unknown,EQ
SHRMFGC,Shree Manufacturing Co. Ltd.,INE632A01012,BSE,Unknown,EQ
ZSATYASL,Satyam Silk Mills Ltd,INE07MC01015,BSE,Unknown,EQ
ELPROINTL,Elpro International Ltd.,INE579B01039,BSE,Unknown,EQ
GEE,GEE Ltd.,INE064H01021,BSE,Unknown,EQ
JYOTI,Jyoti Ltd.,INE511D01012,BSE,Unknown,EQ
JSLINDL,JSL Industries Ltd.,INE581L01018,BSE,Unknown,EQ
KAYCEEI,Kaycee Industries Ltd.,INE813G01023,BSE,Unknown,EQ
INDOKEM,Indokem Ltd,INE716F01012,BSE,Unknown,EQ
PERMAGN,Permanent Magnets Ltd.,INE418E01018,BSE,Unknown,EQ
HIGHENE,High Energy Batteries (India) Ltd.,INE783E01023,BSE,Unknown,EQ
STDBAT,Standard Batteries Ltd.,INE502C01039,BSE,Unknown,EQ
DLTNCBL,Delton Cables Ltd.,INE872E01016,BSE,Unknown,EQ
LAKSELEC,Lakshmi Electrical Control Systems,INE284C01018,BSE,Unknown,EQ
MODULEX,MODULEX CONSTRUCTION TECHNOLOGIES LIMITED,INE064R01012,BSE,Unknown,EQ
LONGSPUR,Longspur International Ventures Limited,INE180M01033,BSE,Unknown,EQ
RRP,RRP SEMICONDUCTOR LIMITED,INE713N01013,BSE,Unknown,EQ
EMPOWER,Empower India Limited,INE507F01023,BSE,Unknown,EQ
ZMULTIPU,Multipurpose Trading & Agencies Ltd,INE017P01014,BSE,Unknown,EQ
RIDHISYN,Ridhi Synthetics Ltd.,INE07LK01010,BSE,Unknown,EQ
GRANDMA,Grandma Trading & Agencies Ltd.,INE927M01029,BSE,Unknown,EQ
ZARDIINV,Ardi Investment & Trading Ltd.,INE0LKP01014,BSE,Unknown,EQ
SOFTBPO,Softbpo Global Services Ltd.,INE459E01012,BSE,Unknown,EQ
NYSSACORP,Nyssa Corporation Limited,INE812K01027,BSE,Unknown,EQ
FLOMIC,FLOMIC GLOBAL LOGISTICS LIMITED,INE952M01019,BSE,Unknown,EQ
KRISHNA,Krishna Ventures Limited,INE537L01010,BSE,Unknown,EQ
GANHOLD,Ganesh Holding Ltd.,INE932M01011,BSE,Unknown,EQ
SJCORP,SJ Corporation Limited,INE312B01027,BSE,Unknown,EQ
UNIABEXAL,Uni-Abex Alloy Products Ltd.,INE361D01012,BSE,Unknown,EQ
BGWTATO,Bhagwati Autocast Limited,INE106G01014,BSE,Unknown,EQ
BOMBWIR,Bombay Wire Ropes Ltd.,INE089T01023,BSE,Unknown,EQ
AZADIND,AZAD INDIA MOBILITY LIMITED,INE566M01017,BSE,Unknown,EQ
INLCM,Indian Link Chain Mnfrs. Ltd.,INE359D01024,BSE,Unknown,EQ
INFORTEC,Informed Technologies India Ltd.,INE123E01014,BSE,Unknown,EQ
KAIRA,Kaira Can Co. Ltd.,INE375D01012,BSE,Unknown,EQ
NATIONSTD,National Standard (India) Limited,INE166R01015,BSE,Unknown,EQ
RATHIST,Rathi Steel & Power Ltd,INE336C01016,BSE,Unknown,EQ
DUNCANENG,Duncan Engineering Limited,INE340F01011,BSE,Unknown,EQ
STOVACQ,Stovec Industries Ltd.,INE755D01015,BSE,Unknown,EQ
ZWELCAST,Welcast Steels Ltd.,INE380G01015,BSE,Unknown,EQ
WMINIMT,Western Ministil Ltd.,INE187U01015,BSE,Unknown,EQ
AUTOPRD,Automobile Products of India Ltd.,INE0NY101012,BSE,Unknown,EQ
ACGL,Automobile Corpn. of Goa Ltd.,INE451C01013,BSE,Unknown,EQ
INRADIA,India Radiators Ltd.,INE461Y01016,BSE,Unknown,EQ
JAINEX,JAINEX AAMCOL LTD.,INE280F01019,BSE,Unknown,EQ
VELJAN,Veljan Denison Limited,INE232E01013,BSE,Unknown,EQ
GGDPROP,G. G. Dandekar Properties Limited,INE631D01026,BSE,Unknown,EQ
TULIVE,Tulive Developers Limited,INE637D01015,BSE,Unknown,EQ
KPT,KPT INDUSTRIES LIMITED,INE731D01024,BSE,Unknown,EQ
LAKSHMIEW,LAKSHMI ENGINEERING AND WAREHOUSING LIMITED,INE718M01022,BSE,Unknown,EQ
LYNMC,Lynx Machinery & Commercials Ltd.,INE732D01014,BSE,Unknown,EQ
HARSHILAGR,HARSHIL AGROTECH LIMITED,INE098E01026,BSE,Unknown,EQ
MONOT,Monotype India Ltd.,INE811D01024,BSE,Unknown,EQ
INTEGRAEN,Integra Engineering India Ltd.,INE984B01023,BSE,Unknown,EQ
PSITINFRA,PS IT Infrastructure & Services Limited,INE953M01033,BSE,Unknown,EQ
GHVINFRA,GHV INFRA PROJECTS LIMITED,INE809Q01020,BSE,Unknown,EQ
SHYMINV,Shyamkamal Investments Ltd.,INE203N01015,BSE,Unknown,EQ
ZHEMHOLD,HEM Holdings and Trading Ltd.,INE721U01011,BSE,Unknown,EQ
MAHACORP,Maharashtra Corporation Ltd.,INE272E01027,BSE,Unknown,EQ
ZKOVALIN,Kovalam Inv. & Trading Co.Ltd.,INE735U01011,BSE,Unknown,EQ
MULTIIN,Multiplus Holdings Ltd.,INE886E01016,BSE,Unknown,EQ
SKYLMILAR,Skyline Millars Ltd,INE178E01026,BSE,Unknown,EQ
TAPARIA,Taparia Tools Ltd.,INE614R01014,BSE,Unknown,EQ
BRADYM,Brady & Morris Engineering Co. Ltd.,INE856A01017,BSE,Unknown,EQ
LATIMMETAL,La Tim Metal & Industries Limited,INE501N01020,BSE,Unknown,EQ
DECANBRG,Deccan Bearings Ltd.,INE498D01012,BSE,Unknown,EQ
HIMTEK,HIM TEKNOFORGE LIMITED,INE705G01021,BSE,Unknown,EQ
ALGOQUANT,ALGOQUANT FINTECH LIMITED,INE598D01035,BSE,Unknown,EQ
SINGER,Singer India Limited,INE638A01035,BSE,Unknown,EQ
INTLCOMBQ,International Combustion (India) Lt,INE403C01014,BSE,Unknown,EQ
JOSTS,Josts Engineering Co. Ltd.,INE636D01041,BSE,Unknown,EQ
MPCOSEMB,Mipco Seamless Rings (Gujarat) Ltd.,INE860N01012,BSE,Unknown,EQ
ROLCOEN,Rolcon Engineering Co. Ltd.,INE775R01013,BSE,Unknown,EQ
SNL,SNL Bearings Ltd.,INE568F01017,BSE,Unknown,EQ
JAIPAN,Jaipan Industries Ltd,INE058D01030,BSE,Unknown,EQ
WPIL,WPIL Ltd,INE765D01022,BSE,Unknown,EQ
HINDHARD,HINDUSTAN HARDY LIMITED,INE724D01011,BSE,Unknown,EQ
TRITONV,Triton Valves Ltd.,INE440G01017,BSE,Unknown,EQ
SUDAI,Sudal Industries Limited,INE618D01015,BSE,Unknown,EQ
HVL,HARIYANA VENTURES LIMITED,INE219D01012,BSE,Unknown,EQ
ZPRBHSTE,Prabhu Steel Industries Ltd.,INE821R01015,BSE,Unknown,EQ
STANROS,Stanrose Mafatlal Investments & Fin,INE441L01015,BSE,Unknown,EQ
ALNATRD,Alna Trading & Exports Ltd.,INE07I701011,BSE,Unknown,EQ
VOLKAI,Kairosoft AI Solutions Limited,INE820M01018,BSE,Unknown,EQ
PARNAXLAB,Parnax Lab Limited,INE383L01019,BSE,Unknown,EQ
GOURMET,GOURMET GATEWAY INDIA LIMITED,INE512D01028,BSE,Unknown,EQ
ISHWATR,Ishwarshakti Holdings & Traders Ltd,INE073I01012,BSE,Unknown,EQ
TERRAFORM,Terraform Magnum Limited,INE122V01010,BSE,Unknown,EQ
APIS,Apis India Ltd,INE070K01014,BSE,Unknown,EQ
VELOX,Velox Shipping and Logistics Limited,INE092P01017,BSE,Unknown,EQ
EMERGENT,EMERGENT INDUSTRIAL SOLUTIONS LIMITED,INE668L01013,BSE,Unknown,EQ
GCKL,GALAXY CLOUD KITCHENS LIMITED,INE403B01016,BSE,Unknown,EQ
ZSARVAMA,Sarvamangal Mercantile Co. Ltd.,INE978L01016,BSE,Unknown,EQ
SASHWAT,Sashwat Technocrats Limited,INE789D01014,BSE,Unknown,EQ
STARSOURCE,STARSOURCE MULTITRADE LIMITED,INE320M01019,BSE,Unknown,EQ
FERMENTA,FERMENTA BIOTECH LIMITED,INE225B01021,BSE,Unknown,EQ
JAYCH,Jayshree Chemicals Ltd.,INE693E01016,BSE,Unknown,EQ
KELENRG,Keltech Energies Ltd.,INE881E01017,BSE,Unknown,EQ
KEMP,Kemp & Company Limited,INE060E01018,BSE,Unknown,EQ
MPAGI,M.P. Agro Industries Ltd.,INE468C01017,BSE,Unknown,EQ
PBGLOBAL,PB Global Limited,INE615W01011,BSE,Unknown,EQ
AMAL,Amal Ltd,INE841D01013,BSE,Unknown,EQ
POLYCHEM,Polychem Ltd,INE752B01024,BSE,Unknown,EQ
ZR2,ZR2 BIOENERGY LIMITED,INE218N01021,BSE,Unknown,EQ
ULTRAMAR,Ultramarine & Pigments Ltd.,INE405A01021,BSE,Unknown,EQ
GUJPETR,Gujarat Petrosynthese Ltd.,INE636P01011,BSE,Unknown,EQ
SWADEIN,Swadeshi Industries Leasing Co. Ltd,INE716M01034,BSE,Unknown,EQ
MASCH,Master Chemicals Ltd.,INE523D01017,BSE,Unknown,EQ
SCBL,Saptak Chem And Business Limited,INE467X01023,BSE,Unknown,EQ
MAKERSL,Makers Laboratories Ltd.,INE987A01010,BSE,Unknown,EQ
CONTCHM,Continental Chemicals Ltd.,INE423K01015,BSE,Unknown,EQ
RAJSPTR,Rajasthan Petro Synthetics Ltd.,INE374C01017,BSE,Unknown,EQ
APTPACK,Apt Packaging Ltd,INE046E01025,BSE,Unknown,EQ
BLUECHIPT,Blue Chip Tex Industries Ltd.,INE472D01017,BSE,Unknown,EQ
EMERALL,Emerald Leisures Limited,INE044N01021,BSE,Unknown,EQ
RAVALSUGAR,The Ravalgaon Sugar Farm Limited,INE615A01025,BSE,Unknown,EQ
KFBL,Kothari Fermanatation & Biochem Ltd,INE991B01010,BSE,Unknown,EQ
CAPRO,Caprolactam Chemicals ltd.,INE470N01010,BSE,Unknown,EQ
PICCASUG,Piccadily Sugar  & Allied Ltd.,INE544C01023,BSE,Unknown,EQ
CJGEL,C.J. Gelatine Products Ltd.,INE557D01015,BSE,Unknown,EQ
THAKKERS,THAKKERS GROUP LIMITED,INE04VT01017,BSE,Unknown,EQ
CORAGRO,Coromandel Agro Products & Oils Ltd,INE495D01018,BSE,Unknown,EQ
KLRFM,KOVILPATTI LAKSHMI ROLLER FLOUR MILLS  LTD,INE014E01015,BSE,Unknown,EQ
OLYOI,Olympic Oil Industries Ltd.,INE286E01019,BSE,Unknown,EQ
MLKFOOD,Milkfood Ltd.,INE588G01021,BSE,Unknown,EQ
POLSON,Polson Ltd.,INE339F01021,BSE,Unknown,EQ
SIGNGCL,SIGNATURE GREEN CORPORATION LIMITED,INE131O01024,BSE,Unknown,EQ
ORIBEVER,Orient Beverages Ltd.,INE247F01018,BSE,Unknown,EQ
TGVSL,TGV SRAAC LIMITED,INE284B01028,BSE,Unknown,EQ
LIMECHM,Lime Chemicals Ltd.,INE891G01011,BSE,Unknown,EQ
UNTTEMI,United Leasing & Industries Ltd,INE357P01014,BSE,Unknown,EQ
NOL,National Oxygen Ltd.,INE296D01010,BSE,Unknown,EQ
COMPUPN,Computer Point Ltd.,INE607B01012,BSE,Unknown,EQ
ADDIND,Addi Industries Ltd.,INE757C01021,BSE,Unknown,EQ
PIONRINV,Pioneer Investcorp Ltd,INE746D01014,BSE,Unknown,EQ
ASHNOOR,Ashnoor Textiles Mills Ltd.,INE372I01018,BSE,Unknown,EQ
LKPFIN,LKP Finance Limited,INE724A01017,BSE,Unknown,EQ
EASTBUILD,East Buildtech Limited,INE706N01017,BSE,Unknown,EQ
MNPLFIN,Manipal Finance Corporation Ltd.,INE798E01013,BSE,Unknown,EQ
BAJAJST,Bajaj Steel Industries Ltd.,INE704G01024,BSE,Unknown,EQ
KIDUJA,Kiduja  India  Ltd,INE845A01028,BSE,Unknown,EQ
KEYCORP,Key Corp Ltd,INE130F01016,BSE,Unknown,EQ
SHIKHARLETR,Shikhar Leasing and Trading Ltd.,INE02BV01019,BSE,Unknown,EQ
GUJHOTE,Gujarat Hotels Ltd.,INE621C01011,BSE,Unknown,EQ
FYNX,FYNX CAPITAL LIMITED,INE455H01013,BSE,Unknown,EQ
JOLYPLS,Jolly Plastic Industries Ltd.,INE289M01016,BSE,Unknown,EQ
JINDHOT,Jindal Hotels Ltd.,INE726D01016,BSE,Unknown,EQ
SERIND,SER Industries Ltd,INE358F01013,BSE,Unknown,EQ
JPTRLES,Jupiter Industries & Leasing Ltd.,INE990E01016,BSE,Unknown,EQ
SIMMOND,Simmonds-Marshall Ltd,INE657D01021,BSE,Unknown,EQ
BNALTD,B & A Ltd.,INE489D01011,BSE,Unknown,EQ
COCHMAL,Cochin Malabar Estates & Indus. Ltd,INE788M01017,BSE,Unknown,EQ
BESTEAST,Best Eastern Hotels Limited,INE553F01035,BSE,Unknown,EQ
NEAGI,Neelamalai Agro Industries Ltd.,INE605D01012,BSE,Unknown,EQ
ISTLTD,IST Limited,INE684B01029,BSE,Unknown,EQ
DIAMANT,Diamant Infrastructure Limited,INE206I01026,BSE,Unknown,EQ
NEWMKTADV,New Markets Advisory Ltd,INE800K01014,BSE,Unknown,EQ
NITINCAST,Nitin Castings Limited,INE861H01020,BSE,Unknown,EQ
NEXOME,NEXOME CAPITAL MARKETS LIMITED,INE641A01013,BSE,Unknown,EQ
IRONWOOD,IRONWOOD EDUCATION LIMITED,INE791H01011,BSE,Unknown,EQ
MSRINDIA,MSR India Limited,INE331L01026,BSE,Unknown,EQ
AIRLTD,AVISHKAR INFRA REALTY LIMITED,INE433O01024,BSE,Unknown,EQ
HBLEAS,HB Leasing & Finance Co. Ltd.,INE549B01016,BSE,Unknown,EQ
SHRICON,Shricon Industries Ltd.,INE753D01010,BSE,Unknown,EQ
TRUSTWAVE,TRUSTWAVE SECURITIES LIMITED,INE668Y01016,BSE,Unknown,EQ
SULABEN,Sulabh Engineers & Services Limited,INE673M01029,BSE,Unknown,EQ
FRONTCAP,Frontier Capital Limited,INE977E01013,BSE,Unknown,EQ
NAVNETEDUL,Navneet Education Limited,INE060A01024,BSE,Unknown,EQ
KEDIACN,Kedia Construction Co. Ltd.,INE511J01027,BSE,Unknown,EQ
TRANOCE,Transoceanic Properties Ltd.,INE074J01018,BSE,Unknown,EQ
THAKRAL,Thakral Services (India) Limited,INE190F01028,BSE,Unknown,EQ
GOLDLEG,Golden Legand Leasing & Finance Ltd,INE088E01019,BSE,Unknown,EQ
VJTFEDU,VJTF Eduservices Limited,INE117F01013,BSE,Unknown,EQ
VOLLF,Voltaire Leasing & Finance Ltd.,INE763D01019,BSE,Unknown,EQ
NETLINK,Netlink Solutions (India) Ltd.,INE040F01033,BSE,Unknown,EQ
TRILIANCE,TRILIANCE POLYMERS LIMITED,INE778N01016,BSE,Unknown,EQ
INDINFO,Indian Infotech And Software Ltd.,INE300B01022,BSE,Unknown,EQ
BANASFN,Banas Finance Limited,INE521L01030,BSE,Unknown,EQ
HATHWAYB,Hathway Bhawani Cabletel & Datacom,INE525B01016,BSE,Unknown,EQ
PHOTON,Photon Capital Advisors Ltd,INE107J01016,BSE,Unknown,EQ
OSWALEA,Oswal Leasing Ltd.,INE811Q01018,BSE,Unknown,EQ
INDAG,Indag Rubber Ltd.,INE802D01023,BSE,Unknown,EQ
SEL,Sanathnagar Enterprises Limited,INE367E01033,BSE,Unknown,EQ
BENARAS,Benares Hotels Ltd,INE664D01019,BSE,Unknown,EQ
BHAGWOX,Bhagwati Oxygen Ltd.,INE026I01010,BSE,Unknown,EQ
CRAVATEX,Cravatex Ltd.,INE145E01017,BSE,Unknown,EQ
EMPIND,Empire Industries Ltd.,INE515H01014,BSE,Unknown,EQ
GRAVISSHO,Graviss Hospitality Ltd,INE214F01026,BSE,Unknown,EQ
GARWAMAR,Garware Marine Industries Ltd.,INE925D01014,BSE,Unknown,EQ
HARDCAS,Hardcastle & Waud Mfg. Co. Ltd.,INE722D01015,BSE,Unknown,EQ
ZHINDHSG,Hindustan Housing Co. Ltd.,INE083O01019,BSE,Unknown,EQ
KOTIC,Kothari Industrial Corpn. Ltd.,INE972A01020,BSE,Unknown,EQ
MODRNSH,Modern Shares and Stockbrokers Ltd.,INE370A01019,BSE,Unknown,EQ
MAPROIN,Mapro Industries Ltd,INE848M01019,BSE,Unknown,EQ
OSEASPR,Oseaspre Consultants Ltd.,INE880P01015,BSE,Unknown,EQ
RJSHAH,R.J. Shah & Co. Ltd.,INE712Z01019,BSE,Unknown,EQ
SHAHCON,Shah Construction Co. Ltd.,INE02C301011,BSE,Unknown,EQ
SINNAR,Sinnar Bidi Udyog Ltd.,INE896E01023,BSE,Unknown,EQ
HINDMILL,Hindoostan Mills Ltd.,INE832D01020,BSE,Unknown,EQ
ZSOUTGAS,Southern Gas Ltd.,INE532U01012,BSE,Unknown,EQ
TECHCON,Technojet Consultants Ltd.,INE881P01013,BSE,Unknown,EQ
THACKER,Thacker & Co. Ltd.,INE077P01034,BSE,Unknown,EQ
TRADWIN,Trade Wings Ltd.,INE961E01017,BSE,Unknown,EQ
UPHOT,U.P. Hotels Ltd.,INE726E01014,BSE,Unknown,EQ
SWASTIVI,Swasti Vinayaka Synthetics Ltd.,INE804A01025,BSE,Unknown,EQ
MADHUSE,Madhusudan Securities Ltd,INE856D01011,BSE,Unknown,EQ
YAMNINV,Yamini Investments Company Limited,INE457N01025,BSE,Unknown,EQ
ZMILGFIN,MILGREY FINANCE & INVESTMENT LTD,INE679T01013,BSE,Unknown,EQ
KUSUMEL,Kusam Electrical Industies Ltd.,INE175Q01018,BSE,Unknown,EQ
JUMBFNL,Jumbo Finance Ltd.,INE122N01017,BSE,Unknown,EQ
EASYFIN,EASY FINCORP LIMITED,INE407F01018,BSE,Unknown,EQ
JMDVL,JMD Ventures Limited,INE047E01031,BSE,Unknown,EQ
TVOLCON,Tivoli Construction Ltd.,INE747V01014,BSE,Unknown,EQ
VBDESAI,V.B.Desai Financial Services Ltd,INE848D01018,BSE,Unknown,EQ
QUADRANT,Quadrant Televentures Limited,INE527B01020,BSE,Unknown,EQ
KAMANWALA,Kamanwala Housing Construction Ltd,INE344D01018,BSE,Unknown,EQ
AXISOL,AXIS SOLUTIONS LIMITED,INE520G01024,BSE,Unknown,EQ
WSFX,WSFX Global Pay Limited,INE549D01012,BSE,Unknown,EQ
ANJANIFOODS,Anjani Foods Limited,INE096I01021,BSE,Unknown,EQ
RKDAGRRTL,RKD AGRI & RETAIL LIMITED,INE552N01023,BSE,Unknown,EQ
PARSHWANA,Parshwanath Corporation Limited,INE635I01018,BSE,Unknown,EQ
RAJVI,RAJVI LOGITRADE LIMITED,INE381N01019,BSE,Unknown,EQ
MILLENNIUM,Millennium Online Solutions (India) Ltd,INE570N01025,BSE,Unknown,EQ
MUNCAPM,Munoth Capital Market Ltd,INE910G01027,BSE,Unknown,EQ
BOMTALKIES,BOMBAY TALKIES LIMITED,INE910D01024,BSE,Unknown,EQ
SAGARSYST,Sagar Systech Ltd.,INE771Z01015,BSE,Unknown,EQ
ICONIKSPEV,ICONIK SPORTS AND EVENTS LIMITED,INE088P01015,BSE,Unknown,EQ
INDCEMCAP,India Cements Capital Limited,INE429D01017,BSE,Unknown,EQ
ADMANUM,AD-Manum Finance Ltd,INE556D01017,BSE,Unknown,EQ
MEHIF,Mehta Integrated Finance Ltd.,INE240B01012,BSE,Unknown,EQ
INTRGLB,Inter Globe Finance Ltd.,INE661M01016,BSE,Unknown,EQ
MCLTD,MUNOTH COMMUNICATION LIMITED,INE410E01015,BSE,Unknown,EQ
SHRISTI,SHRISTI INFRASTRUCTURE DEVELOPMENT CORPORATION LTD.,INE472C01027,BSE,Unknown,EQ
SYLPH,Sylph Technologies Ltd,INE706F01021,BSE,Unknown,EQ
DHARFIN,Dharani Finance Ltd.,INE899D01011,BSE,Unknown,EQ
ALEXANDER,Alexander Stamps And Coin Limited,INE191N01012,BSE,Unknown,EQ
SHRYDUS,SHRYDUS INDUSTRIES LIMITED,INE488C01015,BSE,Unknown,EQ
BHARAT,BHARAT BHUSHAN FINANCE & COMMODITY BROKERS LIMITED,INE900A01013,BSE,Unknown,EQ
USHAKIRA,Ushakiran Finance Ltd.,INE697C01011,BSE,Unknown,EQ
VIVOBIOT,Vivo Bio tech Ltd.,INE380K01017,BSE,Unknown,EQ
VEERHEALTH,Veerhealth Care Limited,INE882C01035,BSE,Unknown,EQ
PANINDIAC,Pan India Corporation Ltd,INE376A01032,BSE,Unknown,EQ
SAHARAHOUS,Sahara HousingFina Corporation Ltd.,INE135C01012,BSE,Unknown,EQ
NDASEC,NDA Securities ltd.,INE026C01013,BSE,Unknown,EQ
GSBFIN,GSB Finance Ltd.,INE777C01011,BSE,Unknown,EQ
MORARKFI,Morarka Finance Ltd.,INE367A01015,BSE,Unknown,EQ
PROFINC,Pro Fin Capital Services Ltd,INE732K01027,BSE,Unknown,EQ
SANCF,Sanchay Finvest Ltd,INE654D01010,BSE,Unknown,EQ
SODFC,Som Datt Finance Corporation Ltd.,INE754C01010,BSE,Unknown,EQ
SAVFI,Savani Financials Ltd.,INE304E01010,BSE,Unknown,EQ
BEFOUNDMOL,BEFOUND MOVEMENT LIMITED,INE425F01028,BSE,Unknown,EQ
LIBORDFIN,Libord Finance Limited,INE212B01011,BSE,Unknown,EQ
YASHMGM,Yash Management & Satellite Ltd.,INE216B01012,BSE,Unknown,EQ
ISLCONSUL,ISL Consulting Ltd,INE569B01022,BSE,Unknown,EQ
RRFIN,R.R.Financial Consultants Ltd.,INE229D01011,BSE,Unknown,EQ
FEDDERSHOL,FEDDERS HOLDING LIMITED,INE417D01020,BSE,Unknown,EQ
DUGARHOU,Dugar Housing Developments Limited,INE919M01026,BSE,Unknown,EQ
DJSSS,DJS Stock & Shares Ltd.,INE234E01027,BSE,Unknown,EQ
OMEGAIN,Omega Interactive Technologies Ltd.,INE113B01029,BSE,Unknown,EQ
SUGALDAM,Sugal & Damani Share Brokers Ltd.,INE309D01011,BSE,Unknown,EQ
NETTLINX,Nettlinx Ltd.,INE027D01019,BSE,Unknown,EQ
BGIL,BGIL Films & Technologies Ltd,INE443D01018,BSE,Unknown,EQ
SCANSTL,Scan Steels Limited,INE099G01011,BSE,Unknown,EQ
MATHEWE,Mathew Easow Research Securities Lt,INE963B01019,BSE,Unknown,EQ
AJCON,Ajcon Global Services Ltd.,INE759C01027,BSE,Unknown,EQ
CHRTEDCA,Chartered Capital & Investment Ltd.,INE953B01010,BSE,Unknown,EQ
STANCAP,Standard Capital Markets Ltd.,INE625D01028,BSE,Unknown,EQ
YOGI,YOGI LIMITED,INE290E01011,BSE,Unknown,EQ
CUBIFIN,Cubical Financial Services Ltd.,INE717D01023,BSE,Unknown,EQ
NIMBSPROJ,Nimbus Projects Limited,INE875B01015,BSE,Unknown,EQ
KZLFIN,K.Z.Leasing & Finance Ltd.,INE006C01015,BSE,Unknown,EQ
AVASARA,Avasara Finance Limited,INE759D01017,BSE,Unknown,EQ
PASUFIN,Pasupati Fincap Ltd.,INE527C01010,BSE,Unknown,EQ
MEHSECU,Mehta Securities Ltd.,INE241B01010,BSE,Unknown,EQ
RFL,RUPAREL FOOD PRODUCTS LIMITED,INE239B01014,BSE,Unknown,EQ
SAHLIBHFI,Shalibhadra Finance Ltd.,INE861D01011,BSE,Unknown,EQ
ABIRAFN,Abirami Financial Services (India),INE195I01013,BSE,Unknown,EQ
MANSIFIN,Mansi Finance (Chennai) Ltd,INE094E01017,BSE,Unknown,EQ
SEVENHILL,Seven Hill Industries Limited,INE518D01025,BSE,Unknown,EQ
AASTAFIN,Aastamangalam Finance Limited,INE819K01014,BSE,Unknown,EQ
ZNILKENG,Nilkanth Engineering Ltd.,INE582V01015,BSE,Unknown,EQ
SOBME,Sobhagya Merchantile Ltd.,INE754D01018,BSE,Unknown,EQ
TTGIL,TOMORROW TECHNOLOGIES GLOBAL INNOVATIONS LIMITED,INE135H01029,BSE,Unknown,EQ
ZSARACOM,Saraswati Commercial (India) Ltd.,INE967G01019,BSE,Unknown,EQ
WINROC,Winro Commercial (India) Ltd.,INE837E01019,BSE,Unknown,EQ
NDMETAL,N.D.Metal Industries Ltd,INE643D01013,BSE,Unknown,EQ
BANGANGA,BANGANGA PAPER INDUSTRIES LIMITED,INE767M01029,BSE,Unknown,EQ
VEGA,VEGA JEWELLERS LIMITED,INE603D01017,BSE,Unknown,EQ
KAPILCO,Kapil Cotex  Ltd.,INE393H01016,BSE,Unknown,EQ
TCC,TCC CONCEPT LIMITED,INE887D01016,BSE,Unknown,EQ
ROYALIND,Royal India Corporation Limited,INE510H01015,BSE,Unknown,EQ
DHANSAFAL,DHANSAFAL FINSERVE LIMITED,INE195E01020,BSE,Unknown,EQ
SHYAM,Ventura Guaranty Ltd.,INE139J01019,BSE,Unknown,EQ
ZSANMCOM,Sanmitra Commercial Ltd.,INE896J01014,BSE,Unknown,EQ
WARDHEALTH,WARDWIZARD HEALTHCARE LIMITED,INE048E01013,BSE,Unknown,EQ
VISVEN,VISHVPRABHA VENTURES LIMITED,INE762D01011,BSE,Unknown,EQ
MRUTR,Mrugesh Trading Ltd.,INE738D01029,BSE,Unknown,EQ
DECNGOLD,Deccan Gold Mines Ltd.,INE945F01025,BSE,Unknown,EQ
NIBEORD,Nibe Ordnance and Maritime Limited,INE425H01016,BSE,Unknown,EQ
CRANESSOFT,Cranes Software International Ltd.,INE234B01023,BSE,Unknown,EQ
SAICOM,Saianand Commercial Limited,INE092G01024,BSE,Unknown,EQ
EY,EYANTRA VENTURES LIMITED,INE750G01019,BSE,Unknown,EQ
TRIPR,Triochem Products Ltd.,INE331E01013,BSE,Unknown,EQ
NIDHGRN,Nidhi Granites Limited,INE276H01013,BSE,Unknown,EQ
AVIVA,Aviva Industries Limited,INE461H01011,BSE,Unknown,EQ
ROSEMER,Rose Merc.Limited,INE649C01012,BSE,Unknown,EQ
TWIROST,Twin Roses Trades & Agencies Ltd.,INE436U01016,BSE,Unknown,EQ
KAJALSY,Kajal Synthetics and Silk Mills Ltd,INE956V01011,BSE,Unknown,EQ
AVANCE,Avance Technologies Ltd.,INE758A01072,BSE,Unknown,EQ
MLINDLTD,M LAKHAMSI INDUSTRIES LIMITED,INE808W01012,BSE,Unknown,EQ
ABANSENT,ABans Enterprises Limited,INE365O01028,BSE,Unknown,EQ
CAPRICORN,Capricorn Systems Global Solutions Ltd.,INE968E01012,BSE,Unknown,EQ
VAMA,Vama Industries Limited,INE685D01022,BSE,Unknown,EQ
BENTCOM,Bentley Commercial Enterprises Ltd.,INE496M01017,BSE,Unknown,EQ
SILVERO,Silver oak Commercial Ltd.,INE798C01017,BSE,Unknown,EQ
CLASELE,Classic Electricals Ltd.,INE02BR01017,BSE,Unknown,EQ
PRISMMEDI,Prism Medico and Pharmacy Ltd.,INE730E01016,BSE,Unknown,EQ
SPVGLOBAL,SPV GLOBAL TRADING LIMITED,INE177E01010,BSE,Unknown,EQ
VERITAS,Veritas (India) Limited,INE379J01029,BSE,Unknown,EQ
JAYTEX,Jaybharat Textiles And Real Estate Limited,INE091E01039,BSE,Unknown,EQ
ZNIVITRD,Nivi Trading Ltd.,INE552F01011,BSE,Unknown,EQ
ASHCAP,Ashirwad Capital Ltd.,INE894A01026,BSE,Unknown,EQ
SVARTCORP,Swasti Vinayaka Art And Heritage Corporation Ltd,INE895A01023,BSE,Unknown,EQ
BAJGLOB,Bajaj Global Ltd,INE553H01015,BSE,Unknown,EQ
AVONMERC,Avon Mercantile Ltd.,INE471D01019,BSE,Unknown,EQ
MMWL,Media Matrix Worldwide Ltd.,INE200D01020,BSE,Unknown,EQ
TASHIND,Tashi India Ltd.,INE552H01017,BSE,Unknown,EQ
AUTOINT,Autoriders International Ltd,INE340U01010,BSE,Unknown,EQ
NNTL,N2N Technologies Limited,INE043F01011,BSE,Unknown,EQ
ZSPEEDCO,Speedage Commercials Ltd.,INE497M01015,BSE,Unknown,EQ
SHANTAI,Shantai Industries Limited,INE408F01024,BSE,Unknown,EQ
CHMBBRW,Chambal Breweries & Distilleries Li,INE417N01011,BSE,Unknown,EQ
ZMANSOON,Mansoon Trading Co. Ltd.,INE776V01013,BSE,Unknown,EQ
ARAVALIS,Aravali Securities & Finance Ltd.,INE068C01015,BSE,Unknown,EQ
YASTF,Yash Trading & Finance Ltd.,INE745A01012,BSE,Unknown,EQ
CUPIDALBV,CUPID BREWERIES AND DISTILLERIES LIMITED,INE108G01010,BSE,Unknown,EQ
ZSHERAPR,Sheraton Properties & Finance Ltd.,INE495M01019,BSE,Unknown,EQ
MAGANTR,Magnanimous Trade & Finance Ltd.,INE664N01018,BSE,Unknown,EQ
CRSL,CRESSANDA RAILWAY SOLUTIONS LIMITED,INE716D01033,BSE,Unknown,EQ
SHARDUL,Shardul Securities Ltd.,INE037B01020,BSE,Unknown,EQ
SERA,SERA INVESTMENTS & FINANCE INDIA LIMITED,INE017I01027,BSE,Unknown,EQ
BENGALS,Bengal Steel Industries Ltd.,INE523W01017,BSE,Unknown,EQ
IPOWER,i Power Solutions India Ltd.,INE468F01010,BSE,Unknown,EQ
UNIWSEC,Uniworth Securities Limited,INE728J01019,BSE,Unknown,EQ
MERCTRD,Mercury Trade Links Ltd.,INE319T01016,BSE,Unknown,EQ
NIRAVCOM,Nirav Commercials Ltd.,INE242B01018,BSE,Unknown,EQ
WHITHAL,White Hall Commercial Co.Ltd.,INE416X01012,BSE,Unknown,EQ
ASUTENT,Asutosh Enterprise Ltd.,INE508W01018,BSE,Unknown,EQ
APOLLOFI,Apollo Finvest (India) Ltd.,INE412D01013,BSE,Unknown,EQ
ESQRMON,Esquire Money Guarantees Ltd,INE0HMN01013,BSE,Unknown,EQ
ENBETRD,Enbee Trade & Finance Ltd.,INE993I01029,BSE,Unknown,EQ
GANONPRO,Ganon Products Limited,INE162L01017,BSE,Unknown,EQ
DEVITRD,Devinsu Trading Ltd.,INE07LH01016,BSE,Unknown,EQ
SHRJAGP,Shri Jagdamba Polymers Ltd,INE564J01026,BSE,Unknown,EQ
PUNCTRD,Punctual Trading Ltd.,INE07NX01019,BSE,Unknown,EQ
BETXIND,Betex India Ltd.,INE765L01017,BSE,Unknown,EQ
VIRYA,VIRYA RESOURCES LIMITED,INE661K01010,BSE,Unknown,EQ
POLYTEX,Polytex India Ltd.,INE012F01016,BSE,Unknown,EQ
DHANCOT,Dhanlaxmi Cotex Ltd.,INE977F01010,BSE,Unknown,EQ
OASISEC,Oasis Securities Limited,INE876A01023,BSE,Unknown,EQ
GARNETINT,Garnet International Limited,INE590B01010,BSE,Unknown,EQ
SHALPRO,Shalimar Productions Ltd.,INE435E01020,BSE,Unknown,EQ
MEENST,Meenakshi Steel Industries Ltd.,INE721V01019,BSE,Unknown,EQ
VARUNME,Varun Mercantile Ltd.,INE442U01014,BSE,Unknown,EQ
VINVANI,Vinayak Vanijya Ltd.,INE132V01019,BSE,Unknown,EQ
SUPER,Super Sales India Ltd.,INE091C01017,BSE,Unknown,EQ
NEELKANTH,NEELKANTH LIMITED,INE581D01015,BSE,Unknown,EQ
SITAENT,Sita Enterprises LTD.,INE579D01019,BSE,Unknown,EQ
PULSRIN,Pulsar International Limited,INE183U01022,BSE,Unknown,EQ
MANBRO,Manbro Industries Limited,INE348N01034,BSE,Unknown,EQ
ASTALLTD,ASTAL LABORATORIES LIMITED,INE307N01014,BSE,Unknown,EQ
RLF,RLF Ltd.,INE629C01014,BSE,Unknown,EQ
SAVERA,Savera Industries Ltd.,INE104E01014,BSE,Unknown,EQ
CHROME,Chrome Silicon Limited,INE114E01013,BSE,Unknown,EQ
ZJEETMAC,Jeet Machine Tools Ltd.,INE987E01012,BSE,Unknown,EQ
NAVA,NAVA LIMITED,INE725A01030,BSE,Unknown,EQ
ZHINUDYP,Hindusthan Udyog Ltd,INE582K01018,BSE,Unknown,EQ
GSAUTO,G.S. Auto International Ltd.,INE736H01024,BSE,Unknown,EQ
AMFORG,Amforge Industries Ltd.,INE991A01020,BSE,Unknown,EQ
ONIXSOLAR,ONIX SOLAR ENERGY LIMITED,INE173M01012,BSE,Unknown,EQ
ACROW,Acrow (India) Ltd.,INE950D01012,BSE,Unknown,EQ
STLSTRINF,Steel Strips Infrastructures Limited,INE205F01016,BSE,Unknown,EQ
JAYUSH,Jay Ushin Ltd.,INE289D01015,BSE,Unknown,EQ
IMEC,IMEC SERVICES LIMITED,INE611C01020,BSE,Unknown,EQ
MDRNSTL,Modern Steels Limited,INE001F01019,BSE,Unknown,EQ
SYNTHFO,Synthiko Foils Ltd.,INE363L01045,BSE,Unknown,EQ
GOLKONDA,Golkonda Aluminium Extrusions Ltd,INE327C01031,BSE,Unknown,EQ
GUJTLRM,Gujarat Toolroom Ltd.,INE145J01032,BSE,Unknown,EQ
COCHINM,Cochin Minerals & Rutile Ltd.,INE105D01013,BSE,Unknown,EQ
INDIAHOMES,India Homes Limited,INE072A01029,BSE,Unknown,EQ
KVFORGE,KRISHANVEER FORGE LIMITED,INE013J01016,BSE,Unknown,EQ
VALLABHSQ,Vallabh Steels ltd,INE457E01016,BSE,Unknown,EQ
ASHIS,Ashiana Ispat Limited,INE587D01012,BSE,Unknown,EQ
PMTELELIN,P.M. Telelinnks Limited,INE092C01015,BSE,Unknown,EQ
SMFIL,Smiths & Founders (India) Limited,INE728B01032,BSE,Unknown,EQ
BLOIN,Bloom Industries Ltd,INE373E01015,BSE,Unknown,EQ
MAITRI,Maitri Enterprises Limited,INE501L01024,BSE,Unknown,EQ
ELANGO,Elango Industries Ltd,INE594D01018,BSE,Unknown,EQ
KANSHST,Kanishk Steel Industries Ltd,INE791E01018,BSE,Unknown,EQ
MAHALXSE,Mahalaxmi Seamless Ltd.,INE257F01017,BSE,Unknown,EQ
SSWRL,Shree Steel Wire Ropes Ltd.,INE387D01025,BSE,Unknown,EQ
SIZEMASTER,SIZEMASTERS TECHNOLOGY LIMITED,INE235U01012,BSE,Unknown,EQ
SOUTHMG,Southern Magnesium And Chemicals Lt,INE308N01012,BSE,Unknown,EQ
BAROEXT,Baroda Extrusion Ltd.,INE927K01023,BSE,Unknown,EQ
GUJCONT,Gujarat Containers Ltd.,INE276I01011,BSE,Unknown,EQ
PANCHMAHQ,Panchmahal Steel Ltd.,INE798F01010,BSE,Unknown,EQ
ADITYA,Aditya Ispat Ltd.,INE570B01012,BSE,Unknown,EQ
GLITTEKG,Glittek Granites Ltd.,INE741B01027,BSE,Unknown,EQ
PRADPME,Pradeep Metals Ltd.,INE770A01010,BSE,Unknown,EQ
GNRL,Gujarat Natural Resources Limited,INE207H01018,BSE,Unknown,EQ
TNSTLTU,Tamilnadu Steel Tubes Ltd.,INE176E01012,BSE,Unknown,EQ
MSCTC,Mardia Samyoung Capillary Tubes Co.,INE277E01026,BSE,Unknown,EQ
SHRDAIS,Sharda Ispat Ltd.,INE385M01012,BSE,Unknown,EQ
NOVIS,Nova Iron & Steel Ltd.,INE608C01026,BSE,Unknown,EQ
STERPOW,Sterling Powergensys Limited,INE067E01013,BSE,Unknown,EQ
FFPL,Foundry Fuel Products Ltd.,INE617C01027,BSE,Unknown,EQ
AXELPOLY,Axel Polymers Ltd.,INE197C01012,BSE,Unknown,EQ
SPECTRA,Spectra Industries Ltd.,INE848B01012,BSE,Unknown,EQ
KAJARIR,KIC Metaliks Ltd.,INE434C01027,BSE,Unknown,EQ
SOLIDSTON,Solid Stone Company Ltd.,INE584G01012,BSE,Unknown,EQ
SHILGRAVQ,Shilp Gravures Ltd.,INE960A01017,BSE,Unknown,EQ
WHITEORG,White Organic Agro Limited,INE146C01019,BSE,Unknown,EQ
MFSINTRCRP,MFS Intercorp Limited,INE614F01019,BSE,Unknown,EQ
RUDRAECO,RUDRA ECOVATION LIMITED,INE723D01021,BSE,Unknown,EQ
RAJKSYN,Rajkamal Synthetics Ltd.,INE376L01013,BSE,Unknown,EQ
DEEPAKSP,Deepak Spinners Ltd.,INE272C01013,BSE,Unknown,EQ
NEWTRAC,NEWTRAC FOODS & BEVERAGES LIMITED,INE229N01010,BSE,Unknown,EQ
PBMPOLY,P.B.M. Polytex Ltd.,INE501F01018,BSE,Unknown,EQ
ADINATH,Adinath Textiles Ltd.,INE207C01019,BSE,Unknown,EQ
KONARKSY,Konark Synthetics  Ltd,INE517D01019,BSE,Unknown,EQ
SURYALA,Suryalata Spinning Mills Ltd.,INE132C01027,BSE,Unknown,EQ
SURYVANSP,Suryavanshi Spinning Mills Ltd.,INE431C01023,BSE,Unknown,EQ
CEETAIN,Ceeta Industries Ltd.,INE760J01012,BSE,Unknown,EQ
RISHYRN,Rishabh Special Yarns Ltd,INE351D01013,BSE,Unknown,EQ
BLACKROSE,Black Rose Industries Ltd,INE761G01016,BSE,Unknown,EQ
STCORP,S & T Corporation Limited,INE110Q01023,BSE,Unknown,EQ
SUMEETINDS,Sumeet Industries Ltd,INE235C01036,BSE,Unknown,EQ
KLIFESTYL,K-Lifestyle & Industries Limited,INE218A01028,BSE,Unknown,EQ
TTLEL,TTL ENTERPRISES LIMITED,INE664X01025,BSE,Unknown,EQ
KUSHIND,Kush Industries Limited,INE979D01011,BSE,Unknown,EQ
SURBHIN,Surbhi Industries Limited,INE899E01019,BSE,Unknown,EQ
SEASONST,Seasons Textiles Ltd,INE707B01010,BSE,Unknown,EQ
ZENIFIB,Zenith Fibres Limited,INE106C01013,BSE,Unknown,EQ
BHILSPIN,Bhilwara Spinners Ltd,INE436C01014,BSE,Unknown,EQ
SANTETX,Sanrhea Technical Textiles Ltd.,INE589J01015,BSE,Unknown,EQ
JAIHINDS,Jaihind Synthetics Ltd.,INE156E01014,BSE,Unknown,EQ
RAGHUSYN,Raghuvir Synthetics Ltd.,INE969C01022,BSE,Unknown,EQ
JATTAINDUS,Jattashankar Industries Limited,INE722N01014,BSE,Unknown,EQ
KAMADGIRI,Kamadgiri Fashion Limited,INE535C01013,BSE,Unknown,EQ
OMNITEX,Omnitex Industries (India) Ltd.,INE814D01010,BSE,Unknown,EQ
ONEGLOBAL,ONE GLOBAL SERVICE PROVIDER LIMITED,INE670O01013,BSE,Unknown,EQ
NEOINFRA,Neo Infracon Ltd.,INE216I01017,BSE,Unknown,EQ
GENESIS,GENESIS IBRC INDIA LIMITED,INE194N01016,BSE,Unknown,EQ
EVERFIN,EVERLON FINANCIALS LIMITED,INE339D01034,BSE,Unknown,EQ
KRRAIL,K&R RAIL ENGINEERING LIMITED,INE078T01026,BSE,Unknown,EQ
YARNSYN,Yarn Syndicate Ltd.,INE564C01013,BSE,Unknown,EQ
GUJCOTEX,Gujarat Cotex Ltd,INE004C01028,BSE,Unknown,EQ
GARWSYN,Garware Synthetics Ltd.,INE340D01016,BSE,Unknown,EQ
ECOHOTELS,ECO HOTELS AND RESORTS LIMITED,INE638N01012,BSE,Unknown,EQ
SARUPINDUS,SARUP INDUSTRIES LIMITED,INE305D01019,BSE,Unknown,EQ
OXFORDIN,Oxford Industries ltd.,INE114D01015,BSE,Unknown,EQ
HINDADH,Hindustan Adhesives Ltd.,INE074C01013,BSE,Unknown,EQ
BPAGRI,Blue Pearl Agriventures Limited,INE439N01031,BSE,Unknown,EQ
SRIKPRIND,Sri KPR Industries Ltd,INE009C01019,BSE,Unknown,EQ
LSIND,LS Industries Limited,INE345D01031,BSE,Unknown,EQ
SOUTLAT,Southern Latex Ltd.,INE410M01018,BSE,Unknown,EQ
OSWAYRN,Oswal Yarns Ltd.,INE670H01017,BSE,Unknown,EQ
WINSOMTX,Winsome Textile Industries Ltd,INE837B01031,BSE,Unknown,EQ
MODINSU,Modern Insulators Ltd.,INE219W01012,BSE,Unknown,EQ
SEKURITIND,Saint-Gobain Sekurit India Ltd.,INE068B01017,BSE,Unknown,EQ
MADHUDIN,Madhusudan Industries Ltd.,INE469C01023,BSE,Unknown,EQ
RAMASIGNS,Ramasigns Industries Limited,INE650D01026,BSE,Unknown,EQ
HALDYNGL,Haldyn Glass Limited,INE506D01020,BSE,Unknown,EQ
DUROPLY,DUROPLY INDUSTRIES LIMITED,INE932D01010,BSE,Unknown,EQ
AGIOPAPER,Agio Paper & Industries Limited,INE112C01011,BSE,Unknown,EQ
NATPLY,National Plywood Industries Ltd.,INE497C01016,BSE,Unknown,EQ
JUMBO,Jumbo Bag ltd.,INE699D01015,BSE,Unknown,EQ
SANPA,Sangal Papers Ltd.,INE384D01022,BSE,Unknown,EQ
VENTURA,Ventura Textiles Ltd.,INE810C01044,BSE,Unknown,EQ
SHKARTP,Shree Karthik Papers Ltd.,INE538D01015,BSE,Unknown,EQ
STHINPA,South India Paper Mills Ltd.,INE088G01014,BSE,Unknown,EQ
RIR,RIR POWER ELECTRONICS LIMITED,INE302D01024,BSE,Unknown,EQ
IDM,International Data Managements Ltd.,INE649R01010,BSE,Unknown,EQ
JETKINGQ,Jetking Infotrain Ltd.,INE919C01019,BSE,Unknown,EQ
INDAGIV,Ind-Agiv Commerce Ltd.,INE115E01010,BSE,Unknown,EQ
APLAB,Aplab Ltd.,INE273A01015,BSE,Unknown,EQ
PCS,PCS Technology Ltd.,INE834B01012,BSE,Unknown,EQ
EDVENSWA,Edvenswa Enterprises Limited,INE125G01014,BSE,Unknown,EQ
PERVASIVE,Pervasive Commodities Limited,INE443P01038,BSE,Unknown,EQ
SWITCHTE,Switching Technologies Gunther Ltd.,INE311D01017,BSE,Unknown,EQ
CALCOM,Calcom Vision Ltd.,INE216C01010,BSE,Unknown,EQ
DYNAVSN,Dynavision Limited,INE083E01010,BSE,Unknown,EQ
BCCFUBA,BCC Fuba India Ltd.,INE788D01016,BSE,Unknown,EQ
FINELINE,Fine-line Circuits Ltd.,INE087E01011,BSE,Unknown,EQ
RNITAI,RNIT AI SOLUTIONS LIMITED,INE335Q01026,BSE,Unknown,EQ
GUJARATPOLY,Gujarat Poly Electronics Limited,INE541F01022,BSE,Unknown,EQ
MAGNUS,MAGNUS STEEL AND INFRA LIMITED,INE898E01011,BSE,Unknown,EQ
MODMA,Modern Malleables Limited,INE834C01028,BSE,Unknown,EQ
ACIIN,ACI Infocom Ltd.,INE167B01025,BSE,Unknown,EQ
SBECSYS,SBEC Systems (Ind) Ltd.,INE689V01018,BSE,Unknown,EQ
INCAP,Incap Ltd,INE437C01012,BSE,Unknown,EQ
GUJINTRX,Gujarat Intrux Limited,INE877E01015,BSE,Unknown,EQ
VINTRON,Vintron Informatics Ltd.,INE043B01028,BSE,Unknown,EQ
PANELEC,Pan Electronics India Ltd.,INE648E01010,BSE,Unknown,EQ
LEENEE,Lee & Nee Softwares (Exports) Ltd.,INE791B01014,BSE,Unknown,EQ
PATELSAI,Patels Airtemp (I) Ltd.,INE082C01024,BSE,Unknown,EQ
INTEGSW,Integra Switchgear Ltd.,INE0IPL01018,BSE,Unknown,EQ
ATHENAGLO,Athena Global Technologies Limited,INE576B01019,BSE,Unknown,EQ
NARMP,Narmada Macplast Drip Irrigation Sy,INE060D01028,BSE,Unknown,EQ
DUTRON,Dutron  Polymers Ltd.,INE940C01015,BSE,Unknown,EQ
MAGNAELQ,Magna Electro Castings Ltd.,INE437D01010,BSE,Unknown,EQ
MARSONS,MARSONS LIMITED,INE415B01044,BSE,Unknown,EQ
ACCEL,ACCEL LIMITED,INE258C01038,BSE,Unknown,EQ
WEBELSOLAR,Websol Energy System Limited,INE855C01023,BSE,Unknown,EQ
DHINDIA,D & H India Limited,INE589D01018,BSE,Unknown,EQ
ALFATRAN,Alfa Transformers ltd.,INE209C01015,BSE,Unknown,EQ
NHCFOODS,NHC FOODS LIMITED,INE141C01036,BSE,Unknown,EQ
CLENON,CLENON ENTERPRISES LIMITED,INE769B01028,BSE,Unknown,EQ
KEERTHI,Keerthi Industries Ltd,INE145L01012,BSE,Unknown,EQ
SRICC,Sri Chakra Cement Limited,INE827D01020,BSE,Unknown,EQ
SURAJ,Suraj Products Ltd.,INE069E01019,BSE,Unknown,EQ
MODINATUR,Modi Naturals Limited,INE537F01012,BSE,Unknown,EQ
PRSNTIN,Prashant India Ltd,INE100E01012,BSE,Unknown,EQ
SHAHFOOD,Shah Foods Ltd,INE455D01012,BSE,Unknown,EQ
ZKHANDEN,Khandelwal Extraction Ltd.,INE687W01010,BSE,Unknown,EQ
RITESHIN,Ritesh International Ltd,INE534D01014,BSE,Unknown,EQ
VADILENT,Vadilal Enterprises Ltd.,INE693D01018,BSE,Unknown,EQ
ASHAI,Ashiana Agro Industries Ltd,INE709D01012,BSE,Unknown,EQ
RGRL,Retro Green Revolution Limited,INE601N01010,BSE,Unknown,EQ
WILLIMFI,Williamson Financial Services ltd.,INE188E01017,BSE,Unknown,EQ
AJANTSOY,Ajanta Soya Limited,INE601B01023,BSE,Unknown,EQ
KISAAN,KISAAN PARIVAR INDUSTRIES LIMITED,INE102C01020,BSE,Unknown,EQ
SIEL,Superior Industrial Enterprises Limited,INE843L01012,BSE,Unknown,EQ
SPTRSHI,Saptarishi Agro Industries Ltd,INE233P01017,BSE,Unknown,EQ
SRDAPRT,Sarda Proteins Ltd,INE995U01011,BSE,Unknown,EQ
PRIMAGR,Prima Agro Ltd.,INE297D01018,BSE,Unknown,EQ
MADHURIND,Madhur Industries Limited,INE110C01015,BSE,Unknown,EQ
TARAI,Tarai Foods Ltd.,INE906C01016,BSE,Unknown,EQ
MODAIRY,Modern Dairies Ltd.,INE617B01011,BSE,Unknown,EQ
BAMBINO,Bambino Agro Industries Ltd,INE921D01013,BSE,Unknown,EQ
PRIMIND,Prime Industries Ltd.,INE543F01028,BSE,Unknown,EQ
VSFPROJ,VSF Projects Limited,INE923K01014,BSE,Unknown,EQ
BANSTEA,Bansisons Tea Industries Ltd.,INE856E01019,BSE,Unknown,EQ
POONADAL,Poona Dal And Oil Industries Ltd.,INE809E01018,BSE,Unknown,EQ
TRANSFD,Transglobe Foods Ltd.,INE213P01027,BSE,Unknown,EQ
SHINDL,Sharat Industries Ltd.,INE220Z01013,BSE,Unknown,EQ
KMGMILK,KMG Milk Food Limited,INE873N01015,BSE,Unknown,EQ
KSE,KSE Ltd.,INE953E01022,BSE,Unknown,EQ
PIONAGR,Pioneer Agro Extracts ltd.,INE062E01014,BSE,Unknown,EQ
NARBADA,Narbada Gems and Jewellery Limited,INE540C01021,BSE,Unknown,EQ
VIRATCRA,Virat Crane Industries Ltd,INE295C01014,BSE,Unknown,EQ
IBINFO,IB Infotech Enterprises Ltd,INE678B01021,BSE,Unknown,EQ
AMBARPIL,Ambar Protein Industries Limited,INE072V01017,BSE,Unknown,EQ
CHORDIA,Chordia Food Products Ltd,INE975C01011,BSE,Unknown,EQ
CIANAGRO,CIAN Agro Industries & Infrastructure Limited,INE052V01019,BSE,Unknown,EQ
OMEAG,Omega Ag-Seeds (Punjab) ltd.,INE112B01013,BSE,Unknown,EQ
TAIIND,Tai Industries Ltd.,INE358D01018,BSE,Unknown,EQ
BKV,BKV Industries Ltd.,INE356C01022,BSE,Unknown,EQ
NCCBLUE,NCC Bluewater Products Ltd.,INE630N01019,BSE,Unknown,EQ
ASIANTNE,Asian Tea & Exports Ltd.,INE822B01017,BSE,Unknown,EQ
SIMRAN,Simran Farms Ltd.,INE354D01017,BSE,Unknown,EQ
HINDUST,Hindustan Agrigenetics Ltd.,INE092301014,BSE,Unknown,EQ
SURFI,Suryo Foods & Industries Ltd.,INE565E01016,BSE,Unknown,EQ
INTEGFD,Integrated Proteins Ltd.,INE177M01013,BSE,Unknown,EQ
SAMKRG,Samkrg Pistons and Rings Ltd.,INE706B01012,BSE,Unknown,EQ
ECSTSTL,East Coast Steel Ltd,INE315F01013,BSE,Unknown,EQ
ARCEEIN,Arcee Indusrtries ltd.,INE276D01012,BSE,Unknown,EQ
ABCINDQ,ABC India Ltd.,INE125D01011,BSE,Unknown,EQ
BALTE,Balurghat Technologies Ltd.,INE654B01014,BSE,Unknown,EQ
COARO,Coastal Roadways Ltd.,INE229E01019,BSE,Unknown,EQ
SIBARAUT,Sibar Auto Parts Ltd.,INE441C01014,BSE,Unknown,EQ
STARLOG,Starlog Enterprises Limited,INE580C01019,BSE,Unknown,EQ
SHVSUIT,Shiva Suitings Ltd.,INE02Z901011,BSE,Unknown,EQ
TITANIN,TITAN INTECH LIMITED,INE807M01031,BSE,Unknown,EQ
SOURCEIND,Source Industries (India) Ltd,INE695C01015,BSE,Unknown,EQ
ADVLIFE,Advance Lifestyles Ltd.,INE900E01015,BSE,Unknown,EQ
KAKTEX,Kakatiya Textiles Ltd.,INE092E01011,BSE,Unknown,EQ
OCTAVE,Perfect-Octave Media Projects Ltd,INE814L01013,BSE,Unknown,EQ
HISARSP,Hisar Spinning Mills Ltd,INE689E01014,BSE,Unknown,EQ
PASARI,Pasari Spinning Mills Ltd.,INE604F01010,BSE,Unknown,EQ
AMARJOTHI,Amarjothi Spinning Mills Ltd,INE484D01012,BSE,Unknown,EQ
OLYMPTX,Olympia Industries Ltd.,INE482O01021,BSE,Unknown,EQ
SBFL,Shree Bhavya Fabrics Limited,INE363D01018,BSE,Unknown,EQ
GEMSPIN,Gem Spinners India Ltd,INE165F01020,BSE,Unknown,EQ
ADITYASP,Aditya Spinners Ltd.,INE122D01026,BSE,Unknown,EQ
PRIMEURB,Prime Urban Development India Ltd,INE419E01024,BSE,Unknown,EQ
DHANFAB,Dhanlaxmi Fabrics Ltd.,INE953D01016,BSE,Unknown,EQ
SLSTLQ,Sri Lakshmi Saraswathi Textiles (Ar,INE456D01010,BSE,Unknown,EQ
MAXGROW,MAXGROW INDIA LIMITED,INE485D01043,BSE,Unknown,EQ
SRMCL,Sri Ramakrishna Mills (Coimbatore) Ltd.,INE306D01017,BSE,Unknown,EQ
UNITEDTE,United Textiles Ltd.,INE727E01012,BSE,Unknown,EQ
SAMTEX,Samtex Fashions Ltd.,INE931D01020,BSE,Unknown,EQ
CITYMAN,Cityman Limited,INE117C01010,BSE,Unknown,EQ
DHANROTO,Dhanalaxmi Roto Spinners Ltd.,INE220C01012,BSE,Unknown,EQ
SANBLUE,Sanblue Corporation Limited,INE602D01027,BSE,Unknown,EQ
UNIROYAL,Uniroyal Industries Ltd,INE980D01019,BSE,Unknown,EQ
TATIAGLOB,Tatia Global Vennture Limited,INE083G01031,BSE,Unknown,EQ
SUNILTX,Sunil Industries Ltd.,INE124M01015,BSE,Unknown,EQ
SRINACHA,Sri Nachammai Cotton Mills Ltd.,INE443E01016,BSE,Unknown,EQ
BGDL,BHARAT GLOBAL DEVELOPERS LIMITED,INE893C01032,BSE,Unknown,EQ
SAMBANDAM,Sambandam Spinning Mills Ltd.,INE304D01012,BSE,Unknown,EQ
KANDAGIRI,Kandagiri Spinning Mills Ltd.,INE292D01019,BSE,Unknown,EQ
MKPMOB,MKP Mobility Limited,INE676G01024,BSE,Unknown,EQ
CRANEX,Cranex Ltd.,INE608B01010,BSE,Unknown,EQ
BATLIBOI,Batliboi Ltd,INE177C01022,BSE,Unknown,EQ
AUSTENG,Austin Engineering Co. Ltd.,INE759F01012,BSE,Unknown,EQ
FLUIDOM,Fluidomat Ltd.,INE459C01016,BSE,Unknown,EQ
EMAINDIA,Ema India Ltd.,INE279D01016,BSE,Unknown,EQ
MIVENMACH,Miven Machine Tools Ltd.,INE338P01014,BSE,Unknown,EQ
UVDRHOR,United Van Der Horst Ltd.,INE890G01021,BSE,Unknown,EQ
ARTSON,ARTSON LIMITED,INE133D01023,BSE,Unknown,EQ
SOLIMAC,Solitaire Machine Tools Ltd,INE410A01013,BSE,Unknown,EQ
INDSILHYD,Indsil Hydro Power and Manganese Limited,INE867D01018,BSE,Unknown,EQ
ITL,ITL Industries Ltd.,INE478D01014,BSE,Unknown,EQ
FRONTSP,Frontier Springs Ltd.,INE572D01014,BSE,Unknown,EQ
RASANDIK,Rasandik Engg. Industries India Ltd,INE682D01011,BSE,Unknown,EQ
YOGISUNG,Yogi Sung-won (India) Ltd.,INE429B01011,BSE,Unknown,EQ
TANAA,Taneja Aerospace & Aviation Ltd.,INE692C01020,BSE,Unknown,EQ
CONART,Conart Engineers Ltd.,INE714D01020,BSE,Unknown,EQ
MINALIND,Minal Industries Limited,INE097E01028,BSE,Unknown,EQ
SHIVAGR,Shivagrico Implements Ltd.,INE092H01014,BSE,Unknown,EQ
IYKOTHITE,Iykot Hitech Toolroom Ltd,INE079L01013,BSE,Unknown,EQ
CENLUB,Cenlub Industries Ltd.,INE627F01011,BSE,Unknown,EQ
VJLAXMIE,Veejay Lakshmi Engineering Works Lt,INE466D01019,BSE,Unknown,EQ
AHMDSTE,Ahmedabad Steelcraft Ltd.,INE868C01018,BSE,Unknown,EQ
CANDOUR,CANDOUR TECHTEX LIMITED,INE713D01055,BSE,Unknown,EQ
TIGLOB,T & I Global Ltd.,INE811B01010,BSE,Unknown,EQ
BEMHY,Bemco Hydraulics Ltd.,INE142E01022,BSE,Unknown,EQ
ANSALBU,Ansal Buildwell Ltd.,INE030C01015,BSE,Unknown,EQ
BNRSEC,B.N.Rathi Securities Ltd.,INE710D01028,BSE,Unknown,EQ
RISHITECH,Rishi Techtex Limited,INE989D01010,BSE,Unknown,EQ
JJFINCOR,J.J. Finance Corporation Ltd.,INE584C01011,BSE,Unknown,EQ
COSMOFE,Cosmo Ferrites Ltd.,INE124B01018,BSE,Unknown,EQ
CROPSTER,CROPSTER AGRO LIMITED,INE293E01031,BSE,Unknown,EQ
FUTURSEC,Futuristic Securities Ltd,INE425D01015,BSE,Unknown,EQ
SANCTRN,Sanco Trans Ltd.,INE391G01012,BSE,Unknown,EQ
ADORMUL,Ador Multiproducts Ltd,INE628D01014,BSE,Unknown,EQ
MEDICAPQ,Medi-Caps Ltd.,INE442D01010,BSE,Unknown,EQ
OTCO,Otco International Ltd,INE910B01028,BSE,Unknown,EQ
MORGANITE,Morganite Crucible (India) Limited,INE599F01020,BSE,Unknown,EQ
BAPACK,B&A Packaging India Limited,INE00FM01013,BSE,Unknown,EQ
SRMENERGY,SRM Energy Limited,INE173J01018,BSE,Unknown,EQ
CONTPTR,Continental Petroleums Ltd.,INE369D01023,BSE,Unknown,EQ
NBFOOT,N.B. Footwear Ltd.,INE006F01018,BSE,Unknown,EQ
MACPLASQ,Machino Plastics Ltd,INE082B01018,BSE,Unknown,EQ
GVFILM,G.V. Films  Ltd.,INE395B01048,BSE,Unknown,EQ
SHRIGANG,Shri Gang Industries & Allied Products Limited,INE241V01018,BSE,Unknown,EQ
PURITY,Purity Flex Pack Ltd,INE898O01010,BSE,Unknown,EQ
MICROSE,Microse India Limited,INE809F01015,BSE,Unknown,EQ
STDSHOE,Standard Shoe Sole and Mould (India) Ltd,INE888N01013,BSE,Unknown,EQ
MINID,Mini Diamonds (India) Ltd.,INE281E01010,BSE,Unknown,EQ
TRITON,Triton Corp. Ltd.,INE982C01033,BSE,Unknown,EQ
SUNRAJDI,Sunraj Diamond Exports Ltd.,INE459D01014,BSE,Unknown,EQ
INDBNK,Ind Bank Housing Ltd,INE969D01012,BSE,Unknown,EQ
JAIMATAG,Jai Mata Glass Ltd.,INE250C01027,BSE,Unknown,EQ
LOTUSCHO,Lotus Chocolate Co. Ltd.,INE026D01011,BSE,Unknown,EQ
PACIFICI,Pacific Industries ltd.,INE883C01025,BSE,Unknown,EQ
CMMHOSP,Chennai Meenakshi Multispeciality Hospital Ltd.,INE889F01017,BSE,Unknown,EQ
UNIOFFICE,Universal Office Automation Limited,INE951C01012,BSE,Unknown,EQ
APMIN,APM Industries Ltd.,INE170D01025,BSE,Unknown,EQ
KRYPTONQ,Krypton Industries Ltd,INE951B01014,BSE,Unknown,EQ
SWISSMLTRY,SWISS MILITARY CONSUMER GOODS LIMITED,INE010C01025,BSE,Unknown,EQ
MARBU,Martin Burn Ltd,INE199D01016,BSE,Unknown,EQ
INDTONER,Indian Toners & Developers Ltd.,INE826B01018,BSE,Unknown,EQ
KUNSTOFF,Kunststoffe Industries Ltd.,INE638D01021,BSE,Unknown,EQ
SIKA,Sika Interplant Systems Ltd.,INE438E01032,BSE,Unknown,EQ
PHRMASI,Phaarmasia Limited.,INE486I01016,BSE,Unknown,EQ
YASHINNO,YASH INNOVENTURES LIMITED,INE823D01011,BSE,Unknown,EQ
KKPLASTICK,Kkalpana Plastick Limited,INE465K01016,BSE,Unknown,EQ
FLEXFO,Flex Foods Ltd.,INE954B01018,BSE,Unknown,EQ
GOLKUNDIA,Golkunda Diamonds & Jewellery Ltd.,INE798D01015,BSE,Unknown,EQ
FORTISMLR,Fortis Malar Hospitals Limited,INE842B01015,BSE,Unknown,EQ
SAYAJIHOTL,Sayaji Hotel Ltd,INE318C01014,BSE,Unknown,EQ
JMGCORP,JMG Corporation Ltd,INE745F01011,BSE,Unknown,EQ
SVAMSOF,Svam Software Ltd,INE119B01018,BSE,Unknown,EQ
TIHIL,TRANS INDIA HOUSE IMPEX LIMITED,INE502D01011,BSE,Unknown,EQ
MITSHI,Mitshi India Limited,INE844D01017,BSE,Unknown,EQ
SHUKJEW,Shukra Jewellers Limited,INE344E01016,BSE,Unknown,EQ
SOVERDIA,Sovereign Diamonds Ltd,INE959D01013,BSE,Unknown,EQ
MUKATPIP,Mukat Pipes Limited,INE862C01029,BSE,Unknown,EQ
INNOVTEC,Innovative Tech Pack Ltd,INE965C01038,BSE,Unknown,EQ
SUPTANERY,Super Tannery Limited,INE460D01038,BSE,Unknown,EQ
CONSTRONIC,CONSTRONICS INFRA LIMITED,INE537B01011,BSE,Unknown,EQ
AXTEL,Axtel Industries Ltd.,INE767C01012,BSE,Unknown,EQ
GRANDOAK,GRAND OAK CANYONS DISTILLERY LIMITED,INE926B01016,BSE,Unknown,EQ
EASTINDIA,East India Drums and Barrels Manufacturing Limited,INE191C01023,BSE,Unknown,EQ
VRWODAR,V R Woodart Ltd,INE317D01014,BSE,Unknown,EQ
APIL,AVI PRODUCTS INDIA LIMITED,INE316O01021,BSE,Unknown,EQ
HINFLUR,Hindustan Flurocarbons Ltd.,INE806J01013,BSE,Unknown,EQ
PATIDAR,Patidar Buildcon Limited,INE637N01014,BSE,Unknown,EQ
VENLONENT,Venlon Enterprises Ltd.,INE204D01022,BSE,Unknown,EQ
PETPLST,Pet Plastics Ltd.,INE704F01018,BSE,Unknown,EQ
PANIDPR,Panther Industrial Products Ltd.,INE181D01014,BSE,Unknown,EQ
HARLETH,Haryana Leather Chemicals Ltd.,INE681F01018,BSE,Unknown,EQ
PCCOSMA,Pee Cee Cosma Sope Ltd.,INE417E01010,BSE,Unknown,EQ
TCMLMTD,TCM Ltd.,INE034F01010,BSE,Unknown,EQ
KESARPE,Kesar Petroproducts Ltd,INE133C01033,BSE,Unknown,EQ
LACTOSE,Lactose (India) Ltd.,INE058I01013,BSE,Unknown,EQ
TEEAI,Teesta Agro Industries Ltd,INE757D01011,BSE,Unknown,EQ
PNTKYOR,Pentokey Organy (India) Ltd.,INE702E01015,BSE,Unknown,EQ
GUJINJEC,Gujarat Inject (Kerala) Ltd.,INE659F01014,BSE,Unknown,EQ
GUJTERC,Gujarat Terce Laboratories Ltd,INE499G01013,BSE,Unknown,EQ
KABRADG,Kabra Drugs Ltd,INE323K01017,BSE,Unknown,EQ
SHHARICH,Shree Hari Chemicals Export Ltd.,INE065E01017,BSE,Unknown,EQ
ISHITADR,Ishita Drugs & Industries Ltd.,INE806D01016,BSE,Unknown,EQ
UNIVSTAR,Universal Starch-Chem Allied Ltd.,INE113E01015,BSE,Unknown,EQ
NORRIS,Norris Medicines Ltd.,INE744C01029,BSE,Unknown,EQ
ASINPET,Asian Petroproducts & Exports Ltd.,INE810M01019,BSE,Unknown,EQ
CAMEXLTD,Camex  Ltd.,INE198C01010,BSE,Unknown,EQ
EVEXIA,EVEXIA LIFECARE LIMITED,INE313M01030,BSE,Unknown,EQ
INDOEURO,Indo Euro Indchem Limited,INE319N01019,BSE,Unknown,EQ
RIDDHI,Riddhi Siddhi Gluco Biols Ltd,INE249D01019,BSE,Unknown,EQ
RAAJMEDI,Raaj Medisafe India Limited,INE548H01015,BSE,Unknown,EQ
CORALAB,Coral Laboratories Ltd.,INE683E01017,BSE,Unknown,EQ
TULASEEBIOE,Tulasee Bio-Ethanol Ltd.,INE276N01011,BSE,Unknown,EQ
BACPHAR,Bacil Pharma Ltd.,INE711D01018,BSE,Unknown,EQ
KMCSHIL,KMC Speciality Hospitals India Limited,INE879K01018,BSE,Unknown,EQ
LAFFANSQ,Laffans Petrochemicals Ltd.,INE919B01011,BSE,Unknown,EQ
BHASKAGR,Bhaskar Agrochemicals Ltd.,INE972C01018,BSE,Unknown,EQ
SATAGRI,Satiate Agri Limited,INE06DM01015,BSE,Unknown,EQ
SHARMEH,Sharma East India Hospitals And Res,INE465H01012,BSE,Unknown,EQ
GAYATRIBI,Gayatri BioOrganics Ltd,INE052E01015,BSE,Unknown,EQ
PHARMAID,Pharmaids Pharmaceuticals Ltd.,INE117D01018,BSE,Unknown,EQ
VIVIDIND,Vivid Global Industries Limited,INE737C01023,BSE,Unknown,EQ
PRIYALT,Priya Limited.,INE686C01014,BSE,Unknown,EQ
TIRUSTA,Tirupati Starch & Chemicals Ltd.,INE314D01011,BSE,Unknown,EQ
HEMORGANIC,Hemo Organic Limited,INE422G01015,BSE,Unknown,EQ
JAYSYNTH,JAYSYNTH ORGOCHEM LIMITED,INE263B01022,BSE,Unknown,EQ
AEONXDIGI,Aeonx Digital Technology Limited,INE994D01010,BSE,Unknown,EQ
BANDARAM,BANDARAM PHARMA PACKTECH LIMITED,INE875N01036,BSE,Unknown,EQ
ADLINE,ADLINE CHEM LAB LIMITED,INE276T01018,BSE,Unknown,EQ
BERLDRG,Beryl Drugs Ltd.,INE415H01017,BSE,Unknown,EQ
INDXTRA,IEL LIMITED,INE056E01024,BSE,Unknown,EQ
ISTRNETWK,iStreet Network Limited,INE532B01020,BSE,Unknown,EQ
GAGAN,Gagan Gases Ltd.,INE076D01016,BSE,Unknown,EQ
PARKERAC,Parker Agro Chem Export Ltd.,INE750B01010,BSE,Unknown,EQ
SHUKRAPHAR,Shukra Pharmaceuticals Limited,INE551C01044,BSE,Unknown,EQ
ALUFLUOR,Alufluoride  Ltd.,INE058F01019,BSE,Unknown,EQ
OXYGENTAPH,OXYGENTA PHARMACEUTICAL LIMITED,INE102E01018,BSE,Unknown,EQ
ARCHITORG,Archit Organosys Limited,INE078I01011,BSE,Unknown,EQ
SIKOZY,Sikozy Realtors Limited,INE528E01022,BSE,Unknown,EQ
BIBCL,Bharat Immunologicals & Biologicals,INE994B01014,BSE,Unknown,EQ
KABSON,Kabsons Industries Ltd.,INE645C01010,BSE,Unknown,EQ
BASANTGL,Basant Agro-Tech (India) Ltd.,INE473E01021,BSE,Unknown,EQ
SANDUPHQ,Sandu Pharmaceuticals Ltd.,INE751D01014,BSE,Unknown,EQ
VISTAPH,Vista Pharmaceuticals Ltd.,INE427C01021,BSE,Unknown,EQ
TITANBIO,Titan Bio-Tech Ltd.,INE150C01011,BSE,Unknown,EQ
BIJHANS,Bijoy Hans Ltd,INE491D01017,BSE,Unknown,EQ
SDL,Span Divergent Limited,INE004E01016,BSE,Unknown,EQ
JENBURPH,Jenburkt Pharmaceuticals Ltd.,INE354A01013,BSE,Unknown,EQ
LINKPH,Link Pharma Chem Ltd.,INE302F01011,BSE,Unknown,EQ
DECIPHER,DECIPHER LABS LIMITED,INE643N01012,BSE,Unknown,EQ
EMMESSA,Emmessar Biotech & Nutrition Ltd.,INE634B01016,BSE,Unknown,EQ
PHYTO,Phyto Chem (India) Ltd.,INE037C01010,BSE,Unknown,EQ
DYNAMIND,Dynamic Industries Ltd.,INE457C01010,BSE,Unknown,EQ
BDH,BDH Industries Ltd.,INE278D01018,BSE,Unknown,EQ
JAUSPOL,Jauss Polymers Ltd,INE593O01017,BSE,Unknown,EQ
PROCAL,Procal Electronics India Ltd,INE700B01015,BSE,Unknown,EQ
GLOBUSCON,Globus Constructors & Developers Limited,INE064L01015,BSE,Unknown,EQ
POLYCHMP,Polymechplast Machines Ltd.,INE809B01014,BSE,Unknown,EQ
STELLANT,STELLANT SECURITIES (INDIA) LIMITED,INE395F01023,BSE,Unknown,EQ
GALXBRG,Galaxy Bearings Ltd.,INE020S01012,BSE,Unknown,EQ
SCAGRO,SC Agrotech Limited,INE895E01017,BSE,Unknown,EQ
RALEGRA,Ravileela Granites Limited,INE427E01027,BSE,Unknown,EQ
UNRYLMA,Uniroyal Marine Exports Ltd.,INE602H01010,BSE,Unknown,EQ
KARANWO,Karan Woo-sin ltd.,INE327D01013,BSE,Unknown,EQ
SHERVANI,Shervani Industrial syndicate Ltd,INE011D01013,BSE,Unknown,EQ
BNAGROCHEM,BN AGROCHEM LIMITED,INE00HZ01011,BSE,Unknown,EQ
SUPERTEX,Supertex Industries Ltd,INE881B01054,BSE,Unknown,EQ
SHETR,Shetron Ltd.,INE278C01010,BSE,Unknown,EQ
TRABI,Transgene Biotek Ltd.,INE773D01018,BSE,Unknown,EQ
NIKHILAD,Nikhil Adhesives Ltd.,INE926C01022,BSE,Unknown,EQ
SPENTA,Spenta International Ltd.,INE175C01018,BSE,Unknown,EQ
MULTIBASE,Multibase India Ltd,INE678F01014,BSE,Unknown,EQ
LUDLOWJUT,Ludlow Jute & Specialities Ltd,INE983C01015,BSE,Unknown,EQ
ASHRAM,Ashram Online.com Ltd,INE293C01019,BSE,Unknown,EQ
ROYALCU,Royal Cushion Vinyl Products Ltd.,INE618A01011,BSE,Unknown,EQ
NOGMIND,Neogem India Limited,INE552E01014,BSE,Unknown,EQ
SURJIND,Suraj Industries Limited.,INE170U01011,BSE,Unknown,EQ
BLOOM,Bloom Dekor Ltd.,INE253C01013,BSE,Unknown,EQ
STDSFAC,Standard Surfactants Ltd.,INE307D01015,BSE,Unknown,EQ
MORGAN,Morgan Ventures Ltd.,INE902C01015,BSE,Unknown,EQ
AMRAPLIN,Amrapali Industries Ltd,INE762C01021,BSE,Unknown,EQ
MIDEASTP,Mid East Portfolio Management Ltd.,INE033E01015,BSE,Unknown,EQ
CRSTCHM,Crestchem Ltd.,INE293N01016,BSE,Unknown,EQ
DIVSHKT,DIVYASHAKTI LIMITED,INE410G01010,BSE,Unknown,EQ
ADVMULT,Advance Multitech Ltd.,INE875S01019,BSE,Unknown,EQ
PANJON,Panjon Ltd.,INE744D01019,BSE,Unknown,EQ
NIRBHAYIND,Nirbhay Colours India Limited,INE218T01010,BSE,Unknown,EQ
DUROPACK,Duropack Ltd,INE138B01018,BSE,Unknown,EQ
SWARNSAR,SWARNSARITA JEWELS INDIA LIMITED,INE967A01012,BSE,Unknown,EQ
CINDHO,Cindrella Hotels Ltd.,INE908C01012,BSE,Unknown,EQ
HAMPTON,HAMPTON SKY REALTY LIMITED,INE299D01022,BSE,Unknown,EQ
KKALPANAIND,Kkalpana Industries (India) Ltd,INE301C01028,BSE,Unknown,EQ
OKPLA,OK Play India Ltd.,INE870B01024,BSE,Unknown,EQ
WELTI,Welterman International Ltd.,INE662D01013,BSE,Unknown,EQ
ASMTEC,ASM Technologies Ltd.,INE867C01010,BSE,Unknown,EQ
PERFEPA,Perfectpac Limited,INE759I01024,BSE,Unknown,EQ
AMBIT,Ambitious Plastomac Ltd.,INE267C01013,BSE,Unknown,EQ
VISIONCINE,Vision Cinemas Limited,INE515B01025,BSE,Unknown,EQ
AEIM,Artificial Electronics Intelligent Material Limited,INE072B01027,BSE,Unknown,EQ
INDRANIB,Indrayani Biotech Ltd.,INE007C01021,BSE,Unknown,EQ
EUROLED,Euro Leder Fashion Ltd.,INE940E01011,BSE,Unknown,EQ
WINSOMBR,Winsome Breweries Ltd.,INE391C01011,BSE,Unknown,EQ
ELEFLOR,Elegant Floriculture & Agrotech (In,INE152E01013,BSE,Unknown,EQ
SAENTER,South Asian Enteprises Ltd.,INE118B01010,BSE,Unknown,EQ
SKYIND,Sky Industries Ltd,INE765B01018,BSE,Unknown,EQ
BHUDEVI,BHUDEVI INFRA PROJECTS LIMITED,INE432N01010,BSE,Unknown,EQ
PRATIK,Pratik Panels Ltd.,INE206C01029,BSE,Unknown,EQ
RISHIROOP,Rishiroop Limited,INE582D01013,BSE,Unknown,EQ
PROMACT,PROMACT IMPEX LIMITED,INE818D01011,BSE,Unknown,EQ
DOLPHMED,Dolphin Medical Services Ltd.,INE796B01013,BSE,Unknown,EQ
SYSTMTXC,Systematix Corporate Services Ltd.,INE356B01024,BSE,Unknown,EQ
SHAHISHIP,Shahi Shipping Limited,INE825D01016,BSE,Unknown,EQ
ALPINEHOU,Alpine Housing Development Corporat,INE840D01015,BSE,Unknown,EQ
WWALUM,WORLDWIDE ALUMINIUM LIMITED,INE550D01010,BSE,Unknown,EQ
IIRM,IIRM HOLDINGS INDIA LIMITED,INE670C01026,BSE,Unknown,EQ
SFPIL,Square Four Projects India Limited,INE716K01020,BSE,Unknown,EQ
CHOKSILA,Choksi Laboratories Ltd.,INE493D01013,BSE,Unknown,EQ
SALGUTI,Salguti Industries Ltd.,INE159C01012,BSE,Unknown,EQ
LONTE,Longview Tea Company ltd.,INE696E01019,BSE,Unknown,EQ
MIDWEST,Midwest Gold Ltd,INE519N01014,BSE,Unknown,EQ
ENTRINT,Enterprise International Limited,INE439G01019,BSE,Unknown,EQ
PHOTOQUP,Photoquip India Ltd.,INE813B01016,BSE,Unknown,EQ
EXPOEAPL,EXPO ENGINEERING AND PROJECTS LIMITED,INE561D01025,BSE,Unknown,EQ
NATPLAS,National Plastic Industries Ltd.,INE233D01013,BSE,Unknown,EQ
MFLINDIA,MFL India Ltd,INE244C01020,BSE,Unknown,EQ
AJWAFUN,Ajwa Fun World & Resorts Ltd,INE863E01015,BSE,Unknown,EQ
TEXELIN,Texel Industries Ltd.,INE594V01028,BSE,Unknown,EQ
RAYALEMA,Royale Manor Hotels & Industries Lt,INE008C01011,BSE,Unknown,EQ
THAKDEV,Thakker's Developers Ltd.,INE403F01017,BSE,Unknown,EQ
TIRTPLS,Tirth Plastic Ltd.,INE008N01018,BSE,Unknown,EQ
POLOHOT,Polo Hotels Ltd.,INE084C01012,BSE,Unknown,EQ
ECOPLAST,Ecoplast Ltd.,INE423D01010,BSE,Unknown,EQ
ELEMARB,Elegant Marbles & Grani Industries,INE095B01010,BSE,Unknown,EQ
BITS,BITS Ltd,INE839A01021,BSE,Unknown,EQ
ADARSHPL,Adarsh Plant Project Ltd.,INE627D01016,BSE,Unknown,EQ
HPBL,HCP PLASTENE BULKPACK LIMITED,INE136C01044,BSE,Unknown,EQ
NICCOPAR,Nicco Parks And Resorts Ltd.,INE653C01022,BSE,Unknown,EQ
NTCIND,NTC INDUSTRIES LIMITED,INE920C01017,BSE,Unknown,EQ
GARNET,Garnet Construction Ltd.,INE797D01017,BSE,Unknown,EQ
BRIGHTBR,Bright Brothers Ltd.,INE630D01010,BSE,Unknown,EQ
PGFOILQ,P.G.Foils Ltd.,INE078D01012,BSE,Unknown,EQ
GRATEXI,Gratex Industries Ltd.,INE915E01013,BSE,Unknown,EQ
VELHO,Velan Hotels Ltd.,INE548D01014,BSE,Unknown,EQ
HOWARHO,Howard Hotels Limited,INE931B01016,BSE,Unknown,EQ
VALIANT,Valiant Communications Ltd.,INE760B01019,BSE,Unknown,EQ
DRAGARWQ,Dr.Agarwals Eye Hospital Ltd.,INE934C01018,BSE,Unknown,EQ
MHSGRMS,Mahasagar Travels Ltd.,INE007G01014,BSE,Unknown,EQ
UNQTYMI,Union Quality Plastics Ltd.,INE338N01019,BSE,Unknown,EQ
RAGHUNAT,Raghunath International Ltd.,INE753B01014,BSE,Unknown,EQ
DAICHI,Dai-Ichi Karkaria Ltd.,INE928C01010,BSE,Unknown,EQ
RAJINFRA,Rajeswari Infrastructure Limited,INE016C01014,BSE,Unknown,EQ
SPICEISLIN,SPICE ISLANDS INDUSTRIES LIMITED,INE882D01017,BSE,Unknown,EQ
SIPL,Shelter Infra Projects Limited,INE413C01013,BSE,Unknown,EQ
SHAKTIPR,Shakti Press Ltd.,INE794C01016,BSE,Unknown,EQ
ASHSI,Ashirwad Steels & Industries  Ltd.,INE338C01012,BSE,Unknown,EQ
BI,Bilcare Ltd.,INE986A01012,BSE,Unknown,EQ
ISFL,ISF LIMITED,INE973B01026,BSE,Unknown,EQ
RISHILASE,Rishi Laser  Ltd.,INE988D01012,BSE,Unknown,EQ
JAINCO,Jainco Projects (India) Ltd.,INE966C01010,BSE,Unknown,EQ
KUMPFIN,Kumbhat Financial Services Ltd.,INE795E01019,BSE,Unknown,EQ
INTECCAP,Intec Capital Limited,INE017E01018,BSE,Unknown,EQ
RAJGASES,Rajasthan Gases Ltd.,INE184D01026,BSE,Unknown,EQ
SIDDHEGA,Siddheswari Garments Ltd.,INE797C01019,BSE,Unknown,EQ
SHIKHAR,Shikhar Consultants Ltd.,INE641B01011,BSE,Unknown,EQ
HFIL,HIMALAYA FOOD INTERNATIONAL LIMITED,INE552B01010,BSE,Unknown,EQ
SONALAD,Sonal Adhesives Ltd.,INE344I01017,BSE,Unknown,EQ
PADMAIND,Padmanabh Industries Limited,INE743D01011,BSE,Unknown,EQ
HRYNSHP,Hariyana Ship Breakers Ltd.,INE400G01011,BSE,Unknown,EQ
ARUNIS,ARUNIS ABODE LIMITED,INE377D01018,BSE,Unknown,EQ
VAICC,Vaishno Cement Co. Ltd.,INE116E01018,BSE,Unknown,EQ
TYROON,Tyroon Tea Co. Ltd.,INE945B01016,BSE,Unknown,EQ
WOODSVILA,Woodsvilla Limited,INE374J01020,BSE,Unknown,EQ
LASTMILE,LAST MILE ENTERPRISES LIMITED,INE404B01022,BSE,Unknown,EQ
GUJCRAFT,Gujarat Craft Industries Ltd.,INE372D01019,BSE,Unknown,EQ
HEERAISP,Heera Ispat Ltd.,INE025D01013,BSE,Unknown,EQ
DHOOTIN,Dhoot Industrial Finance Ltd.,INE313G01016,BSE,Unknown,EQ
CRIMSON,Crimson Metal Engineering Company Ltd,INE318P01016,BSE,Unknown,EQ
SHBAJRG,SHRI BAJRANG ALLIANCE LIMITED,INE402H01015,BSE,Unknown,EQ
SAMYAKINT,Samyak International Limited,INE607G01011,BSE,Unknown,EQ
AADIIND,Aadi Industries Ltd,INE563D01013,BSE,Unknown,EQ
SANTOSHF,Santosh Fine-Fab Ltd.,INE612D01018,BSE,Unknown,EQ
SPARKLEGR,SPARKLE GOLD ROCK LIMITED,INE618F01010,BSE,Unknown,EQ
ACKNIT,Acknit Industries Ltd,INE326C01017,BSE,Unknown,EQ
TITANSEC,Titan Securities Ltd.,INE090D01017,BSE,Unknown,EQ
HRMNYCP,Harmony Capital Services Ltd.,INE264N01017,BSE,Unknown,EQ
VIVANZA,Vivanza Biosciences Limited,INE984E01035,BSE,Unknown,EQ
YASHRAJC,Yashraj Containeurs Ltd.,INE095C01018,BSE,Unknown,EQ
LORDSHOTL,Lords Ishwar Hotels Limited,INE689J01013,BSE,Unknown,EQ
ACEEDU,ACE EDUTREND LIMITED,INE715F01014,BSE,Unknown,EQ
PRADHIN,PRADHIN LIMITED,INE656B01027,BSE,Unknown,EQ
ANUPAM,ANUPAM FINSERV LIMITED,INE069B01023,BSE,Unknown,EQ
RAJPACK,Raj Packaging Industries Ltd.,INE639C01013,BSE,Unknown,EQ
NATRAJPR,Natraj Proteins Ltd.,INE444D01016,BSE,Unknown,EQ
SAMRATPH,Samrat Pharmachem Ltd.,INE103E01016,BSE,Unknown,EQ
NPRFIN,NPR Finance Ltd.,INE446D01011,BSE,Unknown,EQ
NILE,Nile Ltd.,INE445D01013,BSE,Unknown,EQ
AMCOIND,Amco India Ltd.,INE924B01011,BSE,Unknown,EQ
GYANDEV,Gyan Developers & Builders Ltd.,INE487G01018,BSE,Unknown,EQ
KISAN,Kisan Mouldings Ltd.,INE017C01012,BSE,Unknown,EQ
VIJAYTX,Vijay Textiles Ltd.,INE256G01033,BSE,Unknown,EQ
GARODCH,Garodia Chemicals Ltd.,INE236P01010,BSE,Unknown,EQ
KERALAYUR,Kerala Ayurveda Limited,INE817B01025,BSE,Unknown,EQ
MONGIPA,Moongipa Capital Finance Ltd.,INE153K01018,BSE,Unknown,EQ
DAULAT,Daulat Securities Ltd.,INE108C01019,BSE,Unknown,EQ
OSCARGLO,Oscar Global Ltd,INE473F01010,BSE,Unknown,EQ
ODYSSEY,Odyssey Technologies Ltd.,INE213B01019,BSE,Unknown,EQ
VKGLOBAL,VK Global Industries Limited,INE758B01013,BSE,Unknown,EQ
RSCINT,RSC International Limited,INE015F01019,BSE,Unknown,EQ
SURATRAML,Surat Trade and Mercantile Limited,INE936A01025,BSE,Unknown,EQ
ATHARVENT,Atharv Enterprises Limited,INE354E01031,BSE,Unknown,EQ
FUNDVISER,FUNDVISER CAPITAL (INDIA) LIMITED,INE365H01014,BSE,Unknown,EQ
KALLAM,KALLAM TEXTILES LTD,INE629F01025,BSE,Unknown,EQ
BRAWN,Brawn Biotech Limited,INE899B01015,BSE,Unknown,EQ
FORINTL,Fortune International Ltd.,INE501D01013,BSE,Unknown,EQ
KINGSINFR,Kings Infra Ventures Limited,INE050N01010,BSE,Unknown,EQ
SWOJAS,SWOJAS FOODS LIMITED,INE295B01016,BSE,Unknown,EQ
NUTRICIRCLE,Nutricircle Limited,INE536C01029,BSE,Unknown,EQ
SUBSM,Subhash Silk Mills Ltd.,INE690D01014,BSE,Unknown,EQ
AUROLAB,Auro Laboratories Ltd.,INE292C01011,BSE,Unknown,EQ
KJMCFIN,KJMC Financial Services Ltd.,INE533C01018,BSE,Unknown,EQ
ARYAMAN,Aryaman Financial Services Ltd.,INE032E01017,BSE,Unknown,EQ
BRIDGESE,Bridge Securities Ltd.,INE958C01025,BSE,Unknown,EQ
RISAINTL,Risa International Limited,INE001O01029,BSE,Unknown,EQ
RAJTUBE,Rajasthan Tube Mfg. Co,INE497E01020,BSE,Unknown,EQ
KAYPOWR,Kay Power And Paper Ltd,INE961B01013,BSE,Unknown,EQ
INTSTOIL,Inter State Oil Carrier Ltd,INE003B01014,BSE,Unknown,EQ
GLOBALCA,Global Capital Markets Ltd.,INE062C01042,BSE,Unknown,EQ
SAINIK,Sainik Finance and Industries Ltd,INE584B01013,BSE,Unknown,EQ
ARIGATO,ARIGATO UNIVERSE LIMITED,INE021N01011,BSE,Unknown,EQ
RICHUNV,Rich Universe Network Ltd,INE652D01014,BSE,Unknown,EQ
QUANTDIA,Quantum Digital Vision (India) Ltd.,INE373C01019,BSE,Unknown,EQ
SPCAPIT,S.P.Capital Financing Ltd.,INE102F01015,BSE,Unknown,EQ
PAOS,PAOS INDUSTRIES LIMITED,INE791C01012,BSE,Unknown,EQ
SHRAJOI,Shri Rajivlochan Oil Extraction Ltd,INE418K01015,BSE,Unknown,EQ
CHANDRAP,Chandra Prabhu International Ltd.,INE368D01025,BSE,Unknown,EQ
KIMIABL,KIMIA BIOSCIENCES LIMITED,INE285U01025,BSE,Unknown,EQ
HINDTIN,Hindustan Tin Works Ltd.,INE428D01019,BSE,Unknown,EQ
GODAVARI,Godavari Drugs Ltd.,INE362C01012,BSE,Unknown,EQ
MUKESHB,Mukesh Babu Financial Services Ltd.,INE596B01017,BSE,Unknown,EQ
KBSINDIA,KBS INDIA LIMITED,INE883D01023,BSE,Unknown,EQ
PRABHHANS,PRABHHANS INDUSTRIES LIMITED,INE428P01013,BSE,Unknown,EQ
VAMSHIRU,Vamshi Rubber Ltd.,INE380C01014,BSE,Unknown,EQ
VINYOFL,Vinyoflex Ltd.,INE526H01011,BSE,Unknown,EQ
JINDCAP,Jindal Capital Ltd.,INE356F01017,BSE,Unknown,EQ
EPIC,EPIC Energy Ltd.,INE932F01015,BSE,Unknown,EQ
SUMEDHA,Sumedha Fiscal Services Ltd.,INE886B01012,BSE,Unknown,EQ
KUWERIN,Kuwer Industries Ltd.,INE430F01010,BSE,Unknown,EQ
CHOKSI,CHOKSI ASIA LIMITED,INE865B01016,BSE,Unknown,EQ
ASHISHPO,Ashish Polyplast Ltd.,INE831C01016,BSE,Unknown,EQ
SHIVAAGRO,Shiva Global Agro Industries Limited,INE960E01019,BSE,Unknown,EQ
SIDDHA,Siddha Ventures Limited,INE140C01012,BSE,Unknown,EQ
SUMERUIND,Sumeru Industries Ltd.,INE764B01029,BSE,Unknown,EQ
RUNGTAIR,Rungta Irrigation Ltd.,INE347C01013,BSE,Unknown,EQ
GTTDATA,GTT DATA SOLUTIONS LIMITED,INE959B01017,BSE,Unknown,EQ
VALSONQ,Valson Industries Ltd.,INE808A01018,BSE,Unknown,EQ
SABOOSOD,Saboo Sodium Chloro Ltd.,INE440C01016,BSE,Unknown,EQ
GSLSEC,GSL Securities Ltd.,INE721D01017,BSE,Unknown,EQ
VIKRAMTH,Vikram Thermo (India) Ltd.,INE337E01010,BSE,Unknown,EQ
STRATMONT,STRATMONT INDUSTRIES LIMITED,INE473C01025,BSE,Unknown,EQ
AKCAPIT,A.K.Capital Services Ltd.,INE701G01012,BSE,Unknown,EQ
VIRAT,Virat Industries Ltd.,INE467D01017,BSE,Unknown,EQ
TERAI,Terai Tea Co. Ltd.,INE390D01011,BSE,Unknown,EQ
MANRAJH,Manraj Housing Finance Ltd.,INE948I01015,BSE,Unknown,EQ
COSCO,Cosco (India) ltd.,INE949B01018,BSE,Unknown,EQ
KENFIN,Ken Financial Services Ltd.,INE395E01018,BSE,Unknown,EQ
EXPLICITFIN,Explicit Finance Limited,INE335G01019,BSE,Unknown,EQ
LADDERUP,Ladderup Finance Ltd.,INE519D01015,BSE,Unknown,EQ
EKAMLEA,Ekam Leasing & Finance Co. Ltd.,INE906L01025,BSE,Unknown,EQ
SWASTIKA,Swastika Investmart Ltd,INE691C01022,BSE,Unknown,EQ
PRIMAPLA,Prima Plastics Ltd.,INE573B01016,BSE,Unknown,EQ
TELECANOR,TeleCanor Global Limited,INE381G01013,BSE,Unknown,EQ
JAGSONSER,JAGSONPAL SERVICES LIMITED,INE582C01015,BSE,Unknown,EQ
CARNATIN,Carnation Industries Ltd.,INE081B01028,BSE,Unknown,EQ
STURDY,Sturdy Industries Ltd.,INE134F01026,BSE,Unknown,EQ
GARGFUR,Garg Furnace Ltd.,INE194E01015,BSE,Unknown,EQ
AAIL,Akar Auto Industries Limited,INE864E01021,BSE,Unknown,EQ
VIPULORG,Vipul Organics Limited,INE834D01018,BSE,Unknown,EQ
GOYALASS,Goyal Associates Ltd.,INE912B01032,BSE,Unknown,EQ
ZENITHHE,Zenith Health Care Ltd.,INE812B01026,BSE,Unknown,EQ
ACEENGITEC,ACE ENGITECH LIMITED,INE035401020,BSE,Unknown,EQ
YORKEXP,York Exports Ltd.,INE057Q01018,BSE,Unknown,EQ
PITHP,Pithampur Poly Products Ltd.,INE747D01012,BSE,Unknown,EQ
LYKISLTD,Lykis Limited,INE624M01014,BSE,Unknown,EQ
PRIMEPRO,Prime Property Development Corporation Ltd.,INE233C01023,BSE,Unknown,EQ
ZENLABS,Zenlabs Ethica Limited,INE546F01013,BSE,Unknown,EQ
ANIRIT,ANIRIT VENTURES LIMITED,INE161F01011,BSE,Unknown,EQ
GOWRALE,Gowra Leasing & Finance Ltd.,INE225G01012,BSE,Unknown,EQ
JAGANLAM,Jagan Lamps Ltd.,INE144C01014,BSE,Unknown,EQ
ASITCFIN,Asit C Mehta Financial Services Limited,INE041B01014,BSE,Unknown,EQ
ENCODE,ENCODE PACKAGING INDIA LIMITED,INE900O01014,BSE,Unknown,EQ
SUPERBAK,Super Bakers (India) Ltd.,INE897A01011,BSE,Unknown,EQ
OVOBELE,Ovobel Foods Ltd.,INE812S01012,BSE,Unknown,EQ
ACSTECH,ACS TECHNOLOGIES LIMITED,INE366C01021,BSE,Unknown,EQ
CHALLANI,CHALLANI CAPITAL LIMITED,INE807A01010,BSE,Unknown,EQ
CORNE,Coral Newsprints Ltd.,INE715D01019,BSE,Unknown,EQ
SHENTRA,Shentracon Chemicals Ltd.,INE0OUS01011,BSE,Unknown,EQ
AGARWAL,AGARWAL FORTUNE INDIA LIMITED,INE510B01018,BSE,Unknown,EQ
KLGCAP,KLG Capital Services Ltd.,INE929C01018,BSE,Unknown,EQ
DYNAMICP,Dynamic Protfolio Management & Serv,INE118C01018,BSE,Unknown,EQ
INLANPR,Inland Printers Ltd.,INE055O01033,BSE,Unknown,EQ
CEEJAY,Ceejay Finance Limited,INE358C01010,BSE,Unknown,EQ
SUNCITYSY,Suncity Synthetics Ltd.,INE584D01019,BSE,Unknown,EQ
SHGANEL,Shree Ganesh Elastoplast Ltd,INE400N01017,BSE,Unknown,EQ
ANNAINFRA,Anna Infrastructures Ltd,INE336D01014,BSE,Unknown,EQ
OIVL,ONESOURCE INDUSTRIES AND VENTURES LIMITED,INE125F01032,BSE,Unknown,EQ
BNRUDY,BNR Udyog Ltd.,INE355C01016,BSE,Unknown,EQ
SSPDL,SSPDL Limited,INE838C01011,BSE,Unknown,EQ
DAIKAFFI,Daikaffil Chemicals India Ltd.,INE789B01018,BSE,Unknown,EQ
CILSEC,Cil Securities Ltd.,INE830A01012,BSE,Unknown,EQ
CLIOINFO,Clio Infotech Ltd.,INE011B01017,BSE,Unknown,EQ
SUNSHIEL,Sunshield Chemicals Ltd.,INE199E01014,BSE,Unknown,EQ
HIPOLIN,Hipolin Ltd.,INE963A01011,BSE,Unknown,EQ
GDLLEAS,GDL Leasing & Finance ltd.,INE545E01018,BSE,Unknown,EQ
ABVL,Arunjyoti Bio Ventures Limited,INE485K01022,BSE,Unknown,EQ
SUCROSA,Super Crop Safe Ltd.,INE366G01022,BSE,Unknown,EQ
NGIND,N.G.Industries Ltd.,INE825C01018,BSE,Unknown,EQ
ASIAPAK,Asia Pack Ltd.,INE784M01016,BSE,Unknown,EQ
SICAPIT,S.I.Capital And Financial Services,INE417F01017,BSE,Unknown,EQ
ERPSOFT,ERP Soft Systems Ltd.,INE308B01017,BSE,Unknown,EQ
RRSECUR,R.R.Securities Ltd.,INE474H01014,BSE,Unknown,EQ
INTETHR,Integrated Thermoplastics Ltd.,INE038N01015,BSE,Unknown,EQ
RAMSONS,Ramsons Projects Ltd.,INE609D01014,BSE,Unknown,EQ
HARAFIN,Haryana Financial Corporation ltd.,INE737G01016,BSE,Unknown,EQ
RRPDEFENSE,RRP DEFENSE LIMITED,INE535P01015,BSE,Unknown,EQ
STANPACK,Stanpacks (India) Ltd.,INE457D01018,BSE,Unknown,EQ
RAMINFO,RAMINFO LIMITED,INE357B01022,BSE,Unknown,EQ
SUNILAGR,Sunil Agro Foods ltd.,INE224D01012,BSE,Unknown,EQ
DIANATEA,Diana Tea Co.Ltd.,INE012E01035,BSE,Unknown,EQ
ALFAICA,Alfa Ica (India) Ltd,INE042C01010,BSE,Unknown,EQ
SKCIL,Shri Keshav Cements and Infra Limited,INE260E01014,BSE,Unknown,EQ
INDIAHOME,India Home Loan Limited,INE274E01015,BSE,Unknown,EQ
JPTSEC,JPT Securities Ltd.,INE630C01012,BSE,Unknown,EQ
ROOPAIND,Roopa Industries Ltd.,INE443C01010,BSE,Unknown,EQ
SARTHAKGL,Sarthak Global Ltd.,INE075H01019,BSE,Unknown,EQ
UNIQUEO,Unique Organics Ltd.,INE333E01019,BSE,Unknown,EQ
SWRNASE,Swarna Securities Ltd.,INE595G01018,BSE,Unknown,EQ
VENMAX,Venmax Drugs And Pharmaceuticals Ltd,INE154G01022,BSE,Unknown,EQ
ARISE,Arihants Securities ltd.,INE190D01015,BSE,Unknown,EQ
VISAGAR,Visagar Financial Services Ltd,INE309H01038,BSE,Unknown,EQ
LIBORD,Libord Securities Ltd.,INE267E01019,BSE,Unknown,EQ
BHATEXT,Bharat Textiles & Proofing Industri,INE201N01019,BSE,Unknown,EQ
EBIX,ERAAYA LIFESPACES LIMITED,INE432F01032,BSE,Unknown,EQ
COMPEAU,Competent Automobiles Co. Ltd.,INE823B01015,BSE,Unknown,EQ
ZDHJERK,Dhanvantri Jeevan Rekha Ltd.,INE239F01015,BSE,Unknown,EQ
NEELKAN,Neelkanth Rockminerals ltd.,INE741D01015,BSE,Unknown,EQ
VINTAGES,Vintage Securities Ltd.,INE153C01015,BSE,Unknown,EQ
OSWALOR,Oswal Overseas Ltd,INE906K01027,BSE,Unknown,EQ
CONTILI,Contil India Limited,INE080G01029,BSE,Unknown,EQ
VIJSOLX,Vijay Solvex Ltd.,INE362D01010,BSE,Unknown,EQ
SHRIKRISH,Shri Krishna Devcon Limited,INE997I01012,BSE,Unknown,EQ
NIHARINF,Nihar Info Global Ltd.,INE876E01033,BSE,Unknown,EQ
UNITDCR,United Credit ltd.,INE858C01027,BSE,Unknown,EQ
CHECKPOINT,Checkpoint Trends Limited,INE396H01019,BSE,Unknown,EQ
GOTHIPL,Gothi Plascon (India) Ltd.,INE538G01018,BSE,Unknown,EQ
CEENIK,Ceenik Exports (india) Ltd.,INE418D01010,BSE,Unknown,EQ
KATIPATANG,KATI PATANG LIFESTYLE LIMITED,INE237C01016,BSE,Unknown,EQ
MENAMANI,MENA MANI INDUSTRIES LIMITED,INE148B01033,BSE,Unknown,EQ
INANI,Inani Marbles & Industries Ltd.,INE635D01027,BSE,Unknown,EQ
GEMSI,Gemstone Investments Ltd.,INE503D01027,BSE,Unknown,EQ
ELFORGE,El Forge Ltd.,INE158F01017,BSE,Unknown,EQ
DILIGENT,Diligent Industries Limited,INE650C01036,BSE,Unknown,EQ
EPSOMPRO,Epsom Properties Limited,INE601F01016,BSE,Unknown,EQ
ALFAVIO,Alfavision Overseas (India) Ltd.,INE883B01027,BSE,Unknown,EQ
ORGCOAT,Organic Coatings Ltd.,INE412E01011,BSE,Unknown,EQ
CATVISION,Catvision Limited,INE660B01011,BSE,Unknown,EQ
ABMKNO,ABM Knowledgeware Ltd.,INE850B01026,BSE,Unknown,EQ
KEMISTAR,Kemistar Corporation Limited,INE971L01029,BSE,Unknown,EQ
LADIAMO,Laser Diamonds Ltd.,INE995E01015,BSE,Unknown,EQ
ASSOCER,Associated Ceramics Ltd.,INE771E01010,BSE,Unknown,EQ
SKPSEC,SKP Securities Ltd.,INE709B01016,BSE,Unknown,EQ
SYSCHEM,Syschem (India) Ltd.,INE121D01036,BSE,Unknown,EQ
MEFCOMCAP,Mefcom Capital Markets Ltd.,INE186C01023,BSE,Unknown,EQ
HEMANG,Hemang Resources Limited,INE930A01010,BSE,Unknown,EQ
TAVERNIER,Tavernier Resources Limited,INE355H01015,BSE,Unknown,EQ
FILTRON,Filtron Engineers Ltd.,INE589N01017,BSE,Unknown,EQ
GLANCE,Glance Finance Ltd.,INE580D01017,BSE,Unknown,EQ
SHILCTECH,Shilchar Technologies Ltd.,INE024F01011,BSE,Unknown,EQ
TRADEWELL,TRADEWELL HOLDINGS LIMITED,INE819G01012,BSE,Unknown,EQ
SPRIGHT,SPRIGHT AGRO LIMITED,INE179O01031,BSE,Unknown,EQ
COLINZ,Colinz Laboratories ltd.,INE923C01011,BSE,Unknown,EQ
NLFL,Nalin Lease Finance Ltd.,INE606C01012,BSE,Unknown,EQ
RTSPOWR,RTS Power Corporation Ltd.,INE005C01017,BSE,Unknown,EQ
COMFINTE,Comfort Intech Ltd,INE819A01049,BSE,Unknown,EQ
SHYAMACOMP,Shyama Computronics and Services Limited,INE861E01019,BSE,Unknown,EQ
MAYURFL,Mayur Floorings Ltd.,INE262W01012,BSE,Unknown,EQ
ANJANI,Anjani Synthetics Limited,INE364D01032,BSE,Unknown,EQ
DECOMIC,Deco-Mica Ltd.,INE907E01010,BSE,Unknown,EQ
RANDER,Rander Corporation Ltd.,INE821D01031,BSE,Unknown,EQ
RASIELEC,Rasi Electrodes Ltd.,INE822D01021,BSE,Unknown,EQ
SCOOBEEDAY,SCOOBEE DAY GARMENTS (INDIA) LIMITED,INE962E01015,BSE,Unknown,EQ
CITIPOR,Citiport Financial Services Ltd.,INE494D01011,BSE,Unknown,EQ
DHRUVCA,Dhruva Capital Services Ltd.,INE972E01014,BSE,Unknown,EQ
SHAMROIN,Shamrock Industrial Co. Ltd.,INE022F01015,BSE,Unknown,EQ
PRIMAIN,Prima Industries Ltd.,INE723N01012,BSE,Unknown,EQ
INDGELA,India Gelatine & Chemicals Ltd.,INE342D01012,BSE,Unknown,EQ
OPTIFIN,Optimus Finance Limited,INE031G01022,BSE,Unknown,EQ
PARAGONF,Paragon Finance Ltd.,INE015E01012,BSE,Unknown,EQ
PRATIKSH,Pratiksha Chemicals Ltd.,INE530D01012,BSE,Unknown,EQ
ESHAMEDIA,Esha Media Research Limited,INE328F01016,BSE,Unknown,EQ
EQUILATERA,EQUILATERAL ENTERPRISES LIMITED,INE060N01019,BSE,Unknown,EQ
B2BSOFT,B2B Software Technologies Ltd.,INE151B01011,BSE,Unknown,EQ
NIKKIGL,Nikki Global Finance Ltd.,INE526C01012,BSE,Unknown,EQ
RADHEDE,Radhe Developers (India) ltd.,INE986B01044,BSE,Unknown,EQ
KINETRU,Kinetic Trust Ltd.,INE674M01019,BSE,Unknown,EQ
ELIXIR,Elixir Capital Limited,INE785D01012,BSE,Unknown,EQ
TRISHAKT,Trishakti Industries Limited,INE238C01022,BSE,Unknown,EQ
PANKAJPO,Pankaj Polymers Ltd.,INE698B01011,BSE,Unknown,EQ
MARBLE,MARBLE CITY INDIA LIMITED,INE807H01023,BSE,Unknown,EQ
ADHHATA,ADHATA GLOBAL LIMITED,INE586D01014,BSE,Unknown,EQ
NATPLASTI,National Plastic Technologies Ltd,INE896D01017,BSE,Unknown,EQ
LEADFIN,Lead Financial Services  Ltd,INE531D01010,BSE,Unknown,EQ
NATFIT,National Fittings Limited,INE643C01015,BSE,Unknown,EQ
ARTEFACT,Artefact Projects Ltd,INE885B01014,BSE,Unknown,EQ
AMITINT,Amit International Ltd.,INE053D01015,BSE,Unknown,EQ
TUSALDAH,TUSALDAH LIMITED,INE319M01011,BSE,Unknown,EQ
NUTECGLOB,Nutech Global Ltd.,INE960H01012,BSE,Unknown,EQ
DHPIND,DHP India Ltd.,INE590D01016,BSE,Unknown,EQ
RRIL,RRIL LIMITED,INE951M01037,BSE,Unknown,EQ
AVAILFC,Available Finance Ltd.,INE325G01010,BSE,Unknown,EQ
INTCAPL,INTEGRA CAPITAL LIMITED,INE366H01012,BSE,Unknown,EQ
MARUTISE,Maruti Securities Ltd.,INE368C01019,BSE,Unknown,EQ
JAYIND,JAYATMA INDUSTRIES LIMITED,INE250D01017,BSE,Unknown,EQ
ROSELABS,Roselabs Finance Ltd.,INE475C01012,BSE,Unknown,EQ
CHARMS,Charms Industries Ltd,INE442C01012,BSE,Unknown,EQ
VIKALPS,Vikalp Securities Ltd.,INE186E01011,BSE,Unknown,EQ
MILESTONE,Milestone Global Limited,INE151H01018,BSE,Unknown,EQ
BERVINL,Bervin Investments And Leasing Ltd.,INE348I01018,BSE,Unknown,EQ
GUJINV,Gujarat Investa Ltd.,INE373D01017,BSE,Unknown,EQ
PEETISEC,Peeti Securities Ltd.,INE328D01011,BSE,Unknown,EQ
MERCURYEV,MERCURY EV-TECH LIMITED,INE763M01028,BSE,Unknown,EQ
SRAMSET,Shriram Asset Management Co.Ltd.,INE777G01012,BSE,Unknown,EQ
GOLECHA,Golechha Global Finance Ltd.,INE427D01011,BSE,Unknown,EQ
EKANSH,Ekansh Concepts Limited,INE005E01013,BSE,Unknown,EQ
SPAR,SPARC ELECTREX LIMITED,INE960B01015,BSE,Unknown,EQ
CSURGSU,Centenial Surgical Suture Ltd.,INE405H01018,BSE,Unknown,EQ
HASTIFIN,Hasti Finance Ltd.,INE671D01014,BSE,Unknown,EQ
UPSURGE,Upsurge Investment And Finance Ltd.,INE890B01014,BSE,Unknown,EQ
PADAMCO,Padam Cotton Yarns Ltd.,INE448D01025,BSE,Unknown,EQ
WOMENNET,Women Networks Ltd.,INE905B01010,BSE,Unknown,EQ
POLYCON,Polycon International Ltd.,INE262C01014,BSE,Unknown,EQ
SOURCENTRL,Source Natural Foods & Herbal Suppl Ltd,INE679C01027,BSE,Unknown,EQ
GGAUTO,G.G.Automotive Gears Ltd.,INE493B01017,BSE,Unknown,EQ
LWSKNIT,LWS Knitwear Ltd,INE281M01013,BSE,Unknown,EQ
ANSINDUS,ANS Limited,INE234J01018,BSE,Unknown,EQ
ALCHCORP,Alchemist Corporation Ltd,INE057D01016,BSE,Unknown,EQ
TUNITEX,Tuni Textile Mills Ltd.,INE560D01027,BSE,Unknown,EQ
RADIXIND,Radix Industries (India) Limited,INE576N01014,BSE,Unknown,EQ
KIRANPR,Kiran Print-Pack Ltd.,INE516D01011,BSE,Unknown,EQ
NARPROP,Narendra Properties Ltd.,INE603F01012,BSE,Unknown,EQ
MEGACOR,Mega Corporation Ltd,INE804B01023,BSE,Unknown,EQ
SYTIXSE,Systematix Securities Ltd.,INE07P301011,BSE,Unknown,EQ
SUNGOLD,Sungold Capital Ltd.,INE271D01013,BSE,Unknown,EQ
SAFFRON,Saffron Industries Limited,INE474D01013,BSE,Unknown,EQ
PWASML,Prakash Woollen & Synthetic Mills Ltd,INE523I01016,BSE,Unknown,EQ
LYONSCO,Lyons Corporate Market Ltd.,INE100F01019,BSE,Unknown,EQ
VARDHMAN,Vardhman Concrete Limited,INE115C01014,BSE,Unknown,EQ
POLYLINK,Polylink Polymers (india) Ltd.,INE323D01020,BSE,Unknown,EQ
MINAXI,Minaxi Textiles Ltd.,INE952C01028,BSE,Unknown,EQ
BOSTONBIO,Boston Bio Systems Ltd.,INE109B01019,BSE,Unknown,EQ
CONTICON,Continental Controls Ltd.,INE545B01022,BSE,Unknown,EQ
NOUVEAU,Nouveau Global Ventures Limited,INE317B01042,BSE,Unknown,EQ
DUKEOFS,Duke Offshore Ltd.,INE397G01019,BSE,Unknown,EQ
CYBELEIND,Cybele  Industries Limited,INE183D01010,BSE,Unknown,EQ
FILME,Filmcity Media Ltd.,INE600B01033,BSE,Unknown,EQ
CGVAK,Cg-Vak Software & Exports Ltd.,INE084D01010,BSE,Unknown,EQ
NAVKARURB,NAVKAR URBANSTRUCTURE LIMITED,INE268H01044,BSE,Unknown,EQ
OMKAR,Omkar Overseas ltd.,INE680D01015,BSE,Unknown,EQ
SYBLY,Sybly Industries Ltd.,INE080D01042,BSE,Unknown,EQ
ESARIND,Esaar (India) Ltd.,INE404L01039,BSE,Unknown,EQ
MARIS,Maris Spinners Ltd.,INE866D01010,BSE,Unknown,EQ
INDERGR,Indergiri Finance ltd.,INE628F01019,BSE,Unknown,EQ
SKRABUL,Shukra Bullions Limited,INE561E01015,BSE,Unknown,EQ
STEP2COR,Step Two Corporation Ltd.,INE623D01015,BSE,Unknown,EQ
ORIENTTR,Orient Tradelink Ltd.,INE681D01039,BSE,Unknown,EQ
MAHANIN,Mahan Industries Ltd.,INE735D01041,BSE,Unknown,EQ
DESHRAK,Desh Rakshak Aushdhalaya Ltd.,INE971E01016,BSE,Unknown,EQ
ACESOFT,Ace Software Exports ltd.,INE849B01010,BSE,Unknown,EQ
SOFTRAKV,Softrak Venture Investments Ltd.,INE562E01021,BSE,Unknown,EQ
MIZVEN,MIZZEN VENTURES LIMITED,INE681K01026,BSE,Unknown,EQ
RISHDIGA,Rishabh Digha Steel And Allied Prod,INE864D01015,BSE,Unknown,EQ
MAINFRA,Maruti Infrastructure Ltd.,INE392G01028,BSE,Unknown,EQ
KOBO,KOBO BIOTECH LIMITED,INE881A01015,BSE,Unknown,EQ
JHACC,Jhaveri Credits & Capital Ltd.,INE865D01012,BSE,Unknown,EQ
RAGHUTOB,Raghunath Tobacco Co. Ltd.,INE754B01012,BSE,Unknown,EQ
DRL,DISHA RESOURCES LIMITED,INE193D01019,BSE,Unknown,EQ
AMITSEC,Amit Securities Ltd.,INE137E01014,BSE,Unknown,EQ
ASHUTPM,Ashutosh Paper Mills Ltd.,INE723K01018,BSE,Unknown,EQ
SANJIVIN,Sanjivani Paranteral Ltd.,INE860D01013,BSE,Unknown,EQ
RANJITSE,Ranjit Securities Ltd.,INE863D01017,BSE,Unknown,EQ
VASINFRA,Vas Infrastructure  Ltd.,INE192C01013,BSE,Unknown,EQ
KMFBLDR,KMF Builders & Developers Ltd.,INE580H01026,BSE,Unknown,EQ
BERYLSE,Beryl Securities Ltd,INE508J01015,BSE,Unknown,EQ
RAP,RAP CORP LIMITED,INE483D01014,BSE,Unknown,EQ
DEVINE,Devine Impex Limited,INE455C01014,BSE,Unknown,EQ
BAMPSL,Bampsl Securities Ltd.,INE802A01037,BSE,Unknown,EQ
GENPHARMA,GENPHARMASEC LIMITED,INE861N01036,BSE,Unknown,EQ
INCON,Incon Engineers Ltd.,INE507D01010,BSE,Unknown,EQ
MIDPOLY,Midland Polymers Ltd.,INE046M01036,BSE,Unknown,EQ
GOGIACAPGL,GOGIA CAPITAL GROWTH LIMITED,INE832C01014,BSE,Unknown,EQ
GORANIN,Gorani Industries Ltd.,INE792J01015,BSE,Unknown,EQ
KGPETRO,KG Petrochem Ltd.,INE902G01016,BSE,Unknown,EQ
UFMINDL,UFM Industries Ltd,INE832E01010,BSE,Unknown,EQ
MAL,Meyer Apparel Limited,INE100C01024,BSE,Unknown,EQ
STARCOM,Starcom Information Technology Ltd,INE347I01010,BSE,Unknown,EQ
OROSMITHS,Orosil Smiths India Limited,INE628B01034,BSE,Unknown,EQ
TEJASSVI,TEJASSVI AAHARAM LIMITED,INE173E01019,BSE,Unknown,EQ
SILVOAK,Silver Oak (India) Ltd.,INE870J01019,BSE,Unknown,EQ
PRAVEG,PRAVEG LIMITED,INE722B01019,BSE,Unknown,EQ
SICL,Suvidha Infraestate Corporation Limited,INE936N01010,BSE,Unknown,EQ
TOKYOFIN,Tokyo Finance Ltd.,INE546D01018,BSE,Unknown,EQ
BJDUP,B.J.Duplex Boards Ltd.,INE265C01025,BSE,Unknown,EQ
NATGENI,National General Industries Ltd.,INE654H01011,BSE,Unknown,EQ
UVS,UVS HOSPITALITY AND SERVICES LIMITED,INE528C01018,BSE,Unknown,EQ
ABATEAS,ABATE AS INDUSTRIES LIMITED,INE454E01013,BSE,Unknown,EQ
HITTCO,Hittco Tools Ltd.,INE863C01019,BSE,Unknown,EQ
YUVRAAJHPL,YUVRAAJ HYGIENE PRODUCTS LTD,INE139D01020,BSE,Unknown,EQ
RRMETAL,RR METALMAKERS INDIA LIMITED,INE117K01013,BSE,Unknown,EQ
VISIONCO,Vision Corporation Ltd.,INE661D01015,BSE,Unknown,EQ
BISIL,Bisil Plast Limited,INE214D01021,BSE,Unknown,EQ
INANISEC,Inani Securities Ltd.,INE224C01014,BSE,Unknown,EQ
ANKIN,Anka India Ltd.,INE067C01025,BSE,Unknown,EQ
VAGHANI,Vaghani Techno-Build Limited,INE554H01021,BSE,Unknown,EQ
ARISINT,Aris International Limited,INE588E01026,BSE,Unknown,EQ
MAYUR,Mayur Leather Products Ltd.,INE799E01011,BSE,Unknown,EQ
AMERISE,AMERISE BIOSCIENCES LIMITED,INE673C01020,BSE,Unknown,EQ
ADVIKLA,Advik Laboratories Ltd.,INE537C01019,BSE,Unknown,EQ
PRITHVIEXCH,Prithvi Exchange (India) Limited,INE621B01021,BSE,Unknown,EQ
KHYATI,Khyati Multimedia-Entertainment Ltd,INE593B01030,BSE,Unknown,EQ
RAINBOWF,Rainbow Foundations Ltd,INE230F01014,BSE,Unknown,EQ
VSDCONF,VSD Confin ltd.,INE489F01016,BSE,Unknown,EQ
TRICOMFRU,Tricom Fruit Products Limited,INE843F01014,BSE,Unknown,EQ
PANCHSHEEL,Panchsheel Organic Ltd.,INE316G01019,BSE,Unknown,EQ
MENNPIS,Menon Pistons Ltd.,INE650G01029,BSE,Unknown,EQ
PRISMFN,Prism Finance Ltd.,INE429Q01019,BSE,Unknown,EQ
SILICON,Silicon Valley Infotech Ltd.,INE913A01024,BSE,Unknown,EQ
GENNEX,Gennex Laboratories Ltd,INE509C01026,BSE,Unknown,EQ
HIRAUTO,Hira Automobiles Ltd.,INE258Z01013,BSE,Unknown,EQ
GINISILK,Gini Silk Mills Ltd.,INE548B01018,BSE,Unknown,EQ
BIOGEN,BIOGEN PHARMACHEM INDUSTRIES LIMITED,INE703D01023,BSE,Unknown,EQ
GKCONS,G.k.Consultants Ltd.,INE131D01019,BSE,Unknown,EQ
UNJHAFOR,Unjha Formulations Ltd.,INE576D01015,BSE,Unknown,EQ
PFLINFOTC,PFL Infotech Ltd.,INE600F01018,BSE,Unknown,EQ
SHRADDHA,SHRADDHA PRIME PROJECTS LTD,INE311M01018,BSE,Unknown,EQ
CISTRO,Cistro Telelink Ltd.,INE365C01023,BSE,Unknown,EQ
KACHCHH,Kachchh Minerals Ltd.,INE059E01010,BSE,Unknown,EQ
PADALPO,Padmanabh Alloys & Polymers Ltd.,INE630U01014,BSE,Unknown,EQ
KACL,Kaiser Corporation Limited,INE229G01022,BSE,Unknown,EQ
KCLINFRA,KCL Infra Projects Limited,INE469F01026,BSE,Unknown,EQ
SESHACHAL,Seshachal Technologies Ltd,INE331F01028,BSE,Unknown,EQ
SCANPRO,Scan Projects Ltd,INE393D01015,BSE,Unknown,EQ
METALCO,Metal Coatings (India) Ltd.,INE161E01014,BSE,Unknown,EQ
SGNTE,SGN Telecoms Ltd.,INE266C01023,BSE,Unknown,EQ
GANGAPA,Ganga Papers India Ltd,INE278O01015,BSE,Unknown,EQ
TIRSARJ,Tirupati Sarjan Ltd.,INE297J01023,BSE,Unknown,EQ
MUNOTHFI,Munoth Financial Services Ltd.,INE348D01019,BSE,Unknown,EQ
RODIUM,Rodium Realty Limited,INE513E01024,BSE,Unknown,EQ
RCCEMEN,RCC Cements Ltd,INE335N01015,BSE,Unknown,EQ
NAGTECH,Nagarjuna Agritech Ltd.,INE793H01017,BSE,Unknown,EQ
NATHUEC,Natura Hue Chem Ltd.,INE487B01019,BSE,Unknown,EQ
IECEDU,IEC Education Limited,INE172B01017,BSE,Unknown,EQ
INDUSFINL,Indus Finance Limited,INE935D01013,BSE,Unknown,EQ
LAHOTIOV,Lahoti Overseas Ltd.,INE515C01023,BSE,Unknown,EQ
TRINITYLEA,Trinity League India Limited,INE884X01011,BSE,Unknown,EQ
ASTAR,Asian Star Co. Ltd.,INE194D01017,BSE,Unknown,EQ
ORIRAIL,ORIENTAL RAIL INFRASTRUCTURE LIMITED,INE457G01029,BSE,Unknown,EQ
BHARATAGRI,Bharat Agri Fert and Realty Ltd,INE842D01029,BSE,Unknown,EQ
UNITINT,Unitech International Ltd,INE929K01011,BSE,Unknown,EQ
SACHEMT,Sacheta Metals Ltd.,INE433G01020,BSE,Unknown,EQ
ANJANIFIN,Anjani Finance Ltd,INE283D01018,BSE,Unknown,EQ
SVAINDIA,SVA India Ltd,INE763K01014,BSE,Unknown,EQ
TACENT,Tacent Projects Limited,INE149D01011,BSE,Unknown,EQ
IIL,INTEGRATED INDUSTRIES LIMITED,INE882B01037,BSE,Unknown,EQ
SAWACA,SAWACA ENTERPRISES LIMITED,INE248B01023,BSE,Unknown,EQ
CCLINTER,CCL International Ltd,INE778E01031,BSE,Unknown,EQ
GALLOPENT,Gallops Enterprise  Limited,INE755J01012,BSE,Unknown,EQ
CROISSANCE,CROISSANCE LIMITED,INE587J01027,BSE,Unknown,EQ
MADHUVEER,Madhuveer Com 18 Network Limited,INE312M01016,BSE,Unknown,EQ
GALAGEX,Galaxy Agrico Exports Ltd.,INE803L01016,BSE,Unknown,EQ
GOPAIST,Gopal Iron & Steels Co.(Gujarat) Lt,INE641H01018,BSE,Unknown,EQ
HINDAPL,Hindustan Appliances Ltd,INE02XD01011,BSE,Unknown,EQ
SHAQUAK,Shantanu Sheorey Aquakult ltd.,INE545N01019,BSE,Unknown,EQ
GOLCA,Golden Carpets Limited.,INE595D01015,BSE,Unknown,EQ
INNOCORP,Innocorp Limited,INE214B01017,BSE,Unknown,EQ
SARTHAKIND,Sarthak Industries Ltd.,INE074H01012,BSE,Unknown,EQ
SAICAPI,Sai Capital Ltd.,INE531X01018,BSE,Unknown,EQ
LEXORAA,LEXORAA INDUSTRIES LIMITED,INE185D01015,BSE,Unknown,EQ
CHADPAP,Chadha Papers Ltd.,INE669W01018,BSE,Unknown,EQ
VERTEX,Vertex Securities Ltd.,INE316D01024,BSE,Unknown,EQ
RIBATEX,Riba Textiles Ltd.,INE811H01017,BSE,Unknown,EQ
NEWINFRA,Newtime Infrastructure Limited,INE997D01021,BSE,Unknown,EQ
KASHYAP,Kashyap Tele-Medicines Limited,INE108B01029,BSE,Unknown,EQ
IITLPROJ,IITL PROJECTS LIMITED,INE786E01018,BSE,Unknown,EQ
HARIGOV,Hari Govind International Ltd.,INE167F01018,BSE,Unknown,EQ
CHLOGIST,Chartered Logistics Ltd,INE558F01026,BSE,Unknown,EQ
HINDALUMI,HIND ALUMINIUM INDUSTRIES LTD.,INE227B01019,BSE,Unknown,EQ
SENINFO,Senthil Infotek Limited,INE564B01015,BSE,Unknown,EQ
SPECFOOD,Spectrum Foods Limited,INE547C01018,BSE,Unknown,EQ
DECPO,Deccan Polypacks Ltd,INE132E01015,BSE,Unknown,EQ
AMRAAGRI,Amraworld Agrico Ltd.,INE735C01027,BSE,Unknown,EQ
AUTOPINS,Auto Pins (India) Ltd.,INE706C01028,BSE,Unknown,EQ
ODYCORP,Odyssey Corporation Ltd.,INE839E01023,BSE,Unknown,EQ
IKOMA,IKOMA TECHNOLOGIES LIMITED,INE164D01010,BSE,Unknown,EQ
INDCTST,Inducto Steels ltd.,INE146H01018,BSE,Unknown,EQ
SAMINDUS,Sam Industries Ltd.,INE653D01012,BSE,Unknown,EQ
SHVFL,Shree Vatsaa Finance & Leasing Ltd.,INE981C01019,BSE,Unknown,EQ
POOJAENT,VASHU BHAGNANI INDUSTRIES LIMITED,INE147C01017,BSE,Unknown,EQ
GRAVITY,Gravity (India) Ltd.,INE995A01013,BSE,Unknown,EQ
AARCON,AARCON FACILITIES LIMITED,INE056J01015,BSE,Unknown,EQ
ZENOTECH,Zenotech Laboratories Limited,INE486F01012,BSE,Unknown,EQ
HINDBIO,Hindustan Bio Sciences Ltd.,INE597C01021,BSE,Unknown,EQ
FRONTCORP,Frontline Corporation Limited,INE092D01013,BSE,Unknown,EQ
WALLFORT,Wallfort Financial Services Ltd.,INE121B01014,BSE,Unknown,EQ
TRUSTEDGE,Trustedge Capital Limited,INE398H01015,BSE,Unknown,EQ
ABHICAP,Abhinav Capital Services Limited,INE516F01016,BSE,Unknown,EQ
SUMUKA,Sumuka Agro Industries Limited,INE311N01016,BSE,Unknown,EQ
INTERDIGI,Interworld Digital Ltd.,INE177D01020,BSE,Unknown,EQ
MONIND,MONIND LIMITED,INE407E01029,BSE,Unknown,EQ
SHKALYN,Shri Kalyan Holdings Ltd.,INE079N01019,BSE,Unknown,EQ
ATVOENT,Atvo Enterprises Limited,INE219M01021,BSE,Unknown,EQ
EPUJA,EPUJA SPIRITECH LIMITED,INE807D01030,BSE,Unknown,EQ
INDOCITY,Indo-City Infotech Ltd.,INE456B01014,BSE,Unknown,EQ
SBECSUG,SBEC Sugar Ltd.,INE948G01019,BSE,Unknown,EQ
MEGFI,Mega Fin (India) Ltd.,INE524D01015,BSE,Unknown,EQ
BRIJLEAS,Brijlaxmi Leasing & Finance ltd.,INE957E01031,BSE,Unknown,EQ
TRIUMPIN,Triumph International Finance India,INE382B01012,BSE,Unknown,EQ
GTEIT,G-Tech Info-Training Ltd.,INE634D01038,BSE,Unknown,EQ
MOHITE,Mohite Industries Limited,INE154B01023,BSE,Unknown,EQ
HOTLSILV,H.S.India Ltd.,INE731B01010,BSE,Unknown,EQ
JOHNPHARMA,JOHNSON PHARMACARE LIMITED,INE560F01022,BSE,Unknown,EQ
GUJSTATFIN,Gujarat State Financial corporation,INE944A01011,BSE,Unknown,EQ
MINOLTAF,Minolta Finance Ltd.,INE514C01026,BSE,Unknown,EQ
OMKARPH,Omkar Pharmachem Ltd.,INE501C01015,BSE,Unknown,EQ
GAYATRI,Gayatri Sugars Ltd.,INE622E01023,BSE,Unknown,EQ
CMXLTD,CMX HOLDINGS LIMITED,INE027F01014,BSE,Unknown,EQ
BENGALT,Bengal Tea & fabrics Ltd.,INE665D01016,BSE,Unknown,EQ
TCIIND,TCI Industries Ltd.,INE920B01019,BSE,Unknown,EQ
LANDMARC,Landmarc Leisure Corporation Ltd.,INE394C01023,BSE,Unknown,EQ
TCFCFINQ,TCFC Finance Ltd,INE389D01013,BSE,Unknown,EQ
INTEGHIT,Integrated Hi-tech ltd.,INE934A01012,BSE,Unknown,EQ
KJMCCORP,KJMC Corporate Advisors (India) Ltd.,INE602C01011,BSE,Unknown,EQ
GROARC,GROARC INDUSTRIES INDIA LIMITED,INE042B01012,BSE,Unknown,EQ
VAARAD,Vaarad Ventures Ltd,INE418B01048,BSE,Unknown,EQ
SHIVACEM,Shiva Cement Ltd.,INE555C01029,BSE,Unknown,EQ
DANLAW,Danlaw Technologies India Ltd.,INE310B01013,BSE,Unknown,EQ
HBPOR,HB Portfolio Ltd.,INE638B01025,BSE,Unknown,EQ
HBESD,HB Estate Developers Ltd.,INE640B01021,BSE,Unknown,EQ
BARONINF,Baron Infotech Ltd.,INE228B01017,BSE,Unknown,EQ
OMNIAX,Omni Axs Software Ltd.,INE369B01019,BSE,Unknown,EQ
SOFTSOL,SoftSol India Limited.,INE002B01016,BSE,Unknown,EQ
PADMALAYAT,Padmalaya Telefilms Ltd.,INE243B01016,BSE,Unknown,EQ
VIRGOGLOB,Virgo Global Limited,INE400B01020,BSE,Unknown,EQ
HITKITGLO,Hit Kit Global Solutions Ltd,INE309B01023,BSE,Unknown,EQ
NAGPI,Nagpur Power & Industries Ltd,INE099E01016,BSE,Unknown,EQ
WEPSOLN,WEP Solutions Ltd,INE434B01029,BSE,Unknown,EQ
UNIVARTS,Universal Arts Ltd,INE464B01018,BSE,Unknown,EQ
FIRSTFIN,FIRST FINTEC LIMITED,INE683B01047,BSE,Unknown,EQ
BABA,Baba Arts Ltd,INE893A01036,BSE,Unknown,EQ
TYCHE,Tyche Industries Ltd.,INE443B01012,BSE,Unknown,EQ
KONNDOR,KONNDOR INDUSTRIES LIMITED,INE971A01014,BSE,Unknown,EQ
USGTECH,USG Tech Solutions Ltd,INE718B01017,BSE,Unknown,EQ
TRANSCOR,Transcorp International Ltd.,INE330E01023,BSE,Unknown,EQ
GENUSPRIME,GENUS PRIME INFRA LIMITED,INE256D01014,BSE,Unknown,EQ
SANINFRA,Sanmit Infra Limited,INE799C01031,BSE,Unknown,EQ
TSPIRITUAL,T. Spiritual World Ltd.,INE541C01037,BSE,Unknown,EQ
SHALIWIR,Shalimar Wires Industries Ltd.,INE655D01025,BSE,Unknown,EQ
HAZOOR,Hazoor Multi Projects Limited,INE550F01049,BSE,Unknown,EQ
KAMAHOLD,Kama Holdings Limited,INE411F01010,BSE,Unknown,EQ
BLIL,Balmer Lawrie Investments Ltd.,INE525F01025,BSE,Unknown,EQ
RAJPALAYAM,Rajapalayam Mills Limited,INE296E01026,BSE,Unknown,EQ
NAVINFLUOR,Navin Fluorine International Limited,INE048G01026,BSE,Unknown,EQ
BEEYU,Beeyu Overseas Ltd.,INE052B01011,BSE,Unknown,EQ
FACORALL,FACOR Alloys Limited,INE828G01013,BSE,Unknown,EQ
CELLA,CELLA SPACE LIMITED,INE266H01014,BSE,Unknown,EQ
MPDL,MPDL LIMITED,INE493H01014,BSE,Unknown,EQ
PAUSHAKLTD,PAUSHAK LIMITED (formerly known as Darshak Limited),INE111F01024,BSE,Unknown,EQ
INDICAP,Inditrade Capital Limited,INE347H01012,BSE,Unknown,EQ
AICHAMP,AI CHAMPDANY INDUSTRIES LIMITED,INE768E01024,BSE,Unknown,EQ
ELAND,E-Land Apparel Limited,INE311H01018,BSE,Unknown,EQ
JAGJANANI,JAGJANANI TEXTILES LIMITED,INE702H01018,BSE,Unknown,EQ
LEHAR,LEHAR FOOTWEARS LIMITED,INE976H01018,BSE,Unknown,EQ
HARYNACAP,Haryana Capfin Ltd.,INE928H01019,BSE,Unknown,EQ
SSLEL,Sir Shadi Lal Enterprises Ltd,INE117H01019,BSE,Unknown,EQ
VTMLTD,VTM Ltd,INE222F01029,BSE,Unknown,EQ
PARLEIND,PARLE INDUSTRIES LIMITED,INE272G01014,BSE,Unknown,EQ
RATHIBAR,RATHI BARS LIMITED,INE575I01016,BSE,Unknown,EQ
PORWAL,PORWAL AUTO COMPONENTS LIMITED,INE386I01018,BSE,Unknown,EQ
GOKAKTEX,GOKAK TEXTILES LTD.,INE642I01014,BSE,Unknown,EQ
TELOGICA,TELOGICA LIMITED,INE778I01024,BSE,Unknown,EQ
SENSEX1,Kotak Mahindra Mutual Fund,INF174KA1JD7,BSE,Unknown,EQ
CHLLTD,CHL Limited,INE790D01020,BSE,Unknown,EQ
SIMPLXMIL,SIMPLEX MILLS COMPANY LIMITED,INE457H01027,BSE,Unknown,EQ
SIMPLXPAP,SIMPLEX PAPERS LTD.,INE456H01029,BSE,Unknown,EQ
VEDAVAAG,VEDAVAAG Systems Limited,INE359B01010,BSE,Unknown,EQ
BENGALASM,Bengal & Assam Company Limited,INE083K01017,BSE,Unknown,EQ
PEIL,Premier Energy and Infrastructure  Limited,INE429K01012,BSE,Unknown,EQ
SURYAAMBA,Suryaamba Spinning Mills Limited,INE360J01011,BSE,Unknown,EQ
BTTL,Bhilwara Technical Textiles Limited,INE274K01012,BSE,Unknown,EQ
SPSL,Shree Precoated Steels Limited,INE318K01025,BSE,Unknown,EQ
YUNIKM,Yunik Managing Advisors Limited,INE143K01019,BSE,Unknown,EQ
COROENGG,Coromandel Engineering Company Limited,INE312J01012,BSE,Unknown,EQ
TAMBOLIIN,TAMBOLI INDUSTRIES LIMITED,INE864J01012,BSE,Unknown,EQ
SATCH,SATCHMO HOLDINGS LIMITED,INE639K01016,BSE,Unknown,EQ
GKB,GKB Ophthalmics Ltd.,INE265D01015,BSE,Unknown,EQ
SEATV,SEA TV Network Limited,INE351L01016,BSE,Unknown,EQ
RDBIPL,RDB INFRASTRUCTURE AND POWER LIMITED,INE245L01028,BSE,Unknown,EQ
KTIL,Kesar Terminals & Infrastructure Limited,INE096L01025,BSE,Unknown,EQ
INOVSYNTH,Innovassynth Investments Limited,INE690J01011,BSE,Unknown,EQ
FCL,Fineotex Chemical Limited,INE045J01034,BSE,Unknown,EQ
VMS,VMS INDUSTRIES LIMITED,INE932K01015,BSE,Unknown,EQ
ENKEIWHEL,Enkei wheels (India) Limited,INE130L01014,BSE,Unknown,EQ
LESHAIND,Lesha Industries Limited,INE050L01048,BSE,Unknown,EQ
RDBRL,RDB Rasayans Limited,INE123M01017,BSE,Unknown,EQ
FERVENTSYN,Fervent Synergies Limited,INE258M01011,BSE,Unknown,EQ
PMCFIN,PMC Fincorp Limited,INE793G01035,BSE,Unknown,EQ
FUTSOL,Futuristic Solutions Ltd.,INE241F01011,BSE,Unknown,EQ
AIML,Alliance Integrated Metaliks Limited,INE123D01024,BSE,Unknown,EQ
PYXISFIN,Pyxis Finvest Limited,INE883L01018,BSE,Unknown,EQ
OLPCL,Olympic Cards Limited,INE550L01013,BSE,Unknown,EQ
MAXHEIGHTS,Maxheights Infrastructure Limited,INE393F01010,BSE,Unknown,EQ
LOOKS,Looks Health Services Limited,INE204N01013,BSE,Unknown,EQ
META,STRING METAVERSE LIMITED,INE958L01026,BSE,Unknown,EQ
AMTL,ADVANCE METERING TECHNOLOGY LIMITED,INE436N01029,BSE,Unknown,EQ
JUPITERIN,Jupiter Infomedia Limited,INE524N01014,BSE,Unknown,EQ
VINAYAKPOL,VINAYAK POLYCON INTERNATIONAL LIMITED,INE581M01016,BSE,Unknown,EQ
JOINTECAED,Jointeca Education Solutions Limited,INE131N01018,BSE,Unknown,EQ
COMCL,Comfort Commotrade Limited,INE456N01019,BSE,Unknown,EQ
SHANTIGURU,SHANTI GURU INDUSTRIES LIMITED,INE892L01019,BSE,Unknown,EQ
CASPIAN,CASPIAN CORPORATE SERVICES LIMITED,INE176N01021,BSE,Unknown,EQ
AERPACE,Aerpace Industries Limited,INE175N01023,BSE,Unknown,EQ
VIRTUALG,VIRTUAL GLOBAL EDUCATION LTD.,INE247C01023,BSE,Unknown,EQ
TRIOMERC,Trio Mercantile & Trading Limited,INE234G01022,BSE,Unknown,EQ
CDG,CDG PETCHEM LIMITED,INE198N01017,BSE,Unknown,EQ
COVIDH,COVIDH TECHNOLOGIES LIMITED,INE899M01020,BSE,Unknown,EQ
MUKTA,Mukta Agriculture Limited,INE160O01031,BSE,Unknown,EQ
MYSTICELE,Mystic Electronics Limited,INE159O01033,BSE,Unknown,EQ
COMFINCAP,COMFORT FINCAP LIMITED,INE274M01026,BSE,Unknown,EQ
SBISENSEX,SBI Mutual Fund,INF200K01VT2,BSE,Unknown,EQ
BMAL,Bothra Metals & Alloys Limited,INE583M01012,BSE,Unknown,EQ
LAKHOTIA,LAKHOTIA POLYESTERS (INDIA) LIMITED,INE191O01010,BSE,Unknown,EQ
GCMSECU,GCM Securities Limited,INE168O01026,BSE,Unknown,EQ
PRIMECAPM,Prime Capital Market Limited,INE748D01010,BSE,Unknown,EQ
KIFS,KIFS Financial Services Ltd,INE902D01013,BSE,Unknown,EQ
BINNYMILLS,Binny Mills Limited,INE160L01011,BSE,Unknown,EQ
SVGLOBAL,S V Global Mill Limited,INE159L01013,BSE,Unknown,EQ
SDC,SDC TECHMEDIA LIMITED,INE807O01011,BSE,Unknown,EQ
OONE,ObjectOne Information Systems Ltd,INE860E01011,BSE,Unknown,EQ
IFINSEC,India Finsec Limited,INE474O01010,BSE,Unknown,EQ
BRAHMINFRA,BRAHMAPUTRA INFRASTRUCTURE LIMITED,INE320I01017,BSE,Unknown,EQ
AMPVOLTS,AMPVOLTS LIMITED,INE989J01017,BSE,Unknown,EQ
KHOOBSURAT,Khoobsurat Ltd.,INE731G01027,BSE,Unknown,EQ
MMLF,Money Masters Leasing & Finance Limited,INE340O01021,BSE,Unknown,EQ
ALSL,Alacrity Securities Limited,INE030P01017,BSE,Unknown,EQ
GCMCOMM,GCM Commodity & Derivatives Limited,INE200P01016,BSE,Unknown,EQ
JULIEN,JULIEN AGRO INFRATECH LIMITED,INE890N01027,BSE,Unknown,EQ
JKAGRI,JK Agri Genetics Limited,INE690O01011,BSE,Unknown,EQ
NOVELIX,NOVELIX PHARMACEUTICALS LIMITED,INE314I01036,BSE,Unknown,EQ
PVVINFRA,PVV Infra Limited,INE428B01021,BSE,Unknown,EQ
VCU,VCU Data Management Limited,INE962O01014,BSE,Unknown,EQ
SRGFFL,SRG FINGROW FINANCE LIMITED,INE326P01019,BSE,Unknown,EQ
ACFSL,Amrapali Capital and Finance Services Limited,INE218P01018,BSE,Unknown,EQ
STELLAR,STELLAR CAPITAL SERVICES LIMITED,INE325P01011,BSE,Unknown,EQ
YURANUS,Yuranus Infrastructure Ltd,INE156M01017,BSE,Unknown,EQ
BPCAP,B.P.Capital Ltd.,INE947C01010,BSE,Unknown,EQ
CPL,CAPTAIN POLYPLAST LIMITED,INE536P01021,BSE,Unknown,EQ
ARNOLD,Arnold Holdings Ltd,INE185K01036,BSE,Unknown,EQ
SUNLOC,Sunil Healthcare Limited,INE671C01016,BSE,Unknown,EQ
CHEMTECH,CHEMTECH INDUSTRIAL VALVES LIMITED,INE212P01011,BSE,Unknown,EQ
DENISCHEM,Denis Chem Lab Limited,INE051G01012,BSE,Unknown,EQ
POLYMAC,Polymac Thermoformers Limited,INE826P01018,BSE,Unknown,EQ
LAXMIPATI,LAXMIPATI ENGINEERING WORKS LIMITED,INE920P01019,BSE,Unknown,EQ
LADDU,LADDU GOPAL ONLINE SERVICES LIMITED,INE546I01025,BSE,Unknown,EQ
HANSUGAR,SHREE HANUMAN SUGAR & INDUSTRIES LTD.,INE101H01013,BSE,Unknown,EQ
KIRANVYPAR,Kiran Vyapar Limited,INE555P01013,BSE,Unknown,EQ
KCSL,Karnimata Cold Storage Limited,INE576P01019,BSE,Unknown,EQ
MANGIND,Mangalam Industrial Finance Limited,INE717C01025,BSE,Unknown,EQ
PHOENIXTN,PHOENIX TOWNSHIP LIMITED,INE977M01024,BSE,Unknown,EQ
RAUNAQ,RAUNAQ INTERNATIONAL LIMITED,INE523K01012,BSE,Unknown,EQ
INFRONICS,INFRONICS SYSTEMS LIMITED,INE463B01036,BSE,Unknown,EQ
HARIAAPL,Haria Apparels Limited,INE493N01012,BSE,Unknown,EQ
VASUPRADA,SHRI VASUPRADA PLANTATIONS LIMITED,INE574G01013,BSE,Unknown,EQ
SHARPINV,SHARP INVESTMENTS LTD,INE909D01026,BSE,Unknown,EQ
GCMCAPI,GCM Capital Advisors Limited,INE191P01017,BSE,Unknown,EQ
AFEL,A.F. Enterprises Limited,INE663P01015,BSE,Unknown,EQ
NAM,Nam Securities Ltd.,INE792G01011,BSE,Unknown,EQ
METSL,MAESTROS ELECTRONICS & TELECOMMUNICATIONS SYSTEMS LTD,INE318N01011,BSE,Unknown,EQ
JACKSON,Jackson Investments Limited,INE508N01025,BSE,Unknown,EQ
MONEYBOXX,MONEYBOXX FINANCE LIMITED,INE296Q01012,BSE,Unknown,EQ
WORTH,Worth Investment & Trading Co Limited,INE114O01020,BSE,Unknown,EQ
QUASAR,Quasar India Limited,INE855P01041,BSE,Unknown,EQ
TPROJECT,Thirani Projects Limited,INE901C01017,BSE,Unknown,EQ
AMARSEC,Amarnath Securities Ltd.,INE745P01010,BSE,Unknown,EQ
CTL,Capital Trade Links Limited,INE172D01021,BSE,Unknown,EQ
TARINI,Tarini International Limited,INE849M01017,BSE,Unknown,EQ
SBL,SHIVAMSHREE BUSINESSES LIMITED,INE857P01021,BSE,Unknown,EQ
YAANENT,YAAN ENTERPRISES LIMITED,INE969E01010,BSE,Unknown,EQ
OMANSH,Omansh Enterprises Limited,INE378P01036,BSE,Unknown,EQ
ANVRDHI,ANNVRRIDHHI VENTURES LIMITED,INE075K01013,BSE,Unknown,EQ
RLFL,Ramchandra Leasing & Finance Limited,INE516P01015,BSE,Unknown,EQ
BRPL,Bansal Roofing Products Limited,INE319Q01012,BSE,Unknown,EQ
ARMAN,Arman Holdings Limited,INE510P01018,BSE,Unknown,EQ
SMTEL,SMT ENGINEERING LIMITED,INE673E01018,BSE,Unknown,EQ
VISTARAMAR,Vistar Amar Limited,INE878P01019,BSE,Unknown,EQ
FRUTION,Fruition Venture Limited,INE836C01015,BSE,Unknown,EQ
TRIVENIENT,Triveni Enterprises Limited,INE916P01025,BSE,Unknown,EQ
BHANDERI,Bhanderi Infracon Limited,INE336Q01016,BSE,Unknown,EQ
ZINEMA,ZINEMA MEDIA AND ENTERTAINMENT LIMITED,INE641Q01019,BSE,Unknown,EQ
CEMAINFRA,CEMANTIC INFRA-TECH LIMITED,INE222B01028,BSE,Unknown,EQ
TTIENT,TTI Enterprise Limited,INE404F01031,BSE,Unknown,EQ
TOYAMSL,TOYAM SPORTS LIMITED,INE457P01020,BSE,Unknown,EQ
GAJANANSEC,Gajanan Securities Services Ltd.,INE868G01019,BSE,Unknown,EQ
UNISON,Unison Metals Ltd,INE099D01026,BSE,Unknown,EQ
RTFL,Real Touch Finance Limited,INE840I01014,BSE,Unknown,EQ
VRL,Vasundhara Rasayans Ltd.,INE406F01010,BSE,Unknown,EQ
QGO,QGO FINANCE LIMITED,INE837C01013,BSE,Unknown,EQ
PURSHOTTAM,Purshottam Investofin Limited,INE729C01020,BSE,Unknown,EQ
HCLTD,HIND COMMERCE LIMITED,INE691J01019,BSE,Unknown,EQ
SIROHIA,Sirohia & Sons Limited,INE785O01019,BSE,Unknown,EQ
MIIL,Meghna Infracon Infrastructure Limited,INE898Q01015,BSE,Unknown,EQ
CITYONLINE,City Online Services Limited,INE158C01014,BSE,Unknown,EQ
SENSEXBEES,Nippon India Mutual Fund,INF204KA1UN7,BSE,Unknown,EQ
ENCASH,Encash Entertainment Limited,INE552Q01018,BSE,Unknown,EQ
ULTRACAB,Ultracab (India) Limited,INE010R01023,BSE,Unknown,EQ
RCCL,Rajasthan Cylinders & Containers Limited,INE929D01016,BSE,Unknown,EQ
ETIL,Econo Trade (India) Limited,INE937K01014,BSE,Unknown,EQ
ATISHAY,Atishay Limited,INE011R01013,BSE,Unknown,EQ
SANGAMFIN,Sangam Finserv Limited,INE475D01010,BSE,Unknown,EQ
DHABRIYA,Dhabriya Polywood Limited,INE260R01016,BSE,Unknown,EQ
ARYACAPM,Aryaman Capital Markets Limited,INE229R01011,BSE,Unknown,EQ
HANMAN,HANMAN FIT LIMITED,INE982Q01017,BSE,Unknown,EQ
VGCL,Vibrant Global Capital Limited,INE761Q01015,BSE,Unknown,EQ
CEINSYSTECH,CEINSYS TECH LIMITED,INE016Q01014,BSE,Unknown,EQ
PANABYTE,PANABYTE TECHNOLOGIES LIMITED,INE516E01019,BSE,Unknown,EQ
MUDUNURU,Mudunuru Limited,INE491C01027,BSE,Unknown,EQ
JSHL,JLA Infraville Shoppers Limited,INE401Q01018,BSE,Unknown,EQ
CRANEINFRA,Crane Infrastructure Limited,INE176L01017,BSE,Unknown,EQ
NIYOGIN,Niyogin Fintech Limited,INE480D01010,BSE,Unknown,EQ
ASIACAP,ASIA CAPITAL LIMITED,INE131Q01011,BSE,Unknown,EQ
KALYANCAP,Kalyan Capitals Limited,INE149Q01021,BSE,Unknown,EQ
CIL,Citizen Infoline Ltd.,INE473L01018,BSE,Unknown,EQ
GBFL,Goenka Business & Finance Limited,INE997C01015,BSE,Unknown,EQ
GILADAFINS,Gilada Finance & Investments Ltd.,INE918C01029,BSE,Unknown,EQ
JETSOLAR,JET SOLAR LIMITED,INE155R01018,BSE,Unknown,EQ
KAIZENAGRO,KAIZEN AGRO INFRABUILD LIMITED,INE891N01017,BSE,Unknown,EQ
JMJFIN,JMJ Fintech Limited,INE242Q01016,BSE,Unknown,EQ
JSTL,Jeevan Scientific Technology Limited,INE237B01018,BSE,Unknown,EQ
ICL,Indo Cotspin Limited,INE407P01017,BSE,Unknown,EQ
SCC,Scintilla Commercial & Credit  Limited,INE892C01018,BSE,Unknown,EQ
PANAFIC,PANAFIC INDUSTRIALS LTD,INE655P01029,BSE,Unknown,EQ
MYMONEY,My Money Securities Ltd.,INE232L01018,BSE,Unknown,EQ
AMARNATH,SRI AMARNATH FINANCE LIMITED,INE985Q01010,BSE,Unknown,EQ
CSL,Continental Securities Limited,INE183Q01020,BSE,Unknown,EQ
NEXUSSURGL,NEXUS SURGICAL AND MEDICARE LIMITED,INE370Q01015,BSE,Unknown,EQ
SELLWIN,SELLWIN TRADERS LIMITED,INE195F01027,BSE,Unknown,EQ
GALADAFIN,Galada Finance Limited,INE243E01010,BSE,Unknown,EQ
EMERALD,Emerald Finance Limited,INE030Q01015,BSE,Unknown,EQ
MKEXIM,M. K. Exim (India) Ltd.,INE227F01010,BSE,Unknown,EQ
OCTAL,Octal Credit Capital Ltd.,INE513C01010,BSE,Unknown,EQ
MIHIKA,Mihika Industries Ltd.,INE779Q01017,BSE,Unknown,EQ
KANCHI,Kanchi Karpooram Ltd.,INE081G01019,BSE,Unknown,EQ
SHRINIWAS,Shri Niwas Leasing and Finance Limited,INE201F01015,BSE,Unknown,EQ
VANICOM,Vani Commercials Limited,INE661Q01017,BSE,Unknown,EQ
SKILVEN,SKYLINE VENTURES INDIA  LIMITED,INE055Q01012,BSE,Unknown,EQ
RAFL,Raghuvansh Agrofarms Limited,INE865P01016,BSE,Unknown,EQ
COSYN,COSYN Limited,INE029B01019,BSE,Unknown,EQ
SOFCOM,SOFCOM SYSTEMS LIMITED,INE499Q01012,BSE,Unknown,EQ
NAPL,Naturite Agro Products Limited,INE223R01014,BSE,Unknown,EQ
KARNAVATI,Karnavati Finance Limited,INE554R01020,BSE,Unknown,EQ
ABHIFIN,Abhishek Finlease limited,INE723C01015,BSE,Unknown,EQ
MERCANTILE,Mercantile Ventures Limited,INE689O01013,BSE,Unknown,EQ
SONAL,Sonal Mercantile Limited,INE321M01017,BSE,Unknown,EQ
ALFL,Abhinav Leasing & Finance Limited,INE211D01027,BSE,Unknown,EQ
MERCURYLAB,Mercury Laboratories Limited,INE947G01011,BSE,Unknown,EQ
CONCORD,Concord Drugs Limited,INE858L01010,BSE,Unknown,EQ
WARDINMOBI,WARDWIZARD INNOVATIONS AND MOBILITY LIMITED,INE945P01024,BSE,Unknown,EQ
TALBROSENG,TALBROS ENGINEERING LIMITED,INE717E01013,BSE,Unknown,EQ
SAPL,Sar  Auto Products Limited,INE002E01010,BSE,Unknown,EQ
PUROHITCON,Purohit Construction Limited,INE147J01012,BSE,Unknown,EQ
JAYATMA,JAYATMA ENTERPRISES LIMITED,INE246D01015,BSE,Unknown,EQ
CHENFERRO,CHENNAI FERROUS INDUSTRIES LIMITED,INE777O01016,BSE,Unknown,EQ
MEGRISOFT,Megri Soft Limited,INE756R01013,BSE,Unknown,EQ
KALPACOMME,Kalpa Commercial Limited,INE059Q01014,BSE,Unknown,EQ
NEIL,Neil Industries Ltd.,INE396C01010,BSE,Unknown,EQ
STARHFL,STAR HOUSING FINANCE LIMITED,INE526R01028,BSE,Unknown,EQ
BEEKAY,Beekay Steel Industries Ltd.,INE213D01015,BSE,Unknown,EQ
SSPNFIN,SSPN Finance Limited,INE820R01017,BSE,Unknown,EQ
SETFBSE100,SBI Mutual Fund,INF200KA1572,BSE,Unknown,EQ
FRASER,Fraser And Company Limited,INE184Q01010,BSE,Unknown,EQ
TTIL,Tirupati Tyres Ltd.,INE812Q01016,BSE,Unknown,EQ
GANVERSE,GANESHA ECOVERSE LIMITED,INE369Q01017,BSE,Unknown,EQ
AGIIL,AGI Infra Limited,INE976R01033,BSE,Unknown,EQ
RAJPUTANA,Rajputana Investment and Finance Ltd.,INE751R01014,BSE,Unknown,EQ
CITL,Consecutive Investments & Trading Company Limited,INE187R01029,BSE,Unknown,EQ
AANANDALAK,Aananda Lakshmi Spinning Mills Limited,INE197R01010,BSE,Unknown,EQ
URSUGAR,UR SUGAR INDUSTRIES LIMITED,INE904R01027,BSE,Unknown,EQ
FILTRA,Filtra Consultants and Engineers Limited,INE541R01019,BSE,Unknown,EQ
ATHCON,Athena Constructions Limited,INE291R01011,BSE,Unknown,EQ
NORTHLINK,Northlink Fiscal And Capital Services Ltd.,INE736P01019,BSE,Unknown,EQ
SHESHAINDS,SHESHADRI INDUSTRIES LIMITED,INE193R01019,BSE,Unknown,EQ
SAB,SAB INDUSTRIES LIMITED,INE137M01017,BSE,Unknown,EQ
PML,Paul Merchants Ltd.,INE291E01019,BSE,Unknown,EQ
ALANSCOTT,ALAN SCOTT ENTERPRISES LIMITED,INE273F01022,BSE,Unknown,EQ
OPCHAINS,O. P. Chains Limited,INE118Q01018,BSE,Unknown,EQ
SUJALA,Sujala Trading & Holdings Ltd.,INE029H01016,BSE,Unknown,EQ
JAINMARMO,Jain Marmo Industries Ltd.,INE780Q01015,BSE,Unknown,EQ
BFFL,Bangalore Fort Farms Limited,INE578R01011,BSE,Unknown,EQ
PALCO,Palco Metals Limited,INE239L01013,BSE,Unknown,EQ
VBIND,V B INDUSTRIES LIMITED,INE334E01017,BSE,Unknown,EQ
SARVOTTAM,Sarvottam Finvest Limited,INE822Q01015,BSE,Unknown,EQ
WARDWIZFBL,Wardwizard Foods and Beverages Limited,INE761D01021,BSE,Unknown,EQ
PANTH,PANTH INFINITY LIMITED,INE945O01019,BSE,Unknown,EQ
ICSL,Integrated Capital Services Ltd,INE682B01023,BSE,Unknown,EQ
VLL,Virat Leasing Limited,INE347L01022,BSE,Unknown,EQ
HELPAGE,Helpage Finlease Ltd.,INE738P01015,BSE,Unknown,EQ
BLUEGOD,BLUEGOD ENTERTAINMENT LIMITED,INE924N01024,BSE,Unknown,EQ
HAWAENG,Hawa Engineers ltd.,INE230I01018,BSE,Unknown,EQ
ADHBHUTIN,Adhbhut Infrastructure Ltd.,INE578L01014,BSE,Unknown,EQ
DFL,Decillion Finance Ltd.,INE848N01017,BSE,Unknown,EQ
POEL,POCL ENTERPRISES LTD,INE035S01028,BSE,Unknown,EQ
AEL,Amba Enterprises Ltd.,INE829P01020,BSE,Unknown,EQ
CAPFIN,Capfin India Limited,INE960C01013,BSE,Unknown,EQ
GVBL,GENOMIC VALLEY BIOTECH LIMITED,INE574D01010,BSE,Unknown,EQ
GARMNTMNTR,GARMENT MANTRA LIFESTYLE LIMITED,INE653S01028,BSE,Unknown,EQ
SAUMYA,Saumya Consultants Ltd.,INE563C01015,BSE,Unknown,EQ
MUL,MAURIA UDYOG LIMITED,INE150D01027,BSE,Unknown,EQ
MISHKA,Mishka Exim Limited,INE540S01019,BSE,Unknown,EQ
GROWINGTON,GROWINGTON VENTURES INDIA LIMITED,INE451S01027,BSE,Unknown,EQ
RUDRA,RUDRA GLOBAL INFRA PRODUCTS LIMITED,INE027T01023,BSE,Unknown,EQ
LOYAL,Loyal Equipments Limited,INE876S01017,BSE,Unknown,EQ
GGPL,Gala Global Products Limited,INE480S01026,BSE,Unknown,EQ
CHEMIESYNT,Chemiesynth (Vapi) Limited,INE829R01018,BSE,Unknown,EQ
JEL,Jyotirgamya Enterprises Limited,INE805R01018,BSE,Unknown,EQ
SURYAINDIA,Surya India Limited,INE446E01019,BSE,Unknown,EQ
STARDELTA,STAR DELTA TRANSFORMERS LIMITED,INE541K01014,BSE,Unknown,EQ
AMRAFIN,Amrapali Fincap Limited,INE990S01016,BSE,Unknown,EQ
SAMSRITA,SAMSRITA LABS LIMITED,INE579N01018,BSE,Unknown,EQ
PECOS,PECOS Hotels And Pubs Limited,INE484S01010,BSE,Unknown,EQ
MSL,Mangalam Seeds Limited,INE829S01016,BSE,Unknown,EQ
ALSTONE,Alstone Textiles (India) Limited,INE184S01024,BSE,Unknown,EQ
SYMBIOX,Symbiox Investment & Trading Co. Ltd.,INE653R01012,BSE,Unknown,EQ
AVI,Avi Polymers Ltd.,INE897N01014,BSE,Unknown,EQ
SUNRAKSHAK,SUNRAKSHAKK INDUSTRIES INDIA LIMITED,INE671K01027,BSE,Unknown,EQ
THINKINK,THINKINK PICTUREZ LIMITED,INE365S01045,BSE,Unknown,EQ
UNIAUTO,Universal Autofoundry Limited,INE203T01012,BSE,Unknown,EQ
NAVKARCORP,Navkar Corporation Limited,INE278M01019,BSE,Unknown,EQ
CHPLIND,CHPL Industries Ltd.,INE714Q01014,BSE,Unknown,EQ
PBFL,P. B. Films Limited,INE212Q01019,BSE,Unknown,EQ
SALAUTO,SAL AUTOMOTIVE LIMITED,INE724G01014,BSE,Unknown,EQ
POLYSPIN,POLYSPIN EXPORTS LIMITED,INE914G01029,BSE,Unknown,EQ
SML,Soni Medicare Limited,INE848R01018,BSE,Unknown,EQ
MAHAVEER,Mahaveer Infoway Limited,INE019D01016,BSE,Unknown,EQ
KRISHNACAP,Krishna Capital And Securities Limited,INE897B01019,BSE,Unknown,EQ
ACME,Acme Resources Limited,INE636B01011,BSE,Unknown,EQ
KCL,Kabra Commercial Limited,INE926E01010,BSE,Unknown,EQ
VISHALBL,Vishal Bearings Limited,INE060T01024,BSE,Unknown,EQ
PJL,Patdiam Jewellery Limited,INE473T01011,BSE,Unknown,EQ
NAKSH,Naksh Precious Metals Limited,INE256S01012,BSE,Unknown,EQ
DITCO,Decorous Investment and Trading Co. Ltd.,INE183R01010,BSE,Unknown,EQ
SWAGTAM,Swagtam Trading & Services Limited,INE150R01019,BSE,Unknown,EQ
KUBERJI,Kuber Udyog Limited,INE594R01018,BSE,Unknown,EQ
NEERAJ,NEERAJ PAPER MARKETING LIMITED,INE894J01019,BSE,Unknown,EQ
TEJNAKSH,Tejnaksh Healthcare Limited,INE030T01027,BSE,Unknown,EQ
BRIPORT,Brilliant Portfolios Ltd.,INE661F01010,BSE,Unknown,EQ
RFSL,Richfield Financial Services Ltd.,INE201C01012,BSE,Unknown,EQ
IGCIL,IGC Industries Limited,INE099S01016,BSE,Unknown,EQ
ARYAVAN,ARYAVAN ENTERPRISE LIMITED,INE360S01012,BSE,Unknown,EQ
TFSL,Typhoon Financial Services Limited,INE761R01013,BSE,Unknown,EQ
PANORAMA,PANORAMA STUDIOS INTERNATIONAL LIMITED,INE258R01028,BSE,Unknown,EQ
GTV,GTV Engineering Limited,INE910R01024,BSE,Unknown,EQ
GEETANJ,Geetanjali Credit And Capital Limited,INE263R01010,BSE,Unknown,EQ
TFLL,Tirupati Fin-Lease Ltd.,INE027S01017,BSE,Unknown,EQ
GARBIFIN,Garbi Finvest Limited,INE721C01019,BSE,Unknown,EQ
SMARTFIN,Smart Finsec Limited,INE766D01020,BSE,Unknown,EQ
RAJKOTINV,Rajkot Investment Trust Limited,INE176R01014,BSE,Unknown,EQ
ADCON,Adcon Capital Services Limited,INE805Q01028,BSE,Unknown,EQ
QUINT,Quint Digital Limited,INE641R01017,BSE,Unknown,EQ
UDAYJEW,Uday Jewellery Industries Limited.,INE551B01012,BSE,Unknown,EQ
SATTVASUKU,SATTVA SUKUN LIFECARE LIMITED,INE280E01038,BSE,Unknown,EQ
NAVIGANT,Navigant Corporate Advisors Limited,INE364T01012,BSE,Unknown,EQ
GROVY,Grovy India Limited,INE343C01012,BSE,Unknown,EQ
SCTL,Suncare Traders Limited,INE452S01025,BSE,Unknown,EQ
AAYUSH,AAYUSH WELLNESS LIMITED,INE430R01023,BSE,Unknown,EQ
ELITECON,ELITECON INTERNATIONAL LIMITED,INE669R01026,BSE,Unknown,EQ
VALLEY,Valley Magnesite Company Limited,INE834E01016,BSE,Unknown,EQ
ABHIINFRA,Abhishek Infraventures Limited,INE281P01016,BSE,Unknown,EQ
APOORVA,Apoorva Leasing Finance & Investment Company Limited,INE217S01014,BSE,Unknown,EQ
AGRIBIO,AGRIBIO SPIRITS LIMITED,INE679E01015,BSE,Unknown,EQ
FMEC,F MEC INTERNATIONAL FINANCIAL SERVICES LIMITED,INE108T01013,BSE,Unknown,EQ
DDIL,Deep Diamond India Limited,INE005G01026,BSE,Unknown,EQ
ABHIJIT,Abhijit Trading Co. Ltd.,INE994N01019,BSE,Unknown,EQ
AARNAV,AARNAV FASHIONS LIMITED,INE750R01016,BSE,Unknown,EQ
SCL,Sunshine Capital Ltd.,INE974F01025,BSE,Unknown,EQ
SIPTL,SHARANAM INFRAPROJECT AND TRADING LIMITED,INE104S01022,BSE,Unknown,EQ
SHIVA,Shivansh Finserv Limited,INE728Q01014,BSE,Unknown,EQ
MISHTANN,Mishtann Foods Limited,INE094S01041,BSE,Unknown,EQ
DELTA,Delta Industrial Resources Limited,INE681Q01015,BSE,Unknown,EQ
CGFL,CREDENT GLOBAL FINANCE LIMITED,INE727C01024,BSE,Unknown,EQ
KEL,Kotia Enterprises Limited,INE079C01012,BSE,Unknown,EQ
BLUECLOUDS,Blue Cloud Softech Solutions Limited,INE373T01047,BSE,Unknown,EQ
KEIL,KANORIA ENERGY AND INFRASTRUCTURE LIMITED,INE534E01020,BSE,Unknown,EQ
BCLENTERPR,BCL Enterprises Limited,INE368E01023,BSE,Unknown,EQ
KAMATS,VIKRAM KAMATS HOSPITALITY LIMITED,INE564S01019,BSE,Unknown,EQ
ACEMEN,ACE MEN ENGG WORKS LIMITED,INE023R01018,BSE,Unknown,EQ
BFLAFL,BFL Asset Finvest Limited,INE948Q01018,BSE,Unknown,EQ
RGF,RGF Capital Markets Limited,INE684D01025,BSE,Unknown,EQ
RCL,Radhagobind Commercial Limited,INE792P01020,BSE,Unknown,EQ
KAPILRAJ,Kapil Raj Finance Ltd.,INE332Q01023,BSE,Unknown,EQ
GANGAPHARM,Ganga Pharmaceuticals Limited,INE615T01017,BSE,Unknown,EQ
DAL,dynamic Archistructures Limited,INE874E01012,BSE,Unknown,EQ
MOBAVENUE,Mobavenue AI Tech Limited,INE622Q01019,BSE,Unknown,EQ
SHIVKAMAL,Shivkamal Impex Limited,INE429R01017,BSE,Unknown,EQ
RGCORP,REAL GROWTH CORPORATION LIMITED,INE836D01013,BSE,Unknown,EQ
IFINSER,INTERACTIVE FINANCIAL SERVICES LIMITED,INE064T01018,BSE,Unknown,EQ
HILIKS,HILIKS TECHNOLOGIES LIMITED,INE966Q01010,BSE,Unknown,EQ
HYPERSOFT,HYPERSOFT TECHNOLOGIES LIMITED,INE039D01014,BSE,Unknown,EQ
GOKULAGRO,Gokul Agro Resources Ltd,INE314T01033,BSE,Unknown,EQ
VKAL,Vantage Knowledge Academy Limited,INE427T01025,BSE,Unknown,EQ
MEAPL,MODERN ENGINEERING AND PROJECTS LIMITED,INE250S01015,BSE,Unknown,EQ
MNIL,Mega Nirman & Industries Limited,INE216Q01010,BSE,Unknown,EQ
DARJEELING,Darjeeling Ropeway Company Limited,INE830S01014,BSE,Unknown,EQ
ADVIKCA,Advik Capital Limited,INE178T01024,BSE,Unknown,EQ
KDML,Khemani Distributors & Marketing Limited,INE030U01025,BSE,Unknown,EQ
UMIYA,Umiya Tubes Limited,INE173U01015,BSE,Unknown,EQ
CHDCHEM,CHD Chemicals Limited,INE043U01010,BSE,Unknown,EQ
LELAVOIR,LE LAVOIR LIMITED,INE204S01012,BSE,Unknown,EQ
MUDRA,Mudra Financial Services Ltd.,INE967S01014,BSE,Unknown,EQ
BALGOPAL,Balgopal Commercial limited,INE119R01014,BSE,Unknown,EQ
SUPERIOR,Superior Finlease Limited,INE574R01028,BSE,Unknown,EQ
FRANKLIN,Franklin Leasing and Finance Limited,INE399S01010,BSE,Unknown,EQ
HALDER,Halder Venture Limited,INE115S01010,BSE,Unknown,EQ
GHUSHINE,Ghushine Fintrrade Ocean Limited,INE009U01011,BSE,Unknown,EQ
RSDFIN,RSD Finance Limited,INE616F01022,BSE,Unknown,EQ
DARSHANORNA,Darshan Orna Limited,INE671T01028,BSE,Unknown,EQ
MADHAVIPL,Madhav Infra Projects Limited,INE631R01026,BSE,Unknown,EQ
SPICELOUNG,SPICE LOUNGE FOOD WORKS LIMITED,INE631E01024,BSE,Unknown,EQ
DIDL,DALMIA INDUSTRIAL DEVELOPMENT LIMITED,INE642P01019,BSE,Unknown,EQ
SNIM,Svarnim Trade Udyog Limited,INE730R01042,BSE,Unknown,EQ
SEIL,Shanti Educational Initiatives Limited,INE440T01028,BSE,Unknown,EQ
RGIL,Rotographics (India) Limited,INE364S01014,BSE,Unknown,EQ
LIKHAMI,LIKHAMI CONSULTING LIMITED,INE920T01011,BSE,Unknown,EQ
MIL,Medico Intercontinental Limited,INE858Q01019,BSE,Unknown,EQ
YASHCHEM,Yash Chemex Limited,INE571U01010,BSE,Unknown,EQ
BAZELINTER,Bazel International Limited,INE217E01014,BSE,Unknown,EQ
JLL,JINDAL LEASEFIN LIMITED,INE919T01013,BSE,Unknown,EQ
TAALENT,TAAL Enterprises Limited,INE524T01011,BSE,Unknown,EQ
ZEAL,Zeal Aqua Limited,INE819S01025,BSE,Unknown,EQ
ASYL,Advance Syntex Limited,INE184U01012,BSE,Unknown,EQ
HUIL,HINDUSTHAN URBAN INFRASTRUCTURE LIMITED,INE799B01017,BSE,Unknown,EQ
TITAANIUM,Titaanium Ten Enterprise Limited,INE120V01014,BSE,Unknown,EQ
CFEL,CONFIDENCE FUTURISTIC ENERGETECH LIMITED,INE700F01024,BSE,Unknown,EQ
KPL,Kwality Pharmaceuticals Limited,INE552U01010,BSE,Unknown,EQ
EASTWEST,EAST WEST FREIGHT CARRIERS LTD,INE595R01023,BSE,Unknown,EQ
COLORCHIPS,COLORCHIPS NEW MEDIA LIMITED,INE621I01042,BSE,Unknown,EQ
LAHL,Ladam Affortable Housing Limited,INE213U01019,BSE,Unknown,EQ
ECS,ECS Biztech Limited,INE925Q01024,BSE,Unknown,EQ
AMS,AMS POLYMERS LIMITED,INE345U01019,BSE,Unknown,EQ
SHIVAEXPO,Shiva Granito Export Limited,INE191V01015,BSE,Unknown,EQ
MITSU,Mitsu Chem Plast Limited,INE317V01016,BSE,Unknown,EQ
SPRAYKING,Sprayking Limited,INE537U01037,BSE,Unknown,EQ
RSTL,Riddhi Steel and Tube Limited,INE367U01013,BSE,Unknown,EQ
GAMCO,GAMCO LIMITED,INE890S01026,BSE,Unknown,EQ
TIAANC,TIAAN CONSUMER LIMITED,INE864T01011,BSE,Unknown,EQ
SIIL,Sabrimala Industries India Limited,INE400R01018,BSE,Unknown,EQ
IISL,ISHAAN INFRASTRUCTURE AND SHELTERS LIMITED,INE818R01011,BSE,Unknown,EQ
ARCFIN,ARC Finance Limited,INE202R01026,BSE,Unknown,EQ
SAGARSOFT,Sagarsoft (India) Limited,INE184B01012,BSE,Unknown,EQ
DRA,DRA CONSULTANTS LIMITED,INE746V01016,BSE,Unknown,EQ
ACML,ADITYA CONSUMER MARKETING LIMITED,INE427V01013,BSE,Unknown,EQ
SHASHIJIT,Shashijit Infraprojects Limited,INE700V01021,BSE,Unknown,EQ
BINDALEXPO,Bindal Exports Limited,INE564V01013,BSE,Unknown,EQ
MHEL,Mewar Hi-Tech Engineering Limited,INE957U01011,BSE,Unknown,EQ
DIKSAT,Diksat Transworld Limited,INE942P01013,BSE,Unknown,EQ
IDFSENSEXE,Bandhan Mutual Fund,INF194KA1T91,BSE,Unknown,EQ
PURPLE,Purple Entertainment Limited,INE905R01016,BSE,Unknown,EQ
SUPRAPFSL,Supra Pacific Financial Services Limited,INE268T01015,BSE,Unknown,EQ
SOUTHERNIN,SOUTHERN INFOCONSULTANTS LIMITED,INE298B01010,BSE,Unknown,EQ
SALEM,Salem Erode Investments Ltd.,INE894E01028,BSE,Unknown,EQ
UPROTECH,Unipro Technologies Limited,INE448F01012,BSE,Unknown,EQ
FRANKLININD,Franklin Industries Limited,INE789R01022,BSE,Unknown,EQ
LKPSEC,LKP Securities Limited,INE341H01023,BSE,Unknown,EQ
OSIAJEE,OSIAJEE TEXFAB LIMITED,INE186R01013,BSE,Unknown,EQ
CMBL,Corporate Merchant Bankers Limited,INE850R01014,BSE,Unknown,EQ
EIKO,EIKO LIFESCIENCES LIMITED,INE666Q01016,BSE,Unknown,EQ
SHASHANK,Shashank Traders Limited,INE508R01018,BSE,Unknown,EQ
NEWLIGHT,NEW LIGHT INDUSTRIES LIMITED,INE835U01027,BSE,Unknown,EQ
VSL,VEERAM SECURITIES LIMITED,INE607V01028,BSE,Unknown,EQ
MTPL,MARG TECHNO PROJECTS LIMITED,INE245H01018,BSE,Unknown,EQ
SHANGAR,SHANGAR DECOR LIMITED,INE118R01032,BSE,Unknown,EQ
GLCL,Globe Commercials Limited,INE804Q01013,BSE,Unknown,EQ
FLORACORP,Flora Corporation Limited,INE318U01016,BSE,Unknown,EQ
SKL,SUPER FINE KNITTERS LIMITED,INE459U01018,BSE,Unknown,EQ
RAIDEEPIND,Raideep Industries Limited,INE923R01019,BSE,Unknown,EQ
CFL,Classic Filaments Limited,INE181U01018,BSE,Unknown,EQ
SUERYAAKNI,Sueryaa Knitwear Limited,INE249U01013,BSE,Unknown,EQ
TANVI,Tanvi Foods (India) Limited,INE978V01015,BSE,Unknown,EQ
RMC,RMC SWITCHGEARS LIMITED,INE655V01019,BSE,Unknown,EQ
PARMAX,Parmax Pharma Limited,INE240T01014,BSE,Unknown,EQ
LLFICL,LEADING LEASING FINANCE AND INVESTMENT CO. LIMITED,INE715Q01029,BSE,Unknown,EQ
DANUBE,DANUBE INDUSTRIES LIMITED,INE575D01041,BSE,Unknown,EQ
IFL,IFL ENTERPRISES LIMITED,INE714U01024,BSE,Unknown,EQ
ONTIC,Ontic Finserve Limited,INE989S01042,BSE,Unknown,EQ
CHEMCRUX,Chemcrux Enterprises Limited,INE298W01016,BSE,Unknown,EQ
MAXIMUS,Maximus International Limited,INE544W01021,BSE,Unknown,EQ
MANAS,Manas Properties Limited,INE800W01019,BSE,Unknown,EQ
OCEANIC,Oceanic Foods Limited,INE711V01010,BSE,Unknown,EQ
ESCORP,Escorp Asset Management Limited,INE953W01016,BSE,Unknown,EQ
PARMSILK,PARMESHWARI SILK MILLS LIMITED,INE808R01012,BSE,Unknown,EQ
KMSMEDI,KMS Medisurgi Limited,INE870V01014,BSE,Unknown,EQ
CLFL,Classic Leasing & Finance Ltd.,INE949C01016,BSE,Unknown,EQ
STARLENT,STARLINEPS ENTERPRISES LIMITED,INE594W01042,BSE,Unknown,EQ
KANUNGO,KANUNGO FINANCIERS LIMITED,INE453S01015,BSE,Unknown,EQ
MEERA,Meera Industries Limited,INE343X01018,BSE,Unknown,EQ
BGJL,Bhakti Gems And Jewellery Limited,INE986W01016,BSE,Unknown,EQ
YUG,Yug Decor Limited,INE796W01019,BSE,Unknown,EQ
VARIMAN,VARIMAN GLOBAL ENTERPRISES LIMITED,INE717F01028,BSE,Unknown,EQ
RIDDHICORP,Riddhi Corporate Services Limited,INE325X01015,BSE,Unknown,EQ
CONTAINER,Containerway International Limited,INE319U01022,BSE,Unknown,EQ
GEL,Gautam Exim Limited,INE721X01015,BSE,Unknown,EQ
GGENG,G G Engineering Limited,INE694X01030,BSE,Unknown,EQ
JIGAR,Jigar Cables Limited,INE943X01015,BSE,Unknown,EQ
CTCL,Captain Technocast Limited,INE931X01010,BSE,Unknown,EQ
GSTL,GlobalSpace Technologies Limited,INE632W01016,BSE,Unknown,EQ
CHOTHANI,CHOTHANI FOODS LIMITED,INE344X01016,BSE,Unknown,EQ
SMRUTHIORG,Smruthi Organics Limited,INE172E01011,BSE,Unknown,EQ
SHISHIND,Shish Industries Limited,INE145Y01023,BSE,Unknown,EQ
ANG,ANG Lifesciences India Limited,INE236W01016,BSE,Unknown,EQ
KCDGROUP,KCD INDUSTRIES INDIA LIMITED,INE185U01035,BSE,Unknown,EQ
PROCLB,PRO CLB GLOBAL LIMITED,INE438C01010,BSE,Unknown,EQ
PQIF,Polo Queen Industrial and Fintech Limited,INE689M01025,BSE,Unknown,EQ
AAYUSHBULL,AAYUSH ART AND BULLION LIMITED,INE777X01017,BSE,Unknown,EQ
TTFL,Trident Texofab Limited,INE071Y01013,BSE,Unknown,EQ
POOJA,Poojawestern Metaliks Limited,INE973X01012,BSE,Unknown,EQ
SAYAJIIND,Sayaji Industries Limited,INE327G01032,BSE,Unknown,EQ
VANTABIO,Vanta Bioscience Limited,INE695X01011,BSE,Unknown,EQ
MEHAI,Mehai Technology  Limited,INE062Y01020,BSE,Unknown,EQ
SGRL,Shree Ganesh Remedies Limited,INE414Y01015,BSE,Unknown,EQ
STL,Shreeji Translogistics Limited,INE402Y01028,BSE,Unknown,EQ
KAARYAFSL,Kaarya Facilities and Services Limited,INE282Y01016,BSE,Unknown,EQ
SBRANDS,Sanghvi Brands Limited,INE204Y01010,BSE,Unknown,EQ
SHARIKA,SHARIKA ENTERPRISES LIMITED,INE669Y01022,BSE,Unknown,EQ
ASPIRA,Aspira Pathlab & Diagnostics Limited,INE500C01017,BSE,Unknown,EQ
RATNABHUMI,Ratnabhumi Developers Limited,INE821Y01011,BSE,Unknown,EQ
MRCAGRO,MRC AGROTECH LIMITED,INE333Y01017,BSE,Unknown,EQ
DML,Diggi Multitrade Limited,INE158R01012,BSE,Unknown,EQ
CRYSTAL,CRYSTAL BUSINESS SYSTEM LIMITED,INE994R01028,BSE,Unknown,EQ
CHANDRIMA,Chandrima Mercantiles limited,INE371F01024,BSE,Unknown,EQ
RITHWIKFMS,Rithwik Facility Management Services Limited,INE819Y01015,BSE,Unknown,EQ
JFL,Jhandewalas Foods Limited,INE841Y01019,BSE,Unknown,EQ
TIRUFOAM,TIRUPATI FOAM LIMITED,INE115G01015,BSE,Unknown,EQ
SRUSTEELS,SRU Steels Limited,INE425C01017,BSE,Unknown,EQ
GGL,Gautam Gems Limited,INE063Z01017,BSE,Unknown,EQ
GUJHYSPIN,Gujarat Hy-Spin Limited,INE578V01013,BSE,Unknown,EQ
KENVI,Kenvi Jewels Limited,INE923Y01023,BSE,Unknown,EQ
IWP,The Indian Wood Products Co. Ltd.,INE586E01020,BSE,Unknown,EQ
TDSL,Tasty Dairy Specialities Limited,INE773Y01014,BSE,Unknown,EQ
BHATIA,Bhatia Communications & Retail (India) Limited,INE341Z01025,BSE,Unknown,EQ
YSL,The Yamuna Syndicate Ltd,INE868X01014,BSE,Unknown,EQ
KANCOTEA,KANCO TEA & INDUSTRIES LIMITED,INE398L01017,BSE,Unknown,EQ
ANGEL,Angel Fibers Limited,INE339Z01011,BSE,Unknown,EQ
INFLAME,Inflame Appliances Limited,INE464Z01017,BSE,Unknown,EQ
BPLPHARMA,Bharat Parenterals Limited,INE365Y01019,BSE,Unknown,EQ
ACFL,APEX CAPITAL AND FINANCE LIMITED,INE758W01019,BSE,Unknown,EQ
ACTIVE,Active Clothing Co  Limited,INE380Z01015,BSE,Unknown,EQ
BENARA,Benara Bearings and Pistons Limited,INE495Z01011,BSE,Unknown,EQ
LEX,Lex Nimble Solutions Limited,INE860Y01019,BSE,Unknown,EQ
TRL,Taylormade Renewables Limited,INE459Z01017,BSE,Unknown,EQ
DLCL,DR LALCHANDANI LABS LIMITED,INE871Z01013,BSE,Unknown,EQ
MILEFUR,Milestone Furniture Limited,INE424Z01011,BSE,Unknown,EQ
UHZAVERI,U. H. ZAVERI LIMITED,INE556Z01010,BSE,Unknown,EQ
PARVATI,Parvati Sweetners and Power Ltd.,INE295Z01015,BSE,Unknown,EQ
INNOVATORS,Innovators Facade Systems Limited,INE870Z01015,BSE,Unknown,EQ
UCIL,UNIFINZ CAPITAL INDIA LIMITED,INE926R01012,BSE,Unknown,EQ
PALMJEWELS,Palm Jewels Limited,INE838Z01012,BSE,Unknown,EQ
WAA,Waa Solar Limited,INE799N01012,BSE,Unknown,EQ
UNICK,Unick Fix-A- Form and Printers Limited,INE250G01010,BSE,Unknown,EQ
RAJNISH,Rajnish Wellness Limited,INE685Z01033,BSE,Unknown,EQ
GUJWIND,Gujarat Winding Systems Limited,INE173V01013,BSE,Unknown,EQ
STRAEXPO,Sophia Traexpo Limited,INE268X01017,BSE,Unknown,EQ
RAWEDGE,Raw Edge Industrial Solutions Limited,INE960Z01014,BSE,Unknown,EQ
SUPERSHAKT,Supershakti Metaliks Limited,INE00SY01011,BSE,Unknown,EQ
ASHNI,Ashnisha Industries Limited,INE694W01024,BSE,Unknown,EQ
RACONTEUR,RACONTEUR GLOBAL RESOURCES LIMITED,INE00WY01013,BSE,Unknown,EQ
VIVANTA,Vivanta Industries Limited,INE299W01022,BSE,Unknown,EQ
FRATELLI,Fratelli Vineyards Limited,INE401Z01019,BSE,Unknown,EQ
AMINTAN,AMIN TANNERY LIMITED,INE572Z01017,BSE,Unknown,EQ
DEEP,Deep Polymers Limited,INE00IY01012,BSE,Unknown,EQ
SMEL,Sungold Media and Entertainment Limited,INE266S01011,BSE,Unknown,EQ
ASRL,Add-Shop E-Retail Limited,INE01B501018,BSE,Unknown,EQ
SPACEINCUBA,Space Incubatrics Technologies Limited,INE797Z01010,BSE,Unknown,EQ
RANJEET,Ranjeet Mechatronics Limited,INE01A501027,BSE,Unknown,EQ
SETFSN50,SBI Mutual Fund,INF200KA1VQ2,BSE,Unknown,EQ
MACH,Mac Hotels Limited,INE004Z01011,BSE,Unknown,EQ
INNOVATIVE,Innovative Ideals and Services (India) Limited,INE492Y01011,BSE,Unknown,EQ
A1L,A-1 LIMITED,INE911Z01017,BSE,Unknown,EQ
DOLFIN,Dolfin Rubbers Limited,INE666Y01010,BSE,Unknown,EQ
SHUBHAM,Shubham Polyspin Limited,INE01J501010,BSE,Unknown,EQ
SMGOLD,S. M. Gold Limited,INE00Q901014,BSE,Unknown,EQ
VIVIDM,VIVID MERCANTILE LIMITED,INE647Z01025,BSE,Unknown,EQ
BCPL,BCPL Railway Infrastructure Limited,INE00SW01015,BSE,Unknown,EQ
PHOSPHATE,The Phosphate Company Limited,INE398C01016,BSE,Unknown,EQ
RONI,Roni Households Limited,INE02AP01013,BSE,Unknown,EQ
SKIFL,Shree Krishna Infrastructure Limited,INE951Z01013,BSE,Unknown,EQ
DGL,Diksha Greens Limited,INE01GR01018,BSE,Unknown,EQ
ARYAN,Aryan Share & Stock Brokers Ltd.,INE016X01010,BSE,Unknown,EQ
NIVAKA,NIVAKA FASHIONS LIMITED,INE139E01028,BSE,Unknown,EQ
DECCAN,Deccan Health Care Limited,INE452W01019,BSE,Unknown,EQ
HIKLASS,Hi-Klass Trading and Investment Limited,INE302R01024,BSE,Unknown,EQ
SPACAPS,SPA Capital Services Limited,INE726X01014,BSE,Unknown,EQ
AARSHYAM,Aar Shyam India Investment Company Limited,INE512R01010,BSE,Unknown,EQ
JONJUA,Jonjua Overseas Limited,INE793Z01027,BSE,Unknown,EQ
KRANTI,Kranti Industries Limited,INE911T01010,BSE,Unknown,EQ
GLEAM,Gleam Fabmat Limited,INE03CM01014,BSE,Unknown,EQ
MAHIP,Mahip Industries Limited,INE00CX01017,BSE,Unknown,EQ
AIHL,AMBASSADOR INTRA HOLDINGS LIMITED,INE342U01016,BSE,Unknown,EQ
JYOTIN,Jyot International Marketing Limited,INE043R01016,BSE,Unknown,EQ
AGOL,Ashapuri Gold Ornament Limited,INE05FR01029,BSE,Unknown,EQ
HBEL,Humming Bird Education Limited,INE02PC01027,BSE,Unknown,EQ
ROOPSHRI,Roopshri Resorts Limited,INE03WT01017,BSE,Unknown,EQ
CHANDNIMACH,Chandni Machines Limited,INE01GZ01011,BSE,Unknown,EQ
NSL,Northern Spirits Limited,INE01BL01012,BSE,Unknown,EQ
VRFILMS,V R FILMS & STUDIOS LIMITED,INE06LG01010,BSE,Unknown,EQ
GKP,G. K. P. Printing & Packaging Limited,INE05QJ01015,BSE,Unknown,EQ
EVANS,EVANS ELECTRIC LIMITED,INE06TD01010,BSE,Unknown,EQ
BMW,BMW INDUSTRIES LIMITED,INE374E01021,BSE,Unknown,EQ
AEPL,Artemis Electricals and Projects Limited,INE757T01025,BSE,Unknown,EQ
CHCL,Cian Healthcare Limited,INE05BN01019,BSE,Unknown,EQ
DEL,Dhanashree Electronics Limited,INE413F01016,BSE,Unknown,EQ
HARISH,Harish Textile Engineers Limited,INE01K301012,BSE,Unknown,EQ
PARSHVA,Parshva Enterprises Limited,INE05MV01019,BSE,Unknown,EQ
ARL,Anand Rayons Limited,INE02GA01012,BSE,Unknown,EQ
MURAE,Murae Organisor Limited,INE060601031,BSE,Unknown,EQ
CPML,CITY PULSE MULTIVENTURES LIMITED,INE056001014,BSE,Unknown,EQ
SKIEL,SK International Export Limited,INE04ST01013,BSE,Unknown,EQ
SNXT50BEES,Nippon India Mutual Fund,INF204KB15D0,BSE,Unknown,EQ
SEACOAST,SEACOAST SHIPPING SERVICES LIMITED,INE277T01024,BSE,Unknown,EQ
TRANSPACT,Transpact Enterprises Limited,INE06YD01010,BSE,Unknown,EQ
ALPHALOGIC,Alphalogic Techsys Limited,INE08E401029,BSE,Unknown,EQ
NOVATEOR,Novateor Research Laboratories Limited,INE08JY01013,BSE,Unknown,EQ
MISQUITA,Misquita Engineering Limited,INE957W01025,BSE,Unknown,EQ
GALACTICO,Galactico Corporate Services Limited,INE906Y01028,BSE,Unknown,EQ
VEL,Vaxfab Enterprises Limited,INE560T01015,BSE,Unknown,EQ
GOBLIN,GOBLIN INDIA LIMITED,INE492Z01018,BSE,Unknown,EQ
SHAHLON,Shahlon Silk Industries Limited,INE052001026,BSE,Unknown,EQ
MOUNT,MOUNT HOUSING AND INFRASTRUCTURE LIMITED,INE444X01014,BSE,Unknown,EQ
ANUROOP,Anuroop Packaging Limited,INE490Z01012,BSE,Unknown,EQ
COLAB,COLAB PLATFORMS LIMITED,INE317W01030,BSE,Unknown,EQ
EASUN,Easun Capital Markets Limited,INE771C01014,BSE,Unknown,EQ
VALENCIA,Valencia Nutrition Limited,INE08RT01016,BSE,Unknown,EQ
ASSAMENT,Assam Entrade Limited,INE165G01010,BSE,Unknown,EQ
GIANLIFE,Gian Life Care Limited,INE063601012,BSE,Unknown,EQ
TRANWAY21,TRANWAY21 TECHNOLOGIES LIMITED,INE0BIW01023,BSE,Unknown,EQ
VARDHANCFL,Vardhan Capital & Finance Limited,INE128G01018,BSE,Unknown,EQ
CBPL,Chandra Bhagat Pharma Limited,INE07QQ01016,BSE,Unknown,EQ
OCTAVIUSPL,Octavius Plantations Limited,INE117S01016,BSE,Unknown,EQ
SMAUTO,SM Auto Stamping Limited,INE0C4I01011,BSE,Unknown,EQ
ROJL,RO Jewels Limited,INE0BDU01028,BSE,Unknown,EQ
COSPOWER,Cospower Engineering Limited,INE0CQB01010,BSE,Unknown,EQ
NIRMITEE,Nirmitee Robotics India Limited,INE0CPQ01010,BSE,Unknown,EQ
NATURAL,Natural Biocon (India) Limited,INE06MM01016,BSE,Unknown,EQ
BILLWIN,Billwin Industries Limited,INE0CRS01012,BSE,Unknown,EQ
BONLON,BONLON INDUSTRIES LIMITED,INE0B9A01018,BSE,Unknown,EQ
SAMRATFORG,Samrat Forgings Limited,INE412J01010,BSE,Unknown,EQ
ADVAIT,ADVAIT ENERGY TRANSITIONS LIMITED,INE0ALI01010,BSE,Unknown,EQ
GMPL,G M Polyplast Limited,INE0E2801015,BSE,Unknown,EQ
VGIL,Veer Global Infraconstruction Limited,INE244W01010,BSE,Unknown,EQ
SHINEFASH,Shine Fashions (India) Limited,INE0BLY01023,BSE,Unknown,EQ
NETPIX,Net Pix Shorts Digital Media Limited,INE0D5F01013,BSE,Unknown,EQ
RFLL,RITA FINANCE AND LEASING LIMITED,INE018S01016,BSE,Unknown,EQ
MRP,MRP Agro Limited,INE0D7801012,BSE,Unknown,EQ
ADJIA,Adjia Technologies Limited,INE0G0V01018,BSE,Unknown,EQ
SUUMAYA,SUUMAYA CORPORATION LIMITED,INE0EMB01015,BSE,Unknown,EQ
NIKSTECH,Niks Technology Limited,INE0GX601011,BSE,Unknown,EQ
EKI,EKI Energy Services Limited,INE0CPR01018,BSE,Unknown,EQ
RCAN,Rajeshwari Cans Limited,INE0CQ101015,BSE,Unknown,EQ
JETMALL,Jetmall Spices and Masala Limited,INE0D9X01018,BSE,Unknown,EQ
KGES,Kuberan Global Edu Solutions Limited,INE04CO01018,BSE,Unknown,EQ
ADESHWAR,Adeshwar Meditex Limited,INE0H8J01015,BSE,Unknown,EQ
FOCUS,Focus Business Solution Limited,INE0DXR01010,BSE,Unknown,EQ
AAPLUSTRAD,AA Plus Tradelink Limited,INE0C5901022,BSE,Unknown,EQ
ROLEXRINGS,Rolex Rings Limited,INE645S01024,BSE,Unknown,EQ
SHARPLINE,SHARPLINE BROADCAST LIMITED,INE647W01014,BSE,Unknown,EQ
AASHKA,Aashka Hospitals Limited,INE0EAX01014,BSE,Unknown,EQ
NBL,Naapbooks Limited,INE0GOA01018,BSE,Unknown,EQ
POBS,PlatinumOne Business Services Limited,INE0DTJ01015,BSE,Unknown,EQ
MARKOLINES,Markolines Pavement Technologies Limited,INE0FW001016,BSE,Unknown,EQ
SBLI,SBL Infratech Limited,INE0DLM01024,BSE,Unknown,EQ
GETALONG,Getalong Enterprise Limited,INE0H1201020,BSE,Unknown,EQ
SVRL,Shri Venkatesh Refineries Limited,INE0HLJ01013,BSE,Unknown,EQ
PROMAX,Promax Power Limited,INE0I2F01015,BSE,Unknown,EQ
SAMOR,Samor Reality Limited,INE0GD201014,BSE,Unknown,EQ
ADISHAKTI,Adishakti Loha and Ispat Limited,INE0CWK01019,BSE,Unknown,EQ
CWD,CWD Limited,INE0H8H01019,BSE,Unknown,EQ
SGFRL,Suyog Gurbaxani Funicular Ropeways Limited,INE07GA01011,BSE,Unknown,EQ
OMNIPOTENT,Omnipotent Industries Limited,INE0JFE01012,BSE,Unknown,EQ
DMR,DMR ENGINEERING LIMITED,INE07L501010,BSE,Unknown,EQ
CLARA,CLARA INDUSTRIES LIMITED,INE0JJS01014,BSE,Unknown,EQ
WITS,Wherrelz IT Solutions Limited,INE0IM001015,BSE,Unknown,EQ
ASCENSIVE,Ascensive Educare Limited,INE0E4I01027,BSE,Unknown,EQ
FABINO,FABINO ENTERPRISES LIMITED,INE0DRT01018,BSE,Unknown,EQ
ALKOSIGN,ALKOSIGN LIMITED,INE0KA601012,BSE,Unknown,EQ
QRIL,Quality RO Industries Limited,INE0KAF01018,BSE,Unknown,EQ
SSTL,Safa Systems & Technologies Limited,INE0JNA01014,BSE,Unknown,EQ
SPITZE,Maruti Interior Products Limited,INE0JSJ01014,BSE,Unknown,EQ
EKENNIS,Ekennis Software Service Limited,INE0KCM01010,BSE,Unknown,EQ
BCCL,Bhatia Colour Chem Limited,INE0KQ001017,BSE,Unknown,EQ
ACHYUT,Achyut Healthcare Limited,INE0K1401020,BSE,Unknown,EQ
EVOQ,Evoq Remedies Limited,INE0JVD01011,BSE,Unknown,EQ
SEML,Sunrise Efficient Marketing Limited,INE0KPY01017,BSE,Unknown,EQ
DHYAANITR,DHYAANI TRADEVENTTURES LIMITED,INE0K5F01014,BSE,Unknown,EQ
EIGHTY,Eighty Jewellers Limited,INE0KSN01014,BSE,Unknown,EQ
SFSL,Shashwat Furnishing Solutions Limited,INE0JMN01019,BSE,Unknown,EQ
GLHRL,Global Longlife Hospital and Research Limited,INE0J2K01014,BSE,Unknown,EQ
FONE4,Fone4 Communications (India) Limited,INE0L3H01014,BSE,Unknown,EQ
TIERRA,Tierra Agrotech Limited,INE05CY01014,BSE,Unknown,EQ
SILVERPRL,Silver Pearl Hospitality & Luxury Spaces Limited,INE0KXN01014,BSE,Unknown,EQ
SCARNOSE,Scarnose International Limited,INE0IXR01019,BSE,Unknown,EQ
GOEL,Goel Food Products Limited,INE0K6L01010,BSE,Unknown,EQ
MODIS,MODI’S NAVNIRMAN LIMITED,INE0L0L01012,BSE,Unknown,EQ
PGCRL,Pearl Green Clubs and Resorts Limited,INE0GTX01019,BSE,Unknown,EQ
SAILANI,SAILANI TOURS N TRAVELS LIMITED,INE0KHQ01010,BSE,Unknown,EQ
KESAR,KESAR INDIA LIMITED,INE0L1C01019,BSE,Unknown,EQ
BRRL,B-RIGHT REALESTATE LIMITED,INE0IZQ01016,BSE,Unknown,EQ
JAYANT,JAYANT INFRATECH LIMITED,INE0KR801019,BSE,Unknown,EQ
VEERKRUPA,Veerkrupa Jewellers Limited,INE0ID001024,BSE,Unknown,EQ
HEALTHYLIFE,HEALTHY LIFE AGRITEC LIMITED,INE0L3501015,BSE,Unknown,EQ
MOQUALITY,Motilal Oswal Mutual Fund,INF247L01BH8,BSE,Unknown,EQ
OLATECH,Olatech Solutions Limited,INE0M3901015,BSE,Unknown,EQ
NATURO,NATURO INDIABULL LIMITED,INE0JNB01012,BSE,Unknown,EQ
DPL,DIPNA PHARMACHEM LIMITED,INE0MC401013,BSE,Unknown,EQ
EPBIO,EP BIOCOMPOSITES LIMITED,INE0D2I01014,BSE,Unknown,EQ
VOEPL,Virtuoso Optoelectronics Limited,INE0I0T01010,BSE,Unknown,EQ
SISL,SHANTIDOOT INFRA SERVICES LIMITED,INE0LU301014,BSE,Unknown,EQ
CONTAINE,CONTAINE TECHNOLOGIES LIMITED,INE0M8901010,BSE,Unknown,EQ
MAFIA,MAFIA TRENDS LIMITED,INE0KQQ01011,BSE,Unknown,EQ
SRSOLTD,SILICON RENTAL SOLUTIONS LIMITED,INE0MNV01014,BSE,Unknown,EQ
TLL,Trident Lifeline Limited,INE0MKA01014,BSE,Unknown,EQ
CARGOTRANS,Cargotrans Maritime Limited,INE0M4L01013,BSE,Unknown,EQ
CNCRD,Concord Control Systems Limited,INE0N0J01014,BSE,Unknown,EQ
INA,INSOLATION ENERGY LIMITED,INE0LGX01024,BSE,Unknown,EQ
CARGOSOL,Cargosol Logistics Limited,INE0KZM01011,BSE,Unknown,EQ
STML,STEELMAN TELECOM LIMITED,INE0MSK01016,BSE,Unknown,EQ
VEDANTASSET,VEDANT ASSET LIMITED,INE0NC801013,BSE,Unknown,EQ
PACE,PACE E-COMMERCE VENTURES LIMITED,INE0N1L01018,BSE,Unknown,EQ
DAPS,DAPS ADVERTISING LIMITED,INE975Z01012,BSE,Unknown,EQ
TECHNOPACK,Technopack Polymers Limited,INE0MXP01015,BSE,Unknown,EQ
AMBOAGRI,AMBO AGRITEC LIMITED,INE0N6V01016,BSE,Unknown,EQ
GARGI,PNGS GARGI FASHION JEWELLERY LIMITED,INE0NT601018,BSE,Unknown,EQ
DRONACHRYA,Droneacharya Aerial Innovations Limited,INE0MQD01015,BSE,Unknown,EQ
AVEER,Aveer Foods Limited,INE09BN01011,BSE,Unknown,EQ
SVS,SVS VENTURES LIMITED,INE0MID01012,BSE,Unknown,EQ
LOGICA,LOGICA INFOWAY LIMITED,INE0BSU01018,BSE,Unknown,EQ
DHARNI,DHARNI CAPITAL SERVICES LIMITED,INE0M9Q01011,BSE,Unknown,EQ
TRANSVOY,TRANSVOY LOGISTICS INDIA LIMITED,INE0MPU01011,BSE,Unknown,EQ
EARTH,Earthstahl & Alloys Limited,INE0O4V01010,BSE,Unknown,EQ
ASHIKA,Ashika Credit Capital Ltd.,INE094B01013,BSE,Unknown,EQ
INDONG,INDONG TEA COMPANY LIMITED,INE0KN201016,BSE,Unknown,EQ
SEALMATIC,Sealmatic India Limited,INE0O4601016,BSE,Unknown,EQ
ROBU,Macfos Limited,INE0OLH01013,BSE,Unknown,EQ
PATRON,Patron Exim Limited,INE0NPA01011,BSE,Unknown,EQ
SVJ,S.V.J.ENTERPRISES LIMITED,INE0JZS01010,BSE,Unknown,EQ
AMANAYA,AMANAYA VENTURES LIMITED,INE0G1V01016,BSE,Unknown,EQ
ITCONS,ITCONS E-Solutions Limited,INE0O6A01019,BSE,Unknown,EQ
PCL,PROSPECT CONSUMER PRODUCTS LIMITED,INE0OKG01017,BSE,Unknown,EQ
SUDARSHAN,SUDARSHAN PHARMA INDUSTRIES LIMITED,INE00TV01023,BSE,Unknown,EQ
LABELKRAFT,LABELKRAFT TECHNOLOGIES LIMITED,INE0NLJ01011,BSE,Unknown,EQ
BRIGHT,Bright Outdoor Media Limited,INE0OMI01019,BSE,Unknown,EQ
COMMAND,Command Polymers Limited,INE0LKQ01012,BSE,Unknown,EQ
DEVLAB,Dev Labtech Venture Limited,INE0NIJ01017,BSE,Unknown,EQ
JAFINANCE,J.A. Finance Limited,INE825B01010,BSE,Unknown,EQ
MAIDEN,Maiden Forgings Limited,INE0O1T01010,BSE,Unknown,EQ
EXHICON,Exhicon Events Media Solutions Limited,INE0O8901016,BSE,Unknown,EQ
SANCODE,Sancode Technologies Limited,INE0P7001013,BSE,Unknown,EQ
INNOKAIZ,INNOKAIZ INDIA LIMITED,INE0LDI01022,BSE,Unknown,EQ
SWATIPRO,Swati Projects Limited,INE210F01016,BSE,Unknown,EQ
HSIL,Hemant Surgical Industries Limited,INE0GYI01028,BSE,Unknown,EQ
SIGMA,SIGMA SOLVE LIMITED,INE0A0S01028,BSE,Unknown,EQ
CFF,CFF FLUID CONTROL LIMITED,INE0NJ001013,BSE,Unknown,EQ
COMRADE,Comrade Appliances Limited,INE0NXA01015,BSE,Unknown,EQ
SONALIS,Sonalis Consumer Products Limited,INE0N5O01013,BSE,Unknown,EQ
BIZOTIC,Bizotic Commercial Limited,INE0OJ401014,BSE,Unknown,EQ
ASIAN,Asian Warehousing Limited,INE04Z101016,BSE,Unknown,EQ
COSMICCRF,Cosmic CRF Limited,INE0ORA01015,BSE,Unknown,EQ
VEEFIN,VEEFIN SOLUTIONS LIMITED,INE0Q0M01015,BSE,Unknown,EQ
MACIND,Machhar Industries Limited,INE01BT01015,BSE,Unknown,EQ
ALPHAIND,ALPHALOGIC INDUSTRIES LIMITED,INE0NZF01019,BSE,Unknown,EQ
ACCELERATE,ACCELERATEBS INDIA LIMITED,INE0POP01017,BSE,Unknown,EQ
KAKA,Kaka Industries Limited,INE0P3N01018,BSE,Unknown,EQ
AHASOLAR,AHASOLAR TECHNOLOGIES LIMITED,INE0NEV01011,BSE,Unknown,EQ
ASARFI,ASARFI HOSPITAL LIMITED,INE0DN001027,BSE,Unknown,EQ
KHAZANCHI,Khazanchi Jewellers Limited,INE0OWC01011,BSE,Unknown,EQ
SHELTER,SHELTER PHARMA LIMITED,INE013V01011,BSE,Unknown,EQ
SHOORA,Shoora Designs Limited,INE0OJZ01019,BSE,Unknown,EQ
BONDADA,Bondada Engineering Limited,INE0Q8P01029,BSE,Unknown,EQ
SHRAAITECH,Shradha AI Technologies Limited,INE489B01031,BSE,Unknown,EQ
RATNAVEER,Ratnaveer Precision Engineering Limited,INE05CZ01011,BSE,Unknown,EQ
KAHAN,Kahan Packaging Limited,INE04T901017,BSE,Unknown,EQ
QUESTFLOW,QUEST FLOW CONTROLS LIMITED,INE0OYE01013,BSE,Unknown,EQ
ARCL,ARCL Organics Ltd,INE372M01010,BSE,Unknown,EQ
CCAL,CITY CROPS AGRO LIMITED,INE0M7501019,BSE,Unknown,EQ
SUNITATOOL,Sunita Tools Limited,INE0Q1S01010,BSE,Unknown,EQ
VIVAA,Vivaa Tradecom Limited,INE0PA601017,BSE,Unknown,EQ
VPL,Vrundavan Plantation Limited,INE0Q6901013,BSE,Unknown,EQ
KKSHL,KK Shah Hospitals Limited,INE0OH401016,BSE,Unknown,EQ
MISHDESIGN,Mish Designs Limited,INE0QI101019,BSE,Unknown,EQ
KALYANI,Kalyani Cast-Tech Limited,INE0N6U01018,BSE,Unknown,EQ
ARROWHEAD,Arrowhead Seperation Engineering Limited,INE0PP401015,BSE,Unknown,EQ
SPL,Swashthik Plascon Limited,INE0RDR01012,BSE,Unknown,EQ
DEEPAKCHEM,DEEPAK CHEMTEX LIMITED,INE0RDM01013,BSE,Unknown,EQ
AMIC,Amic Forging Limited,INE0P9J01013,BSE,Unknown,EQ
SIYARAM,Siyaram Recycling Industries Limited,INE0QSK01017,BSE,Unknown,EQ
BENCHMARK,Benchmark Computer Solutions Limited,INE0Q2Z01013,BSE,Unknown,EQ
SMARITIME,Sahara Maritime Limited,INE0PSJ01011,BSE,Unknown,EQ
SHANTIDENM,SHANTI SPINTEX LIMITED,INE0QZQ01019,BSE,Unknown,EQ
AIKPIPES,AIK Pipes and Polymers Limited,INE0QFT01015,BSE,Unknown,EQ
MCPL,Manoj Ceramic Limited,INE0A6N01026,BSE,Unknown,EQ
SBVCL,Shri Balaji Valve Components Limited,INE0RNZ01014,BSE,Unknown,EQ
SWANAGRO,New Swan Multitech Limited,INE0GEN01012,BSE,Unknown,EQ
SHPLPUNE,Sayaji Hotels (Pune) Limited,INE07G501017,BSE,Unknown,EQ
QLL,Qualitek Labs Limited,INE0Q1R01012,BSE,Unknown,EQ
EUPHORIAIT,Euphoria Infotech (India) Limited,INE0PYT01018,BSE,Unknown,EQ
BRISK,Brisk Technovision Limited,INE0Q6L01014,BSE,Unknown,EQ
HARSHDEEP,HARSHDEEP HORTICO LIMITED,INE0OLZ01015,BSE,Unknown,EQ
MCFL,Mayank Cattle Food Limited,INE0R5Z01015,BSE,Unknown,EQ
GPSL,Gabriel Pet Straps Limited,INE0QZF01012,BSE,Unknown,EQ
JGTL,JASCH GAUGING TECHNOLOGIES LIMITED,INE0QXV01014,BSE,Unknown,EQ
RUDRAGAS,Rudra Gas Enterprise Limited,INE0OYK01010,BSE,Unknown,EQ
KOURA,KOURA FINE DIAMOND JEWELRY LIMITED,INE0M8R01011,BSE,Unknown,EQ
PESB,Pune E - Stock Broking Limited,INE510U01018,BSE,Unknown,EQ
ROYAL,Royal Sense Limited,INE0QQG01019,BSE,Unknown,EQ
KPGEL,KP GREEN ENGINEERING LIMITED,INE0QVH01025,BSE,Unknown,EQ
CHATHA,CHATHA FOODS LIMITED,INE0AH901011,BSE,Unknown,EQ
GCONNECT,Gconnect Logitech and Supply Chain Limited,INE0QHY01011,BSE,Unknown,EQ
VRUDDHI,Vruddhi Engineering Works Limited,INE0OMZ01013,BSE,Unknown,EQ
JAYKAILASH,Jay Kailash Namkeen Limited,INE0MSS01019,BSE,Unknown,EQ
GVL,Greenhitech Ventures Limited,INE0S0701019,BSE,Unknown,EQ
FAALCON,Faalcon Concepts Limited,INE0Q9W01015,BSE,Unknown,EQ
SHIVAM,SHIVAM CHEMICALS LIMITED,INE0SGR01013,BSE,Unknown,EQ
EMMFORCE,EMMFORCE AUTOTECH LIMITED,INE0SDC01012,BSE,Unknown,EQ
VARYAA,VARYAA CREATIONS LIMITED,INE0R6801013,BSE,Unknown,EQ
AMKAY,Amkay Products Limited,INE0QSB01016,BSE,Unknown,EQ
SAI,Sai Swami Metals and Alloys Limited,INE0QXT01018,BSE,Unknown,EQ
STAL,Storage Technologies and Automation Limited,INE0RGM01016,BSE,Unknown,EQ
FTL,Finelistings Technologies Limited,INE0QOQ01013,BSE,Unknown,EQ
TGIF,TGIF AGRIBUSINESS LIMITED,INE0SMU01015,BSE,Unknown,EQ
AZTEC,Aztec Fluids & Machinery Limited,INE0SCB01016,BSE,Unknown,EQ
PIOTEX,PIOTEX INDUSTRIES LIMITED,INE0R4W01015,BSE,Unknown,EQ
ASSOCIATED,Associated Coaters Limited,INE0RIQ01013,BSE,Unknown,EQ
ADTECH,ADTECH SYSTEMS LIMITED,INE257C01014,BSE,Unknown,EQ
TOTEM,Forbes Precision Tools and Machine Parts Limited,INE0TT901016,BSE,Unknown,EQ
MAGENTA,Magenta Lifecare Limited,INE0QZ901011,BSE,Unknown,EQ
SATTRIX,SATTRIX INFORMATION SECURITY LIMITED,INE0QUV01010,BSE,Unknown,EQ
PURPLEFIN,Purple Finance Limited,INE0CYK01015,BSE,Unknown,EQ
COTFAB,United Cotfab Limited,INE0S0I01011,BSE,Unknown,EQ
GEMENVIRO,GEM Enviro Management Limited,INE0RUJ01013,BSE,Unknown,EQ
DFPL,DINDIGUL FARM PRODUCT LIMITED,INE0S6R01027,BSE,Unknown,EQ
NPL,National Peroxide Limited,INE0PO601011,BSE,Unknown,EQ
ACLD,AELEA COMMODITIES LIMITED,INE0T3401029,BSE,Unknown,EQ
VVIPIL,VVIP Infratech Limited,INE0MNP01016,BSE,Unknown,EQ
CTLLAB,Clinitech Laboratory Limited,INE0QMR01015,BSE,Unknown,EQ
KIZI,Kizi Apparels Limited,INE0RMR01013,BSE,Unknown,EQ
AFCOM,Afcom Holdings Limited,INE0OXY01013,BSE,Unknown,EQ
BROACH,BROACH LIFECARE HOSPITAL LIMITED,INE0SFZ01018,BSE,Unknown,EQ
RAL,Resourceful Automobile Limited,INE0SK201011,BSE,Unknown,EQ
RAPID,RAPID MULTIMODAL LOGISTICS LIMITED,INE0QA901010,BSE,Unknown,EQ
TRAVELS,Travels & rentals Limited,INE0SG001011,BSE,Unknown,EQ
NHL,Naturewings Holidays Limited,INE0N4701016,BSE,Unknown,EQ
MCEL,MACH CONFERENCES AND EVENTS LIMITED,INE0UYT01018,BSE,Unknown,EQ
SSL,Share Samadhan Limited,INE0LY301010,BSE,Unknown,EQ
SAFE,Sodhani Academy of Fintech Enablers Limited,INE0Q3401017,BSE,Unknown,EQ
PFL,POPULAR FOUNDATIONS LIMITED,INE0PZB01013,BSE,Unknown,EQ
NEXXUS,Nexxus Petro Industries Limited,INE0QUL01011,BSE,Unknown,EQ
SUBAM,SUBAM PAPERS LIMITED,INE0U6201010,BSE,Unknown,EQ
NPFL,NEOPOLITAN PIZZA AND FOODS LIMITED,INE471R01019,BSE,Unknown,EQ
KGVL,Khyati Global Ventures Limited,INE0S9501014,BSE,Unknown,EQ
SHIVTEXCHEM,SHIV TEXCHEM LIMITED,INE0YRO01015,BSE,Unknown,EQ
ABINFRA,A B INFRABUILD LIMITED,INE00YB01025,BSE,Unknown,EQ
MANGALCOMP,Mangal Compusolution Limited,INE0RU901015,BSE,Unknown,EQ
RAJESH,RAJESH POWER SERVICES LIMITED,INE0VN801010,BSE,Unknown,EQ
NISUS,NISUS FINANCE SERVICES CO LIMITED,INE0DQN01013,BSE,Unknown,EQ
TTC,TOSS THE COIN LIMITED,INE0XAY01012,BSE,Unknown,EQ
JUNGLECAMP,JUNGLE CAMPS INDIA LIMITED,INE0WCH01015,BSE,Unknown,EQ
HILLTONE,Hilltone Software and Gases Ltd,INE168C01013,BSE,Unknown,EQ
YASHHV,Yash Highvoltage Limited,INE00GK01023,BSE,Unknown,EQ
HAMPS,HAMPS BIO LIMITED,INE0QBD01018,BSE,Unknown,EQ
NACDAC,NACDAC Infrastructure Limited,INE0LB101011,BSE,Unknown,EQ
CITICHEM,Citichem India Limited,INE0A8401016,BSE,Unknown,EQ
TECHNICHEM,TECHNICHEM ORGANICS LIMITED,INE0ZHT01012,BSE,Unknown,EQ
VANDU,LEO DRYFRUITS & SPICES TRADING LIMITED,INE0RH001011,BSE,Unknown,EQ
PARMESHWAR,PARMESHWAR METAL LIMITED,INE0QQJ01021,BSE,Unknown,EQ
DAVIN,Davin Sons Retail Limited,INE0Q2L01013,BSE,Unknown,EQ
FABCLEAN,FABTECH TECHNOLOGIES CLEANROOMS LIMITED,INE0HSD01011,BSE,Unknown,EQ
INDOBELL,Indobell Insulations Limited,INE0FK501019,BSE,Unknown,EQ
BRGIL,B.R.GOYAL INFRASTRUCTURE LIMITED,INE00ST01011,BSE,Unknown,EQ
AVAX,Avax Apparels and Ornaments Limited,INE0NQ401016,BSE,Unknown,EQ
RIKHAV,Rikhav Securities Limited,INE0CFH01028,BSE,Unknown,EQ
LGLL,LANDMARK GLOBAL LEARNING LIMITED,INE12QA01010,BSE,Unknown,EQ
CNINFOTECH,CAPITALNUMBERS INFOTECH  LIMITED,INE0WXM01011,BSE,Unknown,EQ
CLN,CLN ENERGY LIMITED,INE0WDX01010,BSE,Unknown,EQ
GBLOGISTIC,GB Logistics Commerce Limited,INE0RWU01016,BSE,Unknown,EQ
HMEML,H.M. ELECTRO MECH LIMITED,INE0DZD01015,BSE,Unknown,EQ
MALPANI,MALPANI PIPES AND FITTINGS LIMITED,INE0YON01014,BSE,Unknown,EQ
AMWILL,Amwill Health Care Limited,INE0U2L01017,BSE,Unknown,EQ
SOLARIUM,SOLARIUM GREEN ENERGY LIMITED,INE0W0H01017,BSE,Unknown,EQ
COVANCE,COVANCE SOFTSOL LIMITED,INE0R8101016,BSE,Unknown,EQ
SHANMUGA,SHANMUGA HOSPITAL LIMITED,INE0TD301017,BSE,Unknown,EQ
LKMEHTA,L.K.MEHTA POLYMERS LIMITED,INE0FFF01017,BSE,Unknown,EQ
SWASTH,Swasth Foodtech India Limited,INE0TIR01017,BSE,Unknown,EQ
BEEZAASAN,Beezaasan Explotech Limited,INE13VU01016,BSE,Unknown,EQ
NUKLEUS,NUKLEUS OFFICE SOLUTIONS LIMITED,INE0VYX01018,BSE,Unknown,EQ
VIKRAMAR,VIKRAM AROMA LIMITED,INE0NR501012,BSE,Unknown,EQ
NAPSGLOBAL,NAPS Global India Limited,INE0VNH01014,BSE,Unknown,EQ
PSPL,PDP Shipping & Projects Limited,INE0ABU01016,BSE,Unknown,EQ
SUPERIRON,Super Iron Foundry Limited,INE16IQ01014,BSE,Unknown,EQ
DESCO,Desco Infratech Limited,INE0TGG01014,BSE,Unknown,EQ
IDENTIXWEB,Identixweb Limited,INE0PA401012,BSE,Unknown,EQ
SPINAROO,SPINAROO COMMERCIAL LIMITED,INE10XX01012,BSE,Unknown,EQ
INFONATIVE,INFONATIVE SOLUTIONS LIMITED,INE12IB01015,BSE,Unknown,EQ
KENRIK,Kenrik Industries Limited,INE0AOG01018,BSE,Unknown,EQ
SRIGEE,SRIGEE DLM LIMITED,INE0RJ901010,BSE,Unknown,EQ
MANOJJEWEL,Manoj Jewellers Limited,INE0MV001018,BSE,Unknown,EQ
UNIFIED,UNIFIED DATA TECH SOLUTIONS LIMITED,INE1ABX01018,BSE,Unknown,EQ
ASTONEALAB,ASTONEA LABS LIMITED,INE0TG901011,BSE,Unknown,EQ
ATENPAPERS,Aten Papers & Foam Limited,INE0XCV01014,BSE,Unknown,EQ
ABRFL,Abram Food Limited,INE0ZDY01011,BSE,Unknown,EQ
AJCJEWEL,AJC Jewel Manufacturers Limited,INE0XRR01010,BSE,Unknown,EQ
ICON,Icon Facilitators Limited,INE0Y0E01012,BSE,Unknown,EQ
SEVL,SUPERTECH EV LIMITED,INE0SC101013,BSE,Unknown,EQ
ACEALPHA,Ace Alpha Tech Limited,INE0S9X01011,BSE,Unknown,EQ
VALINDIA,Valencia India Limited,INE130701019,BSE,Unknown,EQ
NEETUYOSHI,Neetu Yoshi Limited,INE0UZO01024,BSE,Unknown,EQ
ADCOUNTY,ADCOUNTY MEDIA INDIA LIMITED,INE0W1601012,BSE,Unknown,EQ
VANDAN,VANDAN FOODS LIMITED,INE0RDJ01019,BSE,Unknown,EQ
CRYOGENIC,CRYOGENIC OGS LIMITED,INE0TL001013,BSE,Unknown,EQ
METAINFO,META INFOTECH LIMITED,INE162901016,BSE,Unknown,EQ
CHEMKART,Chemkart India Limited,INE0VWL01017,BSE,Unknown,EQ
GLEN,Glen Industries Limited,INE0UMC01019,BSE,Unknown,EQ
APL,ASSTON PHARMACEUTICALS LIMITED,INE0SJX01015,BSE,Unknown,EQ
ADVENTHTL,Advent Hotels International Limited,INE28GN01010,BSE,Unknown,EQ
MONIKA,MONIKA ALCOBEV LIMITED,INE0LCG01010,BSE,Unknown,EQ
SWASTIKAAL,Swastika Castal Limited,INE0PTF01017,BSE,Unknown,EQ
MSECL,Monarch Surveyors and Engineering Consultants Limited,INE0V0L01028,BSE,Unknown,EQ
PATELCHEM,PATEL CHEM SPECIALITIES LIMITED,INE161701011,BSE,Unknown,EQ
UML,Umiya Mobile Limited,INE1P1A01018,BSE,Unknown,EQ
NSDL,National Securities Depository Limited,INE301O01023,BSE,Unknown,EQ
BDI,B. D. Industries (Pune) Limited,INE1LJ801017,BSE,Unknown,EQ
TAKYON,TAKYON NETWORKS LIMITED,INE14OX01013,BSE,Unknown,EQ
MEHUL,MEHUL COLOURS LIMITED,INE1KH601014,BSE,Unknown,EQ
BLT,BLT Logistics Limited,INE0W4K01013,BSE,Unknown,EQ
ESSEX,ESSEX MARINE LIMITED,INE1IBY01019,BSE,Unknown,EQ
STARIMAGIN,STAR IMAGING AND PATH LAB LIMITED,INE0YG001013,BSE,Unknown,EQ
ICODEX,ICODEX PUBLISHING SOLUTIONS LIMITED,INE111601014,BSE,Unknown,EQ
LGT,LGT Business Connextions Limited,INE191201016,BSE,Unknown,EQ
GLOBTIER,Globtier Infotech limited,INE12P601017,BSE,Unknown,EQ
NISMGMT,NIS MANAGEMENT LIMITED,INE0M3X01010,BSE,Unknown,EQ
OVAL,OVAL PROJECTS ENGINEERING LIMITED,INE0RTI01017,BSE,Unknown,EQ
ABRIL,ABRIL PAPER TECH LIMITED,INE15MX01014,BSE,Unknown,EQ
SUGSLLOYD,SUGS LLOYD LIMITED,INE0XX801016,BSE,Unknown,EQ
RACHIT,Rachit Prints Limited,INE0ZN101029,BSE,Unknown,EQ
GOELCONS,GOEL CONSTRUCTION COMPANY LIMITED,INE0ZOM01013,BSE,Unknown,EQ
SHARVAYA,SHARVAYA METALS LIMITED,INE0UJF01018,BSE,Unknown,EQ
VASHISHTHA,VASHISHTHA LUXURY FASHION LIMITED,INE0WRP01016,BSE,Unknown,EQ
KRUPALU,Krupalu Metals Limited,INE0XZB01017,BSE,Unknown,EQ
NCML,NILACHAL CARBO METALICKS LIMITED,INE346R01013,BSE,Unknown,EQ
KARBON,Karbonsteel Engineering Limited,INE0V8A01016,BSE,Unknown,EQ
AIRFLOA,AIRFLOA RAIL TECHNOLOGY LIMITED,INE0XBS01012,BSE,Unknown,EQ
LTELEVATOR,L. T. ELEVATOR LIMITED,INE0TJ801010,BSE,Unknown,EQ
SAMPAT,SAMPAT ALUMINIUM LIMITED,INE10XS01012,BSE,Unknown,EQ
JDCABLES,JD CABLES LIMITED,INE14VP01014,BSE,Unknown,EQ
TRUECOLORS,TRUE COLORS LIMITED,INE1LDV01015,BSE,Unknown,EQ
BHARATROHAN,BHARATROHAN AIRBORNE INNOVATIONS LIMITED,INE0QMV01017,BSE,Unknown,EQ
JUSTO,Justo Realfintech Limited,INE0W5Q01017,BSE,Unknown,EQ
TRUALT,TRUALT BIOENERGY LIMITED,INE0MWH01014,BSE,Unknown,EQ
JKIPL,Jinkushal Industries Limited,INE1FF001016,BSE,Unknown,EQ
PACEDIGITK,Pace Digitek Limited,INE0S3G01027,BSE,Unknown,EQ
DHILLON,Dhillon Freight Carrier Limited,INE0SPJ01011,BSE,Unknown,EQ
GLOTTIS,Glottis Limited,INE0TQE01026,BSE,Unknown,EQ
FABTECH,Fabtech Technologies Limited,INE0HF201011,BSE,Unknown,EQ
ADVANCE,Advance Agrolife Limited,INE1B0W01010,BSE,Unknown,EQ
TMCV,Tata Motors Limited,INE1TAE01010,BSE,Unknown,EQ
WEWORK,WeWork India Management Limited,INE085001019,BSE,Unknown,EQ
TATACAP,Tata Capital Limited,INE976I01016,BSE,Unknown,EQ
LGEINDIA,LG Electronics India Limited,INE324D01010,BSE,Unknown,EQ
RUBICON,RUBICON RESEARCH LIMITED,INE506V01022,BSE,Unknown,EQ
CRAMC,Canara Robeco Asset Management Company Limited,INE218I01013,BSE,Unknown,EQ
FLEXIADD,DSP Mutual Fund,INF740KA1WU9,BSE,Unknown,EQ
SHLOKKA,SHLOKKA DYES LIMITED,INE1EUB01016,BSE,Unknown,EQ
CANHLIFE,Canara HSBC Life Insurance Company Limited,INE01TY01017,BSE,Unknown,EQ
SKM,SK Minerals & Additives Limited,INE13YH01017,BSE,Unknown,EQ
SIHORA,SIHORA INDUSTRIES LIMITED,INE0SFA01011,BSE,Unknown,EQ
NIFTYCASE,Zerodha Mutual Fund,INF0R8F01166,BSE,Unknown,EQ
MIDWESTLTD,Midwest Limited,INE0XAD01024,BSE,Unknown,EQ
MHLSRG,SBI Mutual Fund,INF200K30015,BSE,Unknown,EQ
MHLSRD,SBI Mutual Fund,INF200K30023,BSE,Unknown,EQ
MHLSRDR,SBI Mutual Fund,INF200K30031,BSE,Unknown,EQ
MHLSDG,SBI Mutual Fund,INF200K30049,BSE,Unknown,EQ
MHLSDD,SBI Mutual Fund,INF200K30056,BSE,Unknown,EQ
MHLSDDR,SBI Mutual Fund,INF200K30064,BSE,Unknown,EQ
TRADEUNO,GAME CHANGERS TEXFAB LIMITED,INE1GUJ01014,BSE,Unknown,EQ
ORKLAINDIA,Orkla India Limited,INE16NZ01023,BSE,Unknown,EQ
PIRAMALFIN,Piramal Finance Limited,INE202B01038,BSE,Unknown,EQ
STUDDS,Studds Accessories Limited,INE00Q601028,BSE,Unknown,EQ
LENSKART,Lenskart Solutions Limited,INE956O01016,BSE,Unknown,EQ
GROWW,Billionbrains Garage Ventures Limited,INE0HOQ01053,BSE,Unknown,EQ
ENERGY,Mirae Asset Mutual Fund,INF769K01PR2,BSE,Unknown,EQ
SMALL250,Mirae Asset Mutual Fund,INF769K01PQ4,BSE,Unknown,EQ
PINELABS,Pine Labs Limited,INE15B701018,BSE,Unknown,EQ
SHTL,SHINING TOOLS LIMITED,INE0D8001018,BSE,Unknown,EQ
EMMVEE,Emmvee Photovoltaic Power Limited,INE1C6T01020,BSE,Unknown,EQ
PWL,Physicswallah Limited,INE0LP301011,BSE,Unknown,EQ
WORKMATES,WORKMATES CORE2CLOUD SOLUTION LIMITED,INE1I1301016,BSE,Unknown,EQ
MAHALIFE,MAHAMAYA LIFESCIENCES LIMITED,INE0U9D01019,BSE,Unknown,EQ
TENNIND,Tenneco Clean Air India Limited,INE19RI01016,BSE,Unknown,EQ
UTLSOLAR,Fujiyama Power Systems Limited,INE12UR01024,BSE,Unknown,EQ
CAPILLARY,Capillary Technologies India Limited,INE0ILV01024,BSE,Unknown,EQ
KSR,KSR Footwear Limited,INE1SPP01016,BSE,Unknown,EQ
EXCELSOFT,Excelsoft Technologies Limited,INE606N01019,BSE,Unknown,EQ
ESENSEX,Edelweiss Mutual Fund,INF754K01VY8,BSE,Unknown,EQ
MSCIADD,DSP Mutual Fund,INF740KA1WV7,BSE,Unknown,EQ
HASJUICE,Has Lifestyle Limited,INE888Q01016,BSE,Unknown,EQ
